system:index,total_precipitation_daily
19800101,0.00041653781000576426
19800102,0.0014059415368326141
19800103,0.0015574438503274538
19800104,0.009590704590367843
19800105,0.004264496168214225
19800106,0.0059888917391207
19800107,0.003100768354373206
19800108,0.0011592286625163898
19800109,0.00011550716930731554
19800110,6.430317198541163e-05
19800111,7.275204165779222e-05
19800112,1.922448715831072e-05
19800113,2.8157083207082124e-06
19800114,4.178407123255926e-06
19800115,1.5893630043319023e-06
19800116,4.047507360943279e-05
19800117,7.25446879246648e-06
19800118,8.407980353792283e-07
19800119,2.152693445911711e-06
19800120,0.0002393984324338984
19800121,0.006449994204626522
19800122,0.005416024473566671
19800123,0.006521611965415277
19800124,0.007714948286770285
19800125,0.000846328867083677
19800126,0.0003459855668042998
19800127,0.000607234372089347
19800128,0.00011550482653490383
19800129,1.2743469248808826e-05
19800130,0.006569635778697056
19800131,0.0145635438472549
19800201,0.0035924320032330007
19800202,0.011748922576528953
19800203,0.015480101372685462
19800204,0.012459838744554893
19800205,0.011176373984627
19800206,0.006524812257952185
19800207,0.006103345305676506
19800208,2.846056978323707e-05
19800209,8.414764614143245e-06
19800210,0.0022002529400846
19800211,0.0014328884628371232
19800212,0.0007378015300200919
19800213,0.00043824580933855123
19800214,6.027792802698095e-05
19800215,0.0005134799032873783
19800216,0.0020915113079431444
19800217,0.000588717813644533
19800218,0.00010523615068267063
19800219,2.1555687920415106e-06
19800220,4.351138613856165e-07
19800221,4.351138045421976e-07
19800222,9.780682652054053e-05
19800223,0.006119744469629783
19800224,1.65408916112135e-05
19800225,8.824957564757807e-05
19800226,5.521234133287322e-07
19800227,1.2293615975711478e-05
19800228,7.242957644066222e-05
19800229,0.00021222606894369964
19800301,0.00017460725408994038
19800302,9.301499700842614e-05
19800303,0.00041397771380324595
19800304,4.9179350801390294e-05
19800305,4.274379352888266e-06
19800306,0.009853834366565012
19800307,0.0061705291788392725
19800308,0.00347478280924158
19800309,0.0005954600935551376
19800310,0.003660356792008365
19800311,0.003848133938352992
19800312,0.0015749048559938902
19800313,0.005550901092002256
19800314,0.00046887614949646904
19800315,0.0004241327767367249
19800316,0.0010165769688283812
19800317,0.0002736025051437017
19800318,0.00020889335176935625
19800319,0.00044776632838145364
19800320,0.0006367472777509121
19800321,0.005238280653411742
19800322,0.0004717672806393296
19800323,0.000288685316986933
19800324,0.00028902452371976897
19800325,0.0005396167979072504
19800326,0.0035570725072741295
19800327,0.0158793898778051
19800328,0.006953439208395322
19800329,0.004131124175196164
19800330,0.0019773043901358113
19800331,0.011488210700239367
19800401,0.0117443806004893
19800402,0.0037758429444109884
19800403,0.003312592082687188
19800404,0.000825567018885279
19800405,0.00032245398935172706
19800406,0.00016555993274738553
19800407,0.00014166199484240798
19800408,0.0030931591614473644
19800409,0.001557565902452141
19800410,0.0020779969709465154
19800411,0.00015423075118216797
19800412,8.416952823608881e-07
19800413,6.28509670443088e-07
19800414,4.936110152020947e-07
19800415,8.421591506422855e-07
19800416,8.90646394132029e-06
19800417,0.00024390620975830183
19800418,0.0006701996507226577
19800419,0.0020389907749667887
19800420,0.004358561166930041
19800421,0.0040006538919419
19800422,0.0023857414243820874
19800423,0.00042999660076762194
19800424,0.0012405821932314437
19800425,0.0034083202508761513
19800426,0.0113567380216991
19800427,0.002148209185570997
19800428,0.00038675212029372466
19800429,0.0006318343590646557
19800430,0.00016089265603959308
19800501,0.0008233164080834372
19800502,0.010441573500508117
19800503,0.011074310756645566
19800504,0.0002674704391035178
19800505,3.225121310365577e-05
19800506,0.0030608425462904003
19800507,0.0007058726157614569
19800508,0.010953718069209117
19800509,0.0016077268652555884
19800510,2.5927725279327835e-06
19800511,8.52346317969932e-07
19800512,0.0
19800513,8.136304308109372e-05
19800514,0.0019859663263965635
19800515,8.523463748133508e-07
19800516,2.8028195264204298e-05
19800517,1.1698206620176286e-05
19800518,0.0009423136547667277
19800519,0.00022298681953436737
19800520,0.001327705116065417
19800521,0.0032254860886800065
19800522,0.0006354956143108793
19800523,8.52346317969932e-07
19800524,0.0004096654391731588
19800525,0.0004893731007193078
19800526,0.0002658780869087351
19800527,0.00375959405975465
19800528,0.00448370057124771
19800529,0.008960279487504238
19800530,0.0037930193091954803
19800531,0.003776384603736859
19800601,0.00915656110145679
19800602,0.000707528238347247
19800603,0.001416266595946162
19800604,0.0004456747675297699
19800605,6.630836676938275e-06
19800606,0.002178000297375522
19800607,0.006722709804125283
19800608,0.0006098672992113483
19800609,0.0033383633356675406
19800610,0.002149973747254291
19800611,0.0005264863370144466
19800612,0.00032696014014068237
19800613,0.0011678452657632068
19800614,0.008462413012203273
19800615,0.0048033999975831505
19800616,0.0017575306555076761
19800617,0.004522698688948092
19800618,0.0020287213389329085
19800619,0.002029618523166066
19800620,0.0016674657528311062
19800621,0.0013155812174577622
19800622,0.0052610751506028276
19800623,0.007392026759947446
19800624,0.010580100555803443
19800625,0.003950878505162667
19800626,0.005973722834795995
19800627,0.0048728245564792294
19800628,0.022419796513951602
19800629,0.006563509817232713
19800630,0.0007042648502197485
19800701,0.016790073808091176
19800702,0.008728966359530282
19800703,0.002626989352764166
19800704,0.0007163327548569993
19800705,0.00150442004062174
19800706,0.0009768589375583456
19800707,0.005248769491824183
19800708,0.0063220071922674296
19800709,0.0025611976661919357
19800710,0.0092254724871664
19800711,0.004297923279929708
19800712,0.0023102800057034087
19800713,0.0075506215592284235
19800714,0.009478418833026424
19800715,0.0182542989762018
19800716,0.0007333686069517912
19800717,0.000149668930000221
19800718,0.0025652342609889644
19800719,0.005824699943194194
19800720,0.017689145093107855
19800721,0.004816201121567679
19800722,2.8426464901517324e-06
19800723,1.2970100578070583e-06
19800724,1.3721798682929792e-06
19800725,1.7285337889916264e-06
19800726,0.004710603961655922
19800727,0.0037509928728491214
19800728,0.0006833389606109129
19800729,0.005000999544661272
19800730,0.001656721669368517
19800731,5.129595021263788e-05
19800801,9.725967998948973e-06
19800802,0.00035510913670953756
19800803,0.008913506664550909
19800804,0.0010077134992210939
19800805,0.0010448651134465985
19800806,0.0001359720325766365
19800807,9.43704242169338e-05
19800808,0.005996762937337962
19800809,0.0010528456134881838
19800810,0.000661741213733377
19800811,0.0028321550179083565
19800812,0.007786118944352581
19800813,0.0028766934446181752
19800814,0.0007502852872921874
19800815,0.007112312009207627
19800816,0.0294930893844309
19800817,0.002100801151024015
19800818,0.0005123290039898468
19800819,0.0028558907099903805
19800820,0.00037077155653619543
19800821,0.001317531699589646
19800822,0.000441386902866809
19800823,0.0007095515152933784
19800824,0.00020732633470505458
19800825,1.44845006854919e-06
19800826,0.0037047894857305135
19800827,0.0018338027098678854
19800828,0.0005282126330566486
19800829,0.003934868077114442
19800830,0.006447630523388878
19800831,0.005669170440361353
19800901,0.0004696448016597928
19800902,1.7225742112714215e-06
19800903,1.2844800494349329e-06
19800904,0.0001768406786157771
19800905,0.008136611252295305
19800906,0.0005646034303175871
19800907,4.351138045421976e-07
19800908,0.005608373276416094
19800909,0.005287523271886042
19800910,0.002779219898545088
19800911,0.002893957464625463
19800912,0.0017211250097658181
19800913,0.0024741423656453733
19800914,0.0006606710123648552
19800915,7.279941646915374e-05
19800916,2.783615644331556e-06
19800917,0.0010911445911529866
19800918,3.194746948385325e-06
19800919,2.3933401130536445e-06
19800920,0.0004730088702619524
19800921,0.002029139366057673
19800922,0.002603381848356517
19800923,0.0001822796573876762
19800924,0.0016558607993956572
19800925,0.0012110500323407286
19800926,0.00021448675261855833
19800927,0.00011535624098181114
19800928,2.898445305175839e-06
19800929,3.1249285827078286e-05
19800930,0.00021962481378902412
19801001,7.963879545499431e-05
19801002,0.0007461128990493543
19801003,4.085849138725358e-06
19801004,7.915512399889115e-05
19801005,0.00021587830217523516
19801006,0.00023349084941103664
19801007,0.012428890380297158
19801008,0.0020020996801816864
19801009,0.0034489528663221225
19801010,0.00034257302416012853
19801011,0.0150287061619065
19801012,0.006891608910956766
19801013,0.00036528864284661244
19801014,0.00010522099465974888
19801015,0.0009326994728262614
19801016,0.005823728204911549
19801017,0.0050148337718510265
19801018,0.002800577289747802
19801019,0.0003831186963154082
19801020,0.0011268138833257315
19801021,2.562087601786073e-06
19801022,1.8705691368528072e-05
19801023,0.010366101077150578
19801024,0.009124419867947434
19801025,0.0012288939100872256
19801026,9.075516285386318e-06
19801027,0.0003781593432060097
19801028,1.0548232481586206e-06
19801029,0.0014929742774880419
19801030,0.00020767667170182302
19801031,1.069461166219067e-06
19801101,1.844212875457118e-06
19801102,3.593945306339214e-06
19801103,2.970837693303825e-05
19801104,2.6827384351628133e-05
19801105,3.350078469317632e-05
19801106,0.0006557024634265197
19801107,0.00010461704445682508
19801108,0.001627484769359614
19801109,2.7086744687320155e-05
19801110,3.566691505875508e-05
19801111,0.00021620404839144683
19801112,0.00022448777459837114
19801113,0.0001478212914103462
19801114,0.00023565849476240376
19801115,0.0166503858012796
19801116,0.012338964492391946
19801117,0.0010663379548498826
19801118,0.009546518126362197
19801119,0.0005311959199292662
19801120,6.439073496735675e-05
19801121,0.00016997132172912743
19801122,5.960080063066585e-05
19801123,0.0001230859167756656
19801124,6.890581209079886e-05
19801125,0.004965514447473279
19801126,0.007706018330302138
19801127,0.0002669203187404996
19801128,0.005090631503040613
19801129,0.005844808408442426
19801130,0.0007963765121022084
19801201,9.894623468228639e-05
19801202,0.00428308380552992
19801203,0.002016427889554675
19801204,0.006124248501271818
19801205,0.008180821574964066
19801206,0.0067996391812017035
19801207,0.0022997919813362534
19801208,7.196661113912674e-05
19801209,7.0438454527295795e-06
19801210,3.2770677507212236e-06
19801211,0.0003052226058852051
19801212,0.00017528554528454553
19801213,0.004827025519958997
19801214,0.005958957406209736
19801215,0.010741501924022692
19801216,0.001903041074012289
19801217,0.0002387780488837571
19801218,0.013482838209371188
19801219,0.0003891792677979206
19801220,0.006581158299345891
19801221,0.0027725102123877157
19801222,0.002029282740367441
19801223,0.0024173154798044134
19801224,0.0013607335256181619
19801225,0.004301592624256612
19801226,0.0027279641987522692
19801227,0.0007019644443458206
19801228,1.8500679910759762e-05
19801229,5.7875696830000356e-05
19801230,0.00031662153657308274
19801231,0.000370200776273672
19810101,0.004680030334800844
19810102,0.00878607764179
19810103,0.01602813442879786
19810104,0.003978693344261936
19810105,0.0016224615785554973
19810106,0.007941810929761177
19810107,0.0006182556663747799
19810108,0.0003099577429471846
19810109,0.0020451491002756853
19810110,0.0083251375950665
19810111,0.0007188429578514498
19810112,0.00479120149742459
19810113,0.001539478336236754
19810114,0.009347970543796089
19810115,0.014784248040243905
19810116,0.004844480100941769
19810117,0.007326282661701925
19810118,0.00313715471233527
19810119,0.006569763180963991
19810120,0.0030920341310626664
19810121,9.357721904031041e-05
19810122,6.0835045264691215e-05
19810123,5.815972880587128e-05
19810124,7.021590240941727e-05
19810125,0.0019828466496047054
19810126,0.0007736955356140213
19810127,0.0005777600147782621
19810128,0.00015308918439885214
19810129,1.9963346447969506e-06
19810130,3.067799419598448e-06
19810131,1.2870374916928995e-06
19810201,2.143760639228276e-06
19810202,6.137663623445274e-07
19810203,0.01512165649706937
19810204,0.007625706812650076
19810205,0.002489391278622843
19810206,0.0027933161061040124
19810207,0.002014547455662392
19810208,0.0008912795260608674
19810209,0.00046692278370339947
19810210,0.0033818810504579393
19810211,0.0003313385749142106
19810212,1.7971564229394212e-05
19810213,1.747497468958962e-06
19810214,2.1474308871399628e-06
19810215,4.9417244066137265e-06
19810216,4.441994497289713e-06
19810217,0.00022060342421896339
19810218,0.0005516755622957147
19810219,0.0006639977323401814
19810220,0.0011922856101730967
19810221,0.0015491138963326457
19810222,2.722260173142338e-05
19810223,6.718040258131196e-05
19810224,0.00024076295162925152
19810225,1.1606557227736216e-05
19810226,1.3466204714912652e-05
19810227,1.7741969164805217e-10
19810228,0.012298050764978767
19810301,0.002396782625958914
19810302,0.0066157652126628596
19810303,0.002082892559575009
19810304,0.0008527840819245955
19810305,0.0003215983466595763
19810306,0.004792367305442704
19810307,0.0007934056498877746
19810308,0.007321583383829614
19810309,0.006250475179833353
19810310,0.004885938912520667
19810311,0.006379662275053275
19810312,0.007340812861484836
19810313,0.004937227744790371
19810314,0.002236971836418616
19810315,0.0018435482544847028
19810316,0.006075839118855447
19810317,0.004344580583158098
19810318,0.0001870670079920639
19810319,0.00010815840754717417
19810320,4.513872645230847e-06
19810321,2.386473664283796e-06
19810322,0.002003758321899289
19810323,0.011475960247827625
19810324,0.005270200182418012
19810325,0.004657273521753151
19810326,0.015154446112857718
19810327,8.854659061798115e-07
19810328,4.21678036230047e-05
19810329,0.0014286146558640008
19810330,0.003294005557267722
19810331,0.001728569399270825
19810401,0.0003552346137426969
19810402,0.00019079995989020355
19810403,0.00010712962368021924
19810404,0.0005474258045430488
19810405,0.0003117193750101753
19810406,0.0004627846003050455
19810407,0.0012855148605004276
19810408,0.003771629384686047
19810409,0.0010694554406863767
19810410,8.523802013487861e-07
19810411,0.0005440566491299943
19810412,0.00441227013233438
19810413,0.0017114863664055484
19810414,0.0002060159238378752
19810415,0.00022072645869141946
19810416,2.9924014248418394e-06
19810417,3.418378023372648e-06
19810418,1.384196320787067e-06
19810419,0.0035134365295677625
19810420,0.0012190843150028088
19810421,9.978410981928399e-06
19810422,8.756735226775665e-06
19810423,0.0007012025913435662
19810424,1.4017154894186111e-06
19810425,0.00031120595405837695
19810426,0.009020756812027037
19810427,0.023100716837653
19810428,0.0020113841258277434
19810429,0.0028763990994540847
19810430,0.001618001419701904
19810501,0.005290532571369995
19810502,0.0002623645276335131
19810503,0.0003609490049452363
19810504,0.009058627428165518
19810505,0.0022446139013593833
19810506,0.0025872482667988294
19810507,3.0400877330849673e-06
19810508,0.0030092285135001782
19810509,2.5820436246826464e-05
19810510,0.00011561528701553486
19810511,0.00389918658574635
19810512,0.0005880048247663661
19810513,5.96096888176055e-05
19810514,0.0016971223012345897
19810515,0.0005929575282077242
19810516,0.0052742670268163625
19810517,0.001178030418273964
19810518,2.071854339480695e-05
19810519,1.4956801180675002e-05
19810520,9.760710077009505e-07
19810521,0.008926676621489939
19810522,0.004105743111300769
19810523,0.005046643324124215
19810524,0.004997334156371375
19810525,0.007424843600649311
19810526,0.0027804633101040487
19810527,0.005330994730891821
19810528,0.0052355174093420085
19810529,0.005587608506254153
19810530,0.0011928130137611786
19810531,0.0031501771795596047
19810601,0.0013807202717111436
19810602,0.0014485526398197819
19810603,0.016746386970847515
19810604,0.020203441065424956
19810605,5.1373300356889755e-06
19810606,0.0013783253608352466
19810607,0.000883994603337601
19810608,0.008150785231610294
19810609,0.010746859147128054
19810610,0.0007842998649215406
19810611,9.087944369181724e-07
19810612,0.0005321379447550716
19810613,7.383723004465792e-06
19810614,1.3423309289930326e-06
19810615,0.0002208066032699929
19810616,0.0002496998864150378
19810617,0.0027434122518739637
19810618,0.001283081085729919
19810619,0.0005318489643937028
19810620,0.004633483704065771
19810621,0.00175828680984251
19810622,0.003072024260158656
19810623,0.00014373525236140858
19810624,0.0024904988599151845
19810625,0.004487776165817924
19810626,0.0072727940453115895
19810627,0.00582139035636235
19810628,0.014825880319875799
19810629,0.01295520172274322
19810630,0.00028395237327645686
19810701,0.0006093147429276933
19810702,0.004639995381480261
19810703,0.014007090622513853
19810704,0.0005594726106369248
19810705,0.0011395826254300399
19810706,0.0006062972661211659
19810707,1.9801188433760324e-05
19810708,2.4741597004296695e-05
19810709,0.0033686182566197973
19810710,0.00805818624208785
19810711,0.0019702654917363445
19810712,0.0016308688101140832
19810713,0.003232898580969671
19810714,0.0011133182500502987
19810715,0.0007836017001830367
19810716,0.0012446286716115958
19810717,0.006654274182208425
19810718,0.004715967435341957
19810719,0.00110256584712425
19810720,0.0031597884994175466
19810721,0.002422460496319858
19810722,0.009051081395843368
19810723,0.00779422911670585
19810724,0.004053895130611124
19810725,0.005749753332893766
19810726,0.0009036460912139442
19810727,0.0020421494526473827
19810728,9.147139778275386e-05
19810729,7.095429951720718e-05
19810730,3.225344793890492e-05
19810731,0.004432203812441361
19810801,0.0038611592124594444
19810802,0.006629131179730663
19810803,0.0033005948893468804
19810804,0.00034047746757583016
19810805,0.00022660652045221298
19810806,0.0005955536046382796
19810807,0.00362694287785771
19810808,0.0018132800136736655
19810809,0.0174127101699785
19810810,0.0150822610098425
19810811,0.0116579261381698
19810812,0.0005485107277948816
19810813,8.57068044798417e-06
19810814,1.990930667877748e-06
19810815,7.63485879622029e-09
19810816,0.0007934622304075448
19810817,3.747491035980747e-05
19810818,4.351138613856165e-07
19810819,6.487044109809866e-05
19810820,0.010586511827598828
19810821,0.0010943095488736383
19810822,0.0010637206719343907
19810823,0.0018594533166296973
19810824,0.00025503661182951315
19810825,3.9860887108964176e-05
19810826,0.0004535710678080017
19810827,3.3297791523671865e-05
19810828,0.00040794474573605205
19810829,0.00042441984702855726
19810830,3.8808387077454526e-05
19810831,0.00017936912159480245
19810901,0.003005970092534519
19810902,0.0006517311872767503
19810903,0.00020663427029473687
19810904,6.976132327765496e-06
19810905,1.2918004586026655e-06
19810906,2.988708729390055e-06
19810907,8.149882299823062e-06
19810908,0.002769701567306159
19810909,0.0023073607800264766
19810910,0.00011691478234967719
19810911,0.0018898455572110221
19810912,0.0032576920482522372
19810913,0.0008860770531098112
19810914,0.0007007943802013613
19810915,0.010916797866921351
19810916,0.001709503198260475
19810917,0.0005488692015601351
19810918,0.004081813699917811
19810919,0.0012665700045223817
19810920,0.0008324138326715639
19810921,0.008015800716217148
19810922,0.0360451187937984
19810923,0.003110620780645168
19810924,4.807387665861919e-05
19810925,0.001492609999664488
19810926,0.013630240668582832
19810927,0.004140913272761902
19810928,0.0014112952595362446
19810929,0.00010206035291079676
19810930,2.5769193751644344e-06
19811001,6.937377216302186e-05
19811002,0.007852192429998128
19811003,0.012043862717566108
19811004,0.000841908514564406
19811005,0.0071308741259880765
19811006,0.0010510527797460713
19811007,0.0007800917767720695
19811008,9.454358517665936e-05
19811009,0.005551463959074887
19811010,0.015070857014748746
19811011,0.012187363341490237
19811012,0.005834259984122242
19811013,0.000712366824164272
19811014,0.00658445314122422
19811015,0.02481571446681274
19811016,0.00014261780031012163
19811017,0.004366205498808324
19811018,0.006891735673382717
19811019,0.0008071723571588065
19811020,0.010072025350250311
19811021,0.001593113911806555
19811022,0.001435661650043923
19811023,0.0074544791007070624
19811024,0.00053121909850271
19811025,0.0050108198886392565
19811026,0.0037253769332564308
19811027,0.0013020457246082958
19811028,0.0016006743641355768
19811029,0.006012696969030552
19811030,0.008152784748086119
19811031,0.005549612834906669
19811101,0.0015934855596938166
19811102,0.0005968344447951247
19811103,0.00020467791914749236
19811104,0.00020564182321181721
19811105,0.00046222197744704845
19811106,3.9118191204263306e-05
19811107,0.0006122696809523297
19811108,7.683589231234888e-05
19811109,0.0001340988129444837
19811110,1.5969291070244315e-06
19811111,0.0016323585647315217
19811112,0.0033974265170623238
19811113,0.001326955039796103
19811114,0.00221962497661494
19811115,4.437978412794929e-05
19811116,1.4408483612431233e-06
19811117,0.0021616565121670354
19811118,0.0010110861619788628
19811119,0.003043475748786989
19811120,0.00046225104065567143
19811121,0.00039295165663103774
19811122,0.0011809613459834393
19811123,0.0028328526665090557
19811124,0.0023465178610422043
19811125,0.0006377466470975795
19811126,0.0006492295537845336
19811127,0.011244264187548836
19811128,0.006503741469312776
19811129,0.004223898407379738
19811130,0.01970088225993949
19811201,0.003073835792548108
19811202,0.0013520869612735382
19811203,0.00048196302430646653
19811204,0.009807457314770413
19811205,0.002113196424342187
19811206,0.005087446492294247
19811207,0.00906636130596854
19811208,0.019171218307510028
19811209,0.00229070796013941
19811210,0.004562236945495934
19811211,0.013068167057502699
19811212,0.001667216963084179
19811213,0.002396738801553754
19811214,0.008074668900353684
19811215,0.0097448705614524
19811216,0.008549319765400328
19811217,0.004241932795141134
19811218,0.009628965060510001
19811219,0.0008495162275524818
19811220,0.00012984118315151588
19811221,0.004856177448525582
19811222,0.0031137674591450444
19811223,0.0011806936429281036
19811224,0.0113020827690881
19811225,0.0022717917420418407
19811226,0.00020168425616274343
19811227,0.0006419392525155371
19811228,0.0007177677233096301
19811229,0.007851052072909296
19811230,0.007556140732446965
19811231,0.006172330918171505
19820101,0.002030933369334647
19820102,0.003155723852093617
19820103,0.00021870537561518308
19820104,0.006592289225767673
19820105,0.0155662655488007
19820106,0.0021029539103067244
19820107,3.81565080556026e-07
19820108,0.004442351959846596
19820109,0.0112329667284908
19820110,0.0080088804110934
19820111,0.0145285636878957
19820112,0.0004240896097039476
19820113,1.5726169845525613e-06
19820114,8.557867900748697e-07
19820115,1.4271453793732424e-06
19820116,8.52346317969932e-07
19820117,0.0
19820118,1.608492544837156e-05
19820119,1.0998409037413346e-05
19820120,8.506170257049027e-06
19820121,0.0012474494965956282
19820122,0.0026171957887296195
19820123,0.002406045971478141
19820124,0.00043282389690320404
19820125,0.00012945085542477515
19820126,0.004507998434450853
19820127,0.005376060812676002
19820128,0.0005266746786564656
19820129,0.0073071985713085
19820130,0.003672165291260411
19820131,0.0031416965809628497
19820201,1.9325009217667078e-05
19820202,4.351138613856165e-07
19820203,1.5315514263476552e-06
19820204,0.00031020040451850534
19820205,1.3121111669892972e-06
19820206,0.001918891936227684
19820207,0.00028294973323421976
19820208,0.0030947132335727343
19820209,1.8476780432011178e-06
19820210,8.642672355563263e-07
19820211,8.463859444418633e-07
19820212,3.183362053481782e-05
19820213,2.9474752400043483e-05
19820214,0.004011536330600239
19820215,0.002975820360707688
19820216,0.0003264567545562704
19820217,1.747150435952699e-05
19820218,0.00021802685138183793
19820219,0.00046150101373959313
19820220,0.0004158265864693434
19820221,1.593715983189766e-06
19820222,3.098727096694085e-06
19820223,0.002456659046609669
19820224,0.00015982116362412978
19820225,6.673254240078002e-05
19820226,1.583127460447779e-05
19820227,1.8940477802128216e-06
19820228,0.0013214537848758574
19820301,0.004555196660740804
19820302,0.007923305122151931
19820303,0.007453809079422984
19820304,0.005327906284684734
19820305,0.0006277170388790001
19820306,5.173226070032111e-06
19820307,2.482177112278806e-06
19820308,3.6005402545032116e-05
19820309,0.0015247301474842455
19820310,0.012527530283764785
19820311,0.00659401818692331
19820312,0.005105573267379301
19820313,0.004448140671972605
19820314,0.0006658403762789675
19820315,5.504395045730714e-07
19820316,0.006233031759537457
19820317,0.009770530334439809
19820318,0.0024535119244599004
19820319,0.0016790106650488572
19820320,0.010630699899867915
19820321,0.0009772677169656695
19820322,0.00015694632819116835
19820323,0.0011660314803732502
19820324,2.500324008898626e-08
19820325,0.0
19820326,4.712582267529797e-06
19820327,1.0074990385208569e-06
19820328,0.0015497055192750463
19820329,0.003989089416649248
19820330,0.011380623836477817
19820331,0.0022462061900215464
19820401,0.00010136011435021395
19820402,0.0014567758570298197
19820403,0.00038403301099395004
19820404,8.553265615773853e-07
19820405,1.8452106539953797e-06
19820406,0.0019473595021449225
19820407,0.004769452440488039
19820408,0.011810829200882321
19820409,0.000707802880294473
19820410,0.002909164713948103
19820411,0.0020223802490508484
19820412,0.0009509826658350755
19820413,0.0009533349357333053
19820414,2.5324457886749046e-06
19820415,4.261732051702438e-07
19820416,7.406169714787227e-06
19820417,2.399728176773437e-05
19820418,3.6358183561613764e-06
19820419,8.523463748133508e-07
19820420,0.0002860348910715354
19820421,0.00041755652699546525
19820422,0.00013818804596452998
19820423,0.0008393339652965478
19820424,0.003095961665629793
19820425,0.000540034489142992
19820426,0.00028863093128487794
19820427,8.855271686381019e-05
19820428,0.00010968851613422067
19820429,0.0038808722382256363
19820430,0.001043755595840421
19820501,0.0028291152654168453
19820502,0.00018169345448318603
19820503,0.00044813303241414545
19820504,0.008131027732454355
19820505,0.008054301766275048
19820506,0.005471662656203587
19820507,0.0027680465972854426
19820508,0.0002880695995844237
19820509,0.007525261004112018
19820510,0.0015686518690062779
19820511,0.0002308444717338225
19820512,2.14290218991664e-06
19820513,2.1517275854421314e-06
19820514,8.821486403576273e-07
19820515,4.983589504188424e-06
19820516,0.0010009883800267342
19820517,0.004940192093134958
19820518,0.003271470149665688
19820519,0.0007937930306577258
19820520,0.003470994512166256
19820521,0.0012468052057502
19820522,0.001634856481336135
19820523,0.00813203990033922
19820524,0.0038849012966443793
19820525,2.918014793919392e-05
19820526,0.0
19820527,0.0023775017409452797
19820528,0.00034689305483493604
19820529,6.493034076488989e-06
19820530,8.583068797918258e-07
19820531,0.0003299104745595676
19820601,0.0003125082803410905
19820602,0.002779180135411378
19820603,0.0002991417232767736
19820604,0.003480155947689117
19820605,0.006689156993030514
19820606,0.0037033287873832915
19820607,0.0046703865932136
19820608,0.0046510260109063105
19820609,0.0008969521690488057
19820610,0.00026568859158829716
19820611,0.007360359872930795
19820612,0.011167280307012903
19820613,0.007450986988921164
19820614,0.0011171062772690182
19820615,7.891064193313434e-05
19820616,0.005471982890776964
19820617,8.85843983485413e-05
19820618,0.003744046523997014
19820619,0.0018214725213458374
19820620,4.276366408512281e-05
19820621,0.0017987425420176793
19820622,0.004271939617572979
19820623,0.002572305576979459
19820624,0.0007619739491443986
19820625,0.0034027110519165293
19820626,0.004744312493690145
19820627,0.00409375525276685
19820628,0.005634342564314162
19820629,0.004192505094721614
19820630,0.0003177144305910592
19820701,0.00010329932408656283
19820702,0.00058134892196811
19820703,0.013106031627853135
19820704,0.0037490171479157937
19820705,1.93727375091118e-05
19820706,1.2540961523928336e-06
19820707,0.00010835879695789029
19820708,1.2800138051716203e-06
19820709,2.3300347488321443e-05
19820710,0.0005297476270957135
19820711,7.789062262069717e-05
19820712,1.29922405660643e-06
19820713,4.548075036452644e-05
19820714,0.0037531192981893366
19820715,0.0011901219091466863
19820716,0.0007773274396010206
19820717,0.0003926804267758694
19820718,0.0008973456851217439
19820719,2.3549406768701144e-05
19820720,0.0012070445635593975
19820721,0.0072085213268452885
19820722,0.0021026014936920056
19820723,0.0009313409522374694
19820724,0.008414917403868906
19820725,0.0095466956680182
19820726,0.0011662706537421612
19820727,0.000962572815690069
19820728,0.0005907972535372273
19820729,0.0004003900782517568
19820730,0.0013500324919341479
19820731,0.008139413766436687
19820801,0.0012615505278182689
19820802,0.00030537997028256473
19820803,0.006671998897677716
19820804,0.007260796171150848
19820805,0.008974903320465955
19820806,0.0036404278696712637
19820807,0.008772658722483662
19820808,0.0035092945154390045
19820809,0.0004923898913239643
19820810,0.0006710579493816113
19820811,0.0001512292357120588
19820812,0.00038187265297421084
19820813,0.0020613356657199103
19820814,0.0009707009557597769
19820815,0.0015191071490762125
19820816,0.0009485902550364218
19820817,0.0008722908561361173
19820818,0.00039953672961619876
19820819,0.005718993611209791
19820820,0.0011759715817400806
19820821,0.0006353021206480389
19820822,0.00013823024309553406
19820823,0.00021063225405159008
19820824,0.0036767088956700137
19820825,0.0018282905803039013
19820826,0.006404851168565693
19820827,0.0013279608304998549
19820828,0.00033660873385573715
19820829,2.6919396092424e-06
19820830,0.00013146239274485215
19820831,0.0034641689838845946
19820901,0.0002451589248604648
19820902,0.0010472294411988017
19820903,5.037723612147929e-07
19820904,0.0
19820905,0.0011770536102928741
19820906,0.010173330238572406
19820907,0.00025233426722093874
19820908,0.00013683821384084756
19820909,1.976016653406717e-05
19820910,2.4212330078214794e-06
19820911,0.00024051656919176888
19820912,6.817867438336105e-06
19820913,1.3996225484479712e-05
19820914,1.2181855806731716e-06
19820915,4.476461305232561e-07
19820916,2.136920614005952e-05
19820917,0.00021991795600583258
19820918,0.0016093124025112586
19820919,9.138721892427875e-05
19820920,0.004693688054459551
19820921,0.004868210509211105
19820922,0.010615804243580813
19820923,0.0018263210189142915
19820924,0.00017028485100324103
19820925,0.0017757104652473175
19820926,0.012248636077362976
19820927,5.979593216612603e-05
19820928,0.00010662187020429532
19820929,3.217733765353148e-05
19820930,0.0077614927186928015
19821001,0.0003191269919612779
19821002,5.827575401491409e-05
19821003,0.0006624592849350724
19821004,0.00037837479856872125
19821005,0.006524665829455771
19821006,0.008103560437235084
19821007,0.032044538833607
19821008,0.005382618770965562
19821009,0.004799388796634971
19821010,0.004160830838263182
19821011,0.01297643143952109
19821012,0.005649977324839593
19821013,0.019420073702355458
19821014,0.008287308717846865
19821015,0.0029844040742182604
19821016,1.8863140266865152e-05
19821017,0.0024179281049553428
19821018,0.0015433215993861527
19821019,4.094214102210632e-05
19821020,4.087893487665637e-06
19821021,2.386927436328276e-06
19821022,4.903470480710382e-05
19821023,0.009182044269483524
19821024,0.005828188951879389
19821025,6.98102419254418e-05
19821026,0.00022604374882349588
19821027,0.0006306001973733832
19821028,4.2447437156248194e-05
19821029,8.527688425849599e-06
19821030,4.878555221972866e-05
19821031,1.8622917703398352e-05
19821101,2.676192475997432e-06
19821102,7.058748443205849e-06
19821103,3.9698152995652055e-05
19821104,0.0003382807680339545
19821105,0.00029571831024620605
19821106,5.553984804462814e-06
19821107,0.00026504903600251944
19821108,0.008826465670146801
19821109,0.002342127802485655
19821110,0.0004966390424321512
19821111,0.0002190798657766206
19821112,0.006685089174850476
19821113,0.007156578567286566
19821114,0.00542173367254736
19821115,0.0015647603709081144
19821116,0.006467044695673771
19821117,0.0051900262019449386
19821118,0.008439151162903965
19821119,0.003764341371260335
19821120,0.00025661436415614627
19821121,7.698579518243596e-06
19821122,0.0030614870652531036
19821123,0.00041859151676885926
19821124,0.004211482831383923
19821125,0.0010214990263972485
19821126,0.005229001867222621
19821127,0.008773912353616799
19821128,0.0011843553929736998
19821129,0.0003244227806851228
19821130,2.891620137102116e-05
19821201,6.614468004139063e-06
19821202,1.695430429256009e-05
19821203,0.0002068048954804755
19821204,0.00018924977858125695
19821205,4.4250189468435534e-05
19821206,0.011000556840740802
19821207,0.006670199009088947
19821208,0.005653460898768029
19821209,0.0033874049381158056
19821210,0.0151482057484162
19821211,0.0028397337360383827
19821212,0.010037545262926521
19821213,0.0011961536039187689
19821214,0.00014422864052051625
19821215,0.006570120176840313
19821216,0.0245620140126361
19821217,0.016572081734884937
19821218,0.0010478350392352268
19821219,0.0021938591333265003
19821220,0.0223962129593247
19821221,0.0017703626233563571
19821222,0.0031899134526648374
19821223,0.0005147133472844253
19821224,0.0002629531591049397
19821225,0.0007534577496860471
19821226,0.0009792066795773235
19821227,0.005015635220539197
19821228,0.0016526976378691662
19821229,0.00026021414171343275
19821230,1.047857985572304e-05
19821231,8.587364629261859e-07
19830101,7.553841981872887e-05
19830102,0.004309563881714038
19830103,0.00411011368978237
19830104,0.0042646014177097165
19830105,0.00793059839554629
19830106,0.00039666577256694085
19830107,0.004215483616535771
19830108,0.004123402997855704
19830109,0.0013792208959611774
19830110,0.0006297532527488532
19830111,0.0001090877631855379
19830112,0.00014102606180425558
19830113,0.004877908643254426
19830114,0.009176706656314758
19830115,0.0074131814381201
19830116,0.0030043763593886265
19830117,0.0013090020885016486
19830118,0.002597413195671812
19830119,0.001768075108822606
19830120,0.00042468085884555715
19830121,0.0009671513238594158
19830122,5.70294561830652e-05
19830123,5.258263730313742e-06
19830124,2.1506249049943785e-06
19830125,0.0005540486964150233
19830126,0.0013047495595637454
19830127,0.0008510010728226833
19830128,0.0018726901318126547
19830129,0.0040088765047139865
19830130,0.0110585701387302
19830131,0.01330288870712352
19830201,0.010388243898579617
19830202,0.0011213051222238356
19830203,0.004260614798008378
19830204,6.587416014078494e-05
19830205,0.01042599280199223
19830206,0.006295644677994
19830207,0.003174659409373736
19830208,0.0014255889900790053
19830209,0.0010043634621367654
19830210,0.0007345651631403367
19830211,0.00024635043203223296
19830212,0.0007942616774010974
19830213,3.3877595490135746e-05
19830214,0.00018067104070893251
19830215,1.825890663514839e-05
19830216,3.873688107947107e-06
19830217,2.4770513058760657e-06
19830218,1.712749003237263e-06
19830219,2.301192710877448e-06
19830220,4.713404588214997e-05
19830221,3.3619151427558065e-05
19830222,8.702277796146519e-07
19830223,0.0
19830224,6.092746878834528e-05
19830225,0.01131506682275134
19830226,0.006281226751764325
19830227,0.004170581723014465
19830228,0.006748187308530921
19830301,0.0042719761537463605
19830302,0.0005194350732337954
19830303,9.348493943134847e-07
19830304,7.009032932197741e-08
19830305,5.114560691986875e-06
19830306,0.00032112160005796686
19830307,0.00025549866900591723
19830308,5.416253481065227e-05
19830309,4.4783476682832416e-06
19830310,2.9073682848154053e-05
19830311,0.00019527109528031715
19830312,2.6508463381193674e-05
19830313,1.3230790719658976e-06
19830314,0.004357431574404831
19830315,0.00870949792908824
19830316,0.00037095139158256613
19830317,0.00022974033221537146
19830318,0.003996379591188509
19830319,0.007807584493139024
19830320,0.0007045104314054005
19830321,0.0033378215841406537
19830322,0.006531802343720259
19830323,0.00622673410874346
19830324,0.0130384284970753
19830325,0.003368692739081905
19830326,0.00913918421422025
19830327,0.0021269169600375633
19830328,0.005239098493510266
19830329,0.00014335301089444172
19830330,0.004032782317659649
19830331,0.002849591389298495
19830401,0.0028124055697421836
19830402,0.00485684225413248
19830403,0.0033220209943703744
19830404,0.002480822476563605
19830405,0.009476918422810171
19830406,0.011352238765671967
19830407,0.0080435470344342
19830408,0.0211796305750013
19830409,0.0187184612774552
19830410,0.00945547169496778
19830411,0.008048610263136835
19830412,0.006570055231347772
19830413,0.002035022774523644
19830414,0.002984073708773936
19830415,0.0007506140196132346
19830416,1.7109029316598922e-06
19830417,0.0014000256048019404
19830418,0.004076536238629364
19830419,0.005434227459954653
19830420,0.000765277937193349
19830421,0.011249290463316209
19830422,0.00019771823556021873
19830423,0.004777416394328063
19830424,0.0010489384821508717
19830425,0.006088872856841268
19830426,0.009314844785578036
19830427,0.0015479499900901117
19830428,0.004948817316858432
19830429,0.0016492741953618403
19830430,0.004206285712583933
19830501,0.009094486279452483
19830502,0.008284460658972703
19830503,0.002546357770098858
19830504,0.00822116602571685
19830505,0.00030932828886654553
19830506,0.0031797886561282947
19830507,0.0094567974855826
19830508,0.004044580539591732
19830509,0.0013026477132709986
19830510,0.0075143263996632894
19830511,0.007789301838558806
19830512,0.012534122944457805
19830513,0.0030471681653171804
19830514,0.006096235844004069
19830515,0.005233344397093219
19830516,0.009000213631135425
19830517,0.010539560224866915
19830518,0.0011175189814112852
19830519,0.001502536509644241
19830520,0.0041040292306863315
19830521,0.007646489410346546
19830522,0.00040571250485907996
19830523,0.007202273444489276
19830524,0.0183405966072414
19830525,0.030757670402621902
19830526,0.0234754773635525
19830527,0.003945899795834224
19830528,0.004765471590824289
19830529,0.0031729978592083177
19830530,0.00027155950026934087
19830531,0.0003696690038698867
19830601,0.003508346203613597
19830602,0.0005362407519735597
19830603,1.2797894690300002e-05
19830604,7.596530877177605e-05
19830605,9.857125197580284e-05
19830606,0.0009935149514074947
19830607,7.63443421921957e-08
19830608,0.0017861994474429957
19830609,0.003921614094056734
19830610,0.00022371053076638932
19830611,0.00013689019173105218
19830612,4.435245229182901e-05
19830613,0.0034740477567275106
19830614,0.0006259013974502254
19830615,0.0015493729114792844
19830616,0.0002811258883016191
19830617,0.00012459167580941208
19830618,0.0005975144557148842
19830619,2.512650254349408e-05
19830620,0.00032193679359654047
19830621,0.01255860025656186
19830622,0.004019042455890513
19830623,0.00044611505175927267
19830624,0.005179453335699875
19830625,0.003516768612115755
19830626,0.0067504023785735804
19830627,0.002593295869572371
19830628,0.00011787237704005743
19830629,0.0001473985160438971
19830630,0.00901103983221537
19830701,0.004087654596835551
19830702,1.439255481074642e-05
19830703,2.756117581840366e-05
19830704,7.034884354119063e-06
19830705,0.0014025925879385902
19830706,0.0010175508281882978
19830707,0.0066534113569429905
19830708,0.004399716200443368
19830709,0.0016751397614411423
19830710,2.4467431971719345e-05
19830711,6.753599333369797e-05
19830712,3.384160395476952e-05
19830713,3.4021641797130325e-05
19830714,1.0919728774094174e-05
19830715,2.8460573724505216e-05
19830716,7.241366434515496e-05
19830717,0.000627101625367044
19830718,0.0036469489510768728
19830719,0.0020934231277731272
19830720,0.0004924212769118661
19830721,8.532159081346394e-07
19830722,4.410743663640915e-07
19830723,0.0017498367122272868
19830724,0.0053602243295094
19830725,1.6518105875925435e-05
19830726,0.00017335812913729816
19830727,0.0001560691620047907
19830728,0.0021934299764562277
19830729,0.00047928384253330663
19830730,1.7524169384150285e-06
19830731,0.00024164747729211964
19830801,0.0026713960169034313
19830802,0.0008091346776788014
19830803,0.0010746161455468597
19830804,0.0001747530529864611
19830805,0.0017685185455358528
19830806,0.0034195197164473157
19830807,0.0009087882770819781
19830808,3.706029029769556e-05
19830809,3.4078508702514555e-05
19830810,0.0009845662588482604
19830811,0.00023174619180076132
19830812,0.0001361090920135203
19830813,0.00013788764321080732
19830814,1.9848249639267598e-05
19830815,4.4921614251315943e-07
19830816,0.001299739343929957
19830817,0.0007010910736712765
19830818,3.1060328173279185e-05
19830819,9.299458506007424e-05
19830820,0.003262782782588933
19830821,0.0022921748060000208
19830822,0.0009521482192349673
19830823,0.0031505991185775653
19830824,0.00853194377490318
19830825,0.0005944768615111214
19830826,7.943133928767519e-05
19830827,2.9850097064615013e-05
19830828,0.0004013135953802493
19830829,0.0010586150515369615
19830830,8.594409097804245e-07
19830831,0.002170363183231909
19830901,0.006441188360282509
19830902,0.0029486546454085363
19830903,0.0031801833009583885
19830904,0.0006756414776587288
19830905,0.0011096720754816798
19830906,9.845311208372103e-06
19830907,4.729527069112462e-05
19830908,1.0579713759779731e-05
19830909,0.010908870631883366
19830910,0.023070576479743577
19830911,0.005773035567937432
19830912,0.004803569830185785
19830913,0.002351533314329676
19830914,0.0016094315818521944
19830915,0.012322405625285247
19830916,0.005349306806410838
19830917,0.003116747902702762
19830918,7.689040228742137e-05
19830919,0.00574743302865993
19830920,0.0008692475630920273
19830921,0.004606579477464401
19830922,0.000986466491245242
19830923,2.5742988577006636e-06
19830924,6.892368241271987e-05
19830925,0.0003959978802493
19830926,5.547577545536662e-07
19830927,2.5689601557132846e-06
19830928,4.410743663640915e-07
19830929,4.600204924365996e-07
19830930,0.00061570420046591
19831001,0.00022360470883830028
19831002,0.002443618829101565
19831003,0.0006885154132485391
19831004,1.2788329968316248e-06
19831005,0.0015174612599160968
19831006,0.0011055540549429423
19831007,6.289540795648511e-05
19831008,0.001931488026021478
19831009,0.006766018495752001
19831010,0.0010522974450377488
19831011,0.006133784566864177
19831012,0.0003194820937373951
19831013,2.0860745325239034e-05
19831014,0.006228845375391157
19831015,0.007512961266646389
19831016,0.010161999697195551
19831017,0.0013430946344375409
19831018,0.0020705212738706042
19831019,0.0016500260167756566
19831020,0.0007642423960432162
19831021,1.4968426451122875e-05
19831022,8.915543186364784e-07
19831023,4.3371260174438573e-07
19831024,2.7374909160635623e-06
19831025,2.8946664263199818e-05
19831026,1.4124819589980043e-06
19831027,3.849950885333923e-06
19831028,0.0009178577112370509
19831029,0.0032630704526252466
19831030,1.0090361466566558e-05
19831031,0.0006657296843841348
19831101,0.00011921350683095574
19831102,0.000234508770663741
19831103,2.145969119737856e-06
19831104,2.4084388541814487e-06
19831105,0.00010195566868431869
19831106,7.670667051984034e-05
19831107,6.430492016988595e-06
19831108,2.6344932946342587e-06
19831109,1.7332251476035167e-06
19831110,9.863198547415693e-07
19831111,8.939380073414246e-06
19831112,1.1010225196229479e-05
19831113,1.529828672186566e-06
19831114,5.312463341763824e-07
19831115,0.00035690456909187964
19831116,0.0002897908534952078
19831117,0.00016036666875944997
19831118,1.967871119958218e-05
19831119,6.293315814392168e-05
19831120,0.00011206189992845619
19831121,0.0002282059604470182
19831122,1.0419509729850564e-05
19831123,5.635915420164828e-06
19831124,0.002722274041021469
19831125,0.00908227185180058
19831126,0.0196257042414196
19831127,0.0217715661839377
19831128,0.008138624818582199
19831129,0.0015627637124066818
19831130,0.0010300586635247336
19831201,1.8769023808051707e-05
19831202,1.3340928136684775e-06
19831203,4.3186439434298064e-07
19831204,1.2904404798064206e-06
19831205,0.0
19831206,0.0009828670693673171
19831207,0.0004763800365723937
19831208,0.0008677389867777723
19831209,0.003192944341454086
19831210,0.003772468762631677
19831211,0.0006197661068788999
19831212,0.0005428021191058662
19831213,6.820802719250588e-05
19831214,9.488542957402007e-06
19831215,1.7286874972774536e-06
19831216,0.0007686308455722346
19831217,0.00043600242114419385
19831218,0.0037955265478246125
19831219,0.006786616320781869
19831220,0.0005535242878553637
19831221,0.004810368665143118
19831222,0.0022015701708978713
19831223,0.0026784149615469823
19831224,0.006318848544605093
19831225,0.004705029049182629
19831226,0.0086548523328735
19831227,0.0005717630368552154
19831228,0.00036202777528295937
19831229,0.00011286978062912115
19831230,0.00024111887136850946
19831231,0.00010092860643974459
19840101,0.0003550535975275629
19840102,0.0026878259752241606
19840103,0.013003157535959601
19840104,0.0033402931866262026
19840105,0.0008290158366039859
19840106,0.0034173317326865976
19840107,0.007797008924023014
19840108,0.0023488132539172296
19840109,0.0011095041071743834
19840110,0.0003633217536386204
19840111,0.0016479248804692535
19840112,0.007127872582166624
19840113,0.008177845141424696
19840114,0.02484805848914736
19840115,0.004267747221445875
19840116,0.007533890719332875
19840117,0.015807191980276355
19840118,0.0018236127894521227
19840119,0.005558000072433391
19840120,0.00046780586980722414
19840121,0.0005571425249799216
19840122,0.008845297726060347
19840123,0.012720436715387959
19840124,0.006948035009131756
19840125,0.000383823483601955
19840126,0.004597213712179787
19840127,0.0010886344029130111
19840128,0.0019850504516059236
19840129,0.004505922902976779
19840130,0.004965959760664145
19840131,0.011073585168343237
19840201,0.007338720812416067
19840202,0.005032586638007111
19840203,0.008751904796414425
19840204,0.0008455196577514061
19840205,0.004996537587471381
19840206,0.0197476600689569
19840207,0.011993005809966612
19840208,0.011229761849542214
19840209,0.0011915109286815277
19840210,0.00012181158747118451
19840211,0.0011844761217235382
19840212,1.4571179109862988e-05
19840213,1.2371459193782195e-06
19840214,1.1945236750931677e-09
19840215,1.1328911372122075e-06
19840216,1.7751718183696695e-06
19840217,2.443375157862839e-06
19840218,1.1345244571400527e-06
19840219,7.407124807161188e-06
19840220,0.001016820377411409
19840221,0.004463011566941006
19840222,0.0020620276029645365
19840223,0.00025444735130406937
19840224,0.0002505090938691582
19840225,0.0009910652486276516
19840226,0.0013264990609909598
19840227,0.01176159571699
19840228,0.0024932975317543686
19840229,5.0037461538035345e-05
19840301,5.430923819732701e-06
19840302,0.004713179146454442
19840303,0.006760468053111243
19840304,3.4323022338018686e-05
19840305,2.7003356925852578e-05
19840306,1.766858879603298e-05
19840307,0.00027918096132979975
19840308,0.000762448134447126
19840309,0.00037595498015980457
19840310,0.0001560740120070312
19840311,8.306898326164773e-05
19840312,1.2175938947465671e-05
19840313,0.00010601083704034247
19840314,8.656311933918914e-07
19840315,2.5621557142585516e-06
19840316,1.1707374430923207e-06
19840317,0.00011956688247487757
19840318,0.00040043914696566413
19840319,0.0002562801021774077
19840320,0.00012887808944521496
19840321,0.0006884374023558566
19840322,0.00017519780967014756
19840323,6.115798338856346e-05
19840324,0.004824488836057379
19840325,0.001377869883831508
19840326,0.004712479014347546
19840327,0.007972982813600878
19840328,0.0131530346271307
19840329,0.003830598524512795
19840330,0.0018712875847013647
19840331,0.0024278418128545276
19840401,0.0217458525033187
19840402,0.005065323522709612
19840403,0.0023413641835875213
19840404,0.0008420698329670358
19840405,0.002968749646743288
19840406,0.006054335371186972
19840407,0.002350797329306659
19840408,0.0005470691347749779
19840409,0.0008801265415763794
19840410,0.005150093960268254
19840411,0.00017638338650734198
19840412,0.00267899498431272
19840413,4.539461763826497e-06
19840414,1.2874602930423862e-06
19840415,0.00017436836774678864
19840416,0.0045409613143284145
19840417,0.00011029483696672712
19840418,4.329062312433477e-06
19840419,2.1398065541688993e-06
19840420,1.2874602930423862e-06
19840421,4.261732051702438e-07
19840422,8.508851578881149e-07
19840423,7.360504247151935e-06
19840424,4.351138045421976e-07
19840425,1.2993811537853617e-06
19840426,4.351138045421976e-07
19840427,1.2904404798064206e-06
19840428,4.380941146003132e-07
19840429,2.587727464525948e-06
19840430,0.0005449052131227893
19840501,0.00013678161700137
19840502,0.006108041168438675
19840503,0.005013239319857906
19840504,0.000775161687564445
19840505,0.009697899402461293
19840506,0.0014547064441710648
19840507,0.009226540029430139
19840508,0.00022999642678311696
19840509,4.730492267376327e-06
19840510,0.0009447234606680259
19840511,0.006784864621821107
19840512,0.0014570718521276654
19840513,0.0017724172654564807
19840514,0.0124396465662334
19840515,0.0009884638713895963
19840516,0.004018681871977951
19840517,0.002668997596658279
19840518,0.0003842543665174062
19840519,0.011159061972132463
19840520,0.0009935051255982872
19840521,0.012271234198990288
19840522,0.0023647418474642477
19840523,0.004475920821323238
19840524,0.007540525662885807
19840525,0.004264753475007849
19840526,0.004887805455204739
19840527,0.005076302978721278
19840528,0.002193371966140469
19840529,0.0008780172542834635
19840530,0.0259052262398904
19840531,0.0012284479065648671
19840601,0.005108346834619949
19840602,0.004280279524083044
19840603,0.013682453571643665
19840604,0.00870147899899488
19840605,0.004020638494555532
19840606,0.002188466505864758
19840607,0.002894557636975347
19840608,0.0009769255583529062
19840609,0.00010568048372819978
19840610,1.4546867826291663e-05
19840611,0.0007476603520415794
19840612,1.7593673357356712e-05
19840613,9.813018071567225e-06
19840614,0.00025234832900710254
19840615,0.00016230324401403015
19840616,4.5328466168498745e-06
19840617,8.910309018274001e-07
19840618,1.4194106121174107e-06
19840619,1.2934128543122174e-06
19840620,0.0023045745734541854
19840621,0.010277526204274787
19840622,0.00047133528447007236
19840623,0.002618047578766974
19840624,0.0020371203671339286
19840625,0.0013852832873562412
19840626,0.0007517252577033575
19840627,4.540253550781104e-05
19840628,0.0055609564544916905
19840629,0.0003290436005371718
19840630,0.0013036042488837247
19840701,0.0014436954172721082
19840702,0.0064656535492203975
19840703,0.0017003650800521107
19840704,0.000747895193884366
19840705,0.00014518666157434286
19840706,8.360807244629816e-06
19840707,1.7356862258566252e-06
19840708,3.3634833621635935e-06
19840709,3.984137731373883e-05
19840710,6.298603777068545e-05
19840711,0.0069639068421020025
19840712,0.002009811875500746
19840713,0.0008757490716687324
19840714,0.006110968386285089
19840715,0.014155052360533951
19840716,0.0021955991263221215
19840717,0.0007817590865644896
19840718,0.00016087539569443286
19840719,0.000666448333195087
19840720,0.0001191485796114838
19840721,1.6862740439821993e-05
19840722,7.833099796260706e-05
19840723,7.636051892983238e-06
19840724,0.0011709545760414455
19840725,0.005992001334311627
19840726,0.0011320335195591476
19840727,0.0003711964114062363
19840728,0.0017140469263566926
19840729,6.9167415710845435e-06
19840730,1.7542009323020172e-05
19840731,0.0017039534345194619
19840801,0.004015730339788362
19840802,7.624203805542393e-05
19840803,0.007564809924142221
19840804,0.006643237125342176
19840805,0.0021195043307119833
19840806,0.0011690096309983754
19840807,0.0005166483071576667
19840808,0.007339852690206798
19840809,0.0010296308414263018
19840810,0.0006340308554537401
19840811,0.0017491168808199695
19840812,0.0055469245213028
19840813,0.0011556057028808968
19840814,0.0014081688070657198
19840815,0.0008450435030972444
19840816,0.0009441212041874371
19840817,0.0003339542043415751
19840818,4.161154936678439e-05
19840819,4.4107436991680515e-07
19840820,0.0
19840821,1.710800006549107e-06
19840822,4.713277313959441e-05
19840823,0.0012998295867885212
19840824,0.006456579847495709
19840825,0.0030594514907793823
19840826,0.004654378158065501
19840827,0.0006813094494047856
19840828,0.0001123444741227491
19840829,0.00013305175738311163
19840830,0.000451007557301449
19840831,0.00015111940237817726
19840901,2.9126135783087505e-06
19840902,3.7602930364491824e-05
19840903,0.0007422010491565829
19840904,0.019782635844759977
19840905,0.0034621424270643514
19840906,0.004531044256877207
19840907,0.0207215527863163
19840908,0.009354144712694122
19840909,0.0172701156775865
19840910,0.007079408765968225
19840911,0.0014902514017371964
19840912,0.001993546956215495
19840913,0.0006195780220499787
19840914,0.007042204178462272
19840915,0.0022863970393788105
19840916,0.0017771437582212682
19840917,0.003346756516520494
19840918,0.009799628931951658
19840919,0.00026629498501811057
19840920,0.0005584418878195158
19840921,0.0025692037637262753
19840922,0.008169220856246839
19840923,0.009821597890589163
19840924,0.007766207811721403
19840925,0.0032575578990101163
19840926,0.004171855705090343
19840927,0.0004823490813150527
19840928,0.0002845426326667077
19840929,0.0007154049253918699
19840930,0.0022793000412733486
19841001,0.01308578370741627
19841002,0.0023624963636675106
19841003,0.005384108716314356
19841004,0.008296938150041133
19841005,0.005861713078011226
19841006,0.0055281104588537
19841007,0.00018938923798400697
19841008,0.004490240149750912
19841009,0.001312614927570325
19841010,0.0005032328922240144
19841011,0.0004925357554806271
19841012,5.479120605903561e-05
19841013,1.9946401242859476e-05
19841014,3.3133754176869335e-05
19841015,7.056574564663256e-05
19841016,9.25044056412872e-05
19841017,0.00013823333039261924
19841018,0.0019168618459052813
19841019,0.015147594105490682
19841020,0.002779746394030669
19841021,0.0009490390911357104
19841022,0.0005397053130838888
19841023,0.004761363185723467
19841024,0.0006504732995738864
19841025,0.009764756318561768
19841026,0.008389511841858485
19841027,0.0005821186646941901
19841028,1.1038923815938988e-05
19841029,1.7364066314095232e-05
19841030,3.252700307792066e-06
19841031,1.2970999942034942e-06
19841101,8.64927688302272e-07
19841102,1.4932760851000163e-06
19841103,0.001415177010414018
19841104,4.5862093847786844e-05
19841105,0.0002456138250000392
19841106,0.001043490564492534
19841107,0.0022655846131589916
19841108,9.260830919512643e-05
19841109,8.684821191115215e-07
19841110,2.7928040962058356e-06
19841111,3.68151174658715e-05
19841112,3.3940250336604363e-06
19841113,4.6038731156654885e-06
19841114,0.00026971911862249743
19841115,0.006647560550963879
19841116,0.0017914540893241857
19841117,0.004443865522991214
19841118,0.0024805611213826353
19841119,0.0008809386038975658
19841120,0.0015354817755302587
19841121,0.0068215558987306715
19841122,0.020211781853873994
19841123,0.017182793437078972
19841124,0.006284116000317149
19841125,0.0028513653379641157
19841126,0.00384513711807756
19841127,7.716667509124288e-06
19841128,2.787017281449312e-05
19841129,6.205182281398205e-05
19841130,1.2951585412554511e-06
19841201,1.1169687478603275e-05
19841202,0.0014099470585035763
19841203,3.48996099909984e-05
19841204,5.302517084596604e-05
19841205,0.00012203889159447498
19841206,7.861178116500948e-05
19841207,3.920434124427372e-05
19841208,3.8104901332592065e-05
19841209,0.001114580607820192
19841210,2.5884967086325315e-05
19841211,3.12419214145944e-05
19841212,1.6606125875970546e-05
19841213,0.0009409799348502245
19841214,0.002933352366275333
19841215,3.798483884710033e-05
19841216,0.0027847404564733096
19841217,0.0026800735663534982
19841218,0.01444111645202671
19841219,0.003475486025163359
19841220,0.002442322773703252
19841221,0.0026805814411258446
19841222,5.639583934246156e-06
19841223,1.3115968990381785e-06
19841224,0.002328117059719498
19841225,0.0029092524008225884
19841226,0.001506457921883846
19841227,0.0014894292462271496
19841228,0.00031664811662992154
19841229,4.709519080894527e-05
19841230,0.00019813417900033602
19841231,0.001194382878562168
19850101,0.0057667826131574
19850102,0.0021817436858890824
19850103,0.002223597290131008
19850104,0.0028726037525066395
19850105,0.00023725101803498592
19850106,0.0005247496964318528
19850107,0.0035864140085052703
19850108,0.000148608338383251
19850109,0.003439242152421163
19850110,0.0003386827867448062
19850111,0.0002520114391490499
19850112,0.0032140625857469
19850113,0.0002560991809723792
19850114,0.0006761288669779291
19850115,0.0008773291948353344
19850116,0.0005923990502830765
19850117,8.32263586732263e-05
19850118,0.000944349191553249
19850119,0.0019200561434147214
19850120,0.001538898389603315
19850121,0.003788616827440088
19850122,0.006789839692540988
19850123,0.005823343395120294
19850124,0.0012335376608821366
19850125,0.006026156356165845
19850126,0.009603009334667331
19850127,0.0007546028573598075
19850128,0.0008821834543266233
19850129,0.00010575421820634555
19850130,0.003036473887372244
19850131,0.002870958219037179
19850201,0.0036610911401725905
19850202,0.004062510398599686
19850203,0.0003147702382758295
19850204,1.7188672065723442e-06
19850205,1.0235102036327522e-05
19850206,0.0013574504431105878
19850207,0.000556802815981108
19850208,0.008757733952983647
19850209,0.015222702996854513
19850210,0.0011068132307808097
19850211,6.168173563728825e-06
19850212,1.716613724056515e-06
19850213,0.000664197445340752
19850214,0.002481627688107485
19850215,0.0007343379905719609
19850216,1.6829583503315013e-06
19850217,5.097731569720184e-06
19850218,3.411857740036417e-06
19850219,1.0026267217698958e-06
19850220,0.0
19850221,1.773742036338331e-05
19850222,6.048976798952451e-05
19850223,4.506471681043478e-05
19850224,7.205298577331617e-06
19850225,1.7225741544280027e-06
19850226,1.3122783920291065e-06
19850227,6.017824937525979e-07
19850228,3.557228559850221e-05
19850301,0.0026048729468407007
19850302,0.0022418041560661383
19850303,0.001175945114925341
19850304,0.004530432507301115
19850305,0.0034555064303149387
19850306,0.0034483859633312936
19850307,0.00016454966067236287
19850308,5.757320431172886e-06
19850309,0.0006296822091256109
19850310,4.1138907129810995e-06
19850311,0.005049934945870974
19850312,6.94589117677239e-05
19850313,6.815168999480766e-05
19850314,0.0035973575213732985
19850315,0.002890563713814827
19850316,0.0074170594103533695
19850317,0.004243874711738936
19850318,0.002142995450929198
19850319,0.000949805188045367
19850320,0.00038223268590128546
19850321,0.00012965115927040095
19850322,0.0020305105499205086
19850323,0.00399311714540199
19850324,0.004293261497395858
19850325,0.0021440012959599315
19850326,0.0119733340617657
19850327,0.006278276658025145
19850328,0.0019290567349177373
19850329,0.0003245062076415063
19850330,0.00040414752234315624
19850331,0.005917783477017929
19850401,0.001487003380228229
19850402,0.0006912063003937257
19850403,2.5838465499349807e-06
19850404,8.642672355563263e-07
19850405,0.0013643628411019694
19850406,0.005571873269438223
19850407,0.009787506356557297
19850408,0.0015352693773552997
19850409,0.003929085454566623
19850410,0.00419510557660907
19850411,0.007775407164711853
19850412,0.005031684572648494
19850413,0.009743635394459495
19850414,0.006743901309395298
19850415,0.0024921217564529636
19850416,0.0013734238565088679
19850417,0.00022945838829656692
19850418,1.7136284782282019e-06
19850419,1.2887497859992436e-06
19850420,0.00010708002166111231
19850421,0.0011332754053405716
19850422,0.0012621650884055001
19850423,0.0010697821483949647
19850424,2.44073518728967e-06
19850425,0.00018752667713686872
19850426,7.414723152136842e-05
19850427,0.008163131614472694
19850428,0.004293072749580657
19850429,0.002431008343758324
19850430,0.00532678571032607
19850501,0.0027583911265376196
19850502,0.007359047156873174
19850503,0.0017015128399806682
19850504,0.0015162416926172832
19850505,0.0006191948479719393
19850506,0.0002690136786036725
19850507,0.0034339647420861237
19850508,0.0108904377279877
19850509,0.008043341541627632
19850510,0.0018442326546400187
19850511,0.002343140879516754
19850512,0.004928420069294363
19850513,0.004461449695214557
19850514,0.0071785808683939144
19850515,0.000833313243000982
19850516,0.004519897464490927
19850517,0.002559653258981829
19850518,0.005975320093971895
19850519,0.00325864974452214
19850520,0.003989712731021102
19850521,0.004318278885923823
19850522,0.005108529606937975
19850523,0.004750018774824635
19850524,3.2169535529522925e-05
19850525,3.940305381144751e-05
19850526,0.0005659244036775854
19850527,0.001421122078644061
19850528,0.005697606508605998
19850529,0.003428935513995303
19850530,0.0011657578922905714
19850531,2.598792394358136e-05
19850601,0.00047784990575726105
19850602,3.738402540606022e-06
19850603,7.478646897861214e-06
19850604,0.0006367266375471531
19850605,0.004461574166602932
19850606,0.009356866350998598
19850607,0.005035191174643742
19850608,0.0039449568501424
19850609,0.0047689741127104664
19850610,0.014682502872378045
19850611,0.0014222487004834237
19850612,0.003307322939101655
19850613,0.0014410239131659379
19850614,0.0011600803229895587
19850615,0.001817226407361237
19850616,0.00020811159773231007
19850617,1.8829157562433765e-05
19850618,0.0003785494636278991
19850619,0.014796700884186824
19850620,0.006182145995341638
19850621,0.003069336946151169
19850622,0.0029335259257151788
19850623,0.0020887683779355288
19850624,0.009003244374996033
19850625,0.001085757989047658
19850626,0.005237963894688727
19850627,0.003203597830532714
19850628,0.0008786731738195534
19850629,0.0001868346500528262
19850630,0.000113080413076308
19850701,0.0021632779123264903
19850702,0.00011009541384027841
19850703,1.7102648796647203e-06
19850704,0.0010595631295001998
19850705,0.0071872178647977665
19850706,0.008022386594754242
19850707,1.0976399479085714e-05
19850708,6.323846085652029e-06
19850709,0.0006198436720382739
19850710,0.00034686609491480966
19850711,0.00012639412738506552
19850712,6.12780719324539e-05
19850713,6.9404613327783096e-06
19850714,0.0015374294541327521
19850715,0.0003271063174889744
19850716,0.0009851546651977266
19850717,7.820093119603355e-06
19850718,0.003075898693543353
19850719,0.002650518468665817
19850720,0.0018018012567141727
19850721,0.0006597280481143679
19850722,0.000326977757779815
19850723,0.0005370714316813162
19850724,6.018836704551518e-07
19850725,4.2425614310559473e-07
19850726,0.0044817211545639234
19850727,0.0010636510392113706
19850728,0.002012776830890887
19850729,0.011422545398541647
19850730,0.0007520633167903636
19850731,0.00521229844677464
19850801,0.004851875478815863
19850802,0.00013441627086266945
19850803,0.001773883138928043
19850804,0.001258867675189669
19850805,0.0017230216229526165
19850806,0.005057066284570844
19850807,0.0010442976364557664
19850808,0.0007159670233976039
19850809,0.001528727316808711
19850810,0.006280420533354921
19850811,0.0006928263156946981
19850812,0.00767515813549326
19850813,0.001476799646350599
19850814,0.0011443541672626716
19850815,0.007379902655089398
19850816,0.004403911792744115
19850817,0.002681714122920079
19850818,0.0002905438853723735
19850819,0.0054373424260710825
19850820,0.0006862084363882345
19850821,4.9824969301664814e-05
19850822,0.0017554965163339054
19850823,6.739389684813824e-05
19850824,0.007656833740787102
19850825,0.001745237368580516
19850826,0.0018846606052504605
19850827,0.00018630963066971535
19850828,4.351138045421976e-07
19850829,1.7048836866706552e-06
19850830,8.52761218084197e-07
19850831,6.758833192898895e-05
19850901,0.001717812609638497
19850902,2.5038054701052668e-05
19850903,0.016409877609553782
19850904,0.0017806458106894782
19850905,0.008160290592406883
19850906,0.0003322556564178137
19850907,3.4430740358283034e-06
19850908,0.00017389801113958052
19850909,0.0007108318565793635
19850910,8.660069834740758e-07
19850911,0.0
19850912,2.6290555405493212e-06
19850913,0.006172955055794751
19850914,0.00032831708327625184
19850915,0.006554219602998588
19850916,0.00017469471106890946
19850917,0.00014260048915554828
19850918,0.00010276409688296697
19850919,4.13527269218401e-07
19850920,0.00021657775599025631
19850921,0.0001377856320676456
19850922,0.00011211461862060075
19850923,0.00043494536657794454
19850924,0.00010978942520520339
19850925,0.00010049472739546896
19850926,1.3638084556148617e-06
19850927,1.720090608614555e-06
19850928,9.262139737039022e-07
19850929,3.2091493553797603e-06
19850930,2.7089720788568812e-09
19851001,9.291122858192429e-07
19851002,0.0009532028175868909
19851003,3.9921118106142534e-05
19851004,0.005243101765420127
19851005,0.00579587182930734
19851006,7.919546753859644e-05
19851007,8.322339151032583e-06
19851008,0.004000854542277715
19851009,0.0014089789086886503
19851010,0.00046546584487822535
19851011,2.3598911984941673e-05
19851012,0.0002863443903299202
19851013,2.323957063566512e-06
19851014,1.7111772139262436e-05
19851015,0.0005568578692707187
19851016,5.2036977596598956e-05
19851017,0.00012995473053684363
19851018,0.00010136898352614315
19851019,0.0003868147335537998
19851020,8.931523701964317e-07
19851021,-7.017577749548667e-10
19851022,4.296414973386562e-06
19851023,4.167664995576822e-06
19851024,1.282751384223957e-06
19851025,4.261732087229575e-07
19851026,2.1503090318101877e-06
19851027,1.6168474089159793e-06
19851028,3.536712129711403e-05
19851029,6.066624129175816e-05
19851030,7.265498515300543e-06
19851031,0.0003003078918064653
19851101,0.0024122706291696584
19851102,0.004457666208349391
19851103,0.000245960155104538
19851104,0.001891278593706755
19851105,0.02082818205100357
19851106,0.001119059665306988
19851107,0.0012564403865019667
19851108,0.007898646941534868
19851109,0.008263255575878262
19851110,0.006587451289413741
19851111,0.001135233480869543
19851112,0.0005749422107766872
19851113,0.0012786328246919521
19851114,0.0016468610666284641
19851115,0.00014885320598489942
19851116,0.00029365583931324654
19851117,6.762408595637013e-06
19851118,5.2892398950676214e-05
19851119,0.0005600472715418999
19851120,0.0005769070165325395
19851121,0.0034387703562314413
19851122,0.004352912856652712
19851123,0.0034403939699512213
19851124,0.0006932311537236542
19851125,0.0003337269083830166
19851126,0.00020616070942155865
19851127,0.000959597217794695
19851128,0.005590158176063449
19851129,0.0050138239004087655
19851130,0.007612984112863006
19851201,1.2944603932621396e-05
19851202,5.11695777851477e-07
19851203,9.65138365753981e-05
19851204,0.0005285584369872599
19851205,0.0002363975057422727
19851206,0.0034555769938433463
19851207,0.006283535229689767
19851208,0.006160691218325353
19851209,0.005746367373465266
19851210,0.0010950875711635848
19851211,6.605481149623649e-05
19851212,4.332791489644477e-05
19851213,0.0005212809304731883
19851214,0.001601465195766459
19851215,0.0012054200593027524
19851216,0.0009165440914031935
19851217,0.0010463282146282245
19851218,0.004611007026090598
19851219,0.0007224430492122216
19851220,0.0008443398929751899
19851221,1.905368001439179e-05
19851222,5.03997842607704e-07
19851223,0.0007868403911826025
19851224,0.0004676034843204952
19851225,0.008192926276277053
19851226,0.002926876450712824
19851227,0.005015129075257126
19851228,0.0160075444514305
19851229,0.0013146450680698312
19851230,0.00015823488895790345
19851231,1.3837064706163958e-05
19860101,0.00034925913561175803
19860102,0.006552431293086122
19860103,0.0045832151830713114
19860104,0.001238172626225841
19860105,0.003812385531798196
19860106,0.0017720869416552687
19860107,0.0003904451734434706
19860108,0.003665650222236977
19860109,0.0011492206938243518
19860110,0.005145870924861825
19860111,0.006325977629397815
19860112,0.0031826911044512043
19860113,0.008295175818720435
19860114,0.0108488323833091
19860115,0.0060435939178166
19860116,0.002908967231239575
19860117,0.0003720096519244097
19860118,0.0077184302152284775
19860119,0.008946318855747173
19860120,0.0007327566381514198
19860121,0.001836346889027994
19860122,0.007671661069109784
19860123,0.024212823262984
19860124,0.008581534366868556
19860125,0.0024369436621358986
19860126,0.001108514742998148
19860127,7.584246096584697e-05
19860128,0.0019396374709545368
19860129,0.0025047062582952786
19860130,2.1771978839770814e-06
19860131,2.1875438121136494e-05
19860201,0.0034255228710539875
19860202,7.266497806225198e-05
19860203,1.5897413657420492e-05
19860204,7.909816069536377e-05
19860205,0.0015423885123118505
19860206,0.000646384597472399
19860207,0.00013731803897725674
19860208,0.0003096421374206486
19860209,0.0005628579962068248
19860210,0.002974709663922693
19860211,0.00014545566704429134
19860212,8.731638561414708e-07
19860213,3.432056668282394e-06
19860214,7.389696952078368e-05
19860215,3.886887406597571e-05
19860216,4.856866611059536e-06
19860217,0.0011072877043740632
19860218,0.0024638350670793357
19860219,0.00012158917210829268
19860220,0.00012267504037726342
19860221,1.8860150366714352e-05
19860222,6.206606074030206e-05
19860223,0.0056074940459492
19860224,0.0017119888994258725
19860225,2.2807621084480714e-05
19860226,4.360899145698878e-06
19860227,0.0006826071018924652
19860228,0.0064139225860946
19860301,0.0013678269828464138
19860302,5.397345975489368e-06
19860303,0.00010845770313940839
19860304,0.0016761990128044276
19860305,0.0032483078527496623
19860306,0.0125753861712297
19860307,0.0003827298930870875
19860308,0.0004319312946965374
19860309,0.00020385445085006825
19860310,3.194108962782576e-06
19860311,1.2235568370924965e-05
19860312,7.992592192463405e-05
19860313,1.6425523824822666e-05
19860314,1.7136281794005512e-05
19860315,3.081548691789528e-05
19860316,8.203919972570812e-06
19860317,0.00011374133626177534
19860318,0.00017723165340757056
19860319,0.0033250052019327555
19860320,0.0036022143027529385
19860321,0.0027123770584715078
19860322,0.0014782906795010918
19860323,0.00675110601824405
19860324,0.021129342671749204
19860325,0.003964668963612397
19860326,0.004006250267771369
19860327,0.0030727376741152127
19860328,0.002482754776585241
19860329,0.0066444169534084965
19860330,0.01397239226203046
19860331,0.01794602525248275
19860401,0.0005308146849367044
19860402,0.0028882229163715504
19860403,0.0122184901995318
19860404,0.0009534563256675683
19860405,0.0006936061549979642
19860406,0.0047786878020673555
19860407,0.0019011324355582423
19860408,0.0002942076278496202
19860409,0.0022153814818367244
19860410,0.007205828139279351
19860411,0.0005746818288048753
19860412,6.730805994226247e-05
19860413,0.0005197150074851024
19860414,0.005523718391838129
19860415,0.002757560286183757
19860416,0.0019417709746121902
19860417,0.001733789332983902
19860418,0.004175157257768798
19860419,0.003929079715565975
19860420,0.00839454643672495
19860421,0.014510947199774844
19860422,0.007419909790634037
19860423,0.002821761018403061
19860424,0.0030461234298698172
19860425,0.0064219280963506925
19860426,0.008866362193778564
19860427,0.0009308373778766215
19860428,0.00044657735643174065
19860429,0.005345197997542076
19860430,0.001114912877846803
19860501,2.3952110053782e-06
19860502,0.0005282747103049539
19860503,0.008792747711548227
19860504,0.0023132829645827455
19860505,0.002829473240817844
19860506,0.006691705582049726
19860507,0.004015055870017212
19860508,0.0015434345576873553
19860509,0.0018300607702749644
19860510,0.0010202746998772645
19860511,0.0020231635215693235
19860512,1.8492841364908782e-05
19860513,0.014373164820632865
19860514,0.00486323221788898
19860515,0.0012319987224302367
19860516,0.004109856045661413
19860517,4.2829453313372414e-05
19860518,0.005710729403301934
19860519,0.011622219724352921
19860520,0.0010408373709256682
19860521,0.004480071376817107
19860522,0.0002596567599044467
19860523,0.0019629929522855124
19860524,0.005730229128653077
19860525,8.585894306634145e-07
19860526,7.536177074964369e-05
19860527,0.0061093213387734425
19860528,0.0028231231981337454
19860529,0.003314897235647654
19860530,0.0027111819795035477
19860531,0.0007988865646835422
19860601,0.004202261805379658
19860602,0.005039212149836348
19860603,0.004295068270886359
19860604,0.012936922609268618
19860605,0.0024042724831265993
19860606,0.0030085083075781856
19860607,0.014324610050124304
19860608,0.0008334951286626059
19860609,5.511122839701053e-07
19860610,0.0002611811172814043
19860611,0.005030661420099929
19860612,0.0013511286637343598
19860613,5.845552635834152e-05
19860614,0.00010121113625772776
19860615,7.839708682037671e-05
19860616,0.004757569438308554
19860617,0.01031956513698693
19860618,0.0030108940807251584
19860619,0.002958057090264232
19860620,0.006694608008987246
19860621,0.0006065126927190097
19860622,0.0006580589499426896
19860623,0.012801735928700956
19860624,0.00026463685840953774
19860625,5.707323468268002e-06
19860626,0.0
19860627,1.2755393754559918e-06
19860628,0.0
19860629,2.1365558495745063e-06
19860630,0.0
19860701,3.91086385596714e-06
19860702,7.785490882868584e-09
19860703,0.006944798479622222
19860704,0.0010239102584830716
19860705,0.006708588158502109
19860706,0.013367327651606033
19860707,0.0038769644714696867
19860708,0.0024034066675523175
19860709,0.001852106595885533
19860710,0.0007155532886065009
19860711,0.0032400885946156158
19860712,8.605537548074413e-05
19860713,0.0011951309760225488
19860714,9.774331456025514e-05
19860715,0.00010794487639475014
19860716,2.787290952284571e-06
19860717,0.00041654102172227994
19860718,0.000496461756312953
19860719,0.0003867937333882039
19860720,2.3109474254165597e-05
19860721,0.00028553109954613105
19860722,0.0006762101721450407
19860723,0.014524937903884972
19860724,0.0031548304801248418
19860725,0.00154362697062395
19860726,0.0009464470295829984
19860727,0.00019229721238138057
19860728,5.274076730538079e-06
19860729,0.00022479323553522543
19860730,2.1557536007752257e-06
19860731,0.0023690422168193294
19860801,1.1509479743810613e-05
19860802,8.99203638849688e-06
19860803,0.001056660743927158
19860804,0.006879539982655534
19860805,2.3710511951754686e-05
19860806,8.607122985034891e-07
19860807,0.0002712328738119498
19860808,9.159598093357884e-05
19860809,8.882313569948244e-05
19860810,0.0024582600397874835
19860811,0.0035527694732967892
19860812,0.008862690349917655
19860813,0.001206901964318301
19860814,4.045973808236599e-05
19860815,0.003857291644287931
19860816,0.000631357794951018
19860817,0.006110104179562707
19860818,0.01151949006962535
19860819,0.011905184554866943
19860820,0.0007279025099944465
19860821,5.816034334575356e-05
19860822,0.008061259379235616
19860823,0.00915002561338441
19860824,0.016149647460987
19860825,0.0008882891079981668
19860826,0.009247310513230285
19860827,0.0010919299263111733
19860828,0.0033871809347152827
19860829,0.0021826228351414707
19860830,0.0012343242701213237
19860831,0.0012751807313350404
19860901,0.00030593357453910156
19860902,0.0008290773323119234
19860903,0.00336887076084548
19860904,0.0002138902404030737
19860905,4.351138045421976e-07
19860906,0.00030269386902638556
19860907,0.0004023159980760825
19860908,4.125025499569271e-05
19860909,6.179214152302245e-05
19860910,5.539743403723601e-05
19860911,8.643391000451931e-07
19860912,0.02264581438388158
19860913,0.0044583326613640995
19860914,0.006446840443857595
19860915,0.0134818150302747
19860916,0.0389113545022609
19860917,0.007751354739328526
19860918,0.0008468591663876031
19860919,2.158127725394985e-05
19860920,3.108356820963272e-05
19860921,4.6530470734480286e-07
19860922,1.054071338025553e-06
19860923,1.2118854141518458e-05
19860924,0.0010116544736933088
19860925,0.0001347424915056746
19860926,1.7106231550958426e-06
19860927,1.4258595817332717e-07
19860928,2.479546667338384e-05
19860929,3.396163031948524e-06
19860930,6.856031083835787e-05
19861001,2.907174855243503e-09
19861002,7.374381557049748e-06
19861003,1.3413824797444314e-05
19861004,4.4191682672558187e-07
19861005,7.840407278167175e-05
19861006,0.0004525201406286505
19861007,0.00012163280455146403
19861008,0.0002159193317460948
19861009,7.731247897176457e-05
19861010,6.752384102032185e-06
19861011,0.00028980722104145684
19861012,1.1574114706900748e-06
19861013,0.0003191908542130128
19861014,0.00035104686062149154
19861015,0.0007111512064760185
19861016,0.00032556325476287
19861017,0.00016833085315857274
19861018,0.0006922838490938447
19861019,0.00891678883447224
19861020,0.020521628409613954
19861021,0.006934175675229769
19861022,0.0339421765666663
19861023,0.008199136489270795
19861024,0.00029629358505711743
19861025,0.0075489839995116475
19861026,0.0028977344165724774
19861027,0.00020044154215849801
19861028,0.005295977945652315
19861029,0.0028317009494184847
19861030,6.252521664925147e-06
19861031,0.0011858925431779614
19861101,0.0103196569646962
19861102,0.007989010155631443
19861103,1.2031716328495061e-05
19861104,0.0002282918885994828
19861105,0.0003197698293307809
19861106,0.00143426847884116
19861107,3.815485831138404e-05
19861108,0.001065230634129289
19861109,8.622552270771357e-06
19861110,4.220558714343018e-06
19861111,5.339622103498688e-05
19861112,0.0005149241308899648
19861113,3.4703039602067376e-05
19861114,0.004336459160826308
19861115,0.000988280759692411
19861116,0.000733608882246279
19861117,0.0031946719283973465
19861118,0.00038692191339645345
19861119,0.003505492579153085
19861120,0.0061374778948197085
19861121,0.006201248837210757
19861122,0.005768435804218218
19861123,0.005196887951155792
19861124,0.0007151001170412696
19861125,0.0006431365847142438
19861126,0.001941521544328514
19861127,4.920292638127044e-05
19861128,2.635213344660154e-06
19861129,4.503702676471533e-07
19861130,2.3390106390213013e-06
19861201,2.5720487419128657e-05
19861202,0.00030457079688525716
19861203,3.499826914208625e-05
19861204,4.351138045421976e-07
19861205,3.3328242217689325e-06
19861206,0.005681866400983053
19861207,0.0011012872733548533
19861208,0.00043378266737898363
19861209,0.00032049176271187413
19861210,3.1327082511702474e-05
19861211,2.617897222366487e-05
19861212,0.00014913603592005243
19861213,0.0029730628203379654
19861214,0.0030033711981828685
19861215,0.004546504314059754
19861216,0.0041452462309678655
19861217,0.0033715378967154965
19861218,0.0202741128559213
19861219,0.008260866943754946
19861220,0.0032870338353299887
19861221,0.0010832594837223517
19861222,0.002653426809668668
19861223,0.001762640840488099
19861224,0.00028748824249251085
19861225,0.012611581153991152
19861226,0.0027995605891252447
19861227,0.0026747663929113947
19861228,0.0047171082728392
19861229,0.0028652916758510915
19861230,0.004857084789932524
19861231,0.0067340601736705
19870101,0.0246245872322022
19870102,0.006047690696382112
19870103,0.001393245533132684
19870104,0.0019750439273884244
19870105,0.0084796808028476
19870106,0.00471144678003399
19870107,0.0020046376846779707
19870108,3.241818540238991e-05
19870109,3.5415620155538134e-05
19870110,0.00048791009478043446
19870111,0.0004268387069416747
19870112,0.0003923459694014282
19870113,0.0002011498245029045
19870114,2.182890030078492e-05
19870115,0.0032085847235308203
19870116,0.0001941126289812581
19870117,7.716448424965136e-05
19870118,2.661067886838145e-05
19870119,5.571917951926981e-05
19870120,5.4606745076512943e-05
19870121,5.6653963526807726e-05
19870122,0.00015009937306014788
19870123,0.0003391335520041818
19870124,0.0004552243569095402
19870125,0.0001244291490811271
19870126,0.00044440093494319704
19870127,1.6041070714393706e-05
19870128,0.00012221089761318046
19870129,1.3163408195019533e-05
19870130,1.2814998058274796e-06
19870131,8.526474175596377e-07
19870201,4.351138045421976e-07
19870202,1.0368859945142406e-05
19870203,0.0007304676199219942
19870204,0.00022572837655746028
19870205,0.00010100813713534238
19870206,0.002144322967540635
19870207,0.007164374917763632
19870208,0.0019671482817760788
19870209,0.0018850335474032082
19870210,0.0071153039356005605
19870211,0.0008545125860273993
19870212,0.00529383501425514
19870213,0.0012993674269067917
19870214,0.005171997312561879
19870215,0.0074969672505893
19870216,0.00248153026940922
19870217,0.0022070582254734455
19870218,0.001951882552739804
19870219,0.001103270013078687
19870220,0.0028556854226394856
19870221,0.00312488280234129
19870222,0.0006312245265180607
19870223,0.0004922737201544791
19870224,1.9712737087445072e-06
19870225,1.323871330457499e-05
19870226,0.00169710131837577
19870227,0.01192605370833215
19870228,0.003206724259679464
19870301,0.0057292183079643705
19870302,0.009968683261161695
19870303,0.0034118981919077783
19870304,0.0004653623990289724
19870305,0.00020986124705417227
19870306,1.7463723212956947e-06
19870307,4.935302985539198e-07
19870308,1.883974004866639e-06
19870309,1.7257111634521064e-06
19870310,1.7444735362914798e-06
19870311,8.950690557471448e-07
19870312,5.233798131300438e-07
19870313,0.0002084471680960164
19870314,0.00018795668395375526
19870315,0.0013571788183715165
19870316,0.0016483347420056813
19870317,0.00489275470380119
19870318,0.007466979093747591
19870319,0.006455022935521963
19870320,0.002197376566843167
19870321,0.0016889217920021096
19870322,0.002788011300546754
19870323,0.009641923917169318
19870324,0.009298636169501068
19870325,0.006728230812307159
19870326,0.0010005887521903356
19870327,0.00455225548084899
19870328,0.008568181776177556
19870329,0.0014360159680983184
19870330,0.0005388866953738213
19870331,0.0005721102327336714
19870401,2.7913518079258566e-05
19870402,6.132461774308643e-05
19870403,0.0009489984445046596
19870404,0.0018541418241954154
19870405,0.0003286489867744811
19870406,0.0018769973773794522
19870407,0.0069531746436524025
19870408,0.0005336061904615057
19870409,0.0042413983812539
19870410,0.0013165178630162556
19870411,0.0036564499054422862
19870412,0.007265146773480791
19870413,0.0013180318504937294
19870414,3.5101639333557884e-05
19870415,4.997905148838638e-05
19870416,9.495269844902622e-05
19870417,4.323710673906351e-06
19870418,1.5366455469391807e-06
19870419,0.0015047739764169569
19870420,0.003251409416472334
19870421,0.0015853345866006195
19870422,9.091596082487378e-07
19870423,8.52346317969932e-07
19870424,1.7009068074003153e-06
19870425,0.0013800497293363833
19870426,0.005423123549618244
19870427,8.286376451799559e-05
19870428,8.583068620282575e-07
19870429,2.8246577660795727e-05
19870430,0.0037114006493353655
19870501,0.00010440895351721048
19870502,0.0006499537002916718
19870503,0.00505869552668025
19870504,0.0116596882569461
19870505,0.005503975690167249
19870506,0.000470418810962378
19870507,3.475351546114628e-05
19870508,2.605349522736231e-06
19870509,2.1390501387941185e-06
19870510,0.006791414544800087
19870511,2.1389260791309837e-05
19870512,0.013450433603852847
19870513,0.0027968155420834413
19870514,0.006459939382723722
19870515,0.009246803805801788
19870516,0.001991518495508299
19870517,6.7436935302308e-05
19870518,0.004540532146376912
19870519,0.006567436986105111
19870520,0.0011791232431127459
19870521,0.007603888168268682
19870522,0.002314528001525983
19870523,0.000857502485303006
19870524,0.00012553066092995462
19870525,3.699460084734e-05
19870526,7.515986961764218e-05
19870527,0.009031323663404162
19870528,0.0007836258223847457
19870529,0.005723583850781753
19870530,0.00016583587801506633
19870531,0.011088105122304891
19870601,0.0005776038010121296
19870602,0.0006100853029848013
19870603,0.006036801239724423
19870604,0.010825732175924757
19870605,0.00181967010716849
19870606,0.0026067045553176153
19870607,0.006756873526179547
19870608,0.002870930931685019
19870609,0.002176328909547154
19870610,0.0009697294942472541
19870611,0.0056993134285784584
19870612,0.005758512917772587
19870613,0.019438338712237026
19870614,0.0042197058780634395
19870615,0.0130440979368652
19870616,0.009109226931283156
19870617,0.009773184590315011
19870618,0.004047975326385487
19870619,0.008269505299286693
19870620,0.007738869033326392
19870621,0.0024406043358169206
19870622,0.002597383429510129
19870623,0.004089936752870375
19870624,0.0028930700098293524
19870625,0.000784099955939814
19870626,0.013431526343336482
19870627,8.385097534050471e-05
19870628,0.00027507738507008523
19870629,8.883309348152248e-07
19870630,0.0025999869913315007
19870701,0.0017127604673809619
19870702,0.00025421009136222984
19870703,0.0007659638996456205
19870704,0.00014561619056467683
19870705,6.269138714858032e-08
19870706,5.195644142081361e-06
19870707,0.011448866926177238
19870708,0.007150373876914661
19870709,0.0003079945582938737
19870710,1.2548122759644592e-06
19870711,1.7146205749528112e-06
19870712,6.441131454746582e-05
19870713,9.409676841056186e-06
19870714,0.00031239605988623496
19870715,0.0008868684116491549
19870716,0.012608097810626693
19870717,0.020568442333913424
19870718,0.002256035326956655
19870719,0.003653924998291093
19870720,0.01265624493672884
19870721,0.009705407297492037
19870722,0.005096309671009986
19870723,0.0013155720346638604
19870724,0.00032735339126148616
19870725,0.004436656736723277
19870726,0.0004875426195157652
19870727,0.011200515676635806
19870728,0.00103115991921159
19870729,0.003193439895411057
19870730,0.006847845417722821
19870731,0.0005206638975078507
19870801,0.0034282435416839604
19870802,0.00651286948706379
19870803,0.005812662491659168
19870804,0.0027644369604442726
19870805,0.0012854348808655775
19870806,0.0002459742815218906
19870807,0.00024616413367020717
19870808,0.0007760795584806702
19870809,0.012008685675873203
19870810,0.0014579642938854517
19870811,0.00016084554531631037
19870812,6.420984978030294e-05
19870813,4.892112505525226e-05
19870814,0.00037556120299932834
19870815,0.00010285709550527461
19870816,1.5040372664430778e-06
19870817,0.00013541928821291665
19870818,0.005135918851604768
19870819,0.00021789304549650704
19870820,3.3548479801145257e-06
19870821,0.0
19870822,0.002215636919125083
19870823,0.009883421859151307
19870824,0.009537683267278725
19870825,0.004912233313409032
19870826,0.009133832792684907
19870827,0.0029160202367104486
19870828,0.0008618298875629664
19870829,0.0002460360066647971
19870830,9.42563370128522e-05
19870831,4.03480700174753e-07
19870901,0.012608464972486683
19870902,0.001661110201611546
19870903,0.00040678101745135497
19870904,0.008994044256693288
19870905,0.0035799605918202327
19870906,0.0013850938943776453
19870907,0.008429896832869823
19870908,0.006027668065284082
19870909,0.00018380311791192313
19870910,0.0007693866819330616
19870911,0.0031300963637295822
19870912,0.0004265899751670324
19870913,6.358831085022336e-05
19870914,0.0010239993040784363
19870915,9.405638270515021e-05
19870916,0.00033640518538504614
19870917,5.836701400184797e-05
19870918,0.0009485977118977021
19870919,0.00026979304779188666
19870920,3.390468284019621e-05
19870921,1.0261516864081808e-05
19870922,0.0035942602686995697
19870923,0.0193818208433952
19870924,0.004574185176346676
19870925,0.00042062079852617305
19870926,0.005450833440356048
19870927,0.00021806481165805028
19870928,4.294830812601772e-05
19870929,9.541036122932871e-05
19870930,9.867322510235607e-07
19871001,6.042667067223633e-06
19871002,0.00025155973983107883
19871003,0.00012149523499081653
19871004,0.0007165416114901006
19871005,0.0049092043397275225
19871006,0.008934341857657855
19871007,0.003124860069767658
19871008,0.015103979451644066
19871009,0.0008465400123387557
19871010,0.0012857318612709717
19871011,0.005406347065012574
19871012,0.016692514337070325
19871013,0.008437674332506867
19871014,0.008547873406508711
19871015,0.021480367098736047
19871016,0.002627279929884762
19871017,0.00031836429266097636
19871018,1.4829305073212928e-06
19871019,8.737465451849215e-07
19871020,3.436545163685223e-06
19871021,0.0008101638471657049
19871022,0.0006469162929786741
19871023,0.005912405991594435
19871024,0.000643240327593461
19871025,0.00023137700297664297
19871026,0.0017584344724737005
19871027,4.082830785442866e-05
19871028,0.0035137217984790485
19871029,0.00117742822109618
19871030,0.00022901396512707705
19871031,4.824156240933948e-05
19871101,0.002980814265565509
19871102,0.0005951308467375233
19871103,7.795802078824241e-05
19871104,1.7303080148260838e-05
19871105,0.0
19871106,2.4863651362220337e-08
19871107,1.8006727372954653e-05
19871108,4.252854906818384e-05
19871109,0.0009209060608153138
19871110,0.0014598762938344005
19871111,0.0009577719582293156
19871112,0.009999380184037125
19871113,0.011640643544377246
19871114,0.001385758434493656
19871115,0.0017440139328861537
19871116,0.006531524316624255
19871117,0.0015742877277808614
19871118,0.0003361000962159731
19871119,0.0039587526986261555
19871120,0.005957473294887373
19871121,0.00429856174770827
19871122,0.0084157761054343
19871123,0.0023550053059184645
19871124,0.00021580691050562364
19871125,0.008667270228707074
19871126,0.00038831899807371137
19871127,0.0004897956902413192
19871128,0.0019413703955571283
19871129,0.00018207589070379275
19871130,0.00048049908286819604
19871201,0.0006268489432078371
19871202,3.227315425109014e-05
19871203,2.249861721304597e-06
19871204,4.067903886618024e-05
19871205,0.0011349445867005978
19871206,0.006159805215739199
19871207,0.0009089399427316397
19871208,9.55263933377019e-06
19871209,8.6912655301813e-07
19871210,2.3729501751678274e-05
19871211,0.0003255214959689683
19871212,0.00011879236278952189
19871213,1.0695535549093118e-05
19871214,2.64247629606772e-05
19871215,0.0003701348627069064
19871216,0.00872372972607712
19871217,0.004925032735670245
19871218,0.016228350072689517
19871219,0.0016658914714623185
19871220,0.0006276136801996063
19871221,0.00040790147742488355
19871222,0.0002669222723657182
19871223,1.3674992314476337e-05
19871224,0.0001015628570730677
19871225,0.0009362802459647099
19871226,8.216642162322266e-05
19871227,2.203773110394926e-05
19871228,2.0465660667990908e-05
19871229,1.5188184792267886e-05
19871230,0.000830471491259929
19871231,4.1917637592883335e-05
19880101,0.0025983801324941753
19880102,0.008350687068548242
19880103,0.0058232712837964625
19880104,0.015372815099735142
19880105,0.0072178652935387
19880106,0.0032065021805174378
19880107,0.003540567067018818
19880108,0.00037569836861770607
19880109,0.000509870409541286
19880110,0.0004921024789174029
19880111,0.0027550618611114925
19880112,1.5009005173647785e-06
19880113,0.00016238603168842013
19880114,0.004223985048385994
19880115,0.002062511645617617
19880116,0.0017518661078592373
19880117,0.004933551328256675
19880118,5.520251098203962e-05
19880119,1.9619045227727084e-05
19880120,0.0019066106645807476
19880121,0.0021374286506065706
19880122,0.008566648332451219
19880123,0.003277852883337915
19880124,0.007112980343494217
19880125,0.012237343505608069
19880126,0.008863289610133116
19880127,0.001212714686749515
19880128,0.010174387343475958
19880129,0.008225817923335075
19880130,0.0030566495354596283
19880131,0.002637329263060772
19880201,0.010831873945993671
19880202,0.0079521104534986
19880203,0.0097355235742153
19880204,0.0029826156268349434
19880205,0.008617328954232412
19880206,0.008061936803930358
19880207,0.0009007110536823394
19880208,0.015462892117859266
19880209,0.00922953377677881
19880210,0.003541273513656771
19880211,0.010948368942128285
19880212,0.012282911274481025
19880213,5.663114249820547e-06
19880214,4.352354878819592e-07
19880215,1.2904404798064206e-06
19880216,3.567938523325229e-05
19880217,0.00036523256844945326
19880218,0.0006030027794883888
19880219,0.0019289995083003667
19880220,0.0009956397016130782
19880221,4.398469007575198e-05
19880222,7.578339574227941e-06
19880223,0.0030530686614460055
19880224,0.003238326763874082
19880225,0.0013283041979884312
19880226,0.003291701480230058
19880227,0.0006018029470794803
19880228,0.003609001919582741
19880229,0.004798329370943368
19880301,0.004159891920019289
19880302,0.0015564868727935013
19880303,0.00047705000778726624
19880304,0.004683748746878775
19880305,0.00102251627532287
19880306,0.006261027542040091
19880307,0.005758846737827465
19880308,0.0007197743775109544
19880309,3.6668799538701016e-05
19880310,0.001775141497121442
19880311,0.003876181019250893
19880312,0.011185838081712
19880313,0.0079275561720453
19880314,0.0109823333113704
19880315,0.005182582496194936
19880316,0.0148285296936555
19880317,0.0032500881665703187
19880318,0.0014737686008541118
19880319,0.0013626673085585126
19880320,0.0017414352593010467
19880321,0.0068092119559528255
19880322,0.0029405819388549554
19880323,0.011650905233811706
19880324,0.005264687339826884
19880325,0.01894740205069589
19880326,0.005604746576546965
19880327,0.005323956191272105
19880328,0.002209691821091901
19880329,0.0024986419775969507
19880330,0.005141776025201339
19880331,0.0009852426941644398
19880401,0.001127269200201863
19880402,6.60811103126668e-05
19880403,8.49776228779841e-07
19880404,2.847138881493948e-06
19880405,0.00044076471610445206
19880406,5.299299204303271e-05
19880407,0.0015523617722866263
19880408,0.005133093834996307
19880409,0.002142673533474806
19880410,6.768731886817338e-06
19880411,2.1487467165570706e-06
19880412,0.006247873020407381
19880413,0.0014238462813446096
19880414,2.149925016763041e-06
19880415,2.1109022984985877e-05
19880416,0.000902910450741503
19880417,0.006980304967201133
19880418,0.00066349116145536
19880419,0.0005447300963893614
19880420,0.007886276204804045
19880421,0.00024427222251894383
19880422,0.00020339547886053986
19880423,1.2895471531755297e-06
19880424,8.638226232920666e-07
19880425,1.7106522136600688e-06
19880426,1.2454416456211703e-06
19880427,0.0005281614734795843
19880428,0.001658598180520404
19880429,1.9393604268293005e-05
19880430,0.0004680107876663057
19880501,0.0012344207839010942
19880502,0.009904408616668007
19880503,0.004469977266142668
19880504,0.001215265612499008
19880505,0.0008252989215318574
19880506,3.739889604905873e-06
19880507,0.0003392389304448199
19880508,0.0036201574356352307
19880509,0.00856344299838831
19880510,0.006447596849135213
19880511,0.003768774543159114
19880512,2.8556413339226784e-05
19880513,0.00024251112185485316
19880514,0.0002739403649066954
19880515,0.0007148484259642301
19880516,0.006657821926527559
19880517,0.00785626766206817
19880518,0.009469740925527178
19880519,0.006822191338674041
19880520,0.0009219225600166482
19880521,7.937237243623143e-05
19880522,1.7675320580306038e-06
19880523,0.001403212946911901
19880524,0.0018204775962190017
19880525,0.00017216258372388326
19880526,0.007290983286901575
19880527,0.010616117193321
19880528,0.004718240149866547
19880529,0.0040958006585939035
19880530,0.0057990132005870335
19880531,0.005804455726277911
19880601,0.0017823441971309617
19880602,0.0011130670201520963
19880603,0.0008076399346625513
19880604,0.0019197526674185098
19880605,0.00038841376286730497
19880606,0.006258168648216465
19880607,0.0014510225974124127
19880608,0.00114944989579542
19880609,0.0007984406672613625
19880610,0.00019908537649287255
19880611,0.0042319887151221315
19880612,0.011331619574919316
19880613,0.0012782168437980416
19880614,7.261487199589402e-05
19880615,0.00024596257276104645
19880616,0.00014896032107224256
19880617,0.0003285582439213494
19880618,0.000217822056047821
19880619,0.0005405095996372794
19880620,0.0001520414242675681
19880621,0.0009681420289415877
19880622,0.0013071365819381036
19880623,6.001674875941778e-06
19880624,5.900380139324534e-05
19880625,0.00042088162754434734
19880626,0.0024987552575432784
19880627,0.003783960162444029
19880628,0.004375919551855428
19880629,0.0018058365855939576
19880630,0.0035009796748924813
19880701,0.013558471762768736
19880702,0.006289081774842302
19880703,0.0036492599027821864
19880704,0.0021205892601291695
19880705,0.014223278145624288
19880706,0.001752017775313522
19880707,0.0025430381653039
19880708,0.0007944795016216515
19880709,0.001355999949012419
19880710,1.0124708576720685e-07
19880711,0.0009206847920174234
19880712,0.0001582412331345588
19880713,0.00237960560659116
19880714,0.0069662653775816
19880715,0.010199973209262527
19880716,0.00463530687773914
19880717,0.007590282081439865
19880718,0.0018029531540600932
19880719,1.3334639786397871e-05
19880720,2.186695000066755e-06
19880721,0.0009301709373988606
19880722,0.000449412192701923
19880723,0.00487183972769747
19880724,0.011521329748696267
19880725,1.3490640686773464e-06
19880726,0.005304964285191793
19880727,0.002503961112056278
19880728,4.2435420861671464e-05
19880729,0.0007104315957122254
19880730,0.00013669461571163275
19880731,5.890676211816415e-05
19880801,0.0007586423876401715
19880802,0.004464989181432513
19880803,0.0013147623651439116
19880804,7.029887064447667e-06
19880805,0.0001862557567271249
19880806,1.703007411320384e-06
19880807,3.3806976259715847e-06
19880808,0.00031789547368564106
19880809,0.0005306170937094932
19880810,0.0001444553565959344
19880811,0.001406820783423877
19880812,0.0002857941332180135
19880813,0.0002301209265662113
19880814,6.609891831632382e-05
19880815,3.8738293595047465e-05
19880816,0.00042967097566893334
19880817,1.287680002396142e-06
19880818,1.7253475448342215e-06
19880819,0.004779780504222684
19880820,0.0028163353495907852
19880821,0.0022352188971648864
19880822,0.0011907420491401451
19880823,0.000427419129451018
19880824,0.00808275362613377
19880825,0.004607919419418327
19880826,0.0022822832715604247
19880827,0.0023400480813981148
19880828,0.00102878393595903
19880829,0.002419847860269682
19880830,0.00033178675465536244
19880831,4.3437381557691e-05
19880901,0.00630343809080101
19880902,0.0029975051777197596
19880903,0.01109709659401696
19880904,0.001969524899918067
19880905,0.003678884547318188
19880906,0.00014973469680904363
19880907,1.7125061049227952e-06
19880908,1.2755393754559918e-06
19880909,6.531413658214928e-05
19880910,2.1111201307751595e-05
19880911,0.00041769472285048024
19880912,0.00156506527936263
19880913,0.0020014330257458746
19880914,0.00664600875621078
19880915,0.004145184704964372
19880916,0.006562664260345105
19880917,0.0006632524849747467
19880918,0.00036957800543924765
19880919,6.914616535922991e-05
19880920,2.4583707843696748e-05
19880921,9.687198204168075e-06
19880922,0.0006766840198774805
19880923,0.006977857222506051
19880924,0.0007364161160246078
19880925,0.00177939689669429
19880926,0.0003334941985036979
19880927,0.0002924215500458276
19880928,0.0016337677159603456
19880929,0.0033375626830467447
19880930,0.0037556317883353876
19881001,0.0014683741236513276
19881002,1.4906614107699718e-06
19881003,0.00072970913212154
19881004,0.0003775769272060316
19881005,0.005977626934811117
19881006,0.022252477608687718
19881007,0.009183297369531813
19881008,0.002411869805021774
19881009,0.0027714274561168655
19881010,0.001969910725268676
19881011,0.011737245323266011
19881012,0.004415671794141305
19881013,0.00040097975581945724
19881014,0.0013844962225764645
19881015,2.533069215922625e-05
19881016,0.0008237122526415326
19881017,0.00021767496067751305
19881018,0.0004900571811642066
19881019,0.008904131288380301
19881020,0.00882702482801856
19881021,0.00023548177729855932
19881022,1.112959067615788e-05
19881023,0.00020093290094118016
19881024,0.001843932776011499
19881025,0.0002885327867569731
19881026,0.0003316704335200528
19881027,0.0009601956986479786
19881028,0.005697207442120596
19881029,0.002492919274402685
19881030,3.3686319410439237e-06
19881031,8.974284732528854e-06
19881101,7.620868579229887e-06
19881102,0.0002912906829634163
19881103,1.5797613224514544e-05
19881104,8.589868555459151e-07
19881105,1.8321019107624045e-05
19881106,2.3707063832795317e-05
19881107,1.438778986605741e-05
19881108,1.4878189816321978e-08
19881109,0.0015822467619495905
19881110,0.0010475430380140617
19881111,0.0003698194459725888
19881112,6.0432317859637543e-05
19881113,0.0012073682670181822
19881114,7.642879957635488e-05
19881115,8.397561900698327e-05
19881116,8.701339669230294e-06
19881117,6.669642534406391e-05
19881118,0.004805223082268483
19881119,0.001170212878750981
19881120,0.014231777011676187
19881121,0.0021302700036410984
19881122,0.0023322917598172866
19881123,0.0021716702354010915
19881124,0.0003489026997977279
19881125,7.24938253355632e-05
19881126,5.1591497118539734e-05
19881127,3.595933749428124e-05
19881128,0.00029988741895499346
19881129,0.005780736272759936
19881130,0.0139843092996243
19881201,0.0029334812145606517
19881202,0.002634777449086682
19881203,0.0007431888778507025
19881204,0.03045241630849537
19881205,0.014982422265709954
19881206,0.0025920997713929288
19881207,0.001497097876730889
19881208,0.0006602947663979789
19881209,0.007333139638884508
19881210,0.0040604561875113585
19881211,0.0008427239940869692
19881212,0.004798796310248218
19881213,0.0006923958121723228
19881214,0.0003508589045105183
19881215,0.003120872545637418
19881216,3.8413025201819255e-05
19881217,0.0012853678995740174
19881218,0.001401882133825747
19881219,0.011054084944640866
19881220,0.0008288151807007185
19881221,0.001061403014045032
19881222,0.0009588115420953631
19881223,0.003354859520370448
19881224,0.0030855375215639307
19881225,0.0005134754134800591
19881226,0.00027947900431598524
19881227,0.00022420779188583756
19881228,0.00039159000351219117
19881229,3.639511320417918e-05
19881230,6.79342081695836e-05
19881231,0.00022592093520008852
19890101,0.00023805650025031242
19890102,7.000069808083304e-05
19890103,9.959008772793345e-08
19890104,0.0016512253453219734
19890105,0.003973697711560799
19890106,0.007900012694796357
19890107,0.0007639213236591912
19890108,0.000936059293437409
19890109,0.0003487791402477656
19890110,0.0012778892411692566
19890111,0.0002691484361864878
19890112,0.0028790081363663047
19890113,0.00031165974285669054
19890114,0.0003301424344685903
19890115,2.125742784851602e-05
19890116,2.612448981376227e-05
19890117,0.0003170341388115829
19890118,0.0005311644761056782
19890119,1.9663423440828365e-05
19890120,6.718547309217362e-05
19890121,0.003286331862305795
19890122,0.0026608016019266743
19890123,8.343848683039616e-05
19890124,4.009711516565023e-06
19890125,8.682574098498809e-07
19890126,2.1450032363645732e-06
19890127,8.70227722771233e-07
19890128,1.704359907540485e-06
19890129,0.00010438468953972143
19890130,9.745062061473319e-05
19890131,3.0981614399313734e-05
19890201,4.192424267900064e-06
19890202,1.2544836509501774e-05
19890203,9.491114546029214e-05
19890204,8.354292814517096e-05
19890205,0.002438009245872328
19890206,0.0004621549299242474
19890207,4.6300409720968315e-05
19890208,3.0325418133657515e-05
19890209,2.406484853901908e-05
19890210,1.725903945798213e-06
19890211,3.48002334091943e-06
19890212,0.0019118809856634774
19890213,0.002168288290709087
19890214,0.0039129748864597455
19890215,0.0009282627705586552
19890216,0.004194169967299761
19890217,0.0004236632670432867
19890218,0.003932351584398977
19890219,0.0011345287166615362
19890220,0.003666584481479767
19890221,0.006688141634256633
19890222,0.000923251534369808
19890223,0.005130023437581146
19890224,0.0031672861314681337
19890225,0.009504221461602966
19890226,0.006412921089035953
19890227,0.006568037507998975
19890228,0.00703455937589439
19890301,0.004415006068504975
19890302,0.007504476969517969
19890303,0.008138914700044426
19890304,0.001193465278319209
19890305,0.0010292800853424723
19890306,1.727298105088134e-06
19890307,0.003965423989708849
19890308,0.006883042240507939
19890309,0.0005078029984139022
19890310,0.00014375779268730433
19890311,0.0004298447300465945
19890312,0.0005264792898908426
19890313,0.0015998351324533599
19890314,0.0004376343913621439
19890315,0.007100656566542693
19890316,0.014592189023624701
19890317,0.0032785663301484924
19890318,0.00013023864726210792
19890319,1.160144893239301e-09
19890320,0.00014274542368096705
19890321,0.002063354349667759
19890322,0.0026191817243784088
19890323,0.0020327420211004262
19890324,0.00380544371450518
19890325,0.003551593656764687
19890326,2.3104611319555176e-05
19890327,4.351138613856165e-07
19890328,2.4971638167185737e-06
19890329,0.0003255449094123594
19890330,1.7870622100726696e-05
19890331,0.002512977271833733
19890401,0.008751358542350998
19890402,0.0135430443913769
19890403,0.005505144525830954
19890404,0.0035116499026457606
19890405,0.01274185777085756
19890406,0.004095577609506708
19890407,0.004648422121122985
19890408,0.0027839337915148642
19890409,8.647500121367817e-06
19890410,0.002698602572242349
19890411,0.000870645646803473
19890412,0.0210546175058181
19890413,0.0093328349154299
19890414,0.00841123408653069
19890415,0.0005930516173498877
19890416,0.0009629178490774468
19890417,0.006929677857089442
19890418,9.984549605448922e-05
19890419,0.002252776115978837
19890420,0.002437116244239449
19890421,0.009088416725134335
19890422,0.012104630774585451
19890423,0.00012990012412155465
19890424,0.0011090765714939178
19890425,0.005311953605112287
19890426,0.0160512616309563
19890427,0.0007148456073675847
19890428,0.0011984996780831064
19890429,0.0006404447064535178
19890430,0.0004685758039013207
19890501,8.52346317969932e-07
19890502,1.1768267171685063e-05
19890503,1.5862428378998662e-06
19890504,0.0
19890505,1.0265291623780108e-06
19890506,1.5407527558043983e-05
19890507,6.529064351452135e-07
19890508,4.410743663640915e-07
19890509,0.0011872312023928342
19890510,0.013777599240388941
19890511,0.011930692798823153
19890512,0.006769645523695326
19890513,0.0015378094162662704
19890514,0.001855462087102096
19890515,4.673242412712491e-06
19890516,9.689279250308665e-09
19890517,7.111054097732931e-07
19890518,2.9477236089141955e-05
19890519,1.236419499032566e-05
19890520,3.9565488656053004e-05
19890521,0.0004099434467940109
19890522,5.3874228790030276e-05
19890523,1.2352440643603376e-06
19890524,9.014201141399045e-07
19890525,4.421423380580286e-05
19890526,0.00015645128519717772
19890527,0.0014856989680454634
19890528,0.001619172447324956
19890529,0.0027172085777363627
19890530,0.005104198790450874
19890531,0.00031765101768737865
19890601,9.761172481224334e-05
19890602,0.003189151130350846
19890603,0.007778677607611305
19890604,0.003308542229170276
19890605,0.004432068753245237
19890606,0.005356222236525803
19890607,0.007894955175948912
19890608,0.001794875657108128
19890609,0.0005078853666063791
19890610,0.009249014580405808
19890611,0.0010632264182865922
19890612,3.5970644338791554e-05
19890613,0.0
19890614,1.7195939676639682e-06
19890615,5.597051799965744e-05
19890616,5.9378670303545625e-06
19890617,8.52346317969932e-07
19890618,4.351138613856165e-07
19890619,1.955827264311718e-06
19890620,1.310773119214156e-06
19890621,0.00022873338393025695
19890622,0.014642846855308301
19890623,0.0034205721894750964
19890624,0.000347828762838271
19890625,8.823767377219963e-05
19890626,0.0005449314895929622
19890627,0.00464932570040506
19890628,0.0008130636816513471
19890629,0.003605278818781017
19890630,0.0026523722767577366
19890701,0.004496565572866415
19890702,0.002071920510607248
19890703,0.0010819742898474532
19890704,0.008733624272002603
19890705,0.002492957265438909
19890706,0.00011591422149597284
19890707,0.002899325067100024
19890708,0.00985793765019012
19890709,0.006082436640324703
19890710,0.0017784955036960687
19890711,0.0003094767954745578
19890712,1.290892940776165e-05
19890713,8.498843125494822e-05
19890714,0.00014482599131009928
19890715,1.8120530507111152e-06
19890716,8.90222215046819e-05
19890717,2.415439280431946e-05
19890718,0.00042313249575853205
19890719,1.998304373458772e-06
19890720,0.0
19890721,1.2829780189349549e-06
19890722,0.002393412002902868
19890723,0.009689212352715174
19890724,0.00526956829656684
19890725,0.0038054537841094166
19890726,0.0004407057500340391
19890727,0.0005470711598905503
19890728,5.714771741994681e-05
19890729,1.7058939079106494e-06
19890730,0.003133963980901764
19890731,0.0019439116178447602
19890801,0.00379245215797951
19890802,0.0009355872623456364
19890803,0.00011612065223654424
19890804,0.0005768032050683105
19890805,0.0002970244508801291
19890806,0.008867953403305649
19890807,0.003748171343019418
19890808,0.005388980487414544
19890809,0.0004339242715630314
19890810,0.0010136328458868222
19890811,0.0019184111967428426
19890812,0.0015765330553492028
19890813,8.604711295638915e-05
19890814,9.76082091474309e-06
19890815,6.315399109335482e-05
19890816,0.013957776386344729
19890817,0.0014998383181117389
19890818,7.765620736825385e-05
19890819,1.729737391542585e-06
19890820,3.638382068503669e-05
19890821,0.00046742214776104526
19890822,0.0030346635294277386
19890823,1.997209183577133e-05
19890824,0.0
19890825,0.0007468327799577776
19890826,0.0061063141690556
19890827,0.005418050274641988
19890828,0.0010207663461808305
19890829,0.0006010052324357411
19890830,5.865160433376173e-05
19890831,9.108473091403224e-05
19890901,0.005889464369539494
19890902,0.0005702465216979927
19890903,0.000906256229040324
19890904,0.00017130869802630376
19890905,9.090163021342404e-05
19890906,4.351513194845791e-10
19890907,8.583068833445395e-07
19890908,0.0
19890909,2.361293153067594e-06
19890910,0.00012182493815054688
19890911,0.0022452601267452963
19890912,0.0062644090407190005
19890913,0.005187326551842828
19890914,0.005094787484146922
19890915,0.013730702235579125
19890916,0.0007758021279767435
19890917,0.0003636704979235009
19890918,0.0
19890919,0.0024815384398768708
19890920,2.6692204722020482e-05
19890921,3.9704465273862835e-06
19890922,0.0005454998215023744
19890923,0.009939264268977323
19890924,0.0006976441631378606
19890925,0.001824360843022217
19890926,0.0002076423281185768
19890927,0.0004553464520828195
19890928,0.00012468520835465095
19890929,0.0003932696463096784
19890930,0.00018134543107947842
19891001,0.00030724441246617084
19891002,0.00010477283035553344
19891003,0.000255807624982512
19891004,2.1460873540490866e-06
19891005,8.612871056357108e-07
19891006,0.0065568573637943064
19891007,0.008371646028934298
19891008,0.007650865423995278
19891009,0.0046129812790288195
19891010,0.000540059226422826
19891011,0.0013788045468800956
19891012,0.0008501392073703805
19891013,0.00030139907109089103
19891014,0.0030455359355742715
19891015,0.00022201369176311588
19891016,1.4040587883274842e-06
19891017,4.3522546853308197e-07
19891018,9.492817694176218e-05
19891019,0.00013522613442083417
19891020,0.003476530790659238
19891021,4.296149749757364e-05
19891022,1.2801239108739537e-06
19891023,4.202157697363873e-07
19891024,3.4233838328886415e-05
19891025,7.882854606020661e-05
19891026,5.742503923119997e-05
19891027,3.7788041286275276e-06
19891028,0.007554388037593398
19891029,0.006455462218511356
19891030,0.007912071454768748
19891031,0.003654781741082066
19891101,0.01456522117796079
19891102,0.005041604557209587
19891103,0.014414881755096635
19891104,0.005882932531971074
19891105,0.00744514637222778
19891106,0.0004664735399513444
19891107,0.0005015612060171609
19891108,0.002540245142999148
19891109,0.0002803853033120312
19891110,0.0003141504520120511
19891111,0.0
19891112,0.0
19891113,1.2956429840600392e-06
19891114,1.7127955650462048e-06
19891115,3.3106623058702035e-05
19891116,1.9754420378042934e-05
19891117,4.344785376607098e-07
19891118,1.130913673664554e-09
19891119,8.523463748133508e-07
19891120,3.30219511830883e-09
19891121,0.0001818624477120698
19891122,0.000758043336718909
19891123,9.569126188863133e-06
19891124,0.00011147975512757108
19891125,0.00023616842365299371
19891126,4.687863770929751e-06
19891127,4.695636452012009e-05
19891128,9.206168204557191e-05
19891129,4.6198601956296264e-07
19891130,5.777296078119364e-06
19891201,2.2665480661704263e-06
19891202,8.583068051848386e-07
19891203,4.410743663640915e-07
19891204,3.5215454968380806e-06
19891205,0.00018649410203745614
19891206,6.614606780246785e-05
19891207,8.97723738976079e-05
19891208,2.1851174679102544e-05
19891209,6.497984607853513e-05
19891210,1.96003763345328e-05
19891211,6.056749207293603e-05
19891212,0.006007317720683264
19891213,0.009896634078731724
19891214,0.011004784415982714
19891215,0.0191137175964161
19891216,0.0070444244455816485
19891217,0.00946946758592992
19891218,0.01012334092128165
19891219,0.005059754296666363
19891220,0.011765407595444593
19891221,0.001325629752575552
19891222,0.019913341954026918
19891223,0.004080614733214313
19891224,0.004009533757249422
19891225,-3.858069227743739e-11
19891226,0.0
19891227,8.870079671577751e-07
19891228,7.424340337371708e-05
19891229,9.923744639454633e-05
19891230,3.053863832112244e-05
19891231,6.635408949966433e-05
19900101,0.00012972917186389758
19900102,0.00022998274368323063
19900103,5.349884823425222e-05
19900104,0.00012868254599848178
19900105,0.0010840109437463704
19900106,0.0003586991190308488
19900107,8.2242911890434e-06
19900108,0.0002965645240694175
19900109,0.00031735965631411717
19900110,0.00029798532057705943
19900111,0.00015389598840686528
19900112,1.2896790696961868e-05
19900113,0.0008615038504451245
19900114,0.001883231407102922
19900115,0.001998753795935803
19900116,0.0009865468679264174
19900117,0.0020277368968270293
19900118,5.455893774479572e-06
19900119,0.00023835893226146018
19900120,0.002334924491941405
19900121,0.00019716039672751197
19900122,0.0001829868248405673
19900123,0.006201143400697918
19900124,0.014300283563217494
19900125,0.014467714995146052
19900126,0.003464760048118146
19900127,0.002442474538278027
19900128,0.008776125656107083
19900129,5.167478141207431e-06
19900130,0.0015221531733170624
19900131,0.00013282101840309085
19900201,0.0019626628953653695
19900202,0.00714611018871152
19900203,0.0016066880026480341
19900204,2.0545146226540944e-05
19900205,8.523463748133508e-07
19900206,4.8454761541145175e-05
19900207,0.0003742709868566063
19900208,0.0010911729104880316
19900209,0.0001486452481695495
19900210,0.009081965576513437
19900211,0.006097939004545722
19900212,0.0089999501820913
19900213,0.010986264224185197
19900214,0.0193501242739515
19900215,0.019410380999481332
19900216,0.00044032305836483814
19900217,0.0005604288793864835
19900218,7.115910823474727e-05
19900219,0.0005380398340824817
19900220,2.2172209036952246e-06
19900221,0.00011247070231216333
19900222,1.3624415930720809e-06
19900223,1.2907241835082688e-06
19900224,2.8065695469918136e-08
19900225,0.0026105360942436226
19900226,0.01380616327203325
19900227,0.015285037689164088
19900228,0.013022282657068937
19900301,0.004428005579490342
19900302,0.0030207355105822376
19900303,0.00030326952567898824
19900304,3.039329074752034e-05
19900305,1.5581422431891186e-05
19900306,9.8262117709177e-05
19900307,0.0001944989663686979
19900308,8.731195466639867e-05
19900309,0.00026764307474415073
19900310,0.0009179398838839616
19900311,7.977553403190081e-06
19900312,1.9596740119955015e-05
19900313,1.740134235478145e-05
19900314,0.0014337054301354231
19900315,3.0280204025343983e-06
19900316,-1.1920860199033438e-08
19900317,2.1364764961617766e-06
19900318,2.8097240852568894e-06
19900319,6.619804010779612e-06
19900320,0.0028574786709828354
19900321,4.405476332011635e-05
19900322,0.0028376029520542083
19900323,0.00042758494751732426
19900324,0.0005084374998749178
19900325,0.0033289452562377635
19900326,0.003535222531668728
19900327,0.0013177537746591498
19900328,0.0072307414499637275
19900329,0.0005671105994421984
19900330,8.582754628745862e-05
19900331,8.612870487922919e-07
19900401,8.52346317969932e-07
19900402,0.0014633198472640712
19900403,0.005449222362351681
19900404,0.0014816789313996616
19900405,0.0005415243654231014
19900406,0.00032060294232566966
19900407,7.0050727545586e-05
19900408,0.0010849977428983074
19900409,6.922801538160004e-05
19900410,0.0002785305704646869
19900411,0.003719377140852199
19900412,0.004021824127401093
19900413,0.002225954205645169
19900414,0.0046005017989405005
19900415,0.008974250497539187
19900416,0.0036215784350130025
19900417,0.003874152430066008
19900418,0.0022176091769050884
19900419,0.0002477977402403516
19900420,0.002593017963589638
19900421,0.003601969707919768
19900422,0.00480965196843433
19900423,0.006324981456917422
19900424,0.004785896751443509
19900425,0.0015733410801408616
19900426,0.0009797168329411432
19900427,0.0022529853075015016
19900428,3.572346472684199e-05
19900429,2.842280610959772e-06
19900430,8.583068797918258e-07
19900501,8.552704571229697e-07
19900502,8.687882422442861e-07
19900503,2.1522882889257744e-06
19900504,0.0
19900505,7.628108239413357e-06
19900506,0.0010769405666557672
19900507,0.005120671423205032
19900508,0.002401495258825526
19900509,0.005061512697487647
19900510,0.0094455558342884
19900511,0.0023321740224796963
19900512,0.0016224211821694143
19900513,7.347546804873841e-05
19900514,3.429807871502532e-05
19900515,0.001159701597439812
19900516,0.0005145016487145751
19900517,2.3195479914810695e-06
19900518,6.300740455682314e-05
19900519,8.89484536809326e-06
19900520,0.0001319513058947775
19900521,0.005608853042200577
19900522,0.0014552586382966983
19900523,0.0034114816361331154
19900524,0.000815184193963142
19900525,3.4761232786876914e-05
19900526,5.294400112971964e-07
19900527,1.7127288216265142e-06
19900528,1.3375743552250893e-05
19900529,6.142330350844717e-07
19900530,9.236683018845496e-07
19900531,2.8712011166013593e-08
19900601,1.1633401587427216e-06
19900602,0.006298787383520267
19900603,0.006673361471024972
19900604,0.0029611961661143837
19900605,0.0007246623592063668
19900606,0.002787792082677768
19900607,0.006552388317761214
19900608,0.0067987829058921
19900609,0.008004128082368802
19900610,0.0010011542226382346
19900611,0.00015174508990214918
19900612,0.0005167121272463172
19900613,0.0014889949454062574
19900614,0.0007583497303688615
19900615,0.00039866866932080394
19900616,0.00023715666569558563
19900617,9.086302607679865e-06
19900618,0.00475752929548419
19900619,0.006903016702885115
19900620,0.010237554754591795
19900621,0.0008856429775140292
19900622,0.004651864613400118
19900623,0.002280375040954969
19900624,0.0012478136908468224
19900625,4.9516609965734245e-05
19900626,2.2049708009202297e-05
19900627,0.014114523897959865
19900628,0.001079234881046345
19900629,0.009405419676784911
19900630,0.013587025545933922
19900701,0.002806009528713031
19900702,0.00038911508102780035
19900703,0.005407737937252718
19900704,0.0003037927563058493
19900705,0.012524061076598248
19900706,0.0019643701253925553
19900707,0.0033417122615865
19900708,0.002982203961767075
19900709,0.002230381282128319
19900710,0.0020280671611864684
19900711,2.652241253604041e-06
19900712,1.72736599779455e-06
19900713,1.2914251783513464e-06
19900714,4.286563921596098e-07
19900715,8.52346317969932e-07
19900716,0.0005044856382098495
19900717,8.489710526037905e-05
19900718,1.4634148144053822e-05
19900719,3.2052998385747077e-06
19900720,0.0
19900721,0.0
19900722,3.878246595201069e-06
19900723,1.2867735591470274e-06
19900724,1.0093726893615224e-10
19900725,4.603552623155171e-07
19900726,0.0
19900727,1.7568926473014992e-06
19900728,0.00042491895183045927
19900729,0.0015919970282368943
19900730,7.634735481531659e-05
19900731,6.48917924538896e-05
19900801,2.987920839047745e-05
19900802,8.583068797918258e-07
19900803,8.547891638954752e-07
19900804,0.0
19900805,0.0002455557179468061
19900806,0.00024161749518087302
19900807,0.00019890504723989055
19900808,6.216745009902969e-05
19900809,6.1293881612684254e-06
19900810,1.4688357322784702e-05
19900811,1.5211175737298551e-05
19900812,0.0001677912184988822
19900813,0.004788388492155753
19900814,0.008241726558140823
19900815,0.0006147199562092972
19900816,0.009865753447144089
19900817,0.0005868679735067827
19900818,0.0016443290017346234
19900819,0.0013709153243552895
19900820,0.0011202854631085961
19900821,0.0013346913545328857
19900822,2.9084838770539344e-06
19900823,6.2090943686774784e-06
19900824,0.0
19900825,0.004558494224653819
19900826,0.0032712315366413836
19900827,0.003157917685638819
19900828,0.0027298665562544874
19900829,0.000641347256261463
19900830,0.008783435922147038
19900831,0.0329387774652012
19900901,0.001676266204440933
19900902,0.0012516635220704328
19900903,0.0028740714673790545
19900904,0.007790822854544953
19900905,0.0003590183953575254
19900906,0.001169330322549608
19900907,0.006812126126065951
19900908,0.0017635566454752697
19900909,8.012029614443208e-05
19900910,0.0008970900517255788
19900911,0.0003461839186891451
19900912,6.68284598662219e-05
19900913,5.125266697319339e-05
19900914,0.00010410401321491468
19900915,0.00023424340639311323
19900916,2.9377352580428214e-06
19900917,0.00010739914819097381
19900918,0.00020183010865794198
19900919,0.00023190112483288417
19900920,0.00028168340933150285
19900921,0.003750314315172568
19900922,0.012022990732685456
19900923,0.0038102682422498373
19900924,0.003094543628395696
19900925,0.0010893711989135462
19900926,0.00019451390306795586
19900927,8.592946601093122e-05
19900928,2.288155110461534e-06
19900929,0.0013364871844939114
19900930,0.012857178819705719
19901001,0.014687244675281867
19901002,0.0004600574887318343
19901003,0.004544196108873934
19901004,0.003935339474372205
19901005,4.238448091036258e-05
19901006,3.203117694034374e-05
19901007,0.0002560457354349873
19901008,4.536303075175709e-05
19901009,1.7418716234801125e-06
19901010,2.6306348467763305e-06
19901011,3.437100465036281e-06
19901012,4.2320224171825165e-07
19901013,0.00033649722019933945
19901014,2.189242515147248e-06
19901015,1.6357653490195638e-05
19901016,0.003155178602716597
19901017,0.0032078649376380457
19901018,0.0015838714886221932
19901019,0.00012644821785493082
19901020,0.0006614848553835392
19901021,7.537310961681987e-06
19901022,2.1582686284026382e-06
19901023,4.479858694217802e-06
19901024,4.9982452232723414e-05
19901025,0.002548765388531472
19901026,0.005332898096918988
19901027,0.003283433963403117
19901028,0.021693219875066456
19901029,0.019908324345871857
19901030,0.005393862804021482
19901031,0.002824780566648311
19901101,0.0036353442868330005
19901102,0.005736846553916939
19901103,0.002022251282901512
19901104,0.0025948787825361076
19901105,0.0009361720955569504
19901106,0.00023386857112679457
19901107,5.908287486560833e-06
19901108,9.614048286556861e-06
19901109,2.1687903174780364e-06
19901110,0.003075208688030996
19901111,0.009121537212144279
19901112,0.00037451879207314406
19901113,0.0026761804803203475
19901114,0.0061135453046188655
19901115,0.0066480790003578686
19901116,0.0008732381176761346
19901117,0.004312612048315094
19901118,0.0050340005499838
19901119,0.0048620737184385
19901120,0.020852744608629018
19901121,0.0006123055792097763
19901122,0.0023207219397058617
19901123,0.0033017062330551726
19901124,0.00406204065030729
19901125,0.003547155263447505
19901126,0.0022767932438901833
19901127,1.5666933871196593e-05
19901128,0.00044661447124763425
19901129,0.0029389994893335644
19901130,0.0014053955355113573
19901201,0.0005010343369344024
19901202,0.000841738587159271
19901203,0.00014213522014893038
19901204,0.0006473612124225518
19901205,0.000829056196637519
19901206,2.5382758957906153e-06
19901207,8.700557861174482e-07
19901208,0.0002961988069169304
19901209,0.002919066780860368
19901210,0.013173249626836582
19901211,0.0009417556357860366
19901212,0.010811718893325667
19901213,0.005133802840676625
19901214,0.0002440074199294084
19901215,0.0023977455552781834
19901216,5.4338690149383017e-05
19901217,0.00010523737042837074
19901218,0.0002062324958820227
19901219,0.0012613781993795151
19901220,0.0033548795032640752
19901221,0.0116932185376423
19901222,0.0019320507769749968
19901223,0.00013183373608763468
19901224,0.0001661585642523667
19901225,0.005006635736060913
19901226,0.00972034676213406
19901227,0.006466267089235962
19901228,0.0007279152413857051
19901229,0.013675518234072492
19901230,0.009789035985795287
19901231,0.004589687901028439
19910101,0.003744349939270463
19910102,0.012506527009195247
19910103,0.0100480945596259
19910104,0.007038242933783971
19910105,0.005950346651706124
19910106,0.003524237942619432
19910107,0.0066998869579644816
19910108,0.002417282589172455
19910109,0.0047122866462503635
19910110,0.013988071091668166
19910111,0.007125042334609092
19910112,0.0006933598438340155
19910113,0.00044007345701724965
19910114,0.00012541211096932494
19910115,0.0
19910116,0.0
19910117,1.7106531231547706e-06
19910118,1.7245356778862771e-06
19910119,0.0037576086500166056
19910120,0.00011955977845479639
19910121,0.002922141455208189
19910122,0.0003303436323461311
19910123,2.5727029083754817e-05
19910124,3.773499166287636e-05
19910125,8.310339254464109e-07
19910126,3.845802856603459e-05
19910127,6.30557813804862e-05
19910128,7.826574058003933e-06
19910129,4.3107751642431677e-07
19910130,1.0363905172539514e-06
19910131,5.58559933576725e-05
19910201,2.47980257408972e-05
19910202,1.266937932743475e-06
19910203,5.555801745756084e-05
19910204,8.783884545202948e-05
19910205,0.0002523860937034924
19910206,0.0003129725629388909
19910207,0.0005984215273940536
19910208,0.0032690528698203917
19910209,0.004671022410415697
19910210,0.00388226358903633
19910211,0.004196843371415285
19910212,0.002592592035049393
19910213,0.0006537951170643791
19910214,0.0018755058984848785
19910215,0.009464202386221547
19910216,0.0020150349657251467
19910217,8.165679055608434e-06
19910218,0.0001026399009412015
19910219,3.766667845682577e-05
19910220,2.7024039456279356e-05
19910221,0.00025260977777721687
19910222,0.0003454883657877062
19910223,0.00040588378466274396
19910224,0.0
19910225,1.7972646443044385e-05
19910226,9.9863071814464e-07
19910227,7.233849032466642e-05
19910228,0.0015185250182325229
19910301,0.0003389374269670525
19910302,0.005764001976780256
19910303,0.000513715179211808
19910304,3.454306188324738e-06
19910305,0.00012827668469463473
19910306,0.0010246579047383064
19910307,0.0022301331479191635
19910308,0.0009774706003065027
19910309,0.0030790542248424237
19910310,0.00045174039710430236
19910311,0.0014955717392584667
19910312,9.079919321610964e-06
19910313,8.583068797918258e-07
19910314,2.187515165907901e-05
19910315,0.0005079063812379382
19910316,1.872850876430726e-05
19910317,0.00028640872302613044
19910318,0.0005554321452766809
19910319,0.010308892069584623
19910320,0.0024628519098265434
19910321,0.012225423262273752
19910322,0.0047351288378699695
19910323,0.0014946697059217268
19910324,0.0021737182124193836
19910325,0.0003443223043950244
19910326,0.0002489672577975754
19910327,1.1193305324023852e-05
19910328,4.9045167804765895e-11
19910329,4.814851422319008e-06
19910330,0.0
19910331,6.901367175174585e-06
19910401,1.8825946695320146e-06
19910402,1.8611201254947618e-06
19910403,0.00045119757849909853
19910404,0.0026858672140920954
19910405,0.001228444920782635
19910406,9.258314221659472e-05
19910407,0.002782460116941597
19910408,0.0023040897190698857
19910409,0.000411374575706638
19910410,2.0759754527467748e-10
19910411,8.52346317969932e-07
19910412,2.0102016615098577e-06
19910413,5.259677483652052e-05
19910414,0.00044623895857302527
19910415,1.1945471611822137e-05
19910416,4.359405431288016e-05
19910417,0.001605018398240949
19910418,0.0014598961633818974
19910419,0.004573739328570045
19910420,0.00084748912853118
19910421,0.0005879952160905986
19910422,0.005784432880286126
19910423,0.003151705752311006
19910424,0.0019531359783942046
19910425,0.00048266616809332727
19910426,0.00018531018525165294
19910427,0.0008338425558150561
19910428,0.0028052280364574563
19910429,0.000320071669306684
19910430,0.0170392245023386
19910501,0.003019603026754687
19910502,0.0018584831804883315
19910503,0.0009645051807683048
19910504,0.002331202504396974
19910505,0.0014785050770489009
19910506,0.0004836207772222348
19910507,0.0008553797290039231
19910508,0.0008652939574113843
19910509,0.00030987321835293394
19910510,0.00032343617591766647
19910511,0.0008088780909995501
19910512,0.001671247040912499
19910513,0.0001783859622129641
19910514,0.0035574947823405175
19910515,0.003510133054538894
19910516,0.0035676373016187975
19910517,0.0008229212835479915
19910518,0.0005389456333678702
19910519,0.00020985678059517497
19910520,0.00019152771694366387
19910521,0.00019916352925855138
19910522,6.396138281033738e-05
19910523,9.930414593364105e-06
19910524,4.034150804047273e-06
19910525,0.000150771128312327
19910526,0.000322734753532664
19910527,4.493620324155447e-05
19910528,6.8229220580743565e-06
19910529,2.1186264080795034e-06
19910530,1.716613724056515e-06
19910531,1.7461965608426675e-06
19910601,1.8586019129230085e-05
19910602,4.094067431076418e-06
19910603,0.0006100703855055566
19910604,0.0015936614461882152
19910605,0.0005460000811250625
19910606,0.0101922647544513
19910607,0.0073164737657935046
19910608,0.0014217119670144548
19910609,0.003363869321027245
19910610,0.004147336031897953
19910611,0.0007504172487145464
19910612,0.0006686754234053136
19910613,0.002674087237484542
19910614,0.003231448401480255
19910615,0.000514194124812779
19910616,0.0019963335961785855
19910617,0.003106868799773194
19910618,0.004741744421816873
19910619,0.0015518022316980812
19910620,0.007971597698500556
19910621,0.0015175739323461553
19910622,0.007208910887027687
19910623,0.0004150490909561747
19910624,0.0021045532547206793
19910625,0.0020288627888440346
19910626,0.0013873685545641799
19910627,0.007572510083676937
19910628,0.005274849961723241
19910629,0.0014500049250370432
19910630,0.0005354130426991404
19910701,0.00022354965300131922
19910702,1.0176850561930906e-05
19910703,4.408058734665505e-05
19910704,1.4159860249079407e-05
19910705,0.00014582982650165245
19910706,0.0024404373156708095
19910707,0.0009574485199879516
19910708,0.0004690504023441754
19910709,0.0006139261384845065
19910710,8.711172758508541e-07
19910711,1.7543742547465404e-07
19910712,0.0001596510260071812
19910713,0.004489635108347571
19910714,0.016229323932647158
19910715,0.00026837758929132893
19910716,0.00022483054547157503
19910717,0.0003706060464343023
19910718,0.0029537875127668995
19910719,0.002051963070604233
19910720,0.00045693008736490446
19910721,0.0004340294489852869
19910722,8.876586583174828e-07
19910723,5.014371148225249e-05
19910724,0.0018673193121959931
19910725,0.011295275161698965
19910726,0.004321719430871537
19910727,0.0004846594975057881
19910728,1.2712767390775097e-06
19910729,4.5222291084761674e-07
19910730,0.004568062796384289
19910731,0.0033190696030957435
19910801,0.0005715330212432309
19910802,0.0006876966940043837
19910803,0.0001924106926459847
19910804,0.00022521205605653224
19910805,2.833863904760874e-05
19910806,1.6920702705647273e-06
19910807,0.0028063916680390695
19910808,0.012893383133437162
19910809,6.952184836655899e-06
19910810,6.063796489303372e-05
19910811,6.001211425315564e-06
19910812,0.0006448574682657045
19910813,3.1014240796043056e-05
19910814,0.00015735168792966754
19910815,7.125446990587546e-06
19910816,8.684784368272488e-05
19910817,0.0002359496513927817
19910818,0.0006284226789076705
19910819,7.359383411536753e-05
19910820,4.08924790535962e-06
19910821,5.575671609843149e-07
19910822,0.00020796173771702944
19910823,0.0009386516950380959
19910824,5.283719546480273e-05
19910825,0.00032186794367799397
19910826,9.106247021825548e-11
19910827,4.3602585421481964e-07
19910828,1.4280908577349647e-07
19910829,1.3399526060014475e-06
19910830,8.553266184208042e-07
19910831,2.980243607453303e-09
19910901,0.0013048406045630175
19910902,0.0010943570333513215
19910903,5.621339809348982e-06
19910904,2.1466866329375214e-06
19910905,1.5881125268398848e-06
19910906,0.0002115585473916752
19910907,8.458414202713094e-06
19910908,1.4949166674916058e-05
19910909,1.8408971243329938e-10
19910910,0.00027521769741366503
19910911,0.008151479965307176
19910912,0.0012515655101102213
19910913,3.718805384672476e-06
19910914,1.4773412176145087e-05
19910915,0.0009170355485647224
19910916,0.0015678656196806621
19910917,0.000962037954221443
19910918,6.716398332332902e-07
19910919,0.00011576722165886313
19910920,0.00036865132017101346
19910921,2.1151849002719556e-05
19910922,0.006730010700044297
19910923,0.0006754248619729165
19910924,0.000684791016960092
19910925,0.010542868768374777
19910926,0.019310558105395524
19910927,0.00748634720896802
19910928,0.0040097772093412
19910929,0.010490382420336335
19910930,0.002465316450390442
19911001,0.001329153579667821
19911002,0.0008507782660878498
19911003,1.7447284832914753e-06
19911004,6.618261065333313e-05
19911005,0.004625147000023554
19911006,0.005606879421099916
19911007,0.00046897543482283453
19911008,0.00026404939324621557
19911009,1.2946861529760365e-06
19911010,2.27993770650167e-09
19911011,0.0005184054888738955
19911012,0.011358185143004747
19911013,0.0005626984295596047
19911014,8.005334924317584e-05
19911015,0.0008861893748268748
19911016,0.0011737108859780007
19911017,0.0086426011544808
19911018,0.007910461306836654
19911019,0.0021553694189272135
19911020,0.002165634608263567
19911021,0.000534124550576316
19911022,0.00013098823747976438
19911023,0.0004534548455265302
19911024,4.796892248458522e-05
19911025,0.00023393235200737936
19911026,1.2268447277330867e-06
19911027,0.000950924167905829
19911028,0.0004507410589435144
19911029,7.1152615456033086e-06
19911030,0.0039975481845989525
19911031,5.172753530740958e-05
19911101,1.038682106124755e-06
19911102,0.0053562551797454
19911103,0.00506311860548625
19911104,0.008710376107361244
19911105,0.006546553902922257
19911106,0.0010470801742907547
19911107,0.00562360188023826
19911108,0.005261110684333717
19911109,0.005244085996086488
19911110,0.0003114168699001177
19911111,0.005120365429222069
19911112,0.004838929721404452
19911113,0.0222906924411127
19911114,0.0064682843166912795
19911115,0.003582908126196854
19911116,0.0003394134421175551
19911117,0.00028886116290238696
19911118,0.004299162824104533
19911119,0.004671823967177086
19911120,0.0028329712404955333
19911121,0.0001706647978103375
19911122,5.767106072464002e-06
19911123,3.759777412806045e-06
19911124,3.153724693007018e-07
19911125,5.093609254540586e-06
19911126,5.07041086921556e-07
19911127,4.520507128206166e-06
19911128,5.226899525951261e-05
19911129,4.660217826156382e-05
19911130,1.9744454314572622e-05
19911201,1.8872664325154628e-05
19911202,6.070260174186495e-06
19911203,5.3850065390688416e-05
19911204,6.75974126978867e-05
19911205,0.00027870758049812234
19911206,5.227497457087086e-05
19911207,3.0859529814552796e-05
19911208,0.00010636192363392555
19911209,2.425646508178473e-05
19911210,2.9955203674555502e-06
19911211,1.1466065142972239e-05
19911212,2.12517443287652e-06
19911213,4.5299526618691743e-07
19911214,8.544788125335404e-07
19911215,0.0
19911216,0.0030426336115038886
19911217,0.008454353482043445
19911218,0.009921724631050526
19911219,0.0134132760467589
19911220,0.009425750971532516
19911221,0.01662079475490665
19911222,0.008319940844327904
19911223,0.002098925298612949
19911224,0.0008442137305074293
19911225,0.00023585457539311604
19911226,0.002043520653780412
19911227,0.0016286932954708584
19911228,1.8761004400095504e-05
19911229,6.54622089011166e-05
19911230,0.00029283673993799427
19911231,5.2287987694622734e-05
19920101,0.0001856422651954016
19920102,8.563942815650607e-05
19920103,0.00015859939736123736
19920104,0.003414806806467881
19920105,0.0025247635229048923
19920106,0.00011001229967004345
19920107,7.509272898424152e-05
19920108,0.0006178988403269169
19920109,0.006797767555353615
19920110,0.0070637928047623
19920111,0.00046333596925552246
19920112,0.00014315365236393504
19920113,0.00013152598779145522
19920114,9.54799528636157e-05
19920115,0.00018152844052328276
19920116,0.00021448950195695316
19920117,0.00019889286578867135
19920118,2.1287948141999024e-05
19920119,0.0038713195683313393
19920120,0.0035862588324750834
19920121,3.002017251957377e-06
19920122,7.688452698446983e-06
19920123,2.371983962014031e-06
19920124,1.5347058804963697e-05
19920125,2.660442734696079e-06
19920126,6.909269962970928e-05
19920127,0.00018450044854999347
19920128,6.152660689557941e-07
19920129,2.5828522342564333e-06
19920130,1.7384573933731666e-06
19920131,1.2832118489962717e-06
19920201,2.6897243220537622e-06
19920202,1.216714765073322e-05
19920203,0.0016882882972437737
19920204,0.009349207532382057
19920205,0.003791199147804528
19920206,0.00028741832889063066
19920207,6.929840522024319e-06
19920208,4.1955118910503815e-06
19920209,0.0030787394795294357
19920210,0.002657808098166711
19920211,0.01041524885790991
19920212,0.0021302332563613046
19920213,0.006535484284054828
19920214,0.0005017817331466457
19920215,0.005744605223800758
19920216,0.003995204214712897
19920217,0.0015832182425053706
19920218,2.7430694542061396e-05
19920219,5.0318155442434804e-05
19920220,0.0003082304796428272
19920221,8.356569547123962e-05
19920222,3.2514801419026974e-05
19920223,0.00010157806938611249
19920224,4.6441356740429885e-05
19920225,1.744594872963352e-06
19920226,8.273078630049774e-06
19920227,1.3118733347720326e-06
19920228,3.436775930977171e-06
19920229,3.433587494328094e-06
19920301,1.8187615666310255e-06
19920302,0.0036369428541142427
19920303,3.2523073687059908e-06
19920304,5.317775483547894e-05
19920305,0.00016715674910440688
19920306,0.0012180207736006605
19920307,4.2876588252087347e-07
19920308,0.000200267293560752
19920309,0.0002076331353900717
19920310,0.00038254478272015287
19920311,0.002465709183422886
19920312,0.007973528197951867
19920313,0.0184455754829304
19920314,0.004867603587035845
19920315,0.007094616711876877
19920316,0.00010338728267937961
19920317,0.00011250353356018096
19920318,1.103074092198708e-06
19920319,0.0009399995776553305
19920320,0.0001890590925679713
19920321,0.002272273660119884
19920322,0.01742803039369029
19920323,0.009102852832543624
19920324,0.0068148569407754
19920325,0.0027831359410576554
19920326,0.00359757811361567
19920327,0.0019375196432154951
19920328,0.0026528135134724438
19920329,0.0009899310792644896
19920330,0.001428509252536891
19920331,0.003979228229897224
19920401,0.002224153637401627
19920402,0.005093711088102632
19920403,0.0019665053386271752
19920404,0.0010808301245357592
19920405,0.0004905055460522694
19920406,0.0002175079323926725
19920407,1.5402880347891345e-06
19920408,3.193692390672685e-10
19920409,1.7216798369190656e-06
19920410,4.351138045421976e-07
19920411,1.7285346416429093e-06
19920412,0.0001318210857300136
19920413,0.0020953375643923597
19920414,0.0002189483661747285
19920415,0.013851916194796
19920416,0.0029382159991980395
19920417,0.0031388527169712442
19920418,0.0026574936934591845
19920419,0.0012374149800378183
19920420,5.949545691448534e-07
19920421,8.583068797918258e-07
19920422,0.0001966001090781923
19920423,0.002593494565041249
19920424,0.0002622423244232579
19920425,0.0009966535177147445
19920426,0.0015271150066322606
19920427,0.0029913724972573112
19920428,0.006645758672149114
19920429,0.0035498147924409302
19920430,0.00012758886300157974
19920501,0.008398324120538718
19920502,0.005359248913920655
19920503,0.00016853101780253652
19920504,1.7485438452290563e-05
19920505,0.00018381185753249077
19920506,2.9700594689647753e-06
19920507,3.389246793419865e-06
19920508,0.00030605870620522527
19920509,0.0021584099262175784
19920510,0.0035439401596006953
19920511,0.01048716577807318
19920512,8.940193760290019e-07
19920513,1.7224861643683198e-06
19920514,0.0
19920515,8.555812769373006e-07
19920516,5.223434376791552e-05
19920517,2.5830461087089412e-06
19920518,4.261732051702438e-07
19920519,4.351138045421976e-07
19920520,7.080433457155497e-05
19920521,0.0002265990021937889
19920522,0.0009226303351916276
19920523,0.0005022203731745684
19920524,0.0016981243409704366
19920525,0.0016287748123305183
19920526,0.005754071806560618
19920527,0.0030608767898410508
19920528,0.0002628766927723637
19920529,0.005265207628400877
19920530,0.00326498054584991
19920531,0.004846085111855874
19920601,0.00405496491492769
19920602,0.013716832706592352
19920603,0.0040638335516257045
19920604,0.003598186769795093
19920605,0.011972658937646824
19920606,0.003508693680965135
19920607,0.00045691803883049763
19920608,0.0031348894205563216
19920609,0.005099082049748629
19920610,0.005484813136322087
19920611,0.00022548130712872778
19920612,0.0016825885437697621
19920613,0.0003875390061230309
19920614,8.216377041504836e-05
19920615,8.583068833445395e-07
19920616,0.00038165156484032934
19920617,2.058302149786921e-05
19920618,0.0006004147734142821
19920619,0.0004698393570664221
19920620,0.0161992540547735
19920621,0.0009058001306248501
19920622,0.00025549341038279207
19920623,0.008408817620590552
19920624,0.009566245751738074
19920625,0.005596773321406239
19920626,0.0007784004925526665
19920627,1.4128044915759919e-06
19920628,0.0
19920629,3.03206505857366e-06
19920630,0.0006453358634897773
19920701,0.0027059029662351236
19920702,0.002802190784088669
19920703,0.0007894675452121766
19920704,0.008656722723040142
19920705,0.009286653067194643
19920706,0.0090716040287174
19920707,0.0004431456903490405
19920708,0.0002749129227101098
19920709,0.0026308718626205665
19920710,0.009391087475058551
19920711,0.0031043238091527318
19920712,0.007217826871327062
19920713,0.0005024355903465175
19920714,0.00046086595464273154
19920715,0.0010633286127098313
19920716,0.00040200409064999047
19920717,0.0005537609467986876
19920718,0.0010611809639908855
19920719,5.293592032673242e-09
19920720,3.491794621248112e-06
19920721,0.005931475008389484
19920722,4.82286939284298e-05
19920723,1.3646062346413e-06
19920724,0.0011056837034268407
19920725,0.0003546259533268791
19920726,2.2880623519274176e-07
19920727,7.260207747385171e-05
19920728,8.934668834655033e-07
19920729,8.142970724652229e-07
19920730,0.00011199210525730174
19920731,0.00623502795373048
19920801,0.003382050372544086
19920802,0.0008553040719417152
19920803,0.0007725719596960064
19920804,6.139636650203387e-05
19920805,1.2755393754559918e-06
19920806,1.7136334804490616e-06
19920807,6.867543064693959e-05
19920808,0.0003008159409569783
19920809,0.0009639004446877061
19920810,0.005071757544638332
19920811,0.004153565241021879
19920812,0.0010773949720318324
19920813,0.007041334820207573
19920814,0.00958332267016977
19920815,9.284212308568885e-05
19920816,9.897331238920159e-05
19920817,0.0009520483225443788
19920818,0.0007833687631205869
19920819,0.0017209916178668276
19920820,0.005406731568381498
19920821,0.0017647325059590442
19920822,0.0015321755868662596
19920823,0.0036258652229550587
19920824,0.0009452323173818985
19920825,1.0602298107957606e-05
19920826,0.00513514017845777
19920827,0.0002808798863889753
19920828,0.002781148780651042
19920829,0.009807216245417187
19920830,0.0024217121754559192
19920831,0.0211719840010427
19920901,0.0038618487723482493
19920902,0.005742392658889394
19920903,0.003204701487348573
19920904,0.00889980236733865
19920905,0.0005385142936751987
19920906,1.3001001784277852e-06
19920907,0.00017807231781789357
19920908,0.00018273546551795977
19920909,9.672813170963297e-05
19920910,0.0007975857537042812
19920911,0.0031820885936311954
19920912,4.104482023442182e-05
19920913,4.762389839837442e-05
19920914,0.004547977947034504
19920915,0.00041716757358555115
19920916,2.1061859422166452e-05
19920917,4.283806411061049e-07
19920918,0.001713430287947903
19920919,0.0007194471251372107
19920920,0.00010170717759741663
19920921,0.00021658772056867828
19920922,0.0035303785767176986
19920923,0.0004879248304241218
19920924,9.542329379927584e-05
19920925,1.0422968171777026e-06
19920926,2.152697188991203e-06
19920927,2.096680887677725e-06
19920928,0.0021397993551562646
19920929,0.0018937124146888927
19920930,0.00036124104621399844
19921001,0.0014876303471870781
19921002,0.0002893643886550775
19921003,0.0013890589899122946
19921004,0.0022505653627969253
19921005,0.0013796022441622815
19921006,0.012207528462595785
19921007,0.00025176149454673086
19921008,0.00019439719870362795
19921009,0.0015986624544964494
19921010,0.002635156538669165
19921011,0.0004465582709198751
19921012,0.00021300088452064645
19921013,4.011211437503992e-08
19921014,4.772579227967955e-05
19921015,0.006489724723731644
19921016,0.00012887089978336715
19921017,0.00048093753383202353
19921018,0.0005709843342243896
19921019,1.765673824358486e-05
19921020,0.0007162324259390501
19921021,0.0038072448563325526
19921022,0.0015075576479148835
19921023,0.007024626284805695
19921024,0.009917582442147405
19921025,0.0157090400629869
19921026,0.003947384136517289
19921027,0.004525522705131348
19921028,0.01632451592136763
19921029,0.003767448863854518
19921030,8.715534985196827e-05
19921031,2.613206404975198e-05
19921101,1.3047777360795564e-06
19921102,0.004949030631199211
19921103,0.0022646576449226992
19921104,0.0018732455905691385
19921105,0.00016078344958002803
19921106,0.00020249915563579952
19921107,0.000208966526083007
19921108,0.0005567117071470779
19921109,0.00016033959378777487
19921110,0.011821689358777988
19921111,0.01361951113831836
19921112,0.004975972194933612
19921113,0.0023648537654685775
19921114,0.000671450555425505
19921115,0.016081939871224415
19921116,0.004329354618738096
19921117,0.007084220810952816
19921118,0.005702845798204832
19921119,0.006254627895347444
19921120,0.0013338958470042273
19921121,0.005591876695636567
19921122,0.011664342597426708
19921123,0.00027925993993134236
19921124,0.0007055001124911228
19921125,0.003986898057328858
19921126,0.007178387002044661
19921127,0.00048533923335191125
19921128,0.005806648956725992
19921129,0.00705234901892523
19921130,7.519256418379588e-05
19921201,0.0008738603266667286
19921202,0.009390798688924106
19921203,0.007427902014790824
19921204,0.011408616917109217
19921205,0.0005352382532676393
19921206,0.0006723785999483839
19921207,0.007703762540965262
19921208,0.0005193504512770155
19921209,0.0002654652022649812
19921210,0.00014569821852143162
19921211,0.0015242482535396274
19921212,0.006342298454941368
19921213,0.0003970654720286224
19921214,0.0003998439610990069
19921215,3.263591113162492e-05
19921216,0.00032527179803103863
19921217,2.195930153053841e-06
19921218,4.374873463569499e-05
19921219,0.0007172872067679636
19921220,0.003672707834604192
19921221,0.003109859236730673
19921222,0.002729608147829892
19921223,0.000540032167443061
19921224,0.00010050949137241624
19921225,1.7963945677325918e-05
19921226,1.3100978560679397e-06
19921227,1.2449135593623527e-07
19921228,3.065922659018174e-06
19921229,8.540703220205614e-07
19921230,4.3938700855505886e-07
19921231,4.3511571506986176e-07
19930101,8.523633717432535e-07
19930102,8.52346317969932e-07
19930103,0.0
19930104,2.221371599320587e-06
19930105,0.00026520092548455607
19930106,0.0014120724410312696
19930107,0.003430494503651985
19930108,0.002129716607585193
19930109,0.0009900211443218062
19930110,0.0036103082059706767
19930111,0.0197871035841237
19930112,0.01758756772862256
19930113,0.0016004107037029913
19930114,0.0020648130421007022
19930115,0.00016032987058802736
19930116,0.0002024214200945192
19930117,0.00028586820402354144
19930118,0.0020350166516958867
19930119,0.000702345248860585
19930120,0.0005541326068377091
19930121,0.0014927893594512633
19930122,0.0037786060289080334
19930123,0.0028410309041096713
19930124,0.006514415899854429
19930125,0.003997705526996348
19930126,0.0017462454076366827
19930127,0.00531304591745605
19930128,0.0018489575060795292
19930129,0.0040590957695881575
19930130,2.2132006325060332e-05
19930131,2.9403099770127806e-06
19930201,5.104675086866669e-07
19930202,3.1095113611355724e-06
19930203,1.034789373923709e-05
19930204,5.046321222867355e-07
19930205,2.263515163559011e-05
19930206,0.00019997709009046596
19930207,0.00040934606911953377
19930208,4.7279069966973356e-05
19930209,1.3028275202885519e-06
19930210,1.0435762382918895e-06
19930211,1.5796041940939534e-06
19930212,1.707904621526287e-06
19930213,1.1753826595786077e-06
19930214,1.6313197439995413e-06
19930215,1.0862230913375149e-05
19930216,0.0006916244294567226
19930217,0.0034679385914346945
19930218,0.00022863193284390615
19930219,0.0036277859630270263
19930220,0.0016693557487731762
19930221,0.006220444666401788
19930222,0.0032140267655896993
19930223,0.0005999254916759534
19930224,5.534128307081068e-06
19930225,7.727634074053058e-06
19930226,0.001641286382239984
19930227,0.0027852870891792543
19930228,0.00047173175769502096
19930301,6.465223169459238e-05
19930302,1.2835824000371369e-06
19930303,0.00029130382537866843
19930304,4.287794355391025e-05
19930305,0.00040439396323814264
19930306,0.0021810643786097025
19930307,0.000408346297812597
19930308,2.0503596414343825e-06
19930309,7.339177810790336e-07
19930310,0.00012075094750329015
19930311,7.630675204462794e-05
19930312,8.562826569283241e-07
19930313,1.7106532936850272e-06
19930314,7.401743991440737e-06
19930315,2.5967265522611043e-05
19930316,0.00035353096074779925
19930317,0.0015534703169809794
19930318,1.437657000538584e-05
19930319,2.761180005500996e-05
19930320,0.0
19930321,0.00414737416646125
19930322,0.004016286081353383
19930323,0.0013351675468782447
19930324,0.00021414451154752687
19930325,0.000991383649585618
19930326,0.001255640869078091
19930327,0.00013673345097821811
19930328,1.4926710378523875e-06
19930329,1.2792128134011643e-06
19930330,4.3733774313085763e-07
19930331,3.7477589917612644e-05
19930401,0.0034773592290929787
19930402,0.001655086677699455
19930403,0.00012752746724076238
19930404,0.0057828076820236945
19930405,0.005317227488891294
19930406,0.003465028438311438
19930407,0.0014906367576714504
19930408,0.00025058553201477506
19930409,0.001237239440771148
19930410,0.00032371870355037835
19930411,0.00398619080990769
19930412,0.002353222203602155
19930413,0.003481469053009472
19930414,0.0025458651983481474
19930415,0.0023067123529464913
19930416,0.0014017491907176646
19930417,0.0006624588621979804
19930418,0.002353513639538651
19930419,0.0005696140587112856
19930420,4.4281098312465545e-07
19930421,6.501396476159024e-08
19930422,0.0012002792818999418
19930423,0.0005093749579398382
19930424,0.00042225316931886604
19930425,0.00014118482076620515
19930426,0.00016934374799870987
19930427,0.0004473810206644445
19930428,0.0003601496360682143
19930429,0.000784815287497091
19930430,0.0022582744471539924
19930501,0.0026715421879965995
19930502,0.0030437425547765137
19930503,0.0010809451322694996
19930504,6.338043237238507e-05
19930505,7.194626495755922e-05
19930506,0.0035981712158608785
19930507,0.00319730155235734
19930508,0.0040260783867508915
19930509,0.0034337511198207597
19930510,0.0003069140255349148
19930511,0.004219963496594876
19930512,0.006776409472964709
19930513,0.011463737364753352
19930514,0.004624260110252211
19930515,0.005439245634274318
19930516,4.704593515759556e-05
19930517,0.0
19930518,0.000629093571625003
19930519,0.0016783127830697706
19930520,0.01205645010610214
19930521,0.0015875459505899627
19930522,2.6427431342239464e-08
19930523,8.527489542761548e-07
19930524,4.0571446672963314e-05
19930525,9.694820138163106e-05
19930526,0.001558511019302246
19930527,0.008648674644845082
19930528,0.008489574948098606
19930529,0.00019344019189814269
19930530,0.009122823519643115
19930531,0.0008189935658372208
19930601,0.00017837877955260832
19930602,0.005589565329350096
19930603,0.003142425799819925
19930604,0.0006161632249708529
19930605,0.00020292798484438347
19930606,0.00010280739722712979
19930607,0.00036148784588353733
19930608,1.822094882462375e-05
19930609,0.00039316179936582885
19930610,0.0028153702872649056
19930611,0.000979724732082679
19930612,0.002293607847757696
19930613,0.0023846802208858943
19930614,0.0035623744078183157
19930615,0.002030795493837175
19930616,0.004212473270040639
19930617,0.002154440905088251
19930618,1.4944802284864187e-06
19930619,0.0011257562973043815
19930620,0.0019236292908501576
19930621,0.006094563680672301
19930622,0.005768197139193678
19930623,0.0007618794070286205
19930624,2.3238872165210235e-05
19930625,8.113030220766241e-06
19930626,1.9193129003909467e-05
19930627,0.001263204103564808
19930628,1.5175376590212468e-05
19930629,1.5901745874952295e-05
19930630,0.0015691481190924902
19930701,8.937091146157769e-05
19930702,0.0020943013837930553
19930703,0.00027413264964790124
19930704,3.306789887138504e-05
19930705,0.00675188521619579
19930706,4.807200508087239e-05
19930707,0.00018999043021585753
19930708,4.757785043491937e-06
19930709,1.642814466078729e-05
19930710,0.0006083610652767876
19930711,0.0017396126087930472
19930712,0.005396263691666852
19930713,0.0004736907801117275
19930714,0.013521471894541188
19930715,0.005626096386453191
19930716,0.0022462760899167747
19930717,0.0011910371272122865
19930718,0.0013190958715818826
19930719,0.007482564058006699
19930720,0.006225926402622635
19930721,0.005458369225618045
19930722,0.0013524264888014508
19930723,0.00029236509564155224
19930724,0.00014129164766563034
19930725,0.004290042791996717
19930726,0.0008365096141142606
19930727,0.00773984780783293
19930728,0.004738056071282741
19930729,0.0001117075481971409
19930730,0.007163774741951221
19930731,0.012102761128923207
19930801,9.140463391550298e-06
19930802,1.0087770693701402e-06
19930803,0.0002408097839604979
19930804,0.0003873802748615702
19930805,0.0003923874762174354
19930806,1.732226991041296e-05
19930807,5.780066874944325e-07
19930808,0.0001859368882045267
19930809,0.001763881932697171
19930810,0.006839470162130844
19930811,4.144624245708866e-05
19930812,0.0004616754347200768
19930813,6.676440457328349e-07
19930814,0.0023958057233728902
19930815,0.00314297995038756
19930816,6.36262786228903e-05
19930817,1.0890966336758143e-05
19930818,4.867189509527974e-06
19930819,1.986342736219587e-06
19930820,1.7121000122109224e-09
19930821,3.0906421345248346e-06
19930822,0.0016454121461050128
19930823,0.0024750413193821087
19930824,0.0005537877092780882
19930825,2.741756733587096e-05
19930826,5.942234588960398e-05
19930827,0.0022744470116826455
19930828,0.000242180843427362
19930829,1.0396610780722413e-06
19930830,0.0006966720417135005
19930831,0.00021857224031910155
19930901,0.00022693894317436203
19930902,0.00025028764337700534
19930903,0.004111661754270888
19930904,0.0012835188739114072
19930905,0.0004658676850862472
19930906,8.612870487922919e-07
19930907,0.0020628103371040747
19930908,0.007095293121776581
19930909,0.007747409315833365
19930910,0.00536922471504105
19930911,0.012664130821184418
19930912,0.0038360616021648874
19930913,0.02436864353070347
19930914,0.005982759415958487
19930915,0.00801819530036598
19930916,0.0021390748077355546
19930917,0.0008599920458945832
19930918,5.807632550291424e-05
19930919,8.710792831694069e-07
19930920,0.00014830524690756633
19930921,0.0044847404151016936
19930922,0.011145273576555183
19930923,0.0149031476596504
19930924,0.0120088124533767
19930925,0.0184495992509756
19930926,0.0020852460378977117
19930927,0.0003332717923612463
19930928,0.00420722112080768
19930929,0.00017288934362864333
19930930,0.0014642732243824255
19931001,0.004859098985142886
19931002,0.005825140730021322
19931003,0.004154858720291603
19931004,0.0035170828720314106
19931005,0.015731787204059
19931006,0.009354555544422686
19931007,0.0008915074132137806
19931008,0.0045121124679093245
19931009,0.0013335067302492967
19931010,0.0033308941045659323
19931011,0.0099936969589991
19931012,0.007664588449088613
19931013,0.0024920587190493206
19931014,0.012042452689297706
19931015,0.00588355263464413
19931016,0.0005770248467926733
19931017,0.005000666860136507
19931018,0.0007489379825568262
19931019,1.1244137313877397e-05
19931020,0.0007120633942295019
19931021,0.0035132496813330386
19931022,0.0013750571553376159
19931023,0.008798672956942947
19931024,0.0012142718304645327
19931025,0.00010060884899583498
19931026,0.00019305602670146823
19931027,5.905630906292728e-05
19931028,8.642672355563263e-07
19931029,1.3012210734424077e-06
19931030,2.4984065102917742e-06
19931031,9.057493850220268e-06
19931101,1.0816005735017214e-05
19931102,5.317159420036839e-05
19931103,9.977199691511436e-05
19931104,4.612689390206966e-06
19931105,5.9329814336225345e-05
19931106,0.0005758900983473998
19931107,0.0015249491546468553
19931108,0.0020739379764796416
19931109,0.0002899816220382564
19931110,0.0021708750488796374
19931111,0.002069047976169756
19931112,0.00026740992776696663
19931113,0.0007213419729149666
19931114,0.0096657023189595
19931115,0.006344491484822993
19931116,5.6830791678223476e-05
19931117,2.7698869717224905e-06
19931118,1.381597316707124e-06
19931119,9.061586758979565e-07
19931120,6.451545216441132e-05
19931121,0.0002567140580598319
19931122,0.0003934613593250411
19931123,1.839791860069086e-05
19931124,0.00016435900219935898
19931125,2.2319280767421884e-06
19931126,2.6101979195117597e-06
19931127,8.318722473591299e-06
19931128,5.941084753175735e-06
19931129,9.435006992101238e-05
19931130,0.0016487509553021896
19931201,0.003526284639650275
19931202,0.002143887454326991
19931203,0.0005304636874948062
19931204,0.001005546803804002
19931205,0.0001707867192739857
19931206,3.0646290989455145e-05
19931207,0.0067651473813134366
19931208,0.0108600803536738
19931209,0.005740644777922088
19931210,0.01338736549745516
19931211,0.0064729028498252995
19931212,0.007010935626254356
19931213,0.0166777337077308
19931214,0.003820194266465456
19931215,0.008577076300369444
19931216,0.0047666971887826
19931217,0.01034606426026386
19931218,0.0004158061337752075
19931219,0.014466943423906507
19931220,0.0354683031637152
19931221,0.014766373458961818
19931222,0.01105515336589505
19931223,0.006451792815792822
19931224,0.0117772525385196
19931225,0.0020419095672101137
19931226,0.002485250447234894
19931227,0.0017517116982120056
19931228,0.0016142622559711106
19931229,0.003697094418969697
19931230,0.006285434815547644
19931231,0.016894763477230203
19940101,0.00201584712766871
19940102,0.009602764362873757
19940103,0.010472565569135561
19940104,0.003755372470900663
19940105,0.0125333184329353
19940106,0.0206098833614585
19940107,0.007442544587338605
19940108,5.697789712885839e-05
19940109,8.265143101924885e-06
19940110,0.0007550162153396903
19940111,0.0030361731116000422
19940112,0.002151674065811584
19940113,0.006503316733929458
19940114,0.003581287477452198
19940115,0.0006254269057056978
19940116,0.0009515743467109969
19940117,0.0005822148892200015
19940118,1.1888895885290732e-05
19940119,0.0005571489675494542
19940120,0.0013807535751238897
19940121,0.00020408072302598287
19940122,0.0008891164370867433
19940123,0.005741980482161212
19940124,0.005149147248496729
19940125,0.006735706425068838
19940126,0.006257800086404137
19940127,0.005522150909576079
19940128,0.0072971871753165895
19940129,0.00047989604386777194
19940130,0.0023140813124494894
19940131,0.00010810162814162624
19940201,0.00014606462536498606
19940202,0.010104139264880047
19940203,0.0095573751572959
19940204,0.0020224527246355487
19940205,0.00011122681219929631
19940206,0.004160286407953043
19940207,0.0002271888372770747
19940208,0.001699285983397128
19940209,0.0007974413395022571
19940210,0.0027717767545939556
19940211,0.0008305092273452838
19940212,0.00013077033780891422
19940213,0.00021853431475009786
19940214,8.28415428729945e-05
19940215,0.0011879512987655104
19940216,1.311784458862557e-06
19940217,9.44677363270109e-06
19940218,0.0001018831106700903
19940219,1.079231640620587e-09
19940220,0.007985019677007174
19940221,0.0010845255952053581
19940222,0.004346061254194506
19940223,0.003193034456269338
19940224,0.0041873909127901
19940225,0.0020709510674278087
19940226,4.971765853903284e-06
19940227,0.0034823120766464787
19940228,0.004824800200556404
19940301,0.0017667927295880806
19940302,0.006675558878019245
19940303,0.0039174498606559215
19940304,9.384965328851662e-05
19940305,0.0006405919866872418
19940306,0.0007306284627999537
19940307,0.0007069888376554674
19940308,0.002059030548070557
19940309,0.00033009369086228345
19940310,6.389856302049937e-05
19940311,3.611920770243981e-05
19940312,0.004217274630810644
19940313,0.00537237912814191
19940314,0.0006120855990148409
19940315,0.004790648164083042
19940316,0.0035966542892507123
19940317,0.0032954461563406015
19940318,0.006309939390643039
19940319,0.0130866325370213
19940320,0.0016853334852515295
19940321,0.005410967243053483
19940322,0.0006380163185567863
19940323,0.001045382517939742
19940324,0.0017768787583061704
19940325,0.002851629553767332
19940326,0.0012710633874519612
19940327,5.919097861438758e-06
19940328,0.0003828188375109288
19940329,0.00089795178824784
19940330,8.129932834673031e-06
19940331,0.0074020490185220025
19940401,0.011176123836851671
19940402,0.004566264802748645
19940403,0.001440058338005607
19940404,0.014566582105776375
19940405,0.005058643010591222
19940406,0.0037784942762776816
19940407,0.002542350394006893
19940408,0.005100312803761808
19940409,0.013658117776226324
19940410,0.0035162763745586363
19940411,0.0024310099203373055
19940412,0.004331114233041793
19940413,0.0033477159129630557
19940414,0.0006930421268342102
19940415,0.00023156626525964644
19940416,0.0001168052045305011
19940417,0.0028101962873661322
19940418,1.6015060093170835e-05
19940419,3.099525245562112e-06
19940420,9.90686364099457e-05
19940421,0.0023830079012615475
19940422,0.0006572323660101778
19940423,0.0006465554813801255
19940424,0.0025380350053102506
19940425,0.004728467470035338
19940426,9.281058715022776e-05
19940427,0.003438586786313877
19940428,0.0003775037167383086
19940429,1.1573970648850921e-06
19940430,0.00013502764718435674
19940501,5.07721182975735e-05
19940502,8.526611389730311e-07
19940503,3.0204312353049465e-06
19940504,0.00541440815370028
19940505,0.0015672628001399452
19940506,0.0027880571969449777
19940507,2.663492971467627e-06
19940508,0.006432200397538879
19940509,0.0028364010023248874
19940510,0.0002845042769962409
19940511,1.7935659371145022e-05
19940512,0.0025938348729314356
19940513,0.001670656626025707
19940514,0.0034652751572668223
19940515,0.0007165620877685136
19940516,0.002053061161973636
19940517,0.0005240017957174232
19940518,0.010026559780819426
19940519,0.0033223750743489096
19940520,0.009508893703103462
19940521,0.006358932092894915
19940522,0.0028143365541189952
19940523,0.009892074314907445
19940524,0.008180258680104543
19940525,0.0011767570837118023
19940526,0.006671621278208277
19940527,0.002254518874241919
19940528,0.00036380208167859557
19940529,0.0005011030509494996
19940530,8.401680238608614e-06
19940531,0.0
19940601,1.7106532368416083e-06
19940602,0.01881619831495677
19940603,0.004689020356165903
19940604,0.012636122310081887
19940605,0.00586247805329658
19940606,0.0014761024157816242
19940607,0.0007264442707853059
19940608,0.007114069581558491
19940609,0.0006067885734223676
19940610,0.004957506863993174
19940611,0.0017960019177262014
19940612,7.68429588709388e-05
19940613,7.589841374430602e-08
19940614,6.945193226004418e-06
19940615,7.015653596658043e-05
19940616,0.0007553508107974829
19940617,0.00041772539171009695
19940618,9.133979886488873e-07
19940619,0.0027198583720344995
19940620,0.0005775479029283413
19940621,2.2812669725341256e-05
19940622,0.0004576310592196155
19940623,3.6860626042569316e-05
19940624,4.959208531439843e-05
19940625,0.002478166188466708
19940626,0.0014428134109532704
19940627,0.004187595063375868
19940628,0.0031397445736240075
19940629,0.004154785473830217
19940630,0.00011574578514350763
19940701,3.735784639248991e-05
19940702,0.00013459769366277089
19940703,0.0002839686330856131
19940704,0.0038121526275459727
19940705,0.0016254179827593965
19940706,0.00038660522238614806
19940707,0.0011900531624193882
19940708,0.0034024364770024137
19940709,0.000517810752388767
19940710,1.4687516812611155e-05
19940711,8.583068797918258e-07
19940712,8.583068833445395e-07
19940713,3.7739017074861916e-05
19940714,0.009596700876385414
19940715,0.000900521847519619
19940716,2.1330397141265373e-05
19940717,0.0005599405086925695
19940718,0.015177072960998227
19940719,0.011314166747126398
19940720,0.003514587372088846
19940721,0.0003026635519559538
19940722,8.770789642028318e-06
19940723,2.5314687738619718e-05
19940724,0.0007095743787131964
19940725,0.0021121705761262956
19940726,0.0002226556355698969
19940727,0.00011178527248185929
19940728,0.0029546657035978614
19940729,0.0009257137263271021
19940730,0.001324472008684578
19940731,0.0014711718350186483
19940801,0.005400257913418887
19940802,0.00015409825376298854
19940803,1.3641793590250874e-06
19940804,8.557779204730826e-07
19940805,0.0010159831063259153
19940806,0.001699980442656111
19940807,0.010179871170686193
19940808,0.009955883034353784
19940809,2.0096344662831496e-06
19940810,0.0110369645326286
19940811,0.007170485708810374
19940812,0.004450130260125048
19940813,0.0006709973487256818
19940814,0.00013869621549421937
19940815,1.7093125059621804e-07
19940816,1.2874602930423862e-06
19940817,0.004753941441116315
19940818,0.0011871873556675995
19940819,0.010180551451770116
19940820,0.000906549736094316
19940821,7.81733328947143e-05
19940822,0.00811900750619041
19940823,0.0017700664081353194
19940824,0.005869925225765689
19940825,0.0007944463391729259
19940826,0.0014323599199857076
19940827,0.0010839664636467393
19940828,0.0015856743277795173
19940829,2.4149977115667022e-05
19940830,0.00019447091090811172
19940831,0.003524031411111815
19940901,0.0007791460158862906
19940902,0.0006114159754789339
19940903,3.810147368573661e-05
19940904,7.628184778798228e-05
19940905,0.0020163729428992866
19940906,0.010568242180870931
19940907,0.016119922968543476
19940908,0.014125862049846534
19940909,0.001598581077891497
19940910,0.015490171527810539
19940911,0.003275961272238598
19940912,0.015179365786976203
19940913,0.00035162527132750636
19940914,0.01861838443127762
19940915,0.006319940050728689
19940916,0.0023706099948394336
19940917,0.001429004538567447
19940918,0.0045058478152605426
19940919,0.0018980207709441068
19940920,0.006141083625069559
19940921,0.0007121957778510008
19940922,1.7129776973182146e-06
19940923,5.482072521231242e-05
19940924,0.007847802785122465
19940925,0.004454475238839188
19940926,0.0013387375987219572
19940927,0.0007838449504200474
19940928,0.00016008324908623107
19940929,6.22946538765309e-05
19940930,0.00037897676355764376
19941001,0.0012048766972113654
19941002,0.0008727329633968601
19941003,0.005503953888965843
19941004,0.000768838856716455
19941005,0.0003648683922063415
19941006,1.3664469288248408e-06
19941007,8.655172998529632e-07
19941008,1.0578371463865002e-05
19941009,1.7361925971684483e-06
19941010,2.1550243900492205e-06
19941011,2.574984943164892e-05
19941012,4.0345345789597824e-07
19941013,1.0402420732706476e-06
19941014,1.2824001757903085e-06
19941015,2.1232359348182547e-05
19941016,5.2172196754595257e-05
19941017,2.9621722609923633e-05
19941018,4.4274242047945177e-07
19941019,5.139970466520402e-07
19941020,0.0005832218765095288
19941021,2.8336373654253457e-05
19941022,0.01143428898443998
19941023,0.003145662348508122
19941024,0.005548540750013321
19941025,0.005196273281826273
19941026,0.0045033173621083274
19941027,0.004139668168135631
19941028,0.005173902483854655
19941029,0.0031074553398036564
19941030,0.0138251684473383
19941031,0.0027347716505720762
19941101,0.001269737502168593
19941102,6.002327920136602e-05
19941103,1.754300860749908e-05
19941104,3.222931255668849e-05
19941105,0.0012488240271325826
19941106,0.002187787597384175
19941107,0.0034418512206511554
19941108,9.207540200745397e-05
19941109,0.002637423326072874
19941110,0.002274621564282626
19941111,0.0003896031970954142
19941112,0.0002963116768165314
19941113,0.0035715067691589513
19941114,0.0006466272048272502
19941115,0.00781532655886618
19941116,0.0009767619553215582
19941117,0.00105663757064091
19941118,0.0041627943697635445
19941119,0.005505038998823111
19941120,0.00044277472832904237
19941121,0.0009076031017593629
19941122,0.004355211182705615
19941123,0.00013781852644119795
19941124,0.00032785007808838876
19941125,0.0001319101832020266
19941126,0.0017600437597997058
19941127,0.0008174350977437013
19941128,8.975570760853017e-05
19941129,1.1504070736468819e-05
19941130,2.824779575934155e-06
19941201,5.407621010100204e-06
19941202,1.8283281314138487e-06
19941203,0.0020969929902387814
19941204,0.00706714462749085
19941205,0.012475848180876001
19941206,0.0028226777930985512
19941207,0.0014057359237392012
19941208,0.0035965935067499353
19941209,0.014400090846108441
19941210,0.0008445436319662336
19941211,0.0013501768864237758
19941212,0.00029580193736810034
19941213,0.00041978455148574474
19941214,0.002354179448997961
19941215,3.8028027965568363e-06
19941216,0.0009298413226024276
19941217,0.0002647746892447862
19941218,0.0017945223393391367
19941219,0.0013998085961367628
19941220,0.0018862203906965759
19941221,0.0003448409252751145
19941222,0.0003098998640045525
19941223,4.043746336432947e-05
19941224,3.522687879102903e-06
19941225,6.244828198643168e-05
19941226,0.0032833213615541122
19941227,0.0184584058341484
19941228,0.01500770962318472
19941229,0.005189374255507095
19941230,0.008224681524181572
19941231,0.00626723078791154
19950101,0.004271191467570812
19950102,0.003750475475692481
19950103,0.0005464307504782239
19950104,6.055385761557618e-06
19950105,3.3822741041451453e-06
19950106,0.0017123034517081302
19950107,0.0010273556657406932
19950108,0.003140883666580925
19950109,0.0063639928070524385
19950110,0.010951668754360324
19950111,0.008561767190937132
19950112,0.002444401867403692
19950113,0.00015771273262925713
19950114,0.0015308887661604673
19950115,0.00042193013764445903
19950116,2.302660734129395e-05
19950117,1.723584158687887e-06
19950118,0.010310509833513162
19950119,0.0013504309473147793
19950120,0.003698430604093647
19950121,0.00547918683968485
19950122,0.0343127666969663
19950123,0.011512708985930941
19950124,0.003114183073751872
19950125,0.0305331230593421
19950126,0.014009135429759668
19950127,0.003476269939864177
19950128,0.0143152515634947
19950129,0.0138689277526557
19950130,0.006573993563058717
19950131,1.6454337125111083e-05
19950201,0.00012498223648954045
19950202,0.004998406013136895
19950203,1.3485788018214957e-06
19950204,0.0015204227722091842
19950205,0.0005058035541028713
19950206,0.001554616557788229
19950207,0.0005658911437922675
19950208,0.0058760679459888806
19950209,0.00240730261232159
19950210,0.0040568479941358974
19950211,0.004939054781133162
19950212,0.0025012120376957875
19950213,0.007267880172346767
19950214,0.004120782964010922
19950215,0.0151420492911586
19950216,0.004729159745401931
19950217,0.007642538998425772
19950218,0.0020922699505869905
19950219,0.005130672277146968
19950220,0.002771821690856978
19950221,0.0025371334595938426
19950222,7.039887182292445e-06
19950223,0.0037297593866223535
19950224,0.00928224987024001
19950225,0.010793816776800023
19950226,0.0013897034270217835
19950227,0.0003230256773496484
19950228,0.0004393090359363687
19950301,0.0010432953499447152
19950302,0.003923483789653255
19950303,0.0064699115697859095
19950304,0.0007094729060821395
19950305,0.01037228923227918
19950306,0.004369296305304496
19950307,0.0010805959441684762
19950308,0.004458277361284493
19950309,0.001083441426777221
19950310,1.7281936379731633e-06
19950311,8.551284054192366e-07
19950312,8.612871056357108e-07
19950313,8.612871056357108e-07
19950314,7.66188125967215e-05
19950315,0.006114205560492941
19950316,0.0022855303051928454
19950317,0.014319151437791734
19950318,0.009384912682507457
19950319,0.0158448315489947
19950320,0.00273982505157995
19950321,0.0012303849408875488
19950322,3.0738827452303494e-07
19950323,2.140990878186877e-06
19950324,5.920558772603965e-09
19950325,0.0023627571822019498
19950326,0.0043404428608688215
19950327,0.010482177835364042
19950328,0.009317517264654894
19950329,0.005895120118155993
19950330,0.00021169721423382553
19950331,0.0059184764122478094
19950401,0.0011277729784010318
19950402,0.00022973291410274035
19950403,1.985787095517978e-07
19950404,5.36873280475094e-05
19950405,1.5016631741187416e-05
19950406,0.0004996077265466651
19950407,0.0006126813092275228
19950408,0.00026486678236289896
19950409,5.279256165498705e-05
19950410,0.003223339021919545
19950411,0.00014625836941837078
19950412,0.000825340296546181
19950413,0.0006926644783423349
19950414,2.5945149798542405e-06
19950415,0.0023547904636169936
19950416,0.002774823931882009
19950417,0.006657182328214359
19950418,0.017539645421936
19950419,0.0128184878927001
19950420,0.0011680248104507982
19950421,0.004072102313977769
19950422,0.001447119206430748
19950423,0.00126052723656737
19950424,0.0003826840324143594
19950425,0.005723897731155117
19950426,0.010139483050096203
19950427,0.003741766237513737
19950428,9.81178121313893e-05
19950429,0.004646657288932671
19950430,0.004534987422787738
19950501,0.0008468011131103256
19950502,1.0450896919074251e-07
19950503,4.351138045421976e-07
19950504,1.6824854046519051e-06
19950505,8.523463748133508e-07
19950506,1.256468109477913e-05
19950507,5.610289937949605e-05
19950508,0.0008206652484117157
19950509,0.0007721565740423609
19950510,0.00037910532525534156
19950511,0.00026155103806377127
19950512,0.0010237541151377
19950513,0.004933448793632758
19950514,0.0007599355620361295
19950515,0.00016662043062015485
19950516,0.012728302905090543
19950517,0.013345221769176099
19950518,0.01057585567979602
19950519,0.0014217257776789427
19950520,0.0006635342954409706
19950521,0.0003622162526941346
19950522,8.557507663092236e-07
19950523,1.5859299602697633e-05
19950524,0.0003990649864962011
19950525,0.005050827302832753
19950526,0.005144363249205591
19950527,0.004083480693911316
19950528,0.00020888950248821344
19950529,0.00498908320410469
19950530,0.004641245864349626
19950531,0.005684249814623509
19950601,0.0017848487704607138
19950602,0.003984647652030932
19950603,0.003122994277951948
19950604,0.0070115365503512295
19950605,0.00850766045899569
19950606,0.00137283185782833
19950607,0.0030666984179815813
19950608,0.0017282646967389556
19950609,0.0010417415548048693
19950610,0.0016907460899617556
19950611,0.0014245381398059309
19950612,0.004264080148326045
19950613,0.008778689266716764
19950614,0.005028910802479245
19950615,0.0014266896883369828
19950616,0.006025746889587001
19950617,0.002418337145461652
19950618,0.0035956876929872047
19950619,0.0005292016180906624
19950620,3.229741567217128e-05
19950621,0.0008775048195341051
19950622,3.086257543774239e-05
19950623,0.0011484290961249304
19950624,0.0012028243600333657
19950625,0.0001107331396522202
19950626,1.2683201819248567e-06
19950627,5.626544535053277e-07
19950628,4.261732051702438e-07
19950629,8.523463748133508e-07
19950630,0.0
19950701,0.0013426755496815943
19950702,0.009785063194388561
19950703,0.00376331603933811
19950704,0.001156602699028547
19950705,0.00025327621398959816
19950706,4.268884616604747e-05
19950707,1.767588404588594e-06
19950708,3.191260365832239e-05
19950709,0.0008009599654558933
19950710,0.0006613434350210802
19950711,0.005916195676351641
19950712,0.002883330112165261
19950713,0.0007837083019328777
19950714,0.0012964915711478364
19950715,0.008131924363059586
19950716,0.004078026764195717
19950717,0.0007876361250091706
19950718,0.0003770505588288023
19950719,0.00019241706251633595
19950720,1.3115339937340079e-06
19950721,0.0001480724627046757
19950722,0.023297957735118852
19950723,7.804816929076477e-05
19950724,4.888918278147651e-07
19950725,0.0
19950726,0.001103644274615685
19950727,0.010479046959697032
19950728,0.0022039294309714325
19950729,0.0003877072413648813
19950730,0.00020700492668463357
19950731,4.806156219489593e-06
19950801,2.2353272950642964e-05
19950802,8.108137946771472e-06
19950803,4.351138045421976e-07
19950804,4.761483272379568e-06
19950805,1.949789747951798e-06
19950806,0.0012806717955202987
19950807,0.0133478178762443
19950808,0.005217065508007073
19950809,2.5001906556744058e-05
19950810,4.351138045421976e-07
19950811,0.0017574322617865915
19950812,0.004195517681769421
19950813,0.0017274460158866966
19950814,0.001447500264343391
19950815,3.924127541327946e-05
19950816,7.558280082800269e-07
19950817,5.0799606665242404e-06
19950818,6.83606051446879e-06
19950819,0.00041324885139081463
19950820,0.002605139777689973
19950821,0.000988961526102955
19950822,0.0005580384531610258
19950823,0.00710567277499032
19950824,0.005356648601887321
19950825,0.0031909086334329703
19950826,0.002029871135166094
19950827,0.007412546466484514
19950828,0.003115611254197991
19950829,0.003948775723551601
19950830,0.0009350448272496996
19950831,0.00047242660166433366
19950901,0.00011837752338789834
19950902,0.00158401773775194
19950903,0.009635631423939845
19950904,0.001357565978085901
19950905,0.0028089311163716052
19950906,0.0006145923531182386
19950907,0.010038516587136715
19950908,0.013178119910890216
19950909,0.0018304184708836865
19950910,0.0035982782352268093
19950911,0.007386123895137536
19950912,0.009330661061606783
19950913,0.004872883487704408
19950914,0.00021453844307793536
19950915,0.0012347484490930567
19950916,0.005242095699844354
19950917,0.0007404469254109479
19950918,0.0010067964898689795
19950919,0.0038961679153675516
19950920,0.008273357259790724
19950921,0.00039336276009504205
19950922,0.0010487365801182978
19950923,0.00043973556603968156
19950924,0.007619279442883505
19950925,0.002089978273333332
19950926,0.0009476330448627464
19950927,0.012578976814987021
19950928,0.0012083645031177738
19950929,0.0003445857572154112
19950930,0.0004320641778687148
19951001,0.0034063993840107065
19951002,0.000938044443437674
19951003,0.007359418527287872
19951004,0.00436484947936629
19951005,0.008304047939333727
19951006,3.773074741988494e-05
19951007,9.660615201632503e-06
19951008,6.260318522269369e-07
19951009,1.3101189086006905e-06
19951010,1.2760035911161675e-05
19951011,0.00023365648758742324
19951012,0.00016601457758026842
19951013,0.00010408769115966849
19951014,0.00011657561265285634
19951015,0.0004027967861216766
19951016,9.144916315754123e-05
19951017,3.220940824227997e-06
19951018,0.0009399027560718139
19951019,8.980534961978142e-05
19951020,0.00024389169242025876
19951021,0.00013534346796644203
19951022,1.3683363082856868e-08
19951023,1.96334387505646e-07
19951024,1.7140584986918839e-06
19951025,0.0013519095528118522
19951026,0.00047176020038887026
19951027,0.0016282996085786121
19951028,0.006985246338411009
19951029,0.0043793196869323925
19951030,0.001292695852465313
19951031,0.00019653308726715857
19951101,0.0072044272483608555
19951102,0.000503669368196398
19951103,0.0031438560019679744
19951104,7.446547576993278e-05
19951105,3.5520721149370854e-06
19951106,2.149426913785207e-06
19951107,0.0001611030654092796
19951108,0.00047345883830397214
19951109,8.645301346301368e-05
19951110,2.28713770120203e-05
19951111,5.152705777241399e-06
19951112,3.1577084527641483e-06
19951113,0.0014178387335588131
19951114,0.00045787092889283643
19951115,0.006945028100216913
19951116,0.00865940652467415
19951117,0.008339798457011743
19951118,0.000690292763306316
19951119,0.003049055014603121
19951120,0.001361886720912385
19951121,7.540585023034332e-07
19951122,0.00022987608031042154
19951123,0.00028251835886216155
19951124,0.00015379565114190304
19951125,7.946404963965866e-05
19951126,0.0004288542772850053
19951127,0.002841235165383857
19951128,0.0013835698138513956
19951129,3.4889960767450384e-05
19951130,1.2268349360573204e-05
19951201,1.1532926043242957e-05
19951202,0.002025882792714196
19951203,0.0009710736601103316
19951204,8.121544671733351e-05
19951205,0.00012087620734201004
19951206,3.1308973604573595e-05
19951207,0.0007773600162067526
19951208,0.0010339478980138424
19951209,1.0040441738927115e-05
19951210,1.5709835850590388e-06
19951211,3.049268894447088e-05
19951212,0.00044491462683324826
19951213,0.0001674941981698165
19951214,0.0024673600703899582
19951215,2.3586357813580632e-05
19951216,8.369062314614071e-06
19951217,0.0014638151889039114
19951218,0.0015441525130505363
19951219,0.0006201550753016437
19951220,0.012201489156283033
19951221,0.007720989751963254
19951222,0.009613312538941274
19951223,0.0139565299015607
19951224,0.011777804668148092
19951225,0.0017309541327766144
19951226,0.00037257787622180504
19951227,0.000210481542239014
19951228,1.4092076049578808e-06
19951229,2.254722577853696e-05
19951230,0.005090294220533932
19951231,0.0029950941058231274
19960101,0.00027483323954192985
19960102,6.784007560358078e-06
19960103,0.00016488556484546717
19960104,1.31748836416158e-05
19960105,1.5603506876185172e-05
19960106,0.0016265155241336853
19960107,0.004324605072204838
19960108,4.5454616580368585e-05
19960109,0.0031066097687012044
19960110,0.0003342672871150296
19960111,0.001912302528743251
19960112,0.0029020816562421296
19960113,4.030471923074411e-06
19960114,3.158090158994115e-05
19960115,2.213243405934345e-05
19960116,5.3272289959643767e-05
19960117,2.6768910583936045e-05
19960118,3.3171694685059336e-06
19960119,1.1655806445973493e-05
19960120,2.7962516817237644e-06
19960121,1.988883246192775e-05
19960122,4.223964063777489e-06
19960123,0.0018244562634001523
19960124,0.0008841955474103929
19960125,0.00015713730574039555
19960126,0.0022704306049036015
19960127,0.0002832300096357282
19960128,9.227365722804825e-07
19960129,1.048050643065146e-06
19960130,3.41181333477516e-06
19960131,2.1486918485806033e-06
19960201,7.158119570529781e-05
19960202,0.0038763709028397943
19960203,0.0008036315523937922
19960204,0.00016333679915261264
19960205,1.9002169827354093e-05
19960206,2.0583898665146055e-05
19960207,0.0008701548685270164
19960208,0.0014471914427538924
19960209,0.00017793397041889242
19960210,0.001374763119970109
19960211,0.0013821739454640619
19960212,0.01748419365477494
19960213,0.005558690937959062
19960214,0.0010441777222248451
19960215,0.00020115881281749089
19960216,0.0033289500049074744
19960217,0.0035674670583670815
19960218,0.013845442209059887
19960219,0.0062986435504042
19960220,0.004775687640203346
19960221,0.0002544729420077421
19960222,0.0004964652648190982
19960223,0.0007105715252131616
19960224,0.0007337345677837174
19960225,0.0003987839152316349
19960226,0.0005316712662006826
19960227,0.0005289996987296447
19960228,0.0008676638465206269
19960229,1.3993918999699495e-05
19960301,0.0012063112040961135
19960302,5.036487846579457e-05
19960303,0.00027039848731638807
19960304,0.0002689692530249706
19960305,0.001007445352543699
19960306,0.0005406869049652695
19960307,0.0023694035081242184
19960308,4.3682578727339263e-07
19960309,0.0
19960310,0.0
19960311,7.531567032517146e-06
19960312,6.740104703962794e-05
19960313,1.1822802102641193e-05
19960314,0.00013537994680630033
19960315,3.0190496809470605e-05
19960316,1.169286588520719e-05
19960317,0.0002100212330064918
19960318,0.0004892360235572834
19960319,0.0002720646414751441
19960320,0.0016818519305060392
19960321,0.005002318662306164
19960322,0.004732099288282567
19960323,0.001372720717506374
19960324,7.044266605440667e-05
19960325,0.001233629542584103
19960326,0.006023583910754646
19960327,0.0004910763774869431
19960328,2.3182275853526493e-05
19960329,0.002273454742334975
19960330,0.0015436405317410746
19960331,0.0006253807429968909
19960401,2.7708572774116984e-05
19960402,9.261736898144887e-05
19960403,0.0001860103124524742
19960404,0.0010787860360000918
19960405,9.043455549782396e-05
19960406,0.0002092101077249252
19960407,0.0003721759597531462
19960408,0.000135698545832066
19960409,1.2816436835148097e-05
19960410,0.0005414333074744101
19960411,0.005196859936670811
19960412,0.0015147112212736302
19960413,0.0010759294263091737
19960414,9.003509703346445e-06
19960415,8.51824199324701e-07
19960416,8.523463748133508e-07
19960417,0.00011348941602864694
19960418,5.3173006572802155e-06
19960419,4.4373847965884405e-07
19960420,8.999581470076673e-07
19960421,1.453711388728854e-05
19960422,0.00011272245984092384
19960423,0.004945461364695791
19960424,0.003346944532334688
19960425,0.00015350427550743764
19960426,4.351138613856165e-07
19960427,0.00010042914038479313
19960428,0.002037592168498354
19960429,0.00039897682679012936
19960430,0.0009034756614050502
19960501,0.00524299379857138
19960502,0.007467958999383528
19960503,0.0029425925447719484
19960504,0.0013183099559440946
19960505,9.468960985169569e-05
19960506,0.0008435317165475166
19960507,0.0023537317312950666
19960508,0.00151030659627977
19960509,0.000619893599376032
19960510,8.926342806763599e-05
19960511,8.962444219762004e-05
19960512,0.0004996480539773446
19960513,0.0008154838856606181
19960514,0.0007333087969195695
19960515,0.001685564666466775
19960516,0.004702783578146895
19960517,0.006087906681317834
19960518,0.009693271424179736
19960519,0.008607450139519982
19960520,0.00035219984393287923
19960521,0.005433469649911189
19960522,0.0012525726915275275
19960523,0.0023791500810413963
19960524,0.005555145899444337
19960525,0.0062869809224964665
19960526,0.004577143140033343
19960527,0.0082037743555562
19960528,9.197919362041048e-05
19960529,5.995903545596966e-06
19960530,0.0
19960531,0.0014908806577886829
19960601,0.007629567557847283
19960602,0.00884528160500115
19960603,0.0006022301740059026
19960604,2.572987626400017e-06
19960605,8.702538707439089e-07
19960606,7.5624564949451735e-06
19960607,0.000390555376287679
19960608,0.0009686938464063052
19960609,0.0008122852277662614
19960610,0.000415912175480172
19960611,0.000561383689794429
19960612,0.00019817615330195985
19960613,1.219160633328944e-06
19960614,8.588233910700183e-07
19960615,0.0
19960616,2.55364977229768e-07
19960617,0.0
19960618,1.7184303014158765e-05
19960619,2.7521956370435784e-06
19960620,0.012751426657046412
19960621,0.0036617342882046145
19960622,0.0038405729488999903
19960623,0.001086973660040959
19960624,0.0005448223579653009
19960625,0.0005268090471387426
19960626,0.00022868649542346386
19960627,0.00029047568673016454
19960628,0.0011385119236737996
19960629,0.003644844608690865
19960630,0.0030672611091965927
19960701,0.0023295103610069152
19960702,0.001194824335122644
19960703,0.0028623107174354703
19960704,0.008324564327493292
19960705,0.019615766801410847
19960706,0.004441523210340795
19960707,0.004916744517757112
19960708,0.003984099440133543
19960709,0.0027415687682629053
19960710,0.004219100718422359
19960711,0.00018543857022540065
19960712,0.0007415916816175614
19960713,6.976989659479204e-05
19960714,3.3811447936770083e-06
19960715,0.0001527250417909865
19960716,9.22828114106957e-07
19960717,8.583068797918258e-07
19960718,2.6071221937308107e-08
19960719,1.7114019440866348e-06
19960720,8.79883030890843e-07
19960721,1.7089768675759842e-06
19960722,0.0
19960723,0.004245375825927941
19960724,0.0019948768071312815
19960725,0.0005162224496138248
19960726,6.928854914498103e-06
19960727,3.3317756743974605e-06
19960728,0.0012414784707333374
19960729,0.0016047497090738766
19960730,0.0005721680196972907
19960731,2.270128535270662e-05
19960801,5.2563439554495115e-05
19960802,8.537556095616081e-05
19960803,0.0007864713798771978
19960804,6.158961920070553e-05
19960805,8.048152572670684e-05
19960806,0.004822347715788143
19960807,0.00033015598574634566
19960808,5.7976414291856895e-06
19960809,2.676991063874407e-05
19960810,0.013354718047079467
19960811,0.004363434779550928
19960812,0.003885179269404708
19960813,0.017883269445161463
19960814,0.0028030252266564746
19960815,0.0008244545040114932
19960816,0.0002423548538797907
19960817,0.00016365889042568873
19960818,9.030363735610358e-07
19960819,1.2358946054663627e-06
19960820,0.0038764172913015827
19960821,0.013523902510266
19960822,0.00377628528647617
19960823,0.0005409235972539466
19960824,0.0008643679212703777
19960825,0.0007477874243282956
19960826,0.0038911938402063743
19960827,0.004910913156340146
19960828,0.009389427494275276
19960829,0.007342662934137158
19960830,0.0029517105980485254
19960831,0.0006813151865752564
19960901,0.00029766606561262534
19960902,0.00011531262652519367
19960903,0.00014976539705177248
19960904,7.979351548499405e-06
19960905,0.00019601366676270113
19960906,2.2533236099928354e-05
19960907,2.406205099438867e-06
19960908,0.00018794326399320237
19960909,7.191695458043272e-05
19960910,0.0002421483266169675
19960911,0.00034454557649436025
19960912,0.003793078622898218
19960913,0.0042230603899439
19960914,0.0021294651930538946
19960915,0.00033209655156917357
19960916,1.3679619446758964e-06
19960917,1.4314871267509966e-06
19960918,0.00015737940270941752
19960919,0.001530858927885472
19960920,0.006115083335161147
19960921,0.0010544649767530196
19960922,0.0008216413276857905
19960923,0.0012303951117130201
19960924,0.0020722326363792273
19960925,0.0003011918501314351
19960926,7.692231306156976e-05
19960927,0.005044759799003204
19960928,0.00078345856391011
19960929,0.0008302674304949853
19960930,5.246902002628018e-05
19961001,0.02507046750867056
19961002,0.001002500922566717
19961003,1.366101224615885e-05
19961004,0.0025716464686986215
19961005,0.0033360546668752293
19961006,7.296121288758044e-05
19961007,0.00016881077998238917
19961008,0.0005144244119734982
19961009,0.0003224047189542428
19961010,0.0003112621514570814
19961011,7.780189298534182e-05
19961012,5.380977811975111e-05
19961013,8.531766287333364e-07
19961014,5.929616928002247e-06
19961015,0.0035762683142497344
19961016,0.007332523490695567
19961017,0.0005904771342509942
19961018,0.0016242604472281393
19961019,0.0029475302636374156
19961020,0.004211134280224087
19961021,0.004342084830230804
19961022,4.017414313884963e-05
19961023,1.3537672955144498e-06
19961024,9.397492562367652e-07
19961025,0.00018379228142573862
19961026,0.001448904341022404
19961027,0.0022208978404487916
19961028,0.0015363659321878508
19961029,0.006941814126229255
19961030,9.936394708316488e-05
19961031,0.001621083434890469
19961101,0.004737276030563885
19961102,0.0004459878091919942
19961103,0.000119583160793724
19961104,0.0018407637627109502
19961105,0.007098931958174696
19961106,0.002866094034237617
19961107,0.016106197792156295
19961108,0.0023787617088150245
19961109,0.00023061412670643487
19961110,0.0040016930329094215
19961111,0.0140887987727079
19961112,0.0237071161287508
19961113,0.007945775381524186
19961114,0.00012554441975815912
19961115,8.49580543450823e-06
19961116,2.2764142402739002e-05
19961117,0.00021334931532729053
19961118,0.014084803138393361
19961119,0.00856729690817381
19961120,0.0106621117200715
19961121,0.0013315734403291381
19961122,5.501289070008318e-06
19961123,0.0016339986468608566
19961124,0.0012206567076011757
19961125,0.009664371563918283
19961126,0.0029582755741330144
19961127,0.001417190705877834
19961128,0.0008840031826221054
19961129,0.01728899686060217
19961130,0.004680713478090373
19961201,0.00034538359143326895
19961202,0.003820203853772645
19961203,0.004327599839957574
19961204,0.0026307250836251463
19961205,0.0022322644786617945
19961206,2.0309910964272788e-08
19961207,4.8369840074674574e-08
19961208,1.4484213289144308e-06
19961209,1.0297021627571424e-05
19961210,1.6026815139217944e-05
19961211,3.134582944615379e-05
19961212,0.0002718301788705521
19961213,0.0062569778372662
19961214,0.00038519477226535453
19961215,0.0003621871296360799
19961216,4.5514028702809394e-05
19961217,0.007037019073203682
19961218,0.002161419080078295
19961219,0.002382315422382142
19961220,0.0076217310308194
19961221,0.001478091121656562
19961222,0.005704698460074582
19961223,0.014218344407802966
19961224,8.544768964141911e-05
19961225,4.271753253900197e-06
19961226,8.449345033607401e-06
19961227,3.4780627878162636e-06
19961228,2.6020934606382614e-06
19961229,0.0008951775647869587
19961230,0.005081142013285275
19961231,0.0004373306753292683
19970101,0.0007999770643550698
19970102,8.257442224631867e-05
19970103,0.0015105325102091308
19970104,0.0025470478154221068
19970105,0.0010118773365864753
19970106,8.836003122441108e-05
19970107,8.253241626085698e-05
19970108,0.0002073720041743285
19970109,0.0005461657760110906
19970110,7.61272982558834e-05
19970111,3.404602357863547e-05
19970112,8.729855540814695e-06
19970113,7.909498453255317e-07
19970114,2.5848512450465932e-06
19970115,2.6030715694305835e-06
19970116,1.2934565985887754e-06
19970117,4.264973897999008e-05
19970118,0.0015232253099428576
19970119,0.010182891594196913
19970120,0.0001647116746616693
19970121,5.3088796600157485e-05
19970122,0.0018560488784025208
19970123,0.0022985069218950417
19970124,0.0011688492112261807
19970125,0.00010482068301356075
19970126,0.000843786114957651
19970127,0.0010329794789057704
19970128,0.00010543127752444741
19970129,9.267381071934025e-05
19970130,2.0866699173096382e-05
19970131,7.099550340389712e-05
19970201,5.1648731627578966e-05
19970202,3.848754911995964e-05
19970203,0.0004064719136381828
19970204,0.0011635737573582397
19970205,0.009233331962828455
19970206,7.291822821799075e-06
19970207,4.385701788337594e-07
19970208,4.970425739175152e-05
19970209,5.1400987153620725e-06
19970210,0.0017409902346425005
19970211,0.002130889807423329
19970212,0.008716489304331398
19970213,0.013184871201912272
19970214,0.008991164155958119
19970215,0.003310592273509038
19970216,3.3461673121501047e-06
19970217,0.001004819259425649
19970218,0.011816487483720333
19970219,0.0005538105590674437
19970220,0.0018092978639911072
19970221,0.0003836311836535423
19970222,0.00015128238347374436
19970223,0.0006645941029128329
19970224,0.00898835806633144
19970225,0.0338068027644737
19970226,0.01172914532182329
19970227,0.001056417413932498
19970228,4.351138045421976e-07
19970301,6.579410225786347e-05
19970302,9.582866924099897e-05
19970303,0.004344935167275537
19970304,0.000953500962489593
19970305,0.0042817513767522625
19970306,0.0005559625009757433
19970307,6.069017235179854e-05
19970308,4.263693858414629e-07
19970309,0.0
19970310,8.554492865187059e-07
19970311,9.469987844000706e-07
19970312,4.793986395902422e-07
19970313,0.0001402230644392525
19970314,0.0018282899691067374
19970315,0.0010322980320875172
19970316,0.00046343818958156414
19970317,0.0004368002568510385
19970318,0.0019343669453290983
19970319,0.007076861354331845
19970320,0.0015759004456072255
19970321,0.002046117445553487
19970322,4.5262958425808276e-06
19970323,0.003271073985402549
19970324,0.002982975678395007
19970325,0.0015479461014394204
19970326,6.680865981536229e-05
19970327,0.0016680923225638534
19970328,0.005387683572922147
19970329,0.0016642443149213128
19970330,0.0007234724485569127
19970331,-7.515254206192401e-10
19970401,8.523463748133508e-07
19970402,3.0284465152155275e-06
19970403,0.000664966965575648
19970404,0.0009062965500941842
19970405,0.0015013819527871755
19970406,0.0014485730153595397
19970407,8.70799775783387e-09
19970408,1.2892518839180411e-06
19970409,1.696877404810948e-06
19970410,1.7032922414728091e-06
19970411,0.00030830683698842654
19970412,0.0002738991968085233
19970413,6.755630357731082e-06
19970414,0.00012162585560905172
19970415,0.00013216361131759545
19970416,8.55376944994589e-06
19970417,2.5079290834256805e-05
19970418,1.4971245181500642e-06
19970419,0.00015108621481300127
19970420,0.0014779330537642963
19970421,1.3002477433668512e-06
19970422,0.00023759897334019075
19970423,1.631519427312122e-05
19970424,0.0
19970425,0.004115626324164889
19970426,0.0069316414864755045
19970427,0.005109602267567014
19970428,0.002551289040594314
19970429,0.00704815734856021
19970430,0.0010519265065605332
19970501,3.188009626400594e-06
19970502,8.583068833445395e-07
19970503,4.124328549650701e-05
19970504,0.0023382804486621897
19970505,0.01318428451052725
19970506,0.01469190159989021
19970507,0.004182339238923746
19970508,0.0002533128624888126
19970509,0.011172651811729939
19970510,0.0017565685184232993
19970511,0.0057102130920298555
19970512,0.0007367908538885722
19970513,0.0010168026764336155
19970514,0.001626595355671048
19970515,8.393611071766388e-05
19970516,0.0032424092722803744
19970517,0.003389677566742962
19970518,0.008065153273910245
19970519,0.0009181015004276176
19970520,0.010950099861871603
19970521,0.00905964121175625
19970522,0.001169491353519733
19970523,0.0005075683302197581
19970524,8.19310593873451e-06
19970525,1.7109053942476748e-06
19970526,0.0
19970527,7.760320164851945e-06
19970528,9.666256365509547e-06
19970529,8.583068833445395e-07
19970530,1.2375855582776825e-06
19970531,0.0
19970601,0.0006632153827156472
19970602,0.000436340875560094
19970603,0.0025048000091368386
19970604,0.00018153207823859852
19970605,0.0002681242465501191
19970606,0.002674171110792531
19970607,0.006528013100992421
19970608,0.010397229734608786
19970609,0.00026963900513672954
19970610,5.741008335615334e-05
19970611,0.0071124167772729455
19970612,0.0006136135207819114
19970613,0.01045234540646526
19970614,0.010779133275653567
19970615,0.00023029399776164998
19970616,0.0010842824075445662
19970617,0.0116167228311473
19970618,0.001747748860233587
19970619,0.0004889710759554561
19970620,0.004191460156036906
19970621,0.00838061417926414
19970622,0.005776941959817642
19970623,0.008876987332045476
19970624,0.00574933163590372
19970625,0.004727268340490242
19970626,0.014924629993697463
19970627,0.004661991478428485
19970628,0.0004945491090203396
19970629,0.0056999910141952385
19970630,0.00575232597632572
19970701,0.004289612242454926
19970702,0.00557665489739155
19970703,0.0014443838924515617
19970704,0.003942255481646726
19970705,0.0060459348028619
19970706,0.0011076195566918985
19970707,0.0013757779184939913
19970708,0.00019523161757521444
19970709,1.2885152910234628e-05
19970710,0.00034000513040175894
19970711,0.0002671307054978745
19970712,0.0017610788512629123
19970713,0.0016328649994429571
19970714,0.007248595875785538
19970715,0.0005073472802610782
19970716,8.780156679241062e-05
19970717,0.001960530683953463
19970718,0.012486380476263822
19970719,0.005040188866313777
19970720,0.003077497360537899
19970721,0.0011961235349357536
19970722,0.00016483525841385764
19970723,0.0010673789392436706
19970724,0.0036032052126947524
19970725,0.005923319073189311
19970726,0.0004983829915238314
19970727,0.00147218679898995
19970728,1.6695655762750648e-06
19970729,5.310171893374991e-05
19970730,7.422974946002701e-05
19970731,0.004493764623522773
19970801,0.0031109776108632844
19970802,0.003940341160130491
19970803,0.0005916697809331073
19970804,0.0004424934114908256
19970805,0.00031851031044123884
19970806,0.0037248071655068605
19970807,0.0008619603645252243
19970808,0.001088951498561433
19970809,1.1928525884676285e-05
19970810,6.277930497837659e-07
19970811,1.663521664737128e-05
19970812,4.501244592430393e-05
19970813,0.00198159021030449
19970814,0.0003704830276284278
19970815,1.1036567022063569e-06
19970816,0.00013238985635677245
19970817,0.0005823026477314949
19970818,0.0008030955193535043
19970819,7.628330111552233e-05
19970820,0.00010527282690068758
19970821,4.312057309860895e-05
19970822,0.0016464932633081504
19970823,0.0013832585343611886
19970824,0.0008049568424331453
19970825,0.0002972450893473947
19970826,0.00275654829241853
19970827,0.003355799097439584
19970828,0.024768174892828055
19970829,0.001139546865546318
19970830,0.0035298625199267964
19970831,0.00011010944883371611
19970901,0.008392049153148432
19970902,0.004201010033992756
19970903,0.0012039584043923302
19970904,0.0010374401943149703
19970905,0.0020159456389158147
19970906,0.0011320837788161993
19970907,0.0004549823632613322
19970908,1.1469512960581317e-05
19970909,0.00016078276583270324
19970910,4.501869880357003e-06
19970911,4.261731874066754e-07
19970912,0.00816060618486431
19970913,0.002655266349544204
19970914,3.7540311481405226e-06
19970915,0.0
19970916,8.497025874021347e-07
19970917,4.530857900609407e-07
19970918,1.2715134394141143e-05
19970919,0.0018852465293104955
19970920,1.5337457567871869e-06
19970921,5.710833532669059e-09
19970922,3.100043369299994e-06
19970923,1.1200394663207268e-06
19970924,9.246132838144568e-07
19970925,2.1419900804175995e-06
19970926,9.106247021825548e-11
19970927,4.2828344798991145e-07
19970928,1.6640144868017416e-08
19970929,1.7286366595896486e-06
19970930,7.529193162796258e-06
19971001,0.0005501244914194782
19971002,0.00038893320296211836
19971003,1.97212550127928e-05
19971004,2.4483142370595767e-06
19971005,1.274905096157484e-06
19971006,0.00012367324220084627
19971007,0.005193314522412649
19971008,0.004863643965647562
19971009,0.002364627175761367
19971010,0.011808285550114556
19971011,0.010662862913105685
19971012,0.012316880247181628
19971013,0.004264944994342887
19971014,0.002245747783071514
19971015,0.0073430795223886555
19971016,0.0012126408121473674
19971017,3.70349247599096e-06
19971018,1.8586292010131996e-06
19971019,7.383095907699025e-07
19971020,0.00022087480351213194
19971021,0.0003280718724448262
19971022,8.741177980821063e-07
19971023,2.1968301482524916e-06
19971024,0.0001402964919357628
19971025,1.6028455879772435e-05
19971026,8.339573837977155e-05
19971027,6.341979621420162e-05
19971028,2.9906132112955675e-06
19971029,1.7374745766574051e-06
19971030,8.702277796146518e-07
19971031,1.2734884368474054e-06
19971101,1.8078105487600838e-06
19971102,3.219805046934853e-07
19971103,2.7198527045613973e-06
19971104,0.0024281765308378908
19971105,0.010214000070235346
19971106,0.0262968094413788
19971107,0.0009000163064825881
19971108,0.0021523279448097095
19971109,0.011438289214454509
19971110,0.004731996595908693
19971111,0.006198665181571509
19971112,0.0107302581835391
19971113,0.001397181244955752
19971114,0.00044102054421345975
19971115,0.0016674387521196513
19971116,0.0033097380429082503
19971117,7.258100211138985e-06
19971118,1.2929721685131279e-06
19971119,0.000778509433039837
19971120,0.004479339962187666
19971121,0.0008684243087833948
19971122,5.548408448608223e-05
19971123,5.802800674221255e-05
19971124,5.09676743864467e-06
19971125,0.00016773042382547382
19971126,8.146702522837257e-05
19971127,0.0021911064955179946
19971128,0.003234171969518829
19971129,0.0030111297589515886
19971130,0.005284498899052538
19971201,0.0011125232209887959
19971202,0.009059266664913922
19971203,0.003825448630168044
19971204,0.0003150216880391629
19971205,4.183538674308459e-05
19971206,0.00022667198700874132
19971207,1.302503292684508e-05
19971208,6.232596278692024e-05
19971209,0.0010211401629183067
19971210,0.005994948293923657
19971211,0.014786906392196
19971212,0.005719164140006935
19971213,0.0004551401011785124
19971214,0.0038405945318068673
19971215,0.0006646534572559546
19971216,3.0408978200600664e-05
19971217,0.012203139064990752
19971218,0.00893010407042735
19971219,0.004007454040183976
19971220,0.012943609046995559
19971221,0.0158922113468544
19971222,0.00038944649535779016
19971223,0.000342140298222624
19971224,0.0027363271168446787
19971225,0.004642171655530786
19971226,0.005499234325270652
19971227,0.0023722971563394
19971228,0.001884335165801611
19971229,0.0023337973610224817
19971230,0.00021853661142425
19971231,0.0012271061945883616
19980101,0.0027971236866855607
19980102,0.012051874270725045
19980103,0.008179220774326907
19980104,0.0038949591886142682
19980105,0.009875157052896839
19980106,0.002739036117795199
19980107,0.0024219302634250874
19980108,0.0005732957551436975
19980109,3.016456978619327e-06
19980110,1.7208933181927242e-06
19980111,3.627470540965309e-08
19980112,1.7285346416429093e-06
19980113,0.00048174218595092573
19980114,0.0006782360919589845
19980115,0.003920796729729027
19980116,0.0114728526874719
19980117,0.0003560290690648735
19980118,0.00698023399229848
19980119,0.01309985513772599
19980120,0.003799917964924056
19980121,0.00048719759246397055
19980122,2.321180745991495e-05
19980123,4.958280836658528e-05
19980124,0.0011125332514033727
19980125,0.000344603337495436
19980126,6.0885329500033395e-06
19980127,1.3279160699712554e-06
19980128,7.550144826634034e-06
19980129,9.949291597756634e-05
19980130,7.64171103727456e-05
19980131,0.00018884134833493593
19980201,4.343264574548511e-07
19980202,9.32885131775965e-06
19980203,0.00014451158707271986
19980204,8.405357032854704e-07
19980205,3.7682312377697576e-06
19980206,6.960669610826859e-06
19980207,0.0009351335604790631
19980208,8.58227225802796e-05
19980209,0.0
19980210,0.0
19980211,2.2824298618357125e-06
19980212,1.4490020122049182e-08
19980213,4.586582998300495e-06
19980214,1.3068722657465626e-05
19980215,6.0211418369074705e-05
19980216,0.0005527639162114487
19980217,0.0005396209165570534
19980218,1.7481604588290504e-06
19980219,4.740788015091394e-05
19980220,6.210844295844456e-06
19980221,0.002350458145838846
19980222,0.00890480927448921
19980223,0.00038760506628408636
19980224,0.00015940495152543603
19980225,0.000118562780491781
19980226,5.884555339678896e-05
19980227,0.0010712293196286295
19980228,0.004804685920599017
19980301,0.001664378301375048
19980302,0.0010308902582471628
19980303,0.0010913327670488472
19980304,0.009102511031560928
19980305,0.0050588707275965135
19980306,0.00784093997984009
19980307,0.008152852022240217
19980308,0.00777500464360858
19980309,0.0005179600325089466
19980310,8.177329522717405e-07
19980311,0.001315754779915344
19980312,0.0023972813506056272
19980313,0.00023916507988743014
19980314,0.0011056998046366975
19980315,0.0017597216038124522
19980316,0.0010029210347311135
19980317,0.00037014835423532585
19980318,0.0003342412511193819
19980319,0.00014092999725565477
19980320,0.0015302424568702712
19980321,0.0008225303363959395
19980322,0.00035503407406428314
19980323,0.004674632988302099
19980324,3.925989940423757e-06
19980325,8.592381881555866e-07
19980326,0.00032245659026247723
19980327,0.0013124698275100181
19980328,2.2249916320364777e-05
19980329,0.0
19980330,1.5927706043170655e-06
19980331,1.0484916180925456e-05
19980401,0.0014281498671809083
19980402,0.006216010993084646
19980403,0.0196917990431002
19980404,0.007387615918419911
19980405,0.003318970979350944
19980406,0.008043171178907788
19980407,0.017074003407597
19980408,0.0038059812566576955
19980409,0.004635965608956964
19980410,0.0064004111728906375
19980411,0.001384444827030715
19980412,0.004667931275448186
19980413,0.0014748372423530724
19980414,0.0009533902622946025
19980415,0.013323539797225569
19980416,0.0017132556937452133
19980417,0.006974091616874048
19980418,0.002893929071530434
19980419,0.0013706386296508965
19980420,0.0076163564922724
19980421,0.0008038868002311233
19980422,3.1652235845139938e-06
19980423,0.0008757065449033112
19980424,0.0012703235463840477
19980425,0.0012816833582574452
19980426,0.014582198233798383
19980427,0.013264583262861023
19980428,0.002319982846766802
19980429,0.00030950602829943254
19980430,0.00017035270685920813
19980501,0.008913091395923299
19980502,0.004341796897041026
19980503,0.0015366730927215985
19980504,0.00012947857099005066
19980505,0.0006645333191618126
19980506,0.0020493742687822387
19980507,0.0002707752095523808
19980508,7.500343963796407e-06
19980509,2.6733603301779667e-06
19980510,5.899975251124701e-05
19980511,4.77331113591711e-05
19980512,2.0121308441025887e-05
19980513,0.0002491068666813332
19980514,0.00016710679358433056
19980515,4.3380328102360286e-07
19980516,0.0
19980517,8.374737820118011e-05
19980518,1.3075183504573842e-05
19980519,1.223480581730711e-05
19980520,0.00011669788979571874
19980521,0.0013653460250823938
19980522,3.309040212309206e-05
19980523,1.0546717197459679e-05
19980524,0.0015104902486232435
19980525,0.0033939759364077023
19980526,0.003761153808969876
19980527,0.0043715747083168735
19980528,0.014228237607822772
19980529,0.0037492094889953974
19980530,0.0008337871973056836
19980531,0.009952974670482062
19980601,0.0010725532147136748
19980602,0.012832609332764599
19980603,0.0010264585240988985
19980604,3.7251948951391e-05
19980605,0.000290715769622315
19980606,0.0013118962732994724
19980607,0.012622500587500788
19980608,0.0007069047221710866
19980609,0.0009923718060888187
19980610,0.0076264373146472915
19980611,0.005595832902062367
19980612,0.0026155041141532774
19980613,0.000879683824255483
19980614,0.009918285216516559
19980615,0.006001478052499212
19980616,0.006642062733122866
19980617,0.0015823765738428824
19980618,0.00045786358101213015
19980619,4.940940760149664e-05
19980620,4.306574531036182e-06
19980621,0.001338836618306827
19980622,0.0017991080820736933
19980623,1.204899857118377e-05
19980624,7.963383540661097e-06
19980625,0.0017474413248607756
19980626,0.0010058450568760705
19980627,0.000856012119666703
19980628,0.0005859736960785661
19980629,0.0003857775221498834
19980630,0.001485966476932794
19980701,0.001645598810933562
19980702,0.0008913810995724517
19980703,0.00011981497808018813
19980704,0.00032400907962223024
19980705,0.0006109518437766335
19980706,0.0010815197572416255
19980707,0.002144268417117835
19980708,0.0018563313388365794
19980709,0.0012054774995190573
19980710,0.002728499554151543
19980711,0.002155275272690193
19980712,0.0036697094058778185
19980713,0.006553882099122873
19980714,0.0010592336017759836
19980715,0.0010308018643353904
19980716,0.010071829183567329
19980717,0.00249104694235803
19980718,0.001013493275871391
19980719,7.26877408996391e-05
19980720,0.0005437979970433623
19980721,0.0013015598201677023
19980722,0.00011362307097633091
19980723,0.001226597289960813
19980724,0.00020839731999564167
19980725,4.688225860410273e-05
19980726,6.787573680073192e-06
19980727,0.0005057534821116809
19980728,0.0016312712062145486
19980729,0.004358016659402063
19980730,0.002471280377971907
19980731,0.00030124385324035747
19980801,0.005484527484952974
19980802,0.004135902075293978
19980803,0.000524737455064768
19980804,0.0005285496377576497
19980805,1.1586652518491224e-05
19980806,4.692472404852301e-07
19980807,1.2939110547449673e-06
19980808,0.0
19980809,4.5701310386637835e-07
19980810,3.0441122269764133e-06
19980811,1.7365894023655485e-05
19980812,0.0005970848116718886
19980813,0.00037519675035217466
19980814,4.270839382979173e-07
19980815,0.00011909535898201634
19980816,1.5763976041184427e-05
19980817,1.8106503927809355e-05
19980818,0.0008232807211401591
19980819,0.0002581641030848883
19980820,1.0923494047547806e-05
19980821,0.007456211146715623
19980822,0.006177819269324616
19980823,0.000920872478329833
19980824,0.009053567347365076
19980825,6.308072679960318e-05
19980826,0.0004875686947112143
19980827,0.0005620432225945021
19980828,0.0005234281043094301
19980829,0.0002633779140898123
19980830,0.000806110291558065
19980831,0.0002261210201006608
19980901,0.0012134791045164638
19980902,0.007715116429533826
19980903,0.007996082863101977
19980904,0.0036700099848031888
19980905,0.012192726873578696
19980906,0.0018935716550566339
19980907,0.00540859014114723
19980908,0.0015630671400486914
19980909,0.0013891646835585568
19980910,0.0059415429603128355
19980911,0.007227216872539837
19980912,0.012698635655583828
19980913,0.00806831259604164
19980914,0.0113378019544091
19980915,0.005752267836726781
19980916,0.0032969216261835095
19980917,0.0024003707142515006
19980918,0.00011687553584258835
19980919,2.1538571180900154e-05
19980920,2.7592012343641903e-05
19980921,1.8099793901121711e-06
19980922,0.00012132112002334359
19980923,6.6655901721009995e-09
19980924,0.0003686239721684091
19980925,0.0005311639855897217
19980926,0.005246367891295349
19980927,0.0033791227720827376
19980928,0.007520659437993458
19980929,0.000982785980446171
19980930,0.011831744643242999
19981001,0.0013332871868028395
19981002,0.0014306733247029604
19981003,0.0027138236783105316
19981004,0.0017446589342042095
19981005,0.0016563188772927763
19981006,0.007714086608584731
19981007,0.0008882530418874498
19981008,0.0040984925019183415
19981009,0.00020126054156945403
19981010,0.0040914886467199995
19981011,0.006722693714180024
19981012,0.003671729914776729
19981013,0.0005230988611899918
19981014,0.0036740744587178986
19981015,0.0026988628478612415
19981016,0.0007908815016064915
19981017,0.004825785698248512
19981018,0.0009113795477481544
19981019,0.00036512433789353556
19981020,0.0007501805976071703
19981021,0.00024955856086266484
19981022,0.0010857878738154353
19981023,0.013896211636196046
19981024,0.01834877083125197
19981025,0.010477854578698079
19981026,0.005205903276042845
19981027,0.0037570391825403424
19981028,0.0263789386423738
19981029,0.023280203528887107
19981030,0.01029211979357599
19981031,0.01370737382886758
19981101,0.012689530847302656
19981102,0.0017299892444575195
19981103,0.005457079059688528
19981104,0.0030949450016117207
19981105,0.00035376516941497654
19981106,0.0012373083749177248
19981107,5.361477547101167e-05
19981108,0.0020985636709727105
19981109,0.0031761391742099335
19981110,0.0042790312245336555
19981111,0.000235006226491426
19981112,0.0002304028050770122
19981113,0.0019746595372757366
19981114,0.009600258991241634
19981115,0.005446184661874279
19981116,0.004962992480357869
19981117,0.00028287092375543424
19981118,5.5549676876378135e-05
19981119,0.002507990642606421
19981120,3.028427992008891e-05
19981121,8.554129627745547e-06
19981122,1.4315522758473042e-07
19981123,2.558660961452448e-06
19981124,1.2440024362368516e-05
19981125,0.00037941407397549994
19981126,0.003370688560109142
19981127,0.004246171988943272
19981128,0.0006440658029291602
19981129,0.00744835565980404
19981130,0.000405544040924131
19981201,2.674540353311011e-05
19981202,1.859056814607196e-05
19981203,2.759715518880362e-05
19981204,0.001262827602131691
19981205,0.00409673188626509
19981206,0.0016380965847664496
19981207,0.0022358653779425536
19981208,0.00036869551544474043
19981209,0.0062914226382708
19981210,0.004115068472997464
19981211,0.0060047157584441424
19981212,0.006477086251583637
19981213,0.002267266440508464
19981214,0.0010337682468493376
19981215,0.00020206389039754171
19981216,0.0003520684174682674
19981217,3.158630280931218e-06
19981218,0.0017924485449407118
19981219,0.005417420003570676
19981220,0.0020938203047072505
19981221,0.0003181678318718214
19981222,0.000900449860447982
19981223,1.9905223915857867e-05
19981224,0.0029694084019403315
19981225,0.0007141110456416695
19981226,0.0032061257854540362
19981227,0.005483458900473883
19981228,0.0018780538819417893
19981229,5.678425263053307e-05
19981230,4.482439406232832e-06
19981231,3.7945149036141016e-05
19990101,0.0003315858898754327
19990102,0.0034174452508147113
19990103,0.0082762797412162
19990104,0.0035789606713902814
19990105,5.610150546908752e-06
19990106,2.337358267004827e-08
19990107,0.0053181842924299606
19990108,0.006075253515992671
19990109,0.007201412046586753
19990110,0.000704027098812725
19990111,0.002278993918131021
19990112,0.0029886291416097153
19990113,0.005202398702823524
19990114,0.0046285890853050285
19990115,0.00077850140716036
19990116,0.000551462753504435
19990117,0.0058219626947263485
19990118,0.001400799154331229
19990119,1.8872189001569127e-05
19990120,4.600519757473013e-06
19990121,3.968877786167087e-06
19990122,8.949828158715953e-06
19990123,9.018998758392145e-05
19990124,0.0003380752250863025
19990125,0.0028008151089462395
19990126,0.010815303840868054
19990127,0.009960517501384918
19990128,0.01325953066867806
19990129,0.0008988285891914595
19990130,0.00014736233108818663
19990131,0.00016636262390865535
19990201,0.0007802647658965991
19990202,0.000729239060873126
19990203,0.0005282990068453059
19990204,0.00183736104584707
19990205,0.0060222683983052
19990206,0.005095059699095467
19990207,0.007546641782839987
19990208,0.0018138651749058667
19990209,0.0025165496762055363
19990210,0.0008921707175931439
19990211,0.00081788086646395
19990212,3.7686635560940625e-06
19990213,6.854045134746761e-05
19990214,2.3267700100789752e-05
19990215,0.0005272663473062006
19990216,0.0038184587057434848
19990217,0.0036291383553317745
19990218,0.006378967853216511
19990219,0.014450163615613099
19990220,0.011113739332607883
19990221,0.010554812325370918
19990222,0.007679873907472536
19990223,0.002503269997923514
19990224,0.003113023901441301
19990225,9.234892225786197e-06
19990226,0.00021221179498621205
19990227,0.0009138083320555805
19990228,0.0017398781204430564
19990301,0.0063513122576281025
19990302,0.008155488960770152
19990303,0.00911364245642161
19990304,0.005566832345907096
19990305,0.0038922477665206258
19990306,0.0018306206743532389
19990307,0.0029395357916925913
19990308,0.009775440253906267
19990309,0.0117549942649514
19990310,0.00702640426131654
19990311,0.00019350666381089126
19990312,1.5371485071043048e-05
19990313,3.170351388812353e-05
19990314,0.00010006660391691543
19990315,7.306780193845204e-06
19990316,3.4209500654578834e-09
19990317,3.7985986932759156e-06
19990318,0.001119094220826165
19990319,0.0018385749600635102
19990320,0.0005015558896845639
19990321,0.005455625439526371
19990322,0.006970934287101442
19990323,0.005570891938353731
19990324,0.00012698663483159413
19990325,0.002084912461778387
19990326,0.005923581032428561
19990327,0.01022145968219593
19990328,0.008084593486941042
19990329,8.238056057181029e-06
19990330,4.2438247040542116e-06
19990331,4.035601038796667e-09
19990401,8.191471367732793e-07
19990402,0.00256973993639944
19990403,0.0035911012166592055
19990404,0.001811504447857713
19990405,0.0007041993768554114
19990406,0.0043455359266940585
19990407,0.005899308287042943
19990408,0.0009488094626186658
19990409,7.060254111957525e-06
19990410,0.00015522545009984324
19990411,0.0036270457818103857
19990412,0.008263330579592647
19990413,0.0071715910117812875
19990414,0.01824532191754778
19990415,0.0024620694209344565
19990416,0.0012816245727358293
19990417,0.0021692705601790603
19990418,0.004140136363348175
19990419,0.004438522418910205
19990420,0.0025472677502393418
19990421,0.006519079376632805
19990422,0.002253280126915782
19990423,0.0018401235402002783
19990424,0.00085575378604562
19990425,0.0011534916780694968
19990426,0.0015203462809810474
19990427,0.0012758478435285143
19990428,0.0002584121497415395
19990429,0.00012431119694067245
19990430,0.0012920801944829102
19990501,0.0028979893585194694
19990502,8.94803130657989e-05
19990503,2.689888504109468e-06
19990504,0.0008908867408255422
19990505,0.0027604170983393465
19990506,0.003423635026697511
19990507,0.006662738669954873
19990508,0.0027385940038236506
19990509,6.535640333606546e-05
19990510,0.0044026081125912424
19990511,0.003934262977689173
19990512,0.004449341652473699
19990513,0.0020228796771733235
19990514,0.0024129668310246366
19990515,0.00063730623920873
19990516,4.4867096499650856e-05
19990517,0.00455964181582286
19990518,0.0061113987733799405
19990519,0.006277639964352524
19990520,0.0020011700953444576
19990521,0.0005071822986493733
19990522,0.001096321573844027
19990523,2.6159382421905623e-05
19990524,0.00023997186231761747
19990525,0.0005566705153182409
19990526,1.0753322688177655e-06
19990527,8.267742789157809e-06
19990528,0.004069269040420422
19990529,0.0008538772943360954
19990530,0.003931830278581605
19990531,5.10985330214671e-05
19990601,0.00027736859616563466
19990602,0.004219164361339551
19990603,0.004196646920567084
19990604,0.002899845703722185
19990605,0.01126863516756809
19990606,0.0021912722592437586
19990607,0.004420810176733268
19990608,0.002620740084309672
19990609,0.0004655279242566864
19990610,0.00036935856596375196
19990611,0.0003568858500216611
19990612,0.0007519116872343817
19990613,0.005626437513013569
19990614,0.0029264565301387623
19990615,0.00010952722758556463
19990616,8.82049233033143e-05
19990617,0.0002868432511964879
19990618,5.557244541607503e-05
19990619,3.860612119755915e-06
19990620,0.0015327885331221976
19990621,0.004838753487387708
19990622,0.0005072063868440667
19990623,4.810258330959194e-05
19990624,3.537648874157504e-05
19990625,1.289257284042833e-06
19990626,0.005127667650075017
19990627,0.009900476728327678
19990628,0.001181500926975982
19990629,0.0017597536903522228
19990630,0.0021305689330023522
19990701,3.762100953570912e-05
19990702,9.486377640090215e-05
19990703,0.00045534447856341285
19990704,0.003049929489425047
19990705,0.003575407233066478
19990706,0.0185672955425409
19990707,0.005011589620675644
19990708,0.0009595913871611385
19990709,0.0002926309052912134
19990710,0.005493053867525923
19990711,0.003015267012789085
19990712,0.005027674305437934
19990713,0.009195805415362917
19990714,0.002980611194956592
19990715,0.0011162570761036363
19990716,0.00018933929939672067
19990717,1.9792339151905557e-06
19990718,0.0005427849002679236
19990719,0.001965718115057684
19990720,0.0014857796995882762
19990721,0.001427602860191796
19990722,0.0025714157803692146
19990723,0.0007380853890656722
19990724,6.5197880078629504e-06
19990725,4.20086773182893e-05
19990726,0.0003274354838803493
19990727,0.0001214841785652928
19990728,0.0004242212349882518
19990729,8.644512117790131e-07
19990730,4.5396404034469187e-07
19990731,2.1203280602097956e-06
19990801,3.7514405160034743e-06
19990802,9.502657360765942e-06
19990803,0.0037014079921268007
19990804,0.002742796751331494
19990805,0.003252775238330833
19990806,0.00899915940773526
19990807,0.004318153710832814
19990808,0.00965143223966673
19990809,0.004383346272176674
19990810,0.0037919603883734858
19990811,0.003482924070792586
19990812,0.0007233352503821674
19990813,7.804297179628448e-05
19990814,0.009545548036010857
19990815,0.0016307270232926688
19990816,0.005604830166736782
19990817,0.001070139528475771
19990818,0.007597418798866755
19990819,0.0003734650697741806
19990820,0.00019642066850785304
19990821,0.00038121540934719114
19990822,1.3327328477549603e-06
19990823,4.261732051702438e-07
19990824,0.00023727650769906974
19990825,8.654205839039797e-05
19990826,0.012112778595160972
19990827,0.0012417218145990543
19990828,0.0006915618256378754
19990829,8.933081647561277e-05
19990830,0.0001269126725150587
19990831,5.5922694048738665e-05
19990901,0.0002485247615970975
19990902,9.79632643129764e-07
19990903,4.0481023117939446e-08
19990904,6.736641847248651e-05
19990905,0.00016091705896292683
19990906,0.005222456218209039
19990907,0.0008845367118526183
19990908,5.38570539217807e-05
19990909,1.6552969159754474e-05
19990910,1.4847632535997186e-06
19990911,2.2685703271085145e-06
19990912,6.555465205586051e-05
19990913,7.719448689580286e-05
19990914,0.0008944317219001226
19990915,0.003931248459264199
19990916,9.632700941242906e-05
19990917,0.003813562565594151
19990918,2.1447232031098053e-05
19990919,0.0002675685912359565
19990920,0.0066140229245254
19990921,0.005318543590656272
19990922,0.006882657628449042
19990923,0.006990049964788953
19990924,0.0010042537711751598
19990925,0.005227869278133905
19990926,0.006546642103669476
19990927,0.0037744975807689728
19990928,0.003980487023068422
19990929,0.01685459784772958
19990930,0.015763000673896403
19991001,0.0021349137821592436
19991002,0.007637105289631596
19991003,0.006905813776432469
19991004,0.004865544955501201
19991005,0.0024880402607698683
19991006,0.00025263855139408053
19991007,3.556133239465993e-05
19991008,0.002196667590069454
19991009,0.0014556962647584238
19991010,0.00030049670967026616
19991011,0.00091877228524597
19991012,0.0005230162785999327
19991013,8.557747187433053e-06
19991014,9.555345090804268e-06
19991015,3.2206898368159394e-05
19991016,5.0959324257609934e-08
19991017,8.565614701477043e-07
19991018,0.0
19991019,0.0020695556914025436
19991020,0.0014555412036483114
19991021,0.0005828099382183875
19991022,0.007617628633232693
19991023,0.00806480169797992
19991024,0.012834814890606559
19991025,0.00389439213458374
19991026,0.0003554301451558441
19991027,8.046988048429032e-06
19991028,0.0006889734196987172
19991029,0.0009575293330015728
19991030,0.002478361554330716
19991031,0.0034056132265765653
19991101,0.0017091844539298398
19991102,0.022587771153248486
19991103,0.00010705892858506423
19991104,2.4358989748119755e-05
19991105,0.0006745918277651105
19991106,0.00404770750836223
19991107,0.00024293298889552383
19991108,0.0009260673494577012
19991109,0.0015812901924502278
19991110,0.005436715445673946
19991111,0.0017493370970458378
19991112,6.9166436109493075e-06
19991113,1.7907669429077834e-05
19991114,0.00050669667883919
19991115,8.251696325214307e-05
19991116,0.0003871103032198005
19991117,0.0017020144808371077
19991118,0.005367664789883303
19991119,0.0023783124885609986
19991120,0.0017064192100315488
19991121,6.503959939831429e-05
19991122,0.0012764462566461712
19991123,0.0030077774274236586
19991124,0.0004362485734336035
19991125,0.0007428390117679858
19991126,0.00015837442937874594
19991127,0.000775143234737706
19991128,6.466726660787966e-05
19991129,0.0
19991130,2.28279766209761e-05
19991201,0.002454513181721105
19991202,0.00194431741418178
19991203,0.0023566538586500744
19991204,0.010980663095725133
19991205,0.0015053667716806664
19991206,0.0008080695505791362
19991207,0.002691449205746222
19991208,0.0017493955858013386
19991209,0.008826984833712423
19991210,0.0014550896149388506
19991211,0.01115635355004424
19991212,0.0218308661253063
19991213,0.007371909538459125
19991214,0.012630727180838484
19991215,0.001047997830545896
19991216,0.0003395557686464832
19991217,0.00830988169792195
19991218,0.018270357296622
19991219,0.0158872555098624
19991220,0.00020225135249445637
19991221,7.984803054045906e-05
19991222,2.274078921584359e-06
19991223,0.0019104629742686973
19991224,0.001935538616451326
19991225,0.0167319910367543
19991226,0.021685196564986076
19991227,0.008544926035509043
19991228,0.011265069954145317
19991229,0.0009312061263625812
19991230,0.0016445088816779059
19991231,0.0024414024356887434
20000101,0.0020308927740304585
20000102,0.00017743124433897226
20000103,6.912496252143512e-05
20000104,0.002387841678681269
20000105,0.0007577344177829356
20000106,0.0006594600830955538
20000107,0.000933949370134946
20000108,0.001475942318055289
20000109,0.0085091716858108
20000110,0.0017674620192417278
20000111,3.377218553229752e-05
20000112,5.1038407160281756e-05
20000113,0.00016842442429095082
20000114,0.0001726766473578369
20000115,7.328962376524388e-05
20000116,0.00021979748312310238
20000117,0.0007968591903634418
20000118,0.0015858040670433098
20000119,0.0006291407081674033
20000120,0.00046857776212292415
20000121,0.002385063359752057
20000122,0.004957854548679444
20000123,0.00311078104166911
20000124,8.71864779266575e-06
20000125,5.414802182767238e-06
20000126,3.1892909984582294e-06
20000127,1.003516701965081e-06
20000128,7.969432178071347e-05
20000129,0.012233551035047306
20000130,0.008427192477674707
20000131,0.001032569187747691
20000201,0.00015493878457182187
20000202,0.003060531477880183
20000203,0.0002903739174589341
20000204,0.0001249599471570654
20000205,3.152350437550358e-05
20000206,7.929250209409944e-05
20000207,0.004926062136579348
20000208,0.01419657625553275
20000209,0.002570031812662652
20000210,0.006700329346702917
20000211,0.0010629009585980938
20000212,0.0012306163228408594
20000213,0.009183373041954013
20000214,0.0020728508724529573
20000215,0.006277242861022478
20000216,0.008726440698955206
20000217,0.0035203709974873758
20000218,0.007237829337190957
20000219,0.006922734235416575
20000220,0.0006449164533452968
20000221,0.0002404065109518564
20000222,0.0003085208772963737
20000223,0.0002669976696881705
20000224,0.0030985171491952567
20000225,0.004990971731039419
20000226,3.0500261101109642e-05
20000227,2.960744235964229e-05
20000228,0.006290527814608128
20000229,0.012207323147714078
20000301,0.007348195470882201
20000302,0.0004035583810293882
20000303,0.014337370155274134
20000304,0.003647222763983451
20000305,0.00023426495222405143
20000306,1.2655326125028775e-06
20000307,0.00010302342233463407
20000308,0.0016908046086879485
20000309,0.0013096098389992748
20000310,0.0015004881933886772
20000311,0.0009362966762822314
20000312,4.302535736208011e-05
20000313,0.00014330607260860365
20000314,0.005078625964404071
20000315,0.0006087909512447521
20000316,0.0016870646335080423
20000317,0.0007756894363104414
20000318,0.002529288384363118
20000319,0.0001609270455788113
20000320,4.3945172375624683e-07
20000321,1.7046928064701206e-06
20000322,8.675555704940052e-07
20000323,0.00016961026690942175
20000324,0.004916757824877327
20000325,0.005195134286181026
20000326,0.006332591428055107
20000327,0.002262008634901867
20000328,0.0004444231870185716
20000329,0.006666751814812915
20000330,0.012570543025505672
20000331,0.0022198172963943373
20000401,0.004903526680779031
20000402,4.11033461299312e-06
20000403,0.0029348113535912
20000404,0.0033263413779820185
20000405,0.0042929916780655
20000406,9.012262719256305e-05
20000407,1.2827019939551562e-06
20000408,0.0
20000409,0.00010289234317732102
20000410,6.897458022842707e-05
20000411,0.002969319754748426
20000412,0.0070962015719226446
20000413,0.003774268322066812
20000414,0.005729402079790943
20000415,0.0017671841021924175
20000416,0.005001135673960534
20000417,0.0030239339334588926
20000418,0.0002165736252086906
20000419,0.0006151794550598283
20000420,1.169768206576774e-05
20000421,0.00010645128552429694
20000422,0.0006431126412440824
20000423,0.010055373853036417
20000424,0.00191716318995912
20000425,2.921389565647846e-06
20000426,4.166339558979913e-05
20000427,0.0006667895646020583
20000428,0.00186733012698825
20000429,0.0007199136448594427
20000430,0.0004058005862224689
20000501,0.0016789799947620253
20000502,0.003982347082091726
20000503,0.007787159441422811
20000504,0.002494034971782451
20000505,0.001245282962351326
20000506,0.0027679160765270144
20000507,0.002478632335527394
20000508,0.004017249201894899
20000509,0.0002519957331695399
20000510,0.0006389514451210554
20000511,0.006966391353643917
20000512,0.01131825410706952
20000513,0.0018098942220581805
20000514,1.288762559948193e-06
20000515,2.770155693375624e-06
20000516,0.0006832038977902953
20000517,0.005145914763273318
20000518,0.0060510050388481226
20000519,0.0045355525157637425
20000520,0.0013648831465944318
20000521,0.006122405176734273
20000522,0.0024749342451270023
20000523,5.457798523708508e-05
20000524,0.00025239182636759895
20000525,0.0023802426143227544
20000526,0.001332919489442905
20000527,0.004798077266498395
20000528,0.0026044605021643403
20000529,0.0027849470129202615
20000530,0.014758715788278172
20000531,0.005552277738906533
20000601,2.2739597149094977e-05
20000602,0.00033344806051790554
20000603,0.0030471109230460693
20000604,0.005398307144405682
20000605,0.008314886408868549
20000606,0.002031121571228027
20000607,0.0003119017790976971
20000608,4.4107436991680515e-07
20000609,0.0007025852675435951
20000610,0.002561400010800003
20000611,0.008098912613440923
20000612,3.64871829748135e-06
20000613,3.4272808858153745e-06
20000614,0.00014586829930303207
20000615,0.0008784277444708533
20000616,2.9250547893324178e-05
20000617,0.0
20000618,8.54581401199539e-07
20000619,8.523463748133508e-07
20000620,5.813990468524424e-05
20000621,0.0007858960057675017
20000622,0.0003237652800930798
20000623,0.0009244925088383922
20000624,0.004000818469918631
20000625,0.0014945321054678391
20000626,0.0002300682539935347
20000627,1.710689206320905e-06
20000628,0.0002176085900037593
20000629,1.5120471121779245e-06
20000630,0.00030124207982296325
20000701,0.0019083147787594902
20000702,0.007859137971540598
20000703,0.005286163611964968
20000704,0.013461913132123342
20000705,0.0012471630177520374
20000706,0.00025353995960928434
20000707,0.0215833663490268
20000708,0.003186829291257944
20000709,0.015337808487738362
20000710,0.012133161329334233
20000711,0.004820921193397425
20000712,0.0016531168221760148
20000713,0.0069611705869891075
20000714,0.011716869797604385
20000715,0.005883866891706381
20000716,0.0041191891122620995
20000717,0.0018516086766695633
20000718,0.0002280181303567676
20000719,0.0004058781625998868
20000720,0.0005337488684482991
20000721,4.252843292763271e-06
20000722,6.349633418661126e-05
20000723,0.0009592458073387298
20000724,0.008735530187582398
20000725,0.005170675617726049
20000726,0.013374862447380627
20000727,0.004225122986489144
20000728,0.006757190690706989
20000729,0.0076532950963577725
20000730,0.0008883403583538846
20000731,0.00018119068616039477
20000801,1.9229890023175245e-06
20000802,0.005457797097884079
20000803,0.003428789771629441
20000804,0.0013997336779663517
20000805,0.0005850823856950107
20000806,0.00011090372098138267
20000807,0.000790692078591332
20000808,0.0017941973395337058
20000809,0.0005000816416298961
20000810,0.00036517354946892045
20000811,1.2941740805897193e-05
20000812,1.186103804001839e-06
20000813,1.917379635871924e-06
20000814,0.001235036494162957
20000815,0.0008726755902760424
20000816,0.0003320933795606945
20000817,0.000720840403945623
20000818,0.0013554739686174148
20000819,0.0046696890040463885
20000820,0.010434669032198916
20000821,0.006856988528382361
20000822,0.0006234265101050249
20000823,1.1276410681699204e-05
20000824,0.0
20000825,8.583068797918258e-07
20000826,0.0004967246160606437
20000827,0.007124306453361635
20000828,0.0006986728573624308
20000829,0.00021234833473948218
20000830,0.0012773336406136575
20000831,0.0018288982912358193
20000901,0.005610445068936493
20000902,0.007994584146183575
20000903,0.0023102742293007153
20000904,0.0013497015272838269
20000905,0.0002201070792553319
20000906,0.007100494780345787
20000907,0.0007143706082605067
20000908,2.4425227206686934e-05
20000909,2.866898543421706e-05
20000910,1.6153663690315322e-06
20000911,8.579402886046507e-07
20000912,0.0013916246357231763
20000913,0.0032924674482768513
20000914,0.00040373987342855763
20000915,0.0032936767469313333
20000916,0.012776044339639076
20000917,0.0033467114218924472
20000918,0.0004890877779854924
20000919,0.001956782579111721
20000920,0.016619891792098072
20000921,0.0007938561650435336
20000922,0.00044272044641270315
20000923,2.9087383133214924e-06
20000924,0.00026940438951652006
20000925,0.0020374403643779234
20000926,0.00010706281116791127
20000927,0.005560269193650844
20000928,0.004334835782961652
20000929,0.0017395282025077024
20000930,0.008710374482271167
20001001,0.0050875263628962705
20001002,0.0015612405435853907
20001003,0.0007325504815649183
20001004,5.687212635561536e-05
20001005,0.0022863243380092275
20001006,0.0008492885942322903
20001007,0.0003856732833494361
20001008,0.006849216775045287
20001009,0.0034740784441838223
20001010,0.012161795510933469
20001011,0.013809750973398288
20001012,0.0027412386914899287
20001013,0.002027243887830187
20001014,0.0006197287650731745
20001015,0.0006105150248272371
20001016,0.005136719402774746
20001017,0.0018502264564051124
20001018,0.0010711250518231712
20001019,0.005337994999660104
20001020,1.8036653497477017e-05
20001021,2.6867731492210974e-06
20001022,2.264446670135377e-07
20001023,0.0006106387021221455
20001024,0.0014278885580832673
20001025,0.0015253537124525242
20001026,0.0025889542325351696
20001027,0.001526273716718659
20001028,0.0002973359631512962
20001029,0.001254619060097435
20001030,0.010994925904286445
20001031,0.006958215765239339
20001101,0.006504816822642177
20001102,0.004904525191143302
20001103,0.0074496756854421494
20001104,0.0023963345330715955
20001105,0.0002641822341839281
20001106,0.009034229898514346
20001107,0.007107141595390526
20001108,0.005286457505650193
20001109,0.0027625297212957203
20001110,0.0012851060084640151
20001111,3.376543193279557e-05
20001112,0.007705655988298803
20001113,0.0207875131454227
20001114,0.0017838629703411286
20001115,0.0010598952824323925
20001116,0.00033321503051651454
20001117,0.001088689524090606
20001118,0.0006817347174449975
20001119,0.003335709389043218
20001120,0.0022496705750137615
20001121,0.006158331025965745
20001122,0.006306368712641911
20001123,0.008627992070060294
20001124,0.0012460391475743464
20001125,0.003787160945277831
20001126,0.006873560771575567
20001127,0.0005868160694259115
20001128,0.004907868076435173
20001129,3.3312570020320715e-05
20001130,0.000335678683598194
20001201,0.003603757615445341
20001202,0.003784635818896017
20001203,0.0005862319291952134
20001204,0.0023723322772248394
20001205,2.219646303970034e-05
20001206,0.006026348353634098
20001207,0.0044029580926094125
20001208,0.0033179538165344588
20001209,0.0001227246384216593
20001210,0.006734214129855473
20001211,0.0002789144267946027
20001212,0.0008079817704180149
20001213,0.003545779766317199
20001214,0.0130041148753681
20001215,0.0037036792949044174
20001216,0.0025279252715788856
20001217,0.00244765502491985
20001218,0.004053386755397209
20001219,0.002394013817469826
20001220,7.4035753870973905e-06
20001221,1.3123367655161012e-06
20001222,1.5460528941769886e-09
20001223,1.2744119999297254e-06
20001224,0.0040096300481106215
20001225,0.003351538914630437
20001226,0.007331280367935071
20001227,0.006099038101294537
20001228,0.0013781363001879124
20001229,0.002425052314403371
20001230,0.0019637945016381334
20001231,0.00028920387390566607
20010101,0.005746281612455755
20010102,0.005497643862231807
20010103,0.0038134314355566115
20010104,0.007428262437245889
20010105,0.0148210992211
20010106,0.0048153327392286335
20010107,0.0006461833474351164
20010108,0.0003609997024905579
20010109,0.0005164258863246575
20010110,0.006199203052387913
20010111,0.002416634885075645
20010112,7.0332175254075505e-06
20010113,2.188803609311988e-06
20010114,2.145352675334811e-06
20010115,2.564599342521745e-06
20010116,2.927574461358438e-06
20010117,0.000458350769917716
20010118,0.0015327797591069697
20010119,0.00018651138942350667
20010120,0.003001998129232152
20010121,0.004046290827698876
20010122,0.00566573416984247
20010123,0.007613132665654473
20010124,0.007919287684901983
20010125,0.00378051623926239
20010126,0.0012755080127653377
20010127,0.00971385691676828
20010128,8.36427460917569e-05
20010129,0.000392732867252737
20010130,0.00013097118506383523
20010131,9.78259826218589e-05
20010201,0.0001221276093226463
20010202,0.005191784297558792
20010203,0.0095241979226159
20010204,0.007283767816318878
20010205,0.0103706872204214
20010206,0.0035366219794649655
20010207,0.00499600061631541
20010208,0.0014456335751129909
20010209,0.002764964995377267
20010210,1.0072883475180169e-05
20010211,4.047908448459948e-05
20010212,0.0017279605203497223
20010213,0.003200207273961459
20010214,1.4025411869957855e-05
20010215,1.7106532368416083e-06
20010216,0.0006412690824756775
20010217,0.0033468012772313767
20010218,3.5242904205207804e-05
20010219,4.559182058649316e-05
20010220,0.0003491065179561682
20010221,0.001456461919073131
20010222,0.004579778503371129
20010223,0.006213456034721746
20010224,0.0017257736404046975
20010225,0.00014763481048181225
20010226,0.0009924552413013087
20010227,0.00032218965187177185
20010228,0.0009185309282939336
20010301,0.0037652702430054684
20010302,0.0014924383224221881
20010303,0.008396406960525068
20010304,0.008065426048824367
20010305,0.00014765911919023403
20010306,1.202044654553328e-06
20010307,0.005202409002930191
20010308,0.005372994567151227
20010309,0.0027855349685263855
20010310,0.005546082241977233
20010311,0.008419265219580413
20010312,0.0148297693353591
20010313,0.006597291781976455
20010314,0.004753220564046947
20010315,0.010629780362648646
20010316,0.000287862619589005
20010317,0.007459635612550602
20010318,0.008106328236362455
20010319,0.0019255437545804793
20010320,0.01135839673309445
20010321,0.0103075239582265
20010322,0.014677006565577643
20010323,0.007401738294923946
20010324,0.009130069007393478
20010325,0.005574701005517774
20010326,0.0002899821487442554
20010327,4.333434631368932e-05
20010328,0.006830349643477281
20010329,0.007905635068616582
20010330,0.0014295444250858693
20010331,1.9909014849794993e-06
20010401,1.5280907010146823e-06
20010402,2.187044562870389e-06
20010403,0.0022020408908149905
20010404,0.0073833181929215275
20010405,0.002402176203342351
20010406,0.006499458331015617
20010407,0.00407007845379834
20010408,0.0034587043337171467
20010409,0.010448310197858785
20010410,0.0070664118098152625
20010411,0.003855229181725896
20010412,0.00020434240418894272
20010413,0.00043941812310967264
20010414,0.0019147983756580295
20010415,0.01823655712919225
20010416,0.0036029045840978904
20010417,0.0013240352209158573
20010418,0.0049667299266524904
20010419,0.00138949870099103
20010420,0.002294680500423571
20010421,0.0018831146471285389
20010422,0.0006390958823022029
20010423,0.0003274735419491113
20010424,0.00417347968349897
20010425,0.010669988059181144
20010426,0.003731602345329589
20010427,0.004656558742055413
20010428,0.0049611443387342
20010429,0.010288460207045328
20010430,0.0026337231163939255
20010501,0.00011165509800059485
20010502,0.0026510970562594344
20010503,0.00034799859560920917
20010504,0.002593648780929257
20010505,0.0029706493425608587
20010506,0.0007399961489732337
20010507,3.835071403472207e-05
20010508,0.00018123136080578706
20010509,0.0004418611465462975
20010510,4.614618292826383e-05
20010511,2.5747408025191174e-06
20010512,4.351138045421976e-07
20010513,3.974694479288781e-05
20010514,0.0015302864316322994
20010515,0.003849992859583639
20010516,0.007141491871963649
20010517,0.008735874978222084
20010518,0.0030847013300764627
20010519,0.00011335028985151438
20010520,9.419191358388811e-07
20010521,8.63056911495695e-07
20010522,2.2779705516579807e-06
20010523,8.810510019638852e-06
20010524,8.896498537099465e-05
20010525,1.2757523261709666e-05
20010526,2.8903383633240563e-05
20010527,0.0002136293201515982
20010528,2.28543967272855e-06
20010529,3.745001010663483e-05
20010530,3.050754961599708e-05
20010531,0.0012311988505185494
20010601,0.0005118826098440834
20010602,0.009277978052862701
20010603,0.002853878454710878
20010604,0.0003562618160042845
20010605,0.00038537859171472406
20010606,0.003938804894473529
20010607,0.003013978112515673
20010608,0.006920207794763713
20010609,0.003149298159211233
20010610,0.0015377378503434974
20010611,0.0018832142416559542
20010612,3.306792529970785e-06
20010613,0.0006546329452044087
20010614,0.0008798646306304002
20010615,0.00519591298570572
20010616,0.005602225253748712
20010617,0.008344315083474448
20010618,0.0044336446515067015
20010619,0.00023968726133724106
20010620,1.2874602930423862e-06
20010621,8.014022786165512e-05
20010622,0.00011925946493744716
20010623,1.4051812544393408e-06
20010624,2.07869735778042e-05
20010625,3.651814063272687e-06
20010626,8.490700338370516e-07
20010627,0.007581108544820949
20010628,0.0012837968751269932
20010629,0.00031104585525890577
20010630,0.004166289400654607
20010701,0.0003968694668794506
20010702,1.674209894994949e-05
20010703,2.1612268495038406e-06
20010704,4.945239886486786e-05
20010705,0.00011091562785342788
20010706,0.012171485502881024
20010707,0.0028453797394381256
20010708,0.0022223529125893547
20010709,0.0003192619591561925
20010710,0.0009891376086700657
20010711,0.0018396089983627316
20010712,0.007054271573819777
20010713,0.007716670781889817
20010714,0.0131820320782203
20010715,0.004945710128226136
20010716,0.004776417512799294
20010717,0.0037208511332275434
20010718,0.004759844401773487
20010719,0.007338283377133295
20010720,0.0018498452442706572
20010721,3.4043214182179316e-05
20010722,1.1438642058137205e-05
20010723,0.003208410017759744
20010724,0.0031349919132901867
20010725,0.000327955717343039
20010726,0.00035563487672005074
20010727,0.000308255507522171
20010728,0.0009773379014807455
20010729,0.00033574911345516566
20010730,1.7379668503587106e-06
20010731,7.328497011976207e-05
20010801,4.1878495488438495e-06
20010802,0.0007466951670035729
20010803,0.004959215979514318
20010804,0.005231967634639955
20010805,0.0016469263691997952
20010806,0.004822111676809729
20010807,0.007179223137371576
20010808,0.007367470056587874
20010809,0.0010598238380179407
20010810,0.0012343603168352155
20010811,0.00010229305838508057
20010812,4.7375611427661916e-07
20010813,3.689420390855861e-06
20010814,0.0
20010815,0.00011264791313012168
20010816,0.0037207607439855867
20010817,0.002687242126753083
20010818,0.0014805112734477394
20010819,0.004839611046578787
20010820,0.00693903056683928
20010821,0.0002688466021027233
20010822,2.3070421591243362e-06
20010823,1.372521714698891e-05
20010824,7.309905825392568e-06
20010825,1.5212270691385727e-05
20010826,2.059283261529925e-06
20010827,0.00043521674842828694
20010828,3.45941593243395e-06
20010829,2.7867703205282738e-06
20010830,0.004878279352857051
20010831,0.006670175938738604
20010901,0.0012485373837857279
20010902,0.0005426098528227994
20010903,0.0031266836605769958
20010904,0.012170053032155407
20010905,0.0013754215224297194
20010906,0.011471961891938796
20010907,0.001006087730995231
20010908,0.010292154577408365
20010909,0.0024570719900115345
20010910,0.002743812809756445
20010911,0.0007757388697561311
20010912,0.0015861140568524642
20010913,0.010545542934958048
20010914,0.0032600317908665346
20010915,0.0037753114018300067
20010916,0.008072316199356867
20010917,0.002029774958626087
20010918,0.000638631797996957
20010919,0.015213464035765378
20010920,0.0137150553368408
20010921,0.0013744029839553621
20010922,4.225161004304556e-05
20010923,0.00013055372595162132
20010924,0.0009461612357178985
20010925,0.0006635109542902421
20010926,0.003497890537265775
20010927,0.0010201475894933052
20010928,3.2400794317350816e-06
20010929,0.004209743055557304
20010930,0.0008559835254956157
20011001,0.008339939373641757
20011002,0.0011393067361390372
20011003,0.0133419825430608
20011004,0.0011232085539539085
20011005,2.7213429340441344e-05
20011006,0.0033304363225796696
20011007,0.0037905992292795263
20011008,0.005224931749502133
20011009,0.0005206829883457666
20011010,1.3458257363781952e-05
20011011,1.8702096792538418e-06
20011012,4.445871108795292e-06
20011013,5.32442002828919e-07
20011014,0.00030490798433963664
20011015,0.00012480315490474972
20011016,4.890353654626907e-06
20011017,7.903933861046546e-06
20011018,0.0017873922631194395
20011019,4.6034982967027856e-05
20011020,0.0010825222966871116
20011021,0.0011497494473475163
20011022,0.001432231235250605
20011023,0.004621395276654044
20011024,0.003454087350175196
20011025,0.00302060194835555
20011026,3.923506866138086e-05
20011027,0.0011892326308007046
20011028,0.0004152318148101967
20011029,0.0003022607691675061
20011030,2.519351290963975e-05
20011031,0.002692441874239081
20011101,6.012259626007285e-05
20011102,1.726785626093658e-06
20011103,5.469547541633091e-07
20011104,5.195043680148877e-05
20011105,9.858723912083268e-05
20011106,0.003781224701906554
20011107,0.011909329764952301
20011108,0.016486463743870174
20011109,0.0007811869852826079
20011110,2.9628418236176374e-06
20011111,1.5672930827204578e-06
20011112,0.0019271754689499634
20011113,0.0034444542487315584
20011114,0.00063228802087698
20011115,6.820850069195602e-07
20011116,7.604072911867983e-05
20011117,5.264372727607399e-05
20011118,3.328216646193066e-05
20011119,0.00020348228879894618
20011120,0.0002815724174867261
20011121,5.9107587963111055e-05
20011122,0.00701445613744083
20011123,0.0005825951983337301
20011124,0.0046074784413608
20011125,0.0013208747078774065
20011126,0.0073565206386883445
20011127,0.0022019073055069495
20011128,0.005901459703082683
20011129,0.008632962894216379
20011130,0.0133053265300665
20011201,0.002668072940133613
20011202,0.0008342577144061377
20011203,0.0005720179597435676
20011204,0.005562281228036897
20011205,0.0036223369901472093
20011206,0.0009101946296356839
20011207,5.083517325457287e-06
20011208,7.390367306912076e-06
20011209,2.4972368046086604e-08
20011210,8.583068797918258e-07
20011211,0.00013430285913181041
20011212,0.00021677061907017476
20011213,8.926022790430556e-05
20011214,8.633104471300612e-07
20011215,6.965774629201863e-06
20011216,1.526713085755486e-05
20011217,0.0002444755199664323
20011218,9.567334250632967e-05
20011219,0.0006456204832201347
20011220,0.00142824311036181
20011221,0.004678107849243954
20011222,0.0051178326539463685
20011223,0.0006229553092469451
20011224,0.0027421487380862902
20011225,0.0144398934729737
20011226,0.0037326940061496888
20011227,0.004655071228457626
20011228,0.0100030915686717
20011229,0.0307138458138843
20011230,0.0008252445708784444
20011231,9.24626302012421e-05
20020101,5.0455812902751356e-05
20020102,1.5863974993309406e-05
20020103,4.735830827986201e-06
20020104,8.815038138181549e-07
20020105,2.674373234388324e-06
20020106,6.885524991652146e-05
20020107,0.0002802632424156929
20020108,4.811626882766733e-06
20020109,3.7682988866635067e-06
20020110,5.88090903773423e-06
20020111,0.000996844692335862
20020112,0.0003711622037697703
20020113,6.719896376790345e-06
20020114,2.4632731896416937e-05
20020115,0.0010807757725962903
20020116,0.0017256620214850505
20020117,0.00014240234279000192
20020118,0.0007644109013515125
20020119,0.0038886407173943467
20020120,0.0034041346346692933
20020121,0.001244247055280002
20020122,0.0004033850283880699
20020123,0.005246996555399845
20020124,0.00407258951885348
20020125,0.002696702052945843
20020126,0.003465725850903169
20020127,0.02190285372429758
20020128,0.002100437021544012
20020129,3.0427472771242397e-05
20020130,1.56923242167942e-05
20020131,0.00017616223744383196
20020201,0.0007895171260251
20020202,0.0
20020203,6.958996050033547e-06
20020204,0.00010114435641584351
20020205,0.005284589794883344
20020206,0.0014671874612592589
20020207,0.0006591350026941455
20020208,0.007702044961252892
20020209,0.012978486148069776
20020210,0.005056050264283201
20020211,0.0018013848610038976
20020212,0.0054594180198002
20020213,0.0161872195988096
20020214,0.009038799837817649
20020215,1.8118130629547466e-06
20020216,3.0871564533550514e-06
20020217,5.735897440871475e-08
20020218,0.0019350995374176976
20020219,0.006486143394668547
20020220,0.0265300124487926
20020221,0.0016850886896425303
20020222,0.008635777497455172
20020223,0.008900749002033652
20020224,0.005218520018822585
20020225,0.009982893897456692
20020226,0.011142940903829
20020227,0.009211231659267426
20020228,0.003241467444569356
20020301,0.0010691436209628827
20020302,0.0034517159805768204
20020303,2.696080470960572e-05
20020304,3.2990688620119337e-06
20020305,9.921226962465916e-07
20020306,0.0012453673166910506
20020307,0.0017083202431065975
20020308,5.4114200287886535e-06
20020309,0.0007717871145356211
20020310,2.884422549441019e-05
20020311,5.094903381870858e-05
20020312,8.956965877402693e-05
20020313,0.00026447451561104784
20020314,0.006315182503471108
20020315,0.0019458595044096758
20020316,0.0002027875864104137
20020317,0.00036080236323834475
20020318,0.010688553301373697
20020319,0.0226919229071134
20020320,0.0151212282696
20020321,0.01143786788442189
20020322,0.005235848330838923
20020323,0.00045502176848526593
20020324,1.7780372245807996e-05
20020325,1.3905352880164053e-05
20020326,2.937134067360264e-07
20020327,4.783227002391072e-07
20020328,8.52346317969932e-07
20020329,9.524009487258072e-07
20020330,0.00010121452196827622
20020331,0.0005078294008685097
20020401,7.943627752558045e-06
20020402,4.351138045421976e-07
20020403,6.91492011511494e-08
20020404,2.1077497992383518e-06
20020405,1.7215008487286623e-06
20020406,0.0
20020407,4.471241397838655e-07
20020408,2.116370450896039e-06
20020409,2.1475018539608187e-06
20020410,0.0004580306276951486
20020411,9.261364544513608e-07
20020412,4.466144802515284e-05
20020413,0.0017025760997813621
20020414,0.0021626143269965286
20020415,0.002053471790499423
20020416,0.0087974539895061
20020417,0.0037280718101675007
20020418,0.0028591747839830654
20020419,0.00548011473612635
20020420,0.0019444928376767254
20020421,6.905013822770337e-05
20020422,5.4085516847111355e-05
20020423,9.887593449517629e-05
20020424,0.0003930731396381058
20020425,0.0001274369732174857
20020426,0.007458993289912759
20020427,0.002599240346422227
20020428,0.002571623024918239
20020429,0.004080555206588045
20020430,0.00018111066321954992
20020501,0.006500374118324362
20020502,0.003801552535614571
20020503,0.0084745602652882
20020504,0.0144357149813449
20020505,0.010471603454067176
20020506,0.000243777004179327
20020507,6.30484729618919e-05
20020508,1.1199632495477284e-06
20020509,0.004872743736947275
20020510,0.0013583003757856678
20020511,0.0050183476650917215
20020512,0.0023730284364469373
20020513,0.0003333107657220555
20020514,0.003180179230661845
20020515,0.00024442478516364865
20020516,1.0868631974442912e-06
20020517,1.8778910636700606e-06
20020518,0.005501146389656218
20020519,0.00038841551796736635
20020520,0.0001262526212460977
20020521,0.0004558979024036204
20020522,0.004531963403471105
20020523,0.00842574513896053
20020524,0.0011492157457761217
20020525,0.0036443507526670426
20020526,0.0021081027368254545
20020527,0.0013117770709811774
20020528,0.00047634342634352825
20020529,0.00206183290495863
20020530,0.00020512703973621913
20020531,1.9592955457963468e-06
20020601,8.52346317969932e-07
20020602,2.1427867977763526e-06
20020603,0.0035308477725169277
20020604,0.003958946262232658
20020605,0.004236364559731925
20020606,0.0046577973911585205
20020607,0.004181681562377969
20020608,0.0007103364472045714
20020609,0.0018766945284932324
20020610,0.002700387354440342
20020611,0.0016731903826038416
20020612,0.0009968594665935846
20020613,0.0008068566345918434
20020614,0.00022652747535694572
20020615,0.0020162253495411985
20020616,0.0004894135358174554
20020617,3.1179990187295934e-05
20020618,5.112012306799132e-06
20020619,0.0021763812287103317
20020620,0.012551748635107203
20020621,0.0029660703516417217
20020622,3.990588715080335e-05
20020623,0.005590396254319004
20020624,0.0024207711269695273
20020625,1.2937634499245554e-06
20020626,6.350924170671626e-07
20020627,5.27250869730882e-05
20020628,0.0005351551947447009
20020629,0.00029438743482917295
20020630,1.273323560316657e-06
20020701,0.0036707867635766313
20020702,0.0028123818656357637
20020703,0.009102898839989508
20020704,0.0014660675633718359
20020705,0.0015342418516428348
20020706,0.0027203787237402638
20020707,0.00080104849980385
20020708,3.5753507916937864e-07
20020709,0.0010634017861952546
20020710,0.017136552438823133
20020711,0.0004697195661784257
20020712,0.00012930147658833568
20020713,0.0036638256699152616
20020714,0.004194742413736732
20020715,0.0021120798790636997
20020716,0.007558455517577966
20020717,0.004140157618478705
20020718,0.0001152106930942802
20020719,2.0908215788601044e-06
20020720,3.284807108157327e-06
20020721,0.00020777948404835997
20020722,0.00016434450529788724
20020723,0.00033691156680618116
20020724,0.002367254242344834
20020725,0.0007930935356012202
20020726,0.0005179375542433596
20020727,2.19266729938545e-05
20020728,8.592173039573456e-07
20020729,8.04914914494514e-06
20020730,0.003518654739177312
20020731,0.007106761383467841
20020801,0.006279785165685571
20020802,0.00021509823347732536
20020803,0.004533157272630239
20020804,0.0007203407427392233
20020805,0.0010992537896686908
20020806,0.0031344335170390273
20020807,0.0036326919092252155
20020808,0.0012025627010477382
20020809,0.004174423254334314
20020810,0.006531758834632919
20020811,0.001842915201370327
20020812,0.001861941476554683
20020813,0.0003136488621423398
20020814,1.6308566871955139e-06
20020815,9.869865953890905e-08
20020816,9.680297876311955e-06
20020817,1.7590790293983476e-06
20020818,5.9770099004440204e-05
20020819,0.0027036089547234385
20020820,0.010619467433098963
20020821,0.003310059304276857
20020822,0.0028335476880204605
20020823,0.000692841276234404
20020824,0.0054547077658784185
20020825,3.77011276550544e-05
20020826,0.001577281839992532
20020827,0.010362530039483933
20020828,0.00728437375368198
20020829,0.0010011389411952914
20020830,0.0004112937614033781
20020831,0.0008331156992326103
20020901,0.00021529784339982194
20020902,5.139046186985937e-06
20020903,0.0028071408555629994
20020904,0.0026705713469466308
20020905,0.0003599843495354537
20020906,0.0001095102374605666
20020907,0.0007669382490562099
20020908,0.0019960545507135144
20020909,0.004284326250661151
20020910,0.006701648100754715
20020911,0.002976927465853904
20020912,3.9195246116490543e-05
20020913,0.0
20020914,1.8797425760827012e-05
20020915,0.00021146716255964214
20020916,1.2861928839017333e-06
20020917,2.1755902412647633e-05
20020918,5.209926551052884e-06
20020919,0.00193514831525135
20020920,0.0004893589327771675
20020921,5.1490701476074855e-05
20020922,0.0038669989382526557
20020923,0.0028133036417015964
20020924,0.0003374567676491452
20020925,0.002433137101852092
20020926,0.008444157823722442
20020927,0.0012274013025121223
20020928,1.977055973897114e-06
20020929,1.975150976234255e-06
20020930,0.0
20021001,8.526031062241867e-07
20021002,2.419090373533999e-06
20021003,0.0020497174439775756
20021004,0.0034008806956393254
20021005,0.0046208121132390485
20021006,0.010861628802419941
20021007,7.4856991963506e-05
20021008,8.274303422211717e-05
20021009,2.15367380398284e-06
20021010,5.05728934379264e-05
20021011,0.00020630067084260068
20021012,0.000809860811558356
20021013,0.0013082487219270693
20021014,0.00101607670493809
20021015,0.006548651219717753
20021016,0.013766577324354162
20021017,0.005881096699676165
20021018,0.006475958302972185
20021019,0.001192530720044571
20021020,0.0004498079866884158
20021021,0.010138727150883571
20021022,0.00894495012803054
20021023,0.008492749200010235
20021024,0.005145147447366454
20021025,0.016306952918465695
20021026,0.003671069276492299
20021027,0.007312999888199627
20021028,0.0006385909209965964
20021029,0.0005317288046977671
20021030,0.0030528353337460515
20021031,0.0006419134078959213
20021101,0.002673474502784756
20021102,0.0150396186553086
20021103,0.0141770943347826
20021104,0.0027898907917392967
20021105,0.0008364822577842679
20021106,0.0007009374384563742
20021107,0.008612178839245378
20021108,0.007046336007287724
20021109,0.008854434958939377
20021110,0.009070751212314664
20021111,0.013803509401693063
20021112,0.0007572951777349869
20021113,0.0030614723541021577
20021114,0.008448817230852109
20021115,0.00742312332116742
20021116,0.0140622894166211
20021117,0.0017823913793782401
20021118,0.00028362369323792815
20021119,0.0001710678506650666
20021120,1.2242146396061254e-05
20021121,0.0045859116484298626
20021122,0.0026261253916213
20021123,0.00270606677709753
20021124,0.0015697105679440906
20021125,0.005597257751118143
20021126,0.00029609004468331975
20021127,2.373683868992624e-05
20021128,0.0022235081492058906
20021129,0.0014865178773565842
20021130,0.00046690232117248905
20021201,0.004765722400738647
20021202,0.003093554188854386
20021203,0.0016117166936478787
20021204,0.0002140296313995551
20021205,0.0006355738658075449
20021206,6.130823607102392e-05
20021207,1.5924281677627314e-05
20021208,7.182867683062145e-06
20021209,8.179163318210971e-06
20021210,1.2490628602994758e-05
20021211,6.696613673900647e-05
20021212,0.0012088569693561174
20021213,0.0015913948817311084
20021214,0.00046335880288742227
20021215,0.007779842730060842
20021216,0.004251678521915423
20021217,0.0005441533944469575
20021218,7.700921505756047e-05
20021219,6.797430493567384e-06
20021220,0.003940288631842305
20021221,0.007359212119099066
20021222,0.0158822995599623
20021223,0.0005652954365412394
20021224,0.0011812580439306193
20021225,0.0028359873551259624
20021226,0.008827565301017012
20021227,0.004545656216492005
20021228,0.005939073434131189
20021229,0.010308178500963603
20021230,0.008822644422583717
20021231,0.0037715567779061346
20030101,0.009093834187081982
20030102,0.0249253711162978
20030103,0.007354651775789803
20030104,0.0150157728749928
20030105,0.0014630181634647415
20030106,0.0001130648251080302
20030107,0.00015833166784427709
20030108,5.728314704878246e-06
20030109,1.0728750930295359e-05
20030110,2.190249198369895e-05
20030111,1.1700736283009994e-05
20030112,4.021400111639905e-06
20030113,0.0034076329647868254
20030114,0.0005078493858624291
20030115,0.0006580048876548901
20030116,0.0018201075555716263
20030117,5.7611469335532055e-05
20030118,0.0004043220248809165
20030119,0.0018511029506627292
20030120,0.003203372051014462
20030121,0.008051284638759275
20030122,0.0051719413198683
20030123,0.0027508746661033443
20030124,0.00013486402335639072
20030125,0.0009581426136217391
20030126,0.0033872500627180353
20030127,0.0014259902682303113
20030128,0.006707743385550872
20030129,0.005328910976026798
20030130,0.003579321154405237
20030131,0.00034494464915267017
20030201,0.0017582884824382766
20030202,0.004876910017056864
20030203,0.011190487788306577
20030204,0.0025773952239323368
20030205,0.0020630069208450565
20030206,0.0008611035642851944
20030207,0.0014773135816737901
20030208,0.0007201840342281992
20030209,0.00019107107521390397
20030210,1.7622397271046923e-06
20030211,1.8649527667890498e-06
20030212,3.0556487952683084e-06
20030213,3.993940411219123e-06
20030214,1.0318082395932582e-06
20030215,1.0061000690988905e-05
20030216,8.003994932243598e-05
20030217,7.674610255123203e-06
20030218,2.9854866894339595e-06
20030219,1.710653748432378e-06
20030220,1.2833716027671471e-06
20030221,1.2814997489840607e-06
20030222,8.534022044429717e-07
20030223,2.5689600988698658e-06
20030224,2.1515850221476285e-06
20030225,1.6463026454011302e-06
20030226,0.0001164225833270616
20030227,2.798972057022872e-05
20030228,0.000611283604610859
20030301,0.01026583239520123
20030302,0.007342121204641001
20030303,0.0032191929847398882
20030304,5.451277424621003e-05
20030305,0.000433222322569861
20030306,0.006387454905356374
20030307,9.669117639225633e-06
20030308,0.00010211841079960352
20030309,3.279722646540264e-05
20030310,2.108477448346086e-05
20030311,0.0006899431741179313
20030312,0.0037434027710949325
20030313,3.5618977188193505e-05
20030314,8.222583279775867e-08
20030315,1.3129406839389327e-06
20030316,1.7046927496267017e-06
20030317,2.97209101522444e-10
20030318,1.7451665266710256e-06
20030319,0.0
20030320,1.2796732667586936e-06
20030321,1.7209570160048315e-06
20030322,0.0
20030323,0.0
20030324,8.583068797918258e-07
20030325,0.0011108301811752221
20030326,0.002517903697845607
20030327,0.00018160489624227463
20030328,0.0002238919372600232
20030329,0.0006670616216159852
20030330,0.0014065654837157428
20030331,3.207025514076144e-05
20030401,0.004121393839773868
20030402,0.00724052552901995
20030403,0.0008409901448237613
20030404,1.9172950915606862e-05
20030405,7.584233443658016e-05
20030406,0.00013268238224068085
20030407,6.33136715304095e-05
20030408,3.948347095575814e-06
20030409,2.466596119911243e-06
20030410,0.0008301641389343129
20030411,1.4240173500006706e-05
20030412,0.00042987583872102164
20030413,6.709193484510219e-10
20030414,2.149862211808795e-06
20030415,0.0
20030416,0.0
20030417,1.7106531799981894e-06
20030418,1.7297029444307555e-06
20030419,0.00014270620153067898
20030420,0.0034094153378128344
20030421,0.0009747439506508807
20030422,0.0024972239610801415
20030423,0.00036605532126002065
20030424,3.750145295482418e-05
20030425,0.00029014796011044144
20030426,0.011521899146949633
20030427,0.00306834517031449
20030428,0.000359867859479201
20030429,0.005993266862335354
20030430,0.013947915643180923
20030501,0.0006482959195486304
20030502,0.002429526421947597
20030503,0.000158704409593573
20030504,1.279226580663817e-06
20030505,0.0020217741952342078
20030506,0.0011523487405237188
20030507,0.00025689164085673517
20030508,0.005199053162602509
20030509,0.004482163813873058
20030510,0.0006556400454224774
20030511,0.0005322526778472238
20030512,0.0015899897553679166
20030513,0.004100680739122157
20030514,0.004589149506761794
20030515,0.0014009165760989909
20030516,1.8732958368772765e-06
20030517,0.003970220617006024
20030518,0.0131283967401866
20030519,0.016033666623107224
20030520,0.0030463610112807724
20030521,0.002813792023759441
20030522,0.004715900531012295
20030523,0.00012686289515519852
20030524,0.003864651280911331
20030525,0.0024757605041837855
20030526,0.00010217599354325803
20030527,0.0002394272880757463
20030528,0.0002611561043140044
20030529,0.000890888456715579
20030530,0.002656784060718968
20030531,0.0016120229642545719
20030601,0.00021358850183866477
20030602,0.007047659973652552
20030603,0.0012924467390616986
20030604,0.00033721565491836604
20030605,0.003160073311786574
20030606,0.0003189071599602033
20030607,0.00046516831287332075
20030608,0.005105523983704946
20030609,1.3305668618647423e-05
20030610,0.0010799312566748965
20030611,8.467908272264611e-05
20030612,0.0017921749950318379
20030613,0.00045286736854709434
20030614,0.004813811170061328
20030615,0.0003312356390330262
20030616,6.889332775517933e-06
20030617,0.0013852447740122045
20030618,0.0018783724047737873
20030619,0.0003626130842913524
20030620,0.0006456144684930679
20030621,2.1576879589702003e-06
20030622,1.0801437094828597e-06
20030623,0.0034832989927020635
20030624,0.001037992120054202
20030625,0.0001220993919121495
20030626,0.0002437250438080137
20030627,0.0020113243809554127
20030628,0.0007865255506210115
20030629,6.691149704453479e-05
20030630,0.005650655087296005
20030701,0.009935874247031302
20030702,0.005467197618051054
20030703,0.007489713793011688
20030704,0.007016839443652704
20030705,0.0008464330309431162
20030706,0.00023913251326692926
20030707,0.00026280065358777753
20030708,1.229276288848502e-05
20030709,8.530372983677835e-05
20030710,5.386084569914164e-08
20030711,0.00016117241988957787
20030712,1.7889013191003002e-05
20030713,0.0
20030714,4.261732087229575e-07
20030715,4.663468225411015e-05
20030716,0.00283650560625322
20030717,0.00018780250289320537
20030718,8.443251430963852e-05
20030719,2.156607479264494e-06
20030720,0.0013624328178507873
20030721,0.0027605590859117227
20030722,0.00024548555009625087
20030723,0.000171212814940656
20030724,0.0021887726096942294
20030725,0.0010807840172221389
20030726,0.008397009225593315
20030727,0.005110071944900432
20030728,8.585631748918242e-05
20030729,3.2772906064661935e-05
20030730,0.008455392605613725
20030731,0.0031892908201234895
20030801,3.9264543554640875e-05
20030802,8.503108465318762e-07
20030803,7.64949763279983e-06
20030804,1.8815436606003203e-06
20030805,3.1682518353086446e-05
20030806,8.867644816283082e-07
20030807,0.000763619989433075
20030808,5.409212238556114e-05
20030809,3.603051227378353e-05
20030810,1.7113012518166215e-06
20030811,1.454788928203252e-06
20030812,2.8646203277879155e-05
20030813,0.0001008503577135598
20030814,0.001394620289993439
20030815,0.0010412425284524879
20030816,0.00017443081771825815
20030817,0.00302149394397468
20030818,0.016712077908318895
20030819,0.0007003353234535102
20030820,0.00010027904976677273
20030821,4.176585302030127e-05
20030822,6.105624796529053e-06
20030823,8.96442484344427e-05
20030824,4.797279902579833e-06
20030825,3.3825523644660215e-10
20030826,8.765513404921601e-07
20030827,3.4868399984972266e-05
20030828,0.005200068646044951
20030829,0.013785845047684427
20030830,0.006937805787241754
20030831,0.0006418628845116369
20030901,0.0007797507769932757
20030902,4.552005429576778e-05
20030903,1.716614813928661e-06
20030904,8.52346317969932e-07
20030905,0.0005987078842518236
20030906,0.005922574564523016
20030907,0.013482817469109334
20030908,0.011237958746387904
20030909,0.0008314929333918936
20030910,0.00276224463113169
20030911,0.002425135839433499
20030912,6.857896616851538e-05
20030913,0.00022998321369554966
20030914,8.683029042223802e-07
20030915,4.410743663640915e-07
20030916,0.0
20030917,8.523463748133508e-07
20030918,1.724973287764442e-06
20030919,0.0
20030920,8.609703741058183e-07
20030921,4.1425228758384947e-07
20030922,0.002696904223259544
20030923,0.004190453237217557
20030924,5.77647669632441e-06
20030925,8.727238443002914e-07
20030926,9.127221625917299e-07
20030927,6.739373866376497e-05
20030928,0.002191605109598365
20030929,0.0003328618078853894
20030930,8.805874915617717e-07
20031001,0.007483717595469194
20031002,0.0004979052986605976
20031003,0.005733248067950198
20031004,0.005353385082365336
20031005,0.0012405470117724693
20031006,0.0042723972541278
20031007,0.02020221786005341
20031008,0.005463194969312242
20031009,0.001979888296387823
20031010,0.0005459067578873417
20031011,0.0003371923408517469
20031012,5.480263709052446e-06
20031013,5.852200950565313e-07
20031014,0.0
20031015,1.2873700256932352e-06
20031016,2.5749206429281912e-06
20031017,8.583068051848386e-07
20031018,0.0
20031019,9.554705807599174e-05
20031020,0.005309682399703751
20031021,0.0043344255494512235
20031022,0.00022657239660033731
20031023,0.002600529871644368
20031024,0.00011816625889493235
20031025,0.0007537889481713419
20031026,0.0006371879434404987
20031027,9.378919834716463e-05
20031028,0.0004350804207683845
20031029,0.004587448747789861
20031030,0.0051603771225612795
20031031,0.0201204355286041
20031101,0.0015118274568598359
20031102,0.0006380865182895806
20031103,0.0054749195678419574
20031104,7.765346070605472e-05
20031105,1.1984640823257467e-05
20031106,7.422062893817009e-07
20031107,2.565201377268282e-06
20031108,3.1944172111812586e-05
20031109,0.00041586309076175915
20031110,1.9848561014088e-05
20031111,1.5101989086794142e-05
20031112,0.002166774347337158
20031113,0.0012772484775687004
20031114,0.002102391968950322
20031115,0.0002783260374076457
20031116,0.01205722376359361
20031117,0.0013779555790066121
20031118,0.002338462567196333
20031119,0.0005699884219440938
20031120,0.00014448508777381398
20031121,6.071967380364549e-05
20031122,0.0009773616257095143
20031123,0.0013503247629935607
20031124,0.002367873132171543
20031125,0.0015962682898642462
20031126,0.001982902919637921
20031127,0.015230380473179
20031128,0.0017106875304076343
20031129,7.948318784969047e-06
20031130,0.0018577888969676841
20031201,0.0022293510655165367
20031202,0.00019441480933858485
20031203,6.721094318445105e-05
20031204,5.3859418143207614e-05
20031205,4.894201286601092e-05
20031206,0.0005309336697539282
20031207,1.4155817484741846e-06
20031208,8.52346317969932e-07
20031209,8.72849113875418e-07
20031210,2.8280233040603864e-05
20031211,0.002951024981921597
20031212,0.0010291452029560842
20031213,0.009224771127893334
20031214,0.007357567189960042
20031215,0.0032886490942113677
20031216,0.00029885242574065075
20031217,9.203947524738908e-05
20031218,9.278340876910913e-07
20031219,7.865915530575141e-05
20031220,0.004190542498655492
20031221,0.008121944231286508
20031222,0.0010688193114683844
20031223,0.0027812806708321343
20031224,4.7150586656924165e-05
20031225,0.0003767024942255787
20031226,0.00010925593506495505
20031227,0.005303531523340232
20031228,0.006207043307314131
20031229,6.606361280737436e-05
20031230,7.591456174860394e-05
20031231,0.00021212448999166994
20040101,0.0016594478390788898
20040102,0.0015752368807135729
20040103,1.0991209833886903e-05
20040104,0.0013850870395829534
20040105,0.0024142323210454937
20040106,0.002560105762696981
20040107,0.0008566783501124543
20040108,0.0052624788901034295
20040109,0.0087125982931869
20040110,0.001452988509884218
20040111,0.014788929513601695
20040112,0.016936378245579017
20040113,0.022946808985728217
20040114,0.006017534606927462
20040115,0.003694835632286647
20040116,0.0100222798417483
20040117,0.002293721611519318
20040118,0.000518221659962015
20040119,0.010763961859350692
20040120,0.007179384455011603
20040121,5.09126357020068e-05
20040122,0.0001030054202080184
20040123,0.0004478042194240722
20040124,0.003513206033572979
20040125,0.0007090717913114834
20040126,0.005727733923499625
20040127,0.003883358338286563
20040128,0.002764503863711165
20040129,0.005690954085299771
20040130,0.0002559925604491706
20040131,0.0025481989181289836
20040201,0.0026196009949631368
20040202,0.0013948778511814353
20040203,3.5121619154357536e-06
20040204,1.8337088179712246e-07
20040205,1.7512322048749116e-05
20040206,0.00026809330699593297
20040207,0.00374781776605372
20040208,0.008883913185633948
20040209,0.0010518313964380207
20040210,0.0003882794838279443
20040211,0.005121021763506043
20040212,3.297306136549776e-05
20040213,0.00012553422056391225
20040214,0.0001975009983598348
20040215,0.0004688880670667843
20040216,5.163668326022482e-06
20040217,0.00016640672965339642
20040218,0.000591364646804055
20040219,0.0001673078478311751
20040220,9.10880305962688e-07
20040221,0.0004473406906823541
20040222,0.0058479990885187145
20040223,0.0008899350342481225
20040224,0.0004008111421636083
20040225,0.003549578163292067
20040226,0.0007501260274216342
20040227,0.0006673540543720018
20040228,0.001201514438323979
20040229,0.0007572135080548575
20040301,0.00015546840543732523
20040302,0.0005455005567984364
20040303,4.700084465979028e-06
20040304,8.894766307775996e-07
20040305,0.003257783575964946
20040306,0.0014981030584651413
20040307,0.0016686162164825011
20040308,0.0006192232563894933
20040309,0.0037280182497570727
20040310,0.0015181786641592393
20040311,0.0003986594037198015
20040312,0.00538172891746449
20040313,0.004640420291425815
20040314,0.00016600691974264764
20040315,0.0001602389854900843
20040316,7.906269132841342e-06
20040317,1.017634058035094e-06
20040318,0.0001938928943643298
20040319,0.0038992851696175663
20040320,0.003643619581891464
20040321,0.011457519173552979
20040322,0.004129544728127776
20040323,0.0025671551030543253
20040324,0.0007234247408839014
20040325,0.00033905786504098326
20040326,0.0004118980213594274
20040327,2.0281514982269383e-06
20040328,0.0
20040329,1.2878081747658143e-06
20040330,1.7159624121632078e-06
20040331,0.00015023093263631036
20040401,3.323771735658904e-05
20040402,0.0024463188687055167
20040403,0.0013521909436499699
20040404,0.003536667051484047
20040405,0.0069720989545478
20040406,0.00909351883045559
20040407,0.0047725426055467
20040408,0.0019674907709306202
20040409,0.00019338250023846732
20040410,0.0011042084451050138
20040411,0.0009960641564267514
20040412,1.7476150779531757e-06
20040413,0.0006691546958710247
20040414,9.333908652588415e-06
20040415,9.870446236906301e-05
20040416,3.300790691916895e-06
20040417,0.000921767743956317
20040418,0.004111697058370389
20040419,0.0010946871686898123
20040420,0.0016094844070473297
20040421,0.0002771045459300321
20040422,0.002144002411570325
20040423,0.003578315005709151
20040424,2.4582751397526688e-06
20040425,1.0614260258357278e-06
20040426,0.0
20040427,0.0007242203371232431
20040428,0.00336567023674466
20040429,0.0009337328958363588
20040430,0.004682679682978202
20040501,0.0015827716859022894
20040502,0.0005242823511748805
20040503,0.0019993140677913067
20040504,0.000587647120232374
20040505,0.0033337553521498985
20040506,0.00302971045341549
20040507,0.0074376102294659
20040508,0.0280865240180641
20040509,0.004093576241412668
20040510,0.0024729940674289744
20040511,0.0037111270575905107
20040512,0.00012108683657163881
20040513,0.0005273694073376126
20040514,0.0005415876853097351
20040515,2.8117553057465793e-05
20040516,5.845443531458046e-06
20040517,1.716613724056515e-06
20040518,4.847773024744521e-06
20040519,4.53158994657408e-07
20040520,3.779679876277442e-05
20040521,0.0013375698209973754
20040522,5.283650123425016e-05
20040523,0.0004751433689977387
20040524,1.3030781040645073e-06
20040525,7.372584325754696e-06
20040526,0.00018129776503513918
20040527,0.0001592584076581348
20040528,9.800259420987699e-06
20040529,1.3848763152960524e-09
20040530,0.003851057670676139
20040531,0.003065075760790996
20040601,0.0038521447792634004
20040602,0.009187078812749348
20040603,0.0039137508873219
20040604,0.0021118962808588286
20040605,0.002588240682652367
20040606,1.7334218368634658e-05
20040607,1.283203608858904e-06
20040608,1.2844799357480952e-06
20040609,0.00024886275099789465
20040610,0.010402390692853487
20040611,0.0051319047106807725
20040612,0.0025945276147469193
20040613,0.0013997253473454312
20040614,1.2665989751625543e-05
20040615,0.00017116116964721584
20040616,1.4954367589329416e-05
20040617,0.00044185512693687806
20040618,0.0016327201969570946
20040619,0.002145101776078068
20040620,0.0006470097547670732
20040621,0.001274431670287904
20040622,0.003157416633494902
20040623,0.00856502617379681
20040624,0.0008242512548048682
20040625,0.0005073445065164931
20040626,2.724364378906279e-05
20040627,0.0008355320052900096
20040628,0.00011011482905343267
20040629,1.0369165514273977e-05
20040630,0.00013013666831772347
20040701,0.00034777141881938496
20040702,0.007368069362516935
20040703,0.0011653876369578902
20040704,0.001165471367644067
20040705,0.00103915485237633
20040706,0.00043290273635440533
20040707,0.00446021824474342
20040708,0.006642776386019318
20040709,0.0076706515447519
20040710,0.003724313809458021
20040711,0.0037713158292316373
20040712,0.0032666093015731664
20040713,0.0021288246643653337
20040714,0.0015598845598803184
20040715,0.002051319638899096
20040716,0.0003779777042167353
20040717,0.005300907468594056
20040718,0.004902883957994754
20040719,0.0008361271344032571
20040720,0.0073302128085108225
20040721,0.0010779509734611206
20040722,0.0009750854314531688
20040723,0.005143760099922623
20040724,0.0002885452980028016
20040725,0.0007507384548261966
20040726,0.002686728408117319
20040727,0.00017704885326854064
20040728,8.572654337513086e-07
20040729,8.583068620282575e-07
20040730,2.4378749220969013e-06
20040731,4.93924887246685e-06
20040801,1.2726540200115364e-06
20040802,2.542168307602276e-06
20040803,0.0007928671268300775
20040804,0.0023024456638246985
20040805,0.000659810557526173
20040806,0.002354910859995814
20040807,0.003981956351586372
20040808,0.00017329382404731276
20040809,1.5801502524109127e-05
20040810,0.01422690393498023
20040811,0.0030040918720917395
20040812,0.006055740138603937
20040813,0.009273089805716507
20040814,0.005590280797588909
20040815,0.0003404459085413496
20040816,0.005636508030314538
20040817,0.0032400895999304636
20040818,0.011149857547894477
20040819,0.0008263635084517927
20040820,0.0017991303378484878
20040821,0.005814395657704174
20040822,3.5827618068211656e-05
20040823,0.0011875680777511358
20040824,0.004199062447017733
20040825,0.009119691238514699
20040826,0.0036997089022342724
20040827,0.0007104896451692823
20040828,0.0090794667414641
20040829,0.0017083303148688657
20040830,0.004307814292642994
20040831,0.00031707821169571954
20040901,4.7890775238153305e-05
20040902,2.1421440004337577e-07
20040903,8.701519897359616e-05
20040904,5.330647705159926e-06
20040905,8.583069188716763e-07
20040906,4.2915337417070987e-07
20040907,0.0
20040908,8.676652214489877e-07
20040909,-1.3071030480205081e-08
20040910,0.00035973645218509746
20040911,0.004737884046029308
20040912,0.0012140730272342058
20040913,0.0002503357290501264
20040914,0.0007998585440345124
20040915,0.0010706999024814453
20040916,4.040772969609356e-06
20040917,1.7080211023312586e-06
20040918,1.1188756829586982e-05
20040919,0.0010486576507858006
20040920,5.316467288872945e-05
20040921,0.0017248939173827114
20040922,0.003100407949417807
20040923,0.013416755952907247
20040924,0.0020907667868045785
20040925,0.0021302963519790495
20040926,0.0016374871324622742
20040927,0.001276849019361349
20040928,0.0013356669288869857
20040929,0.002209084879309408
20040930,0.0007140477672005203
20041001,0.0027356867909816853
20041002,0.0004336581296770453
20041003,3.044771246562028e-05
20041004,5.561267506666162e-07
20041005,0.0014264803569919511
20041006,0.0023932289325747985
20041007,5.050362692728381e-05
20041008,0.00474422550887821
20041009,0.0045847815136773945
20041010,0.00507319416215784
20041011,3.9034335575960296e-05
20041012,0.0006350429035006937
20041013,0.00118236766512868
20041014,0.003334383986864681
20041015,0.00831636096423179
20041016,0.0026615570146055084
20041017,0.005601022202346689
20041018,0.0022590168315892102
20041019,0.0015491896124702263
20041020,0.012461844924723926
20041021,0.002211243232046094
20041022,1.788344874248614e-05
20041023,0.00010166905029572665
20041024,0.0014525237185620773
20041025,0.002784668874076261
20041026,0.0037798137267743273
20041027,0.00038086416420213243
20041028,0.008718015164072477
20041029,0.007204861775959618
20041030,0.00716706936349096
20041031,0.00020095504873772705
20041101,0.0024206804450078207
20041102,0.0023828429586982107
20041103,0.0011268349271547093
20041104,0.0038119950079039105
20041105,0.00032671703571563127
20041106,0.001487897618256994
20041107,0.0007151546450658625
20041108,0.000930810117712309
20041109,0.0013874817797376606
20041110,0.0059399651892353975
20041111,8.32488290129202e-05
20041112,0.00027840089521406276
20041113,0.00098361769334142
20041114,0.00012593510569268215
20041115,7.133994407456497e-05
20041116,0.0005213971651433772
20041117,0.0011900589453460169
20041118,0.004848785555093281
20041119,0.007915385696608044
20041120,0.0004875167822347317
20041121,0.0013190307074035547
20041122,0.0032727032598468524
20041123,0.002292544506269489
20041124,5.848979268429124e-06
20041125,3.6762575100032857e-06
20041126,0.0005465135563772123
20041127,0.001256019296630281
20041128,0.0021050058658451526
20041129,0.000745138490135247
20041130,0.00011938398139249409
20041201,0.001630287298360661
20041202,0.0013852688129103508
20041203,0.0006466380958151342
20041204,2.702220388069e-05
20041205,0.00011606358408454313
20041206,6.837334465037438e-05
20041207,2.3684164615978915e-05
20041208,2.4704794889760587e-05
20041209,2.9375603178369414e-06
20041210,9.670221653514989e-06
20041211,3.772709970876388e-05
20041212,5.385795730046628e-06
20041213,1.8956246970620204e-06
20041214,5.51610658763148e-06
20041215,1.734628953882544e-06
20041216,0.0040536744145457364
20041217,0.01172521817512984
20041218,0.003915180088906095
20041219,0.014248630436846673
20041220,1.1048699360430504e-06
20041221,2.4221731585481005e-05
20041222,0.0041824699357411845
20041223,0.0035871054644208947
20041224,0.0037834479989286344
20041225,0.006480524436196997
20041226,0.0007742099554277827
20041227,0.00016705037812128536
20041228,0.006084484160493475
20041229,0.0008896560460862402
20041230,0.0003422632906190479
20041231,0.002163716156167685
20050101,0.0017471365936039848
20050102,0.003069724472581303
20050103,0.0003153783155420278
20050104,0.00012398586479082352
20050105,0.005351970600692047
20050106,0.0034745164283387477
20050107,0.00042287905954856825
20050108,0.0014102152889773826
20050109,0.00046996987384306636
20050110,4.698678186161983e-05
20050111,0.0008268424709786581
20050112,0.00391407683323373
20050113,8.378399531036443e-05
20050114,2.5773883186076036e-05
20050115,2.648787846214472e-06
20050116,1.0596744483349156e-06
20050117,0.00034769521264293215
20050118,0.013049704018300586
20050119,0.0020279408167195004
20050120,0.0079690996194221
20050121,0.006740161169867569
20050122,0.0004445995271855472
20050123,0.0015340506903540852
20050124,0.0013398756453048936
20050125,0.0005817144728748069
20050126,0.0006721078932553772
20050127,0.0005724628201437058
20050128,0.0005492719709346161
20050129,0.000137165795014397
20050130,0.0010195831912260763
20050131,0.0038955256453678654
20050201,0.003018931669322468
20050202,0.0020524882607599985
20050203,0.0010292972979230094
20050204,1.1437326347452011e-05
20050205,1.1489565514648156e-05
20050206,7.307287133619227e-06
20050207,0.0009120486553080146
20050208,0.00019813490322198523
20050209,8.173322205234515e-06
20050210,0.0042970785548781905
20050211,0.010639758251862265
20050212,0.0145994986228701
20050213,0.00751725135237167
20050214,0.004382561450965626
20050215,0.0020281602037135553
20050216,0.00041424172812937513
20050217,0.00019982875995818494
20050218,0.0007080256893398827
20050219,0.005728196082285531
20050220,0.0025880924450696115
20050221,0.0016372951056313788
20050222,0.0022756208505588815
20050223,0.001298597868089901
20050224,0.0006883826284891745
20050225,3.8148068652640784e-05
20050226,0.0007903648913765951
20050227,0.002122588399850831
20050228,1.1006360371093992e-05
20050301,1.8508851003014235e-05
20050302,7.565557978722384e-05
20050303,0.000364133589452917
20050304,0.0004633043412773411
20050305,0.0037861030227746423
20050306,0.0008647096354142001
20050307,0.0022584204323118136
20050308,0.002548670205623472
20050309,0.0019119141876391106
20050310,0.00018552405349326267
20050311,0.0014916663055027984
20050312,0.007868404227349806
20050313,0.00039159859863788183
20050314,1.7684709737336e-05
20050315,5.571832003540417e-09
20050316,2.1457671550706436e-06
20050317,1.3036660398110792e-05
20050318,4.728962380432235e-06
20050319,0.00011276896729618318
20050320,2.7079943997713206e-05
20050321,8.605102883827875e-07
20050322,0.0037954914984264605
20050323,6.0134530643847064e-05
20050324,0.006767696879503608
20050325,0.002024650436100628
20050326,0.008750411466299388
20050327,0.004172872626422944
20050328,0.002402137882677088
20050329,0.0018862761515335137
20050330,0.006921690172795195
20050331,0.002052421593854323
20050401,8.59910131356839e-07
20050402,0.0001601340593014046
20050403,3.909948981602316e-05
20050404,0.0003487212231563123
20050405,0.003567376846465899
20050406,0.006671607572778649
20050407,0.0115017739582593
20050408,0.006569674016355068
20050409,0.002361914009015646
20050410,0.0013195720176363572
20050411,2.210033132263588e-06
20050412,0.00010912274271595385
20050413,0.0002642778696459727
20050414,0.00030422304846382513
20050415,0.0037670882559384376
20050416,0.008010530313041176
20050417,0.007483403581211095
20050418,0.002586864441722135
20050419,0.006627308703988843
20050420,0.005386138163854388
20050421,1.1625408431967041e-05
20050422,4.714024726126809e-10
20050423,0.003978245365459107
20050424,0.004978702995838358
20050425,0.015168155158234243
20050426,0.003922093264988704
20050427,0.0027127687148063746
20050428,1.2088351217761451e-05
20050429,0.0018600955917403158
20050430,2.4513592619734888e-05
20050501,5.093725971147657e-09
20050502,9.134621646925506e-06
20050503,0.008244173659375678
20050504,0.0068506610166046275
20050505,0.0027523285966366564
20050506,0.005498144873245307
20050507,0.009148634753255395
20050508,0.0024440723161759104
20050509,0.0014251547730318892
20050510,0.0006964561927618078
20050511,2.908557306558441e-05
20050512,1.9274268545269635e-07
20050513,0.004129174034950429
20050514,0.0141030767193005
20050515,0.0011075555757932654
20050516,0.0013715306663356253
20050517,0.0016771816649030918
20050518,2.458187565513671e-05
20050519,2.22069644823013e-06
20050520,0.0010599465918658799
20050521,0.006499400944246328
20050522,0.004129040062782757
20050523,0.0014882578683016539
20050524,0.00011017874737798552
20050525,6.0394194491520524e-06
20050526,1.8568038334893985e-06
20050527,1.0358923267155688e-06
20050528,1.9493531695971113e-05
20050529,0.004077971876964426
20050530,0.006521173140616628
20050531,0.00017627156949190468
20050601,0.00011965367882389374
20050602,3.232629992102881e-05
20050603,0.0031854266321997633
20050604,0.0019873631715169046
20050605,0.001156427210142356
20050606,0.003923984745653911
20050607,3.1575210464729725e-05
20050608,3.139204401767477e-05
20050609,1.4647885655798784e-06
20050610,7.147948252496309e-05
20050611,0.0005569168448018899
20050612,4.985363711199542e-05
20050613,0.00018880159884368297
20050614,0.004776173712203797
20050615,6.306796783341238e-05
20050616,0.0005556264110872203
20050617,0.00028163000381370456
20050618,2.3804881967512553e-05
20050619,8.526733445710633e-07
20050620,1.2904404229630018e-06
20050621,0.0004179295010302669
20050622,2.398805415592731e-06
20050623,0.0001248584181228942
20050624,0.001246343504335425
20050625,0.01231572434025793
20050626,0.0006205661330940959
20050627,0.000274981396046471
20050628,0.00020744449430637715
20050629,0.016219339983406435
20050630,0.008422740203305462
20050701,0.0069329735293151415
20050702,0.0018772583303302726
20050703,0.00042448132358739054
20050704,0.008320216748469094
20050705,0.0005052127506541363
20050706,0.005965526174680652
20050707,0.010843351732147666
20050708,0.005714620359775607
20050709,0.0008053375347638741
20050710,0.0018430737030015062
20050711,0.0008192064746499266
20050712,0.0002162621967620867
20050713,6.0938781227268957e-05
20050714,4.8337732693869005e-05
20050715,0.0001245511538567234
20050716,0.00023788486910218448
20050717,1.9215166780302156e-07
20050718,0.00456154500723054
20050719,0.0023807524314211344
20050720,0.0037164956032686536
20050721,0.0006986978888804711
20050722,0.0013616983606344539
20050723,0.0007525040037007617
20050724,0.008961244458646293
20050725,0.0028409626919491493
20050726,0.0012126795610104858
20050727,0.0021685894221849236
20050728,0.0007478451077334199
20050729,0.006548741215552608
20050730,0.0013022569330404135
20050731,0.0010412068804500308
20050801,0.000973296838705748
20050802,0.001545374468859006
20050803,0.0002483964061129883
20050804,0.0002609035255287125
20050805,0.002941298979004188
20050806,0.0008882430547240023
20050807,0.002348273644380316
20050808,0.001158548987001833
20050809,0.00025999518186886275
20050810,0.00020866597248287005
20050811,0.0009190854393423312
20050812,0.0030809494754874297
20050813,6.325698482981982e-05
20050814,0.015756038009186096
20050815,0.006159195355900482
20050816,0.0003065945490869029
20050817,3.678276041369551e-06
20050818,0.0004176232016803911
20050819,0.009541669716971374
20050820,0.00037349950598621447
20050821,0.0033100365946490875
20050822,0.0014093156678638957
20050823,0.0038501876459702223
20050824,0.00025732541138018624
20050825,0.010546469921662091
20050826,0.00037516566158641874
20050827,0.00011953085921776255
20050828,5.4407573169149246e-06
20050829,0.0
20050830,4.261732051702438e-07
20050831,2.312450574920911e-06
20050901,0.0021027584435498983
20050902,0.0003144712621098316
20050903,0.0002348551791394216
20050904,4.769185321059199e-06
20050905,0.0005267113425586671
20050906,0.000234382917729141
20050907,5.3809041036324986e-05
20050908,0.00028553770654194034
20050909,0.005658661343962544
20050910,0.00539448232084528
20050911,0.017872742458983116
20050912,0.007042572938087498
20050913,0.00020285972506884026
20050914,0.0005214966737242979
20050915,0.0020392502856749956
20050916,0.010622776744220033
20050917,0.00020318957303859219
20050918,7.71773208727224e-07
20050919,0.0
20050920,0.0
20050921,4.4820694711233955e-07
20050922,0.0
20050923,3.080114051719133e-10
20050924,6.2424083158392e-05
20050925,0.0018942353185092467
20050926,0.0003750974332173991
20050927,6.05314080086369e-05
20050928,0.0015408756227423095
20050929,0.003836080746063522
20050930,0.0007254515113558906
20051001,0.010690170982386284
20051002,0.0020639310476165615
20051003,0.0007321573391655187
20051004,0.004226072488389207
20051005,0.001273856761263414
20051006,6.325192001821845e-05
20051007,0.00012922993652022413
20051008,8.170850292434758e-05
20051009,4.843668685642015e-06
20051010,4.849571147558483e-06
20051011,3.125770756271681e-06
20051012,6.4259540542486986e-06
20051013,0.0
20051014,2.781736842077599e-06
20051015,1.731945584456433e-06
20051016,9.173990840063898e-07
20051017,1.3222375365626991e-07
20051018,2.1832265993242397e-06
20051019,0.003213984436647952
20051020,0.0021610181585422898
20051021,0.00873232652017586
20051022,0.011135072019567085
20051023,0.0025456867202082456
20051024,0.0006145181332166908
20051025,0.0010169032741447423
20051026,0.0009089275259510481
20051027,9.372052074965819e-07
20051028,9.766162618416373e-07
20051029,0.00037214739137225315
20051030,1.6251827668176742e-08
20051031,0.0007780988462189589
20051101,0.0046346912056389414
20051102,0.005991383400026703
20051103,0.0004173444936122741
20051104,0.0105067933542693
20051105,0.0009193307988208642
20051106,2.2943925525009578e-05
20051107,0.0015399339411851936
20051108,1.7740211448276165e-05
20051109,0.000934952076944937
20051110,0.0002511435566227206
20051111,5.83637895784337e-05
20051112,0.0010435951425148957
20051113,0.0005140198891985445
20051114,1.4166207513341633e-05
20051115,0.0029229023742902115
20051116,0.0025059873346176004
20051117,0.0005451230515915634
20051118,0.000514239750821815
20051119,4.003691660966728e-05
20051120,0.00010609186872027804
20051121,0.0006081763975983944
20051122,3.190452462079213e-05
20051123,0.00012826595117423407
20051124,0.005255942527234509
20051125,0.0030607600325929392
20051126,0.002329952856547638
20051127,0.004347784082348916
20051128,0.003548757723326562
20051129,0.0003222161319882343
20051130,0.00021939249088614462
20051201,7.850465298571453e-06
20051202,0.004108884559202912
20051203,0.0028485433922003614
20051204,0.017075508793749798
20051205,0.0029954847693112138
20051206,0.0012076523820109396
20051207,0.0017192145544425528
20051208,0.004999609147373936
20051209,0.00034097378353012295
20051210,4.068585264284847e-06
20051211,1.7541524776469722e-06
20051212,0.00023379914444676312
20051213,0.00017678016182012606
20051214,0.0007495553955106937
20051215,0.0006911317008045696
20051216,0.008907525748090051
20051217,0.0030148152339133354
20051218,0.000590546248125059
20051219,0.0032998987322551913
20051220,0.00016546291447368098
20051221,0.00020299636186490492
20051222,0.0018538371303822138
20051223,0.00021840961715185566
20051224,0.00022642079387913034
20051225,0.0006043356777545213
20051226,0.0018116314137919705
20051227,0.0064911448164905
20051228,0.0025804915140786784
20051229,0.0008910455589702439
20051230,0.008603692784265225
20051231,0.0041233671947430075
20060101,0.0041053363819462925
20060102,0.00043177764523438426
20060103,0.00048347436723528674
20060104,7.870961941088651e-05
20060105,0.0003860152749475579
20060106,2.2357504657558014e-05
20060107,1.7957486198021525e-05
20060108,7.698502453712623e-05
20060109,1.6684999117566905e-06
20060110,2.5970259296900314e-06
20060111,0.0022424279867633116
20060112,0.0017420723584822778
20060113,2.143502869630278e-06
20060114,3.1290337964390738e-09
20060115,9.320344837680143e-07
20060116,0.00021672606784388482
20060117,0.0166770602523811
20060118,0.0023790816698185907
20060119,0.00011454021692005918
20060120,0.003271819146959799
20060121,0.001425154271237476
20060122,0.00044159969771844144
20060123,1.3226833257820043e-06
20060124,0.0
20060125,0.001091703063774835
20060126,0.0020182067762781757
20060127,6.249762816447213e-05
20060128,2.8987393350574842e-05
20060129,1.3015607030013421e-06
20060130,1.2858194095726672e-06
20060131,2.620731038906513e-06
20060201,1.7310585061259604e-06
20060202,3.537717858835187e-05
20060203,2.212463650346814e-05
20060204,0.00012172020199506841
20060205,0.0003450909987447961
20060206,0.0007943335151592509
20060207,0.0014919592639345194
20060208,0.006696025429411049
20060209,0.002253228860932912
20060210,0.0009318939170304793
20060211,4.5635518838402105e-05
20060212,0.0007777505680215506
20060213,0.00040153417384399535
20060214,0.0005545721982080145
20060215,0.013513423623623882
20060216,0.01483561852300504
20060217,0.004082185307484408
20060218,0.0085846137768988
20060219,0.001848715095264571
20060220,0.0021414866898901916
20060221,0.0013361966278708812
20060222,7.020051114809618e-05
20060223,0.0005140381214311646
20060224,0.00021736964077377017
20060225,0.0003285175493744117
20060226,9.11693765440695e-05
20060227,0.00042110615548008766
20060228,0.006648848877745356
20060301,0.001546261320209092
20060302,0.0013899853166283002
20060303,0.0156596370370851
20060304,0.0037757701847084815
20060305,0.0011345007803553846
20060306,0.002057571337196002
20060307,0.00046899048394021393
20060308,0.0129163450249664
20060309,0.011385029727456
20060310,0.005667129129158203
20060311,0.004722791881690294
20060312,0.00029010675497114744
20060313,1.5288199980534296e-06
20060314,1.2875307771748891e-06
20060315,1.1898841448553022e-05
20060316,1.2345840741014518e-05
20060317,1.4972613510155354e-05
20060318,3.7028556762518105e-06
20060319,1.7239119697313243e-06
20060320,0.0005312459836370469
20060321,0.0054069613316020376
20060322,0.0020989846212406266
20060323,0.0007912936596577829
20060324,0.006289656625953967
20060325,0.007631909395949123
20060326,0.0036631223355751853
20060327,0.0042719872003475
20060328,0.0034307803085096523
20060329,0.0029080248661825497
20060330,0.015005279635207664
20060331,0.004528191354795672
20060401,0.004635137861842327
20060402,0.0052201875311389725
20060403,0.004657810948056454
20060404,0.00032916555843725864
20060405,0.0023301955955131624
20060406,5.885745019455722e-06
20060407,1.307361424162969e-05
20060408,4.776740212658394e-05
20060409,0.001694394391267963
20060410,0.00623366077983329
20060411,0.000443721038298353
20060412,0.0056963921876722196
20060413,0.0022351523944062228
20060414,0.002099629163656876
20060415,0.0029449183411488274
20060416,0.006536296722676644
20060417,0.0022541578672660373
20060418,0.00019177892322446417
20060419,1.4594344827522958e-05
20060420,1.165288838738252e-05
20060421,6.865759087209815e-05
20060422,0.0011707134584733267
20060423,9.913372140385447e-07
20060424,0.00010707411822070407
20060425,0.0036233431555349202
20060426,0.003850712377841057
20060427,0.002117954619166778
20060428,0.00010562759018622007
20060429,0.0011084683474039728
20060430,0.00536565626008887
20060501,0.003474531032086884
20060502,1.0993056764540738e-05
20060503,1.4899153981431829e-05
20060504,1.2488039071856474e-05
20060505,0.0014492014509227913
20060506,0.00018967875245717503
20060507,0.0016445489474752766
20060508,0.010949380187763027
20060509,0.00921924210368428
20060510,0.00039843924904726686
20060511,7.1404762111073155e-06
20060512,0.0014377777292080987
20060513,0.010573611461041403
20060514,0.0010756222957699014
20060515,0.0007563253370335571
20060516,0.011403926398364392
20060517,0.0009054732905087955
20060518,0.00561734690282134
20060519,0.002473022261958276
20060520,0.011127579580408614
20060521,0.0012973272245291347
20060522,0.0065045393942963
20060523,0.0007690716871310903
20060524,0.0007437146144551081
20060525,0.006113323873266372
20060526,0.006667640613779369
20060527,0.0029518891868362523
20060528,0.003647177826619655
20060529,0.009706008208988204
20060530,0.004689079924894679
20060531,0.002887588137489489
20060601,0.003334524895204426
20060602,0.0013925476515690254
20060603,0.0001294999204394308
20060604,0.00023555543033886708
20060605,0.002042125654384983
20060606,8.957426579656875e-05
20060607,1.1502171268068015e-05
20060608,1.3971682317908382e-06
20060609,0.0
20060610,0.0
20060611,2.5619847292546183e-06
20060612,0.0
20060613,3.2169074956528285e-06
20060614,0.00047362131145765277
20060615,0.003585565713967322
20060616,0.0006627849865643847
20060617,0.00021879163803367618
20060618,0.002581650334580717
20060619,0.00589853372541461
20060620,0.00483410039437247
20060621,0.0006607268053180382
20060622,0.0004208935659764979
20060623,3.270478139792328e-06
20060624,4.351138045421976e-07
20060625,0.004981689395334922
20060626,0.0013832981795356052
20060627,0.005422373131576689
20060628,0.003615927294665136
20060629,0.002688107388797611
20060630,0.0002699716896528529
20060701,1.7046928064701206e-06
20060702,0.0
20060703,4.263414119520803e-07
20060704,3.60031489334339e-05
20060705,0.004254259173530935
20060706,0.0067390365389039695
20060707,0.0014196064257787503
20060708,0.0007686179344821029
20060709,0.0005415657405927093
20060710,1.4099529509374822e-05
20060711,0.0008318058026655096
20060712,0.0010508317006806345
20060713,0.001032196326707344
20060714,0.00017076016322639613
20060715,8.583068833445395e-07
20060716,0.0
20060717,2.1517276422855502e-06
20060718,1.7142290289484663e-06
20060719,8.494691313945173e-05
20060720,0.0014102426314832551
20060721,0.0002346465276329535
20060722,0.0031681791298176247
20060723,0.0003116698182982559
20060724,0.00010651592236519134
20060725,7.3250391179701e-05
20060726,0.0006747301267436129
20060727,0.0010438523375563456
20060728,0.0105071924364577
20060729,0.0011131851873195982
20060730,0.0014510615682052236
20060731,0.0012634575032423878
20060801,0.002602964875660766
20060802,0.0017127632421491124
20060803,0.0028681533013728633
20060804,0.008497291549564362
20060805,0.00710402982020311
20060806,0.0013284027273014008
20060807,5.518216273792689e-05
20060808,0.0024431564012071033
20060809,0.0005657289892045693
20060810,0.0028392606748387813
20060811,0.010808027699308909
20060812,0.004923267080945468
20060813,0.010542900747459586
20060814,0.0130333982319084
20060815,0.002034420266446619
20060816,0.005988774286871673
20060817,0.00927722144051538
20060818,0.010933805867576309
20060819,0.0031316065465201376
20060820,0.00241046070154103
20060821,0.006251626656439009
20060822,0.0024488950308340887
20060823,0.0004388955896836474
20060824,0.010311353701520436
20060825,0.008539071996514989
20060826,0.007587105986449261
20060827,0.0031584507533940756
20060828,0.01329658119087156
20060829,0.006944667505409748
20060830,0.002127774358999466
20060831,6.30773626159119e-05
20060901,1.5068894953028668e-06
20060902,0.00025352444551172916
20060903,0.0015087688643171588
20060904,0.0011824990172172691
20060905,6.055571406573844e-05
20060906,1.1363052292288673e-06
20060907,0.0011680207136336928
20060908,2.629575448580565e-06
20060909,4.351138613856165e-07
20060910,0.0002919242980166398
20060911,0.0002534100355921044
20060912,0.0008011742542523588
20060913,0.0002711521848263502
20060914,0.00023432305400828478
20060915,0.0019721995937459773
20060916,0.0001976449836946593
20060917,0.017947531409583047
20060918,0.009017530064770782
20060919,0.0010477465006863067
20060920,0.00014702391412013365
20060921,1.3083189646754692e-06
20060922,0.00012258570861382333
20060923,0.000560259394009384
20060924,0.009232549966882574
20060925,0.01036318108977953
20060926,0.0020019643547061127
20060927,0.00011405890345124853
20060928,4.558331806375581e-05
20060929,0.0001130948589492813
20060930,0.006748955300243191
20061001,0.0025200082923272967
20061002,0.010145890894380213
20061003,0.0388753324311878
20061004,0.002242892172333094
20061005,0.001111801120724707
20061006,0.005517142486827919
20061007,0.005350469906748221
20061008,6.621721467791005e-07
20061009,1.5396492841585345e-05
20061010,0.0004249180680090063
20061011,7.18666081854582e-05
20061012,0.0006780280751167501
20061013,0.0011188588553323806
20061014,0.0001561351861840212
20061015,1.1355144578884967e-05
20061016,1.947743357720771e-06
20061017,2.9437603555752624e-06
20061018,0.00012104674429781935
20061019,0.005835884679720428
20061020,0.004595763581237803
20061021,0.003959652752442941
20061022,0.001770548090724188
20061023,0.0184961480661165
20061024,0.010898167889814878
20061025,0.00024298297851755874
20061026,4.914962693043401e-06
20061027,0.0015753826599548659
20061028,0.00116640578089541
20061029,0.0023354547918480397
20061030,9.9004938821604e-06
20061031,0.0008175539442871121
20061101,0.0014049313121913764
20061102,0.00029090920411122695
20061103,0.0004154442542007007
20061104,0.00013032812569280336
20061105,6.005567224232034e-05
20061106,8.798809622680436e-05
20061107,1.3445816668750174e-05
20061108,0.00017497195511016257
20061109,0.0016859009953858906
20061110,6.081498610162424e-06
20061111,0.005319785476588962
20061112,0.002882219943162192
20061113,0.0036664969684045414
20061114,0.0025391863882991265
20061115,1.9865769655693348e-05
20061116,0.0006175602420862863
20061117,0.009517713038808563
20061118,0.0007742907168856988
20061119,0.007859332675098698
20061120,0.005068852384742241
20061121,0.008568623882845
20061122,0.001956520290194111
20061123,0.01183268120422222
20061124,0.0030098978530031456
20061125,0.004302008710233792
20061126,0.0011704129020460685
20061127,1.1384863701371214e-05
20061128,0.0002014473484743544
20061129,0.0009449195343046136
20061130,5.627813466206778e-05
20061201,9.300107728248889e-06
20061202,0.00011804813144049748
20061203,0.006997881701889482
20061204,0.00894028666522824
20061205,0.00321269023524036
20061206,0.004415017808231562
20061207,0.004209948508400278
20061208,0.008787009496949636
20061209,0.001799520225905025
20061210,0.0002666591735977994
20061211,0.002849558326546475
20061212,0.004538178350615056
20061213,5.5359123533368345e-05
20061214,3.4984787453009004e-05
20061215,6.726733360654984e-06
20061216,0.0032180381094905766
20061217,0.000653754847477301
20061218,0.00042475139500286723
20061219,3.319569131679392e-05
20061220,3.580346535818818e-05
20061221,0.00015920378353995307
20061222,2.870309210800102e-07
20061223,8.356021932725856e-06
20061224,1.8064454666153982e-06
20061225,3.699721578540507e-05
20061226,1.7961543460721703e-05
20061227,7.920603045005403e-05
20061228,9.901493087097256e-05
20061229,4.212231156906303e-05
20061230,0.003613422357035452
20061231,0.0030858639754859974
20070101,0.01360957912640537
20070102,0.006932102606919142
20070103,0.000888864409783099
20070104,0.004484203353671288
20070105,0.0015078156666588774
20070106,0.006699481393657054
20070107,0.0009457557274788126
20070108,0.00624948637131138
20070109,0.0024232672210925473
20070110,0.003895399592636338
20070111,0.005861771135218585
20070112,0.0012538883568108826
20070113,0.00148495958395943
20070114,0.0007185136872733457
20070115,4.818014027676112e-06
20070116,0.00010819486593575417
20070117,0.005812809958215212
20070118,0.0195623920619472
20070119,0.011848505960376204
20070120,0.005443963389803267
20070121,0.0028324527557230797
20070122,0.00037009963859646345
20070123,0.0019860312690398794
20070124,0.0009249185486809738
20070125,0.00013133371552611966
20070126,0.0007273677842426055
20070127,0.00225495679852749
20070128,0.0017477511156254015
20070129,0.0008724229973452528
20070130,0.00019606267893310222
20070131,0.00019030387052171386
20070201,0.00029813116361488134
20070202,0.0002397919361820012
20070203,9.520579970532549e-05
20070204,2.1617219107913267e-05
20070205,0.0023333708390203094
20070206,0.003561410323512298
20070207,0.004259550820262273
20070208,0.009270874997405858
20070209,0.0007574455308471034
20070210,0.002536789798754277
20070211,0.012730949481238311
20070212,0.0106282768474703
20070213,0.0038846443428145303
20070214,0.013534449007563305
20070215,0.00013170422882311154
20070216,3.05343082554988e-10
20070217,1.7103121308390322e-06
20070218,6.773706217898252e-06
20070219,8.75625531110942e-05
20070220,1.6683533994584885e-05
20070221,0.0008795381535362985
20070222,0.0002950217760631078
20070223,0.001055394404210836
20070224,0.008241679918676114
20070225,0.009789362019392215
20070226,0.006606957509795672
20070227,0.006449985445805862
20070228,0.0088391410244188
20070301,0.0169320189047251
20070302,0.00406391005810669
20070303,0.009238343956525093
20070304,3.907758090382733e-05
20070305,0.002589973704050021
20070306,0.0036261617059852543
20070307,0.00626168673730819
20070308,6.735278989678122e-05
20070309,0.0044103105372302245
20070310,1.3326771371780751e-05
20070311,1.0392292410972138e-06
20070312,0.0
20070313,2.225152726259524e-06
20070314,1.1385168930820838e-05
20070315,0.0
20070316,4.464282000064289e-06
20070317,0.0007888072566178773
20070318,0.008887087350371166
20070319,0.005000639050715258
20070320,0.00134841657840721
20070321,0.002393585951923154
20070322,0.012764586272839681
20070323,0.0066831515090153585
20070324,0.0034225436275405153
20070325,0.00025004416374738473
20070326,1.7157910292553424e-06
20070327,0.00033763877947676186
20070328,0.0011734975326176767
20070329,0.0044584120483319965
20070330,0.007918116517575192
20070331,0.004304051727291441
20070401,5.058735794128706e-05
20070402,8.315311769592398e-05
20070403,0.00036540818711308225
20070404,0.00030751298929492654
20070405,4.351138613856165e-07
20070406,3.415676417262148e-06
20070407,6.4250678072082315e-06
20070408,4.5372027125766356e-08
20070409,1.846544915679943e-06
20070410,2.322764636091681e-05
20070411,2.8583711207806395e-08
20070412,1.2927794689730174e-05
20070413,3.255462698213818e-06
20070414,1.2954736295808955e-05
20070415,8.638875102952956e-07
20070416,0.0
20070417,0.00015444849571455828
20070418,4.623253450632113e-07
20070419,0.0
20070420,4.6413836680407895e-06
20070421,8.52346317969932e-07
20070422,0.0
20070423,3.121745704793524e-05
20070424,5.2181829538244694e-06
20070425,6.933531483949281e-06
20070426,3.073296416663615e-06
20070427,0.00010256740856515723
20070428,0.0011413211283072518
20070429,0.0016126955850846456
20070430,8.877798135440204e-06
20070501,1.7106532936850272e-06
20070502,8.470463501091535e-05
20070503,0.000614302330422806
20070504,0.00033280518285817894
20070505,0.0022160677947170985
20070506,0.00011528339764304943
20070507,0.0059761269458516965
20070508,0.01011402646291564
20070509,0.01285933578413732
20070510,0.0006630659684952889
20070511,0.0017700260306048178
20070512,0.0029054399678730934
20070513,0.005718366200098631
20070514,0.0071384116576896
20070515,0.004413811586852439
20070516,0.008864903478495703
20070517,0.008869365040178967
20070518,0.00013804967016235799
20070519,0.0019123949872961693
20070520,0.0016419037551031687
20070521,0.0008347847627883039
20070522,0.0014402080654471144
20070523,0.0009819734541850634
20070524,0.0009321731808787021
20070525,0.0016859559577051245
20070526,0.0055411943226403755
20070527,0.004201067450589726
20070528,0.008398576316787837
20070529,0.0027198187547511706
20070530,0.00021739255786226865
20070531,0.008020114878029675
20070601,0.015218740946966701
20070602,0.001793119415787632
20070603,0.0010212653536597809
20070604,0.0007724324738028913
20070605,0.0005170749467498725
20070606,0.000993688897100756
20070607,0.0012994111070810598
20070608,0.005058509284047191
20070609,0.007682167242325765
20070610,0.0021987935487258166
20070611,0.005289703422998799
20070612,0.0031704183624956133
20070613,0.0004898597191040991
20070614,0.0065524124652995095
20070615,0.005792484057784576
20070616,0.0014283277303126453
20070617,0.00946366322875602
20070618,0.0014816106148037543
20070619,0.00016351904253081228
20070620,0.003461943065166696
20070621,0.009330251737587291
20070622,0.009582467357718512
20070623,0.009216270945321473
20070624,0.001257829136163373
20070625,0.007722543079967598
20070626,0.008586936419644751
20070627,0.0023055286720080983
20070628,0.0025798072483408253
20070629,0.001871608290120224
20070630,0.0009119310570396705
20070701,0.004784879247796437
20070702,0.006234517503452661
20070703,0.010094878073670674
20070704,0.010922528470768642
20070705,0.006663041652348
20070706,0.0037995654346083887
20070707,3.087881406168472e-05
20070708,0.005814597224655959
20070709,0.003218121589838905
20070710,0.00507413287096163
20070711,0.002681685906137979
20070712,0.0016496184668741301
20070713,0.00033898825308306023
20070714,2.1623391908455696e-05
20070715,1.2861818845522066e-06
20070716,0.00015655579845120102
20070717,0.00045703774734859873
20070718,0.00047849982895006
20070719,0.012647619024360703
20070720,0.00662135107555352
20070721,0.001967228301711059
20070722,0.00040895144666073033
20070723,0.010622664840513144
20070724,0.003192272897096226
20070725,5.938319102929408e-05
20070726,1.1036907707625595e-05
20070727,0.0006517896268685264
20070728,0.005735092585381772
20070729,0.007838024982048757
20070730,0.000331728705876463
20070731,1.3695309328603205e-05
20070801,4.823638599489694e-05
20070802,0.00887881002674108
20070803,0.0008674776892346205
20070804,1.726656733869853e-06
20070805,-5.8043729738757925e-09
20070806,0.0015782357885672335
20070807,0.0074321690745907795
20070808,0.008946013066615311
20070809,0.0209834357804036
20070810,0.006778117412746736
20070811,0.0010132522061899992
20070812,0.0011830254192709542
20070813,0.0006546862798621729
20070814,0.0008769033250824695
20070815,0.008831242548586285
20070816,0.008179888554664966
20070817,0.0015226633993705094
20070818,0.0003461692151948234
20070819,0.006228755311031077
20070820,0.002206980023577034
20070821,0.008801811562077341
20070822,0.020423336799651498
20070823,0.0010483355378164568
20070824,0.000743738539502719
20070825,0.00012204505046548338
20070826,2.502179226919439e-05
20070827,8.23983305561374e-05
20070828,8.026183036279854e-05
20070829,0.0008763393898805817
20070830,4.9317633470351375e-06
20070831,0.0007353002892287738
20070901,0.0010236104785343605
20070902,0.0005125648669439978
20070903,0.008344257948737936
20070904,0.0009542014918091991
20070905,9.970786994746182e-05
20070906,0.0005032820031462585
20070907,0.0005037523171798487
20070908,0.00027054517825101087
20070909,0.0005102208995047911
20070910,0.001694832360699207
20070911,0.00046587013591638146
20070912,0.00017547906506328013
20070913,2.95864618015668e-06
20070914,0.00012168676260996807
20070915,9.448392220950593e-05
20070916,9.172563158460126e-07
20070917,0.006384081395744083
20070918,0.004953508651126958
20070919,6.748967802228638e-05
20070920,1.3137826887600477e-06
20070921,8.582339450080783e-07
20070922,0.0001063989234544582
20070923,0.00017326470189549267
20070924,0.0037172644620300788
20070925,0.0006496738666476989
20070926,0.0035001801545069032
20070927,0.016790988374677504
20070928,0.0030370025855287397
20070929,0.0022698078843425918
20070930,7.513393549140263e-05
20071001,0.0013726590945141361
20071002,0.004958090317357758
20071003,0.0010869940539039882
20071004,0.00040794996601302224
20071005,0.00010036766609584524
20071006,5.179809509254688e-06
20071007,4.436402094526039e-07
20071008,1.113064316205941e-06
20071009,0.0005587335750791978
20071010,0.0035343509676266623
20071011,5.182607780718491e-07
20071012,0.00013739983940210806
20071013,0.00010528143937005646
20071014,1.7204318493044144e-06
20071015,5.9311781639718345e-06
20071016,9.345896399483774e-06
20071017,0.0017339911773889196
20071018,0.00028095579915277
20071019,0.0002714562633252928
20071020,1.6673970482153056e-05
20071021,0.0017855372577733686
20071022,2.132550347426954e-05
20071023,1.3401925072541473e-06
20071024,7.875479767627397e-06
20071025,1.4181272960839667e-05
20071026,0.0001010149729851543
20071027,8.311706066779671e-05
20071028,3.4530767284171525e-05
20071029,0.006631991415589903
20071030,0.0025412760034312074
20071031,1.854942161544419e-06
20071101,1.9339682247146577e-05
20071102,0.00015650058940841266
20071103,0.00047135023533483505
20071104,0.00028964009049695376
20071105,7.86759982130593e-05
20071106,0.001998197652178887
20071107,0.001480181043055666
20071108,0.004270059809877939
20071109,0.006838075058669844
20071110,0.007688453753917437
20071111,0.0069348869479469695
20071112,0.0005111880860139621
20071113,0.007116875069993018
20071114,0.002646186830211368
20071115,0.000303403286156222
20071116,2.825290276550655e-05
20071117,0.00011220723478353756
20071118,7.732245311202334e-06
20071119,0.003598281897741658
20071120,0.00039494921281612693
20071121,0.004755321708472472
20071122,0.0033750663516238922
20071123,0.007640306898826872
20071124,9.501117503490175e-05
20071125,0.0032712061468825196
20071126,0.0017952964879059503
20071127,0.0006650691064011918
20071128,3.3661038835124376e-06
20071129,0.001070021569471631
20071130,0.0012515072879244681
20071201,0.004507890045588315
20071202,0.021784228179083102
20071203,0.010576003408736797
20071204,0.002499922020087639
20071205,0.002307547042165484
20071206,0.011235965569733823
20071207,0.0116073567351603
20071208,0.005204947851604858
20071209,0.011668738032285006
20071210,0.007848460170598133
20071211,0.002673186326242335
20071212,0.00044080288978549253
20071213,3.2931963649888666e-05
20071214,1.0342606409696502e-05
20071215,3.2712380526053944e-06
20071216,4.8110787032285734e-06
20071217,6.053763912925631e-06
20071218,1.4629302771166267e-06
20071219,4.351138045421976e-07
20071220,1.2934253333808036e-06
20071221,9.152913261454856e-07
20071222,3.691411411258389e-06
20071223,4.534525774211628e-06
20071224,8.343386873408207e-06
20071225,1.374544505880532e-06
20071226,0.0014301095359481111
20071227,0.00039116241926559654
20071228,9.717169042066187e-05
20071229,0.004033174753315775
20071230,0.0012679393777409024
20071231,0.0007648226772710363
20080101,0.0005878313247268393
20080102,9.402991163093275e-06
20080103,0.0020835295970365263
20080104,0.0001675921391058215
20080105,0.009796275764222033
20080106,0.004628702773545302
20080107,0.005294540691404021
20080108,7.703351360199663e-05
20080109,0.002427189352838739
20080110,0.00048122468173937945
20080111,0.005348652459646979
20080112,0.002131963655844782
20080113,3.210116375505845e-07
20080114,0.0015454409218238901
20080115,0.004641015354268353
20080116,0.0066696565857715245
20080117,0.005149443036324997
20080118,0.003643230995850464
20080119,0.0012184530210703106
20080120,0.00010366322625964675
20080121,0.0011567248645627626
20080122,0.006572181103992546
20080123,9.6822925661114e-05
20080124,0.0017899521223556428
20080125,9.943380384010286e-05
20080126,1.8254373818032056e-05
20080127,2.666293178342769e-05
20080128,8.60640452267442e-05
20080129,5.591620438129033e-05
20080130,0.003358110869425959
20080131,0.0018708688172649629
20080201,0.0246374798542351
20080202,0.0003617438316159316
20080203,1.2844971024605911e-06
20080204,0.004797010102124207
20080205,0.005391590838646236
20080206,0.00896737754658443
20080207,5.56741237480498e-06
20080208,1.7088983099711186e-06
20080209,2.1283085516188297e-08
20080210,8.642672923997452e-07
20080211,4.351138045421976e-07
20080212,3.862481191118486e-06
20080213,1.3298655152741305e-06
20080214,1.3064784184171489e-05
20080215,5.425892500557419e-05
20080216,8.415972263409057e-07
20080217,1.7225741544280027e-06
20080218,1.269578945084504e-06
20080219,4.352978942546308e-07
20080220,0.003193288300231738
20080221,0.001018944815412558
20080222,0.000424231879524021
20080223,0.00016630951609630259
20080224,2.779196059534491e-06
20080225,0.0010301992404031614
20080226,0.005490186292717432
20080227,0.0006332756532729829
20080228,0.004149322113270166
20080229,0.010337976140201568
20080301,0.011783504976239664
20080302,0.002649569296464297
20080303,0.005876964268023197
20080304,0.007625927703462111
20080305,0.00044032140060951364
20080306,2.2563005061631226e-05
20080307,0.0003924791298330581
20080308,0.000526044059739637
20080309,0.0006904394636273821
20080310,0.006084098493231755
20080311,0.011130143894280957
20080312,0.012714005357268481
20080313,0.003523326183250969
20080314,0.010577788500547232
20080315,0.0017333689996220291
20080316,0.008636554396353463
20080317,0.002138523591273684
20080318,0.00010315424954379009
20080319,0.001732371924752294
20080320,0.005122882436947306
20080321,0.020703496814760098
20080322,0.0057168735487283
20080323,0.001231760746538173
20080324,0.004046939102241042
20080325,0.0020284052451582865
20080326,0.0022129059737563887
20080327,0.0059578892193505265
20080328,0.0036863038302576106
20080329,0.00048651879204042133
20080330,0.003937231023697711
20080331,0.0005758721034322927
20080401,0.000502508901274946
20080402,0.0012863333874379938
20080403,0.0013911424630375106
20080404,0.000246869703317796
20080405,0.005627490491041819
20080406,0.005827756179035521
20080407,0.005786929006310828
20080408,0.0009094535545438633
20080409,0.011492575535630524
20080410,0.003858334692805258
20080411,0.006599036336247136
20080412,0.0008938229297122697
20080413,0.0072054946235196185
20080414,0.00948229551435518
20080415,0.004091688789557886
20080416,0.0015392863690618101
20080417,0.000626838798197872
20080418,0.0007164694106903173
20080419,0.005629017148813446
20080420,0.0003976799982210065
20080421,0.004086721172134023
20080422,0.0030109624497352294
20080423,0.0034948920180504204
20080424,0.0012069342205883508
20080425,0.0011735516566619782
20080426,3.4922855960352106e-06
20080427,5.679026763393269e-05
20080428,0.010921539171337851
20080429,0.0009281234196648055
20080430,0.001538623168403577
20080501,0.0018745975735249979
20080502,0.0007899582246407647
20080503,2.7818402494718244e-06
20080504,5.684341886080804e-14
20080505,0.0
20080506,1.427176619036472e-06
20080507,8.583068941283779e-07
20080508,8.624478745117758e-09
20080509,8.523463748133508e-07
20080510,0.0
20080511,5.722383715735157e-05
20080512,8.669737462752704e-05
20080513,0.00010655868150795014
20080514,0.0018715295537260965
20080515,0.002933816212226479
20080516,0.002115313745294302
20080517,0.0055546592802960615
20080518,0.004281603708450723
20080519,0.0006970516903418395
20080520,8.691930047150023e-05
20080521,0.00013751290992130351
20080522,0.00031504933138354867
20080523,0.0003645156508617842
20080524,0.003706579377015958
20080525,0.0013889214335031704
20080526,0.0012176176015216739
20080527,0.0022969264453485887
20080528,0.0020778056314267315
20080529,0.009853494096966096
20080530,0.009189596135546239
20080531,0.00904300543852577
20080601,0.00034513711135570816
20080602,0.006602674144062769
20080603,0.00047733987225229683
20080604,0.0015280784347350732
20080605,0.015511927065229449
20080606,0.0136420752637265
20080607,0.004169863935653966
20080608,0.0015506395482047745
20080609,0.0003791468793795589
20080610,0.0007222269776640234
20080611,0.00035948046224033457
20080612,0.007050210152849165
20080613,0.0009412929510084606
20080614,0.0015526928807607539
20080615,0.0036318400465916744
20080616,0.0015503450063706027
20080617,0.0008644156405092744
20080618,2.5581942968912472e-05
20080619,0.001406786416487962
20080620,0.0011340424049600295
20080621,0.00016027493520579526
20080622,0.004975887812364105
20080623,0.0017265101182106874
20080624,0.0017409152388718758
20080625,0.009136313672266664
20080626,1.5171580827192075e-05
20080627,0.0004947175181494243
20080628,0.00024288755485437757
20080629,0.00013018653912087082
20080630,6.278991543168456e-05
20080701,1.634177618349931e-05
20080702,0.006017058107636218
20080703,0.012709370079378859
20080704,0.00014489272812294888
20080705,0.0010866574740190592
20080706,0.00198776191573307
20080707,0.002104023536451978
20080708,0.004004493828177146
20080709,0.0009473445017303165
20080710,8.158588979710773e-05
20080711,0.011275629462365626
20080712,0.001313665803734735
20080713,0.0007768067366103337
20080714,0.0002505458141437855
20080715,4.027782328909256e-06
20080716,0.0010091104531483406
20080717,0.002390874671801554
20080718,0.0007112144875185505
20080719,0.004405675102181505
20080720,0.0009109316032836076
20080721,0.0012060086484760545
20080722,0.0009547097717000038
20080723,1.6501357648680562e-05
20080724,8.061840082801515e-10
20080725,6.127242586353449e-06
20080726,0.005392788132386821
20080727,0.004496374966884267
20080728,0.0017049442108731147
20080729,0.0030194240590336705
20080730,0.002997785680550316
20080731,0.00012459372420868997
20080801,0.0022281144083481736
20080802,0.0014081080806086358
20080803,0.002169970255195998
20080804,0.01030920146773955
20080805,0.00010331404975599447
20080806,1.3764488248042304e-06
20080807,0.0038365206082377618
20080808,0.011229609105184056
20080809,0.000626310774557635
20080810,0.0010854416390848787
20080811,0.008146999300396793
20080812,0.024722287853771563
20080813,0.0011723554951486382
20080814,0.000971531900724574
20080815,0.0017870538328026888
20080816,0.00011611339283110199
20080817,0.0010811350595876937
20080818,0.00028160507092753114
20080819,0.003913957081441523
20080820,0.0009226976705557608
20080821,0.00045407120506299513
20080822,0.013753813042434134
20080823,0.00305397824631356
20080824,0.002663551759572856
20080825,0.0013619127843466192
20080826,0.00018470818165027797
20080827,6.871464161496883e-05
20080828,0.00020964686541416564
20080829,0.00011114254384976392
20080830,2.760784716580329e-06
20080831,0.0028266350954608286
20080901,0.0011363811179881508
20080902,0.0007947226176992306
20080903,0.011327906840455445
20080904,0.0009330816268338756
20080905,0.0082629849592498
20080906,0.014406094762066963
20080907,0.0018414982961523561
20080908,0.0005880609055239221
20080909,0.00015301083677031097
20080910,0.001202930144980255
20080911,0.0010594326862261563
20080912,0.007996484429149502
20080913,0.021606869246666355
20080914,9.43639768825359e-06
20080915,9.218896141503488e-05
20080916,9.870096646803196e-05
20080917,1.2968159023660522e-06
20080918,0.0004752654533413019
20080919,3.9662500451948756e-05
20080920,2.575547114247456e-06
20080921,1.9634407392339663e-05
20080922,0.0002735334543504318
20080923,0.0012893496287364851
20080924,0.0003358101302549235
20080925,0.0003455912494943274
20080926,5.307992598991206e-06
20080927,4.268574045340756e-07
20080928,3.923613424381269e-10
20080929,0.00029958883139834865
20080930,0.008125876525121856
20081001,0.0074438234244431
20081002,0.004002106772323492
20081003,0.0034366061005916613
20081004,0.0017944182850709988
20081005,0.0043899623624108
20081006,0.0033209877311020054
20081007,0.0006638033943441689
20081008,0.002494619538138074
20081009,0.0009740996451414104
20081010,7.645658035054754e-05
20081011,3.390334570059107e-05
20081012,2.3567356816887638e-05
20081013,0.00010694354965437545
20081014,0.000200585727962554
20081015,0.002156061511643597
20081016,0.007081170177107316
20081017,5.807034006523844e-05
20081018,1.2394761870360329e-06
20081019,2.638858908741487e-06
20081020,3.358476575253274e-05
20081021,0.007312158579419702
20081022,0.007065753303890616
20081023,3.8998103698909806e-06
20081024,0.0015445508893730795
20081025,0.00026663356611989815
20081026,0.0002949905984847145
20081027,0.012479281646506371
20081028,0.001254574447286341
20081029,0.003606974880057308
20081030,0.005945200216409199
20081031,0.0064261083911433675
20081101,0.007134373073419326
20081102,0.0011702127568707283
20081103,0.00011672482451293624
20081104,0.0002059581074285867
20081105,0.003986595574921314
20081106,0.001438268921386677
20081107,0.0007549675238295555
20081108,3.985645071309712e-05
20081109,0.006030916183781673
20081110,0.0013745491984810784
20081111,0.004698039125636206
20081112,0.00033081917176295856
20081113,4.329892556882307e-05
20081114,1.3673987968612544e-05
20081115,0.000390437441209369
20081116,0.0018657537386762481
20081117,0.00010345775010282291
20081118,0.0013487351848153965
20081119,0.0006378006341879411
20081120,0.0025594689017013417
20081121,0.00831439209300188
20081122,0.0032252984470184237
20081123,0.005844769879919107
20081124,0.002574471606633364
20081125,0.00047545335002338574
20081126,6.795435484598051e-05
20081127,7.421986180948737e-05
20081128,0.00012136603931688977
20081129,0.00017482847687269238
20081130,0.002546062294086677
20081201,0.0014772965900949565
20081202,0.00284321085507976
20081203,0.01150660225479005
20081204,0.008256167552574294
20081205,0.0095916216467017
20081206,0.006114902675501899
20081207,0.0009419338739136889
20081208,2.8069758334424056e-05
20081209,0.0030441569432757506
20081210,0.0012687947074742326
20081211,0.0006587201090196605
20081212,9.24856035184946e-05
20081213,3.8746394386830544e-05
20081214,6.222857454177416e-05
20081215,7.764842212877581e-06
20081216,0.0001511647765123521
20081217,0.0037881707162398244
20081218,0.0011242908298510436
20081219,0.00238231377114887
20081220,0.003981318031204655
20081221,0.0014784150324306177
20081222,0.0007076830242719517
20081223,4.623096439960815e-05
20081224,0.00018577041739894123
20081225,0.0004425702050048183
20081226,1.2093705762130944e-06
20081227,1.6073125054450635e-06
20081228,5.207197254900653e-07
20081229,4.080035789207606e-08
20081230,0.0003764793453412064
20081231,0.005142391301988483
20090101,0.0001244457761167079
20090102,0.00022682240704073966
20090103,2.218990137925371e-05
20090104,0.00013775891023546733
20090105,0.001591231206422271
20090106,5.45798324043369e-05
20090107,3.3946178044209384e-05
20090108,3.0182833627289404e-05
20090109,8.566983624240516e-07
20090110,4.485986861081221e-07
20090111,4.132671272068628e-10
20090112,4.4503274266975204e-05
20090113,0.00010206486123130218
20090114,0.0016392193593915037
20090115,8.731247560873352e-05
20090116,1.0250185674499e-05
20090117,0.0007458022309405363
20090118,0.009541837933150443
20090119,0.008538955618375763
20090120,0.0005376693867919067
20090121,0.0002267024696963952
20090122,0.0027767381028422776
20090123,0.023253009463183656
20090124,4.6069221735942964e-05
20090125,2.6295437887889697e-05
20090126,5.000007257740858e-05
20090127,0.00017402043283146987
20090128,2.9358904681791112e-05
20090129,5.756899943242264e-06
20090130,1.0186435008225017e-06
20090131,2.177119063927098e-06
20090201,0.00033303659736299207
20090202,0.002534491328611227
20090203,0.0016935357906231253
20090204,0.0005910499794566713
20090205,0.0015803744340932902
20090206,0.002944389543374877
20090207,0.004155129555852586
20090208,0.0005394282305516239
20090209,0.008088042071030272
20090210,0.01234030140690388
20090211,0.0022630024434386314
20090212,0.0017612610594704614
20090213,0.0008550406530825801
20090214,0.0008476491147360276
20090215,0.00040156320275653386
20090216,0.007169973838959645
20090217,0.00907451338219557
20090218,1.062779797923146e-06
20090219,0.00023628360416237746
20090220,0.0017792039079165306
20090221,0.000647886456707555
20090222,0.004129646552039704
20090223,0.002799522435776779
20090224,0.0003812052238556951
20090225,8.505306055709374e-05
20090226,0.0012556197294127448
20090227,0.000779285858703433
20090228,2.7468388000032143e-05
20090301,0.00043576109007472383
20090302,0.0022765568770877573
20090303,8.515003784049759e-05
20090304,0.005366323710356937
20090305,0.0093676863623891
20090306,0.0106580996362867
20090307,0.000500020655016025
20090308,0.006171582216722963
20090309,0.004256400463930446
20090310,0.00998584080658318
20090311,0.001095777206912719
20090312,0.0018261906305664436
20090313,0.0007324184353747034
20090314,0.0004730445402940517
20090315,0.0002010020516049423
20090316,8.53211307663825e-05
20090317,4.319640116040595e-06
20090318,8.52346317969932e-07
20090319,1.28597014281695e-06
20090320,8.879808783289876e-07
20090321,8.52346317969932e-07
20090322,5.1333881744140875e-05
20090323,0.005021913641043463
20090324,0.003635069127590706
20090325,0.010507074775813429
20090326,0.007219105960486558
20090327,0.004382324764444455
20090328,0.005846840779124825
20090329,0.0011111872302065388
20090330,8.048270806002494e-05
20090331,2.533370031434088e-06
20090401,1.3111963838444126e-06
20090402,6.7025906962436254e-06
20090403,0.002580856624532512
20090404,0.0009518546351434182
20090405,0.00031776802705016876
20090406,0.0005651860530537244
20090407,0.0017680637089126365
20090408,0.00023484982164476164
20090409,0.00043363563359494005
20090410,4.648170258525544e-05
20090411,0.0008869820966557653
20090412,7.005459217023603e-05
20090413,0.0009577335303743172
20090414,0.000657007548732649
20090415,0.00016070810246908982
20090416,0.005872087467198192
20090417,0.0121865482698352
20090418,0.01085276857543055
20090419,0.00026138540367867257
20090420,0.00016285546705040513
20090421,0.00012909144376338245
20090422,2.6203234788256843e-06
20090423,2.0890403631739382e-05
20090424,0.0003754940300171976
20090425,0.00142695556535348
20090426,0.0027985329114843345
20090427,0.0014714494449360716
20090428,0.004494310476889349
20090429,0.0028476963541448565
20090430,0.00054453774543156
20090501,0.0007780197609599394
20090502,0.0010171585189172952
20090503,0.00034311651286270486
20090504,0.0002386672120240925
20090505,0.000723568007828584
20090506,0.0004876801331991198
20090507,5.349248051971241e-05
20090508,0.005384400465802996
20090509,0.003210201536347946
20090510,0.004082872394008924
20090511,0.010554823229642435
20090512,0.011554117364905483
20090513,0.002033598661705822
20090514,0.006740406707152814
20090515,0.004878819254344819
20090516,0.00035079727030880715
20090517,0.003396789135077519
20090518,0.00027736564911416337
20090519,0.00038592501061919727
20090520,0.0002995051142750247
20090521,0.0042536893933309535
20090522,0.002319039048438938
20090523,7.163933851224776e-05
20090524,0.00022271207283905103
20090525,0.00011808922565292962
20090526,0.0006887990977207534
20090527,0.00024777005021860225
20090528,0.0009487103054890422
20090529,6.232018742868444e-06
20090530,1.1792937333859032e-06
20090531,0.00037469692496629425
20090601,0.000684028725297109
20090602,7.87484256370638e-05
20090603,3.157961949238199e-06
20090604,2.8333308612530582e-05
20090605,0.000412248696558081
20090606,0.013496387890471365
20090607,0.005255721105600165
20090608,0.005346054771023448
20090609,0.00452676737342912
20090610,0.008862016851594323
20090611,0.008573858066677403
20090612,0.00020984370192332941
20090613,8.611483279798927e-05
20090614,0.0010056922034861102
20090615,0.023193515353503644
20090616,0.0043708574950593725
20090617,1.7636441266185245e-06
20090618,0.0002988265171080258
20090619,0.0009487984582821758
20090620,0.0012766190314767102
20090621,0.0041554912635015755
20090622,0.0005174791892941429
20090623,6.741284440032013e-05
20090624,9.041034614315091e-07
20090625,0.0007747314111606772
20090626,0.0024190922536028213
20090627,0.008870337653634305
20090628,0.0010733052972820851
20090629,0.0010240842065954547
20090630,0.003713843630721011
20090701,0.000987651699697067
20090702,0.0010622130008883198
20090703,0.006958894556775008
20090704,0.0020090807770364954
20090705,0.0017970151225719737
20090706,0.0035960053943601
20090707,0.003041749743749745
20090708,0.00918914136366627
20090709,0.0023181268275410537
20090710,0.0006972250748250072
20090711,0.0003359023576649977
20090712,0.0019367879221483242
20090713,0.006142014723298697
20090714,0.011838123061947092
20090715,0.0006894011282998278
20090716,3.460858703017173e-05
20090717,0.0070768339727363214
20090718,0.002108915919940574
20090719,0.0031185069047185232
20090720,0.0012461343608110372
20090721,0.00036674693894119534
20090722,0.004714344853658066
20090723,0.01074368340460665
20090724,0.0022930411270787004
20090725,0.0019820962410759197
20090726,2.7594393808310388e-05
20090727,0.003941135977982231
20090728,9.689404282645058e-05
20090729,0.0005700049929010645
20090730,0.0020534017788103975
20090731,4.254253985546044e-05
20090801,5.4431737308500984e-05
20090802,0.008299024283253601
20090803,0.0020034299181999385
20090804,2.939611568449691e-05
20090805,8.529347610419791e-07
20090806,7.410676516883541e-09
20090807,0.0010541335044172298
20090808,0.007952976381625442
20090809,0.001314965277718821
20090810,0.003610863184116041
20090811,0.0011505670529356855
20090812,0.0003250450674882689
20090813,0.007361392541848399
20090814,0.00025090408992988204
20090815,1.3007781476190607e-06
20090816,0.0002912047439511696
20090817,0.0016457137629404396
20090818,2.3859857233554316e-06
20090819,0.0
20090820,0.0012868877417990296
20090821,0.005267083561096021
20090822,0.00023725435678805746
20090823,8.602998491369362e-07
20090824,0.0009216534619076653
20090825,0.004449458462393575
20090826,0.00044672997107044843
20090827,8.597531189628064e-05
20090828,0.00028076807219216845
20090829,0.00036885804849715026
20090830,1.6915587254600534e-06
20090831,3.778311986511065e-08
20090901,0.009957669051386873
20090902,0.0007809249034297046
20090903,0.0057667845035943716
20090904,0.013967330221270365
20090905,0.0013265646162441028
20090906,0.00021348788140739753
20090907,4.177856779487587e-08
20090908,8.523474718135413e-07
20090909,4.985110115764547e-06
20090910,0.0005183805355635479
20090911,7.107821040005259e-05
20090912,1.2001422517044098e-05
20090913,0.00029698921080830717
20090914,0.005147188444437707
20090915,8.073561352983888e-05
20090916,0.0014461764923876343
20090917,0.0013851473828744125
20090918,0.00028695900809268433
20090919,0.0015368005740391737
20090920,0.0017096412260036303
20090921,0.000253363227292397
20090922,2.8729597735469765e-05
20090923,8.75111063375186e-06
20090924,0.00036472029130931805
20090925,5.9637162081159324e-05
20090926,3.450881801497936e-08
20090927,4.361598846848004e-07
20090928,3.561427231332633e-06
20090929,4.236519524886491e-05
20090930,0.00020265977952952364
20091001,0.0004419559999336438
20091002,0.00016239591349890891
20091003,1.1504285458924058e-05
20091004,0.0006415971947568197
20091005,0.008725610253200785
20091006,0.004552644500499408
20091007,0.002390281084298013
20091008,0.0048458453747745244
20091009,0.0002716276077838946
20091010,0.007940094586531476
20091011,0.007102757365190477
20091012,0.0024016263774773866
20091013,8.524169835044993e-05
20091014,5.319161834425263e-06
20091015,7.691321885781064e-06
20091016,0.001436762985863864
20091017,0.001640969897053462
20091018,0.00020134158323660258
20091019,1.051788611117998e-06
20091020,5.667328532648095e-07
20091021,0.0008059081750131932
20091022,0.0017109720604175393
20091023,0.0025218774090485646
20091024,0.0007260492110304718
20091025,0.0010639380655345738
20091026,0.00021412744042462008
20091027,5.814981622807707e-06
20091028,8.552169418585543e-07
20091029,5.9457963309098834e-05
20091030,2.0204945590036e-05
20091031,5.476145772174963e-06
20091101,0.006811547890922454
20091102,0.011693322115147764
20091103,0.006929207220540929
20091104,0.011736842720290573
20091105,0.0026001946171463923
20091106,0.0011607665837173931
20091107,0.007495803670743586
20091108,0.0002954665061496179
20091109,0.008247619435354963
20091110,0.0037850288887380495
20091111,0.00015950101171801666
20091112,0.001440447544600992
20091113,0.00018163929705280164
20091114,0.0024835778091069323
20091115,0.0016151045058852534
20091116,0.00976891059660281
20091117,0.007263656633617429
20091118,3.24128211538923e-05
20091119,1.754741993633608e-06
20091120,1.1826904183439e-06
20091121,9.003938334329599e-05
20091122,0.0031293595309719096
20091123,0.012143340719130426
20091124,0.0066839425080344565
20091125,0.0038819771328725793
20091126,0.0018747043038164347
20091127,0.0049476887024457235
20091128,0.005341459504679624
20091129,0.01286887125134589
20091130,0.0020818599932412884
20091201,0.0006018870287477323
20091202,0.0014311706323341016
20091203,0.004454325461942674
20091204,0.00028983209423640683
20091205,0.003276112695699516
20091206,0.00618181689168528
20091207,0.0027321031558617042
20091208,0.008620534597189712
20091209,0.0006372359626380503
20091210,0.006550969680300714
20091211,0.00148067979424335
20091212,0.0012093755405039614
20091213,0.0006400785304430767
20091214,1.0158369612869123e-05
20091215,0.0001663418468201219
20091216,0.0003064201557661239
20091217,0.00021804652560202168
20091218,0.0008303814869198274
20091219,0.0012065292023851544
20091220,0.004368965416886012
20091221,0.007494600720981993
20091222,0.0135282273812158
20091223,0.004453025551382218
20091224,0.010082109790713814
20091225,0.004255857316637045
20091226,8.57794535594867e-06
20091227,0.0028866303885562205
20091228,0.0001433402628980273
20091229,0.013115651841488964
20091230,0.007275480134744297
20091231,0.005406744004964548
20100101,0.001517492500375806
20100102,0.00036935313600790416
20100103,0.0014462564207167329
20100104,3.7415501815096746e-05
20100105,7.43456128879608e-05
20100106,0.0004639431679286986
20100107,0.0012775517101220803
20100108,0.0014625032535090236
20100109,0.0025789242876632116
20100110,0.0013425971733615344
20100111,0.0007719183083906135
20100112,0.0006912205126113541
20100113,0.005610166876047134
20100114,7.06575539803354e-05
20100115,2.7618957425569448e-05
20100116,0.006203109797888896
20100117,0.007454087498213195
20100118,0.000179754433985055
20100119,0.00026622750999531156
20100120,0.0021011421185142044
20100121,0.0013186417130083203
20100122,0.000307618853264785
20100123,0.00012826235438983402
20100124,0.0053181924141629386
20100125,0.0012977102124794857
20100126,0.00034499749835707603
20100127,0.0003773137884722588
20100128,0.0037023215072498803
20100129,0.012066590619939959
20100130,0.0013753708224131824
20100131,0.0019436004618824025
20100201,0.0027135608507742244
20100202,0.008135236506907216
20100203,0.013237682925559699
20100204,4.860158095777343e-05
20100205,0.00706939696312566
20100206,9.723724952012385e-05
20100207,0.00038301826086569493
20100208,6.707426890200837e-05
20100209,0.0006315975608204687
20100210,0.0003303468078863977
20100211,0.0026348864476991576
20100212,0.0014761620549529376
20100213,0.0003423190381722773
20100214,0.0011692555080542563
20100215,0.0010569909393716673
20100216,1.2770098260933174e-05
20100217,0.004037029168002936
20100218,0.001892744748034463
20100219,0.0007870392294218253
20100220,0.001305669712801862
20100221,0.002348819742198699
20100222,0.004184851916318437
20100223,0.008174570416145437
20100224,0.00279475144365924
20100225,0.0058446089170915315
20100226,0.010259108865560626
20100227,0.0019777404270057653
20100228,0.010003264184143002
20100301,0.0008370378521307417
20100302,0.0012032684887289475
20100303,1.79160103722059e-06
20100304,1.8943924608265421e-06
20100305,0.0005667687714442382
20100306,0.005096043050915091
20100307,8.064066756262296e-06
20100308,1.567052716050236e-06
20100309,4.019233450999571e-05
20100310,8.41285400822433e-05
20100311,0.0008569037968934795
20100312,0.00031961907979166117
20100313,0.0003384510682998426
20100314,0.001275922129741991
20100315,0.0019201963911726794
20100316,0.0015086619791545733
20100317,0.0
20100318,0.0
20100319,0.00014237520413115236
20100320,0.009038991130938397
20100321,0.004123687000806345
20100322,0.00023240478015203907
20100323,1.856262929733314e-05
20100324,1.0235452779620718e-05
20100325,0.0016590531843165106
20100326,0.012262089004992687
20100327,0.0058007891246872195
20100328,0.003663271131604223
20100329,0.004260668751888663
20100330,0.0031019000927055046
20100331,0.0035159319077234952
20100401,0.0015907402884560685
20100402,0.003560497395434436
20100403,0.008044126968921863
20100404,0.004806319022792184
20100405,1.5286618640289064e-05
20100406,8.52346317969932e-07
20100407,0.0002050746120479618
20100408,0.0013115149045737232
20100409,1.7490754302416105e-05
20100410,8.485420657838474e-05
20100411,0.0017949656375489886
20100412,0.0023478479151314868
20100413,0.003630270778541944
20100414,0.001332606778349261
20100415,0.001462056184439458
20100416,7.744723706875492e-05
20100417,8.52346317969932e-07
20100418,5.744562034312736e-07
20100419,2.9973520461946624e-06
20100420,0.0006126348973648704
20100421,0.00020290827411532
20100422,1.7168993258037036e-06
20100423,8.526246801920934e-07
20100424,4.294549398764502e-06
20100425,0.0010092771171307518
20100426,0.001223154624065528
20100427,1.9155792381775336e-05
20100428,0.0
20100429,6.159855361195275e-05
20100430,0.002181580300498617
20100501,0.0032893799602882706
20100502,0.005832324706359394
20100503,0.002650599903537238
20100504,0.0006609136218543044
20100505,0.0028789645355100394
20100506,0.0126598470793637
20100507,0.003338663411387729
20100508,0.0012007642177329597
20100509,0.005763461932684828
20100510,0.0020181807360491115
20100511,0.007152624015892797
20100512,0.00044615516599244467
20100513,0.0032645212905680976
20100514,0.001401550428106762
20100515,0.0009262391069658615
20100516,0.0008165045161044977
20100517,0.0024453233277994045
20100518,0.00042368536265422184
20100519,0.0016425250693874337
20100520,0.0008098759272701877
20100521,6.027931869395069e-06
20100522,5.905397001383743e-06
20100523,2.116799361654249e-06
20100524,1.3845165349103756e-06
20100525,0.0036183457205178583
20100526,0.0196087376710198
20100527,0.006353741709561847
20100528,0.0031840554644081993
20100529,0.002290076191150505
20100530,0.0135927031544032
20100531,0.0019537922935086174
20100601,0.001293539941529676
20100602,0.00020580871836226643
20100603,1.2827887565481824e-05
20100604,4.567907079138657e-06
20100605,8.454990146144733e-07
20100606,0.0076412559785357225
20100607,0.000635829973292173
20100608,0.006060739700092352
20100609,0.01116408956278615
20100610,0.012288834946327489
20100611,0.004505898404870202
20100612,0.0019603507071038755
20100613,0.0004967345156820656
20100614,0.0006552994994828413
20100615,0.000519600826844177
20100616,0.0010871780933207323
20100617,0.00666286043414592
20100618,0.0012921510271439113
20100619,0.0014612180688394726
20100620,0.0009719987693892152
20100621,0.00035099811577242473
20100622,3.899815437453983e-06
20100623,2.145765392924659e-06
20100624,1.713765186650562e-06
20100625,0.0001498822407618916
20100626,0.00012118595917651252
20100627,3.266660932159153e-06
20100628,7.824374626662528e-05
20100629,0.002476462694962206
20100630,5.487826501967374e-05
20100701,7.1216923438645706e-06
20100702,7.732076329433095e-06
20100703,0.010433934854647036
20100704,0.001501650418803919
20100705,0.0003573040868113361
20100706,6.912326015502123e-05
20100707,0.0
20100708,0.0
20100709,0.0003692568735028335
20100710,0.0014536979471406113
20100711,0.00026843398155526756
20100712,0.0019495991176698255
20100713,0.00287876381581433
20100714,0.00514445285656674
20100715,0.00019870608345960955
20100716,0.0002152027260487501
20100717,0.002675053732807991
20100718,3.6485646414702846e-06
20100719,8.460885396743834e-07
20100720,8.52346317969932e-07
20100721,0.004310877438905896
20100722,0.007702784220859902
20100723,0.010518388250758695
20100724,0.0011386326471607426
20100725,0.0016430038750313727
20100726,0.005265938114715937
20100727,0.0006077097923745061
20100728,0.007405066836760359
20100729,0.007028549987225365
20100730,0.0010820775558776784
20100731,0.0003961641891685176
20100801,0.002515880004949476
20100802,0.0039374129537548454
20100803,0.0010299067379299517
20100804,0.0043732440376780925
20100805,0.00454495457067904
20100806,0.00010120654060693433
20100807,6.131887709288992e-05
20100808,0.0023892576024131577
20100809,7.151262590837082e-05
20100810,0.0001475345826320981
20100811,0.0038662033787016407
20100812,0.009597132754413495
20100813,0.0005785001284995212
20100814,0.0022442369913245196
20100815,0.0245124362782047
20100816,0.0138389608826762
20100817,0.009485033944794458
20100818,0.0020874295104492666
20100819,0.00010690285538688284
20100820,2.1458174771277464e-05
20100821,6.844468522030426e-06
20100822,0.00671375363851679
20100823,0.008089978260903215
20100824,0.003205435760714922
20100825,0.00017936230058600034
20100826,0.006541629677779928
20100827,0.0161618885242761
20100828,0.001432357759963847
20100829,0.007845729942712374
20100830,0.0048309570884118875
20100831,9.875757970264189e-05
20100901,2.3466779803182993e-05
20100902,5.720293726408096e-05
20100903,6.294538180404274e-05
20100904,0.00014522790018742305
20100905,1.9771481291732844e-06
20100906,0.0029913603226576543
20100907,0.02164072484323
20100908,0.008076357373267933
20100909,0.0018976957582038448
20100910,0.00018296430619490917
20100911,1.800246071920852e-08
20100912,0.0075072541212349506
20100913,0.000246906815537536
20100914,0.00035393141272193295
20100915,0.0049140394643457305
20100916,0.0017160781867791642
20100917,0.0005603484844486872
20100918,0.0001293458104301527
20100919,1.051551337234355e-07
20100920,1.7359907360514626e-06
20100921,1.2691645684036987e-06
20100922,0.0
20100923,0.004433133730442874
20100924,0.022055165128451733
20100925,0.0013642478668613846
20100926,0.0025759132538731217
20100927,0.0010641421857842976
20100928,0.00136898250804423
20100929,0.0014126294333412707
20100930,0.006191628046091774
20101001,0.002144744620244934
20101002,0.007239249999151621
20101003,0.00011112470308246082
20101004,0.000971821545630384
20101005,0.0009312874893459275
20101006,1.8044784015480994e-05
20101007,8.820038666780112e-06
20101008,2.2491899725071358e-05
20101009,0.00026525930045915024
20101010,1.9616123808673723e-06
20101011,0.0
20101012,4.351138045421976e-07
20101013,3.981364842257331e-06
20101014,1.6676922519654764e-05
20101015,0.00202914194772886
20101016,0.0091255802420085
20101017,0.0006943413492317301
20101018,5.2134147627024184e-05
20101019,0.006167597724872314
20101020,0.00393717391111034
20101021,2.0378938947535788e-05
20101022,4.809748947144028e-06
20101023,0.005311774781616004
20101024,0.0022748138123886647
20101025,6.633374383539655e-05
20101026,4.1932122896085135e-06
20101027,0.00011812433073845727
20101028,0.00011024375044890738
20101029,1.9242972194305552e-05
20101030,0.0017586911584259065
20101031,0.005105321427201956
20101101,9.005169397555104e-05
20101102,0.00032118850003481615
20101103,0.001096216606921963
20101104,0.001418042909686345
20101105,0.00047120036338089364
20101106,0.010414317924811093
20101107,0.012821713023516
20101108,0.0043145042091798785
20101109,0.0093298383591312
20101110,0.0036145771395640312
20101111,0.008744256801333387
20101112,0.01067496104156885
20101113,0.0074232934256721
20101114,0.0030840049419088448
20101115,0.013261981353287473
20101116,0.0002370053374153222
20101117,7.958728043258687e-05
20101118,0.0005137488071443999
20101119,0.0006470639324823641
20101120,0.00012345365568286533
20101121,0.00016911901817871135
20101122,0.0025881367657534537
20101123,0.0021463557513620494
20101124,0.0018524533753989528
20101125,0.005936179428150018
20101126,0.00145816239655627
20101127,0.000928754958093488
20101128,0.0005790564352187109
20101129,0.005771348354628919
20101130,0.00023723096837427885
20101201,0.0019280604060925887
20101202,0.0005812001537563801
20101203,0.00028757654760941663
20101204,0.0008098702417658607
20101205,0.004329651428638144
20101206,0.0118915514604645
20101207,0.009354576956514373
20101208,0.01852613523902486
20101209,0.0010193388031461803
20101210,0.0027605924238502657
20101211,0.002687169319861661
20101212,0.001530368457052474
20101213,0.0007689598783134656
20101214,0.001755875876157791
20101215,0.0007505959923164816
20101216,0.008344764826071759
20101217,0.005425612331468107
20101218,0.0038900669521836
20101219,0.012288276924229574
20101220,0.009526874808170924
20101221,0.0095685980944598
20101222,0.010285577614393481
20101223,0.007236629674653829
20101224,0.0109384149573151
20101225,0.003134672119575615
20101226,0.000472069205943693
20101227,8.383222265387021e-05
20101228,0.0020869620159343016
20101229,0.00019435440469495237
20101230,8.041146480714008e-05
20101231,0.0001195014623678168
20110101,0.0006226862335798427
20110102,0.0002191743765141657
20110103,0.00012385200701028887
20110104,0.00011341999728241588
20110105,0.00026747143479826247
20110106,0.0163419046825737
20110107,0.01008558863388869
20110108,0.004635046794459287
20110109,0.009775026990330025
20110110,2.6244204024193066e-05
20110111,0.005153754656222535
20110112,0.007597325421794731
20110113,0.0070769956020014
20110114,0.0028868248616379724
20110115,0.0012802393548139903
20110116,9.52173430070768e-05
20110117,0.0002662926695042142
20110118,0.0016569877702041508
20110119,0.0013717234491259782
20110120,0.001482225061417618
20110121,0.00020208815967929513
20110122,0.00038114883938565543
20110123,0.0005054415126930668
20110124,0.0006822681998846667
20110125,0.004432163861521747
20110126,0.00581974701251702
20110127,0.00015163117072283956
20110128,3.626170035113205e-05
20110129,3.2285312497904493e-06
20110130,4.463067105356268e-07
20110131,6.300798451724799e-07
20110201,0.00024292673096921444
20110202,0.0005987760597826055
20110203,0.0021438776909010397
20110204,0.0006941197187851489
20110205,0.00040580501041864085
20110206,7.741784566693837e-05
20110207,4.1244763036676654e-06
20110208,0.001156693671314909
20110209,8.253650999002183e-06
20110210,0.000896885517133702
20110211,0.003337353420816387
20110212,0.0018146042506074183
20110213,0.0008297168959225354
20110214,0.0039046155284255812
20110215,0.0029787049789921412
20110216,0.00010365355104792533
20110217,0.0004493684837971764
20110218,0.00015768451144274124
20110219,0.0006855544113841416
20110220,0.0036514915002612614
20110221,0.000520051954816831
20110222,4.811191391049716e-05
20110223,0.00013289652439660738
20110224,0.0039011016272418354
20110225,0.0004730772561950022
20110226,0.005154386868703468
20110227,0.002669600887537954
20110228,0.00012541021792010143
20110301,3.777229636558746e-06
20110302,1.28978679970904e-06
20110303,1.3171013726308466e-06
20110304,1.2921613932607245e-06
20110305,3.786701006329483e-06
20110306,2.2110970459043276e-06
20110307,4.351138045421976e-07
20110308,2.1398063836386427e-06
20110309,0.0003763171320551827
20110310,0.00016528838641056718
20110311,0.0005129349709889427
20110312,0.0009475217159104015
20110313,0.0051542166269406
20110314,0.0012597517396139887
20110315,1.7830523761230306e-06
20110316,0.00012738279686707682
20110317,0.0008577740011137463
20110318,0.003118335804848716
20110319,0.005558000943702983
20110320,9.56399219246896e-07
20110321,0.0
20110322,0.0
20110323,0.0
20110324,4.351138045421976e-07
20110325,1.7242060721400776e-06
20110326,0.0017849522778926223
20110327,0.001788383484025388
20110328,0.0005331091620371141
20110329,1.9131771493660937e-06
20110330,0.0013156479849233955
20110331,0.0029242504379855395
20110401,0.0008665099619232863
20110402,1.8773819695151635e-06
20110403,0.005198195609611517
20110404,0.0034317876031361434
20110405,0.0005744036303466937
20110406,1.604201729744391e-05
20110407,7.736989001774187e-06
20110408,1.5163393613623623e-06
20110409,1.1356016560917619e-06
20110410,1.291227306410292e-06
20110411,3.4001712858797674e-06
20110412,0.0028106979932308236
20110413,0.0003227130329448447
20110414,0.0005923462553020375
20110415,2.934361183064691e-05
20110416,1.3040372453850307e-05
20110417,2.4085189991978354e-05
20110418,3.2665318246563246e-06
20110419,4.351138613856165e-07
20110420,2.0722947523341566e-05
20110421,0.0001407988292561841
20110422,0.00018304811799916204
20110423,0.0010939539836559713
20110424,0.0011345192407075722
20110425,4.261732051702438e-07
20110426,9.56887282624831e-05
20110427,0.002335958582399623
20110428,0.0022420240315933317
20110429,0.0021659119867055827
20110430,0.002188682106702619
20110501,0.0007772637216780775
20110502,0.0004017027769168298
20110503,0.0008364936542948542
20110504,1.281583308809786e-06
20110505,3.31698402078473e-09
20110506,1.733678992823281e-05
20110507,4.059612845511219e-06
20110508,2.9255875568225805e-05
20110509,2.1404598632204358e-05
20110510,0.0012870569056534463
20110511,0.0020606123496460906
20110512,0.0004153156896034055
20110513,1.2613413407839895e-06
20110514,0.001421793241759625
20110515,0.001738049747831097
20110516,0.00042388328098687375
20110517,6.668993741909573e-05
20110518,3.1894789245778436e-05
20110519,0.0024118838668411545
20110520,0.0009681677410398647
20110521,9.466089208231392e-05
20110522,0.0031977041010110307
20110523,0.0
20110524,1.2786188341123446e-06
20110525,1.2874602361989673e-06
20110526,0.00016736762852381117
20110527,0.0021941395656524553
20110528,4.9572743719853286e-05
20110529,1.9114606087879525e-06
20110530,4.347732578698206e-05
20110531,0.0111861334273549
20110601,0.000831359836379505
20110602,2.898512796948669e-06
20110603,1.129888608348059e-05
20110604,0.005366959307056262
20110605,0.001262899286610491
20110606,0.005899104299363515
20110607,0.0056827049303217825
20110608,0.004528330547044755
20110609,0.0012368104684561973
20110610,0.0034310186713102284
20110611,0.0013370456509715146
20110612,0.00011114549194920443
20110613,0.0015465970015786853
20110614,0.0022807611447309356
20110615,0.00046419218043379507
20110616,0.0051137134329482655
20110617,0.005578136289737059
20110618,0.0058536895811071
20110619,0.0028460801661108455
20110620,0.004698771984423198
20110621,0.001681969510806179
20110622,0.01441499128867602
20110623,0.0029461835867994114
20110624,0.0008694394131894261
20110625,0.0005485133018851043
20110626,4.492185718237875e-05
20110627,7.854293055364862e-08
20110628,5.011177169347819e-05
20110629,0.0027514636363259086
20110630,0.00016907327201477862
20110701,0.0008344249818089866
20110702,0.0002050198311460023
20110703,2.480538593703063e-06
20110704,1.407867419931932e-07
20110705,2.102693990079926e-05
20110706,0.0003201131910453929
20110707,0.003442803608563024
20110708,0.0009564010361740886
20110709,0.0006344004746497304
20110710,0.00856281411107907
20110711,0.0002360175620410708
20110712,0.006096019173665847
20110713,0.007998423138606702
20110714,0.0005148996932822575
20110715,3.806110403568811e-05
20110716,0.0030315497980801962
20110717,0.013650437818780198
20110718,0.005079299826525151
20110719,0.0017146474535470314
20110720,0.002430818908861031
20110721,0.005397058017708757
20110722,0.0033643029018371
20110723,0.00235871222428527
20110724,0.003063175126226545
20110725,0.001483695796177209
20110726,0.003714592005276335
20110727,0.007395006095061047
20110728,0.002359692673089197
20110729,0.001425980074850891
20110730,0.0003993280698120926
20110731,0.000354059018449216
20110801,2.4303985375732884e-05
20110802,1.7508045051479262e-06
20110803,0.00625840089540718
20110804,0.0025860288709963148
20110805,0.009808699771848806
20110806,0.018937612234826668
20110807,0.00452666970372194
20110808,0.00952808090508857
20110809,0.003706214637098108
20110810,2.9211688199202597e-05
20110811,1.2055113506705632e-06
20110812,0.0024258191529864357
20110813,0.001209227430001452
20110814,0.004586508727938938
20110815,0.0024909981558307016
20110816,0.00017869395486798932
20110817,0.00032083650255891345
20110818,0.004089758273760102
20110819,0.0017938373259079711
20110820,2.7368468195862925e-05
20110821,0.005252042462369399
20110822,0.00015173413251668162
20110823,0.0005763993436233104
20110824,0.002942350830087002
20110825,0.008835694970128313
20110826,0.011543498710716749
20110827,0.006993801076266586
20110828,0.00040532579955012804
20110829,0.00015003219262814288
20110830,0.0001037342037209511
20110831,9.922928988389532e-06
20110901,0.0008233453279755337
20110902,0.00357768324513456
20110903,0.0014945484539492693
20110904,0.004938619841063952
20110905,0.0005434422637724786
20110906,0.00025373363264122437
20110907,0.003784042561555249
20110908,0.0009676955046431458
20110909,0.0032723164370881274
20110910,5.8576169555687486e-05
20110911,0.010411706173464768
20110912,0.0002977730822922196
20110913,0.0020639792736099
20110914,5.814733966058338e-05
20110915,1.5494979803432131e-06
20110916,0.0005393863472584669
20110917,0.0015726173607554755
20110918,0.00769229396312809
20110919,0.00299616460966076
20110920,0.00015765427525281126
20110921,4.182812519976722e-05
20110922,0.0002409287408626299
20110923,1.0431367786971758e-05
20110924,2.4119046968436273e-06
20110925,1.0134924426226967e-06
20110926,9.089591715777433e-05
20110927,5.1007893529031724e-05
20110928,1.343221021760927e-06
20110929,9.006799965400709e-07
20110930,9.086395467720351e-07
20111001,4.3974390143647254e-07
20111002,1.288400481995899e-06
20111003,1.1655004960816551e-07
20111004,7.410584299032621e-05
20111005,0.0006408078569073879
20111006,0.006390895245233482
20111007,0.0028270115380363177
20111008,0.005922622369311326
20111009,0.0029371933331991053
20111010,0.0022203942255137775
20111011,0.0008424146464313453
20111012,0.001763177799052401
20111013,0.0009176024232448035
20111014,1.1223599438611971e-06
20111015,8.596491056778177e-07
20111016,2.4390961905629703e-06
20111017,5.338057352374849e-05
20111018,0.005509502836206932
20111019,0.012412838178769751
20111020,0.0004011065627716133
20111021,1.5999622697218452e-06
20111022,9.094068129733722e-07
20111023,1.0428927075247823e-06
20111024,0.00022672222872293014
20111025,0.0037389004421395987
20111026,3.179178539825917e-05
20111027,1.0422808862866275e-05
20111028,5.852533064649848e-06
20111029,0.0008579244182417103
20111030,0.0005631796604862918
20111031,3.64407838355358e-05
20111101,0.0008260297687814498
20111102,0.00018906351405592917
20111103,0.0007755165528010137
20111104,0.005843178487470626
20111105,0.0004915843333257805
20111106,3.935201350438709e-05
20111107,0.00037345261872945854
20111108,0.0008840655362577056
20111109,1.6671032829819406e-05
20111110,4.645853263718398e-05
20111111,3.2123368817361455e-05
20111112,2.0958540487329983e-07
20111113,1.6611579466236277e-05
20111114,2.858376942442158e-06
20111115,1.0363199592052123e-05
20111116,2.6550159169015176e-06
20111117,0.00013620089421322132
20111118,0.00012064954235890069
20111119,2.815048643092096e-05
20111120,0.0006077258404410677
20111121,1.3719566534825424e-05
20111122,2.694072026985247e-06
20111123,1.6615550247980927e-05
20111124,9.36123292645821e-06
20111125,0.00034041339574663855
20111126,0.0001623374642359154
20111127,0.0005116150723039695
20111128,9.398590299970375e-05
20111129,7.038579519816931e-05
20111130,0.0009277005870839081
20111201,0.0022748263379314647
20111202,0.002468349918846579
20111203,0.007816415006357377
20111204,0.01897239402037645
20111205,0.007060725201832551
20111206,0.006011067715114535
20111207,0.010117108437332246
20111208,0.0008678591998854928
20111209,0.015654616008001113
20111210,0.0019978636693492595
20111211,0.0007253846055017996
20111212,0.00758518434405028
20111213,0.00889441497234393
20111214,0.007402989382592928
20111215,0.0060217791881733715
20111216,0.0391724872379764
20111217,0.002717107104127786
20111218,0.003508989365909279
20111219,0.0018736568532149646
20111220,0.008004954966536547
20111221,0.005087426411605542
20111222,0.0037098101502047827
20111223,0.0012895748198799295
20111224,0.0049811590294488416
20111225,0.0007449875413155836
20111226,0.0002294339055334824
20111227,0.000131296892091296
20111228,0.0007215395707220961
20111229,0.006101733101189486
20111230,0.0065926316768235484
20111231,0.0110277078576206
20120101,0.0037043211780310877
20120102,0.01399270554858148
20120103,0.00790083992740712
20120104,0.007670730219804526
20120105,0.0186007255331854
20120106,0.0014462690871786062
20120107,0.005652587753565249
20120108,0.0021421896264988776
20120109,0.001983872225146614
20120110,0.0007538119248795291
20120111,0.00013676044438354516
20120112,0.0009833712824915887
20120113,0.0007995473489354797
20120114,2.1319099425709934e-05
20120115,1.04704557844979e-05
20120116,1.164448870975377e-06
20120117,4.146518206764293e-09
20120118,0.0009497925086963251
20120119,0.0125917392437475
20120120,0.009097417800555473
20120121,0.0088503432519688
20120122,0.0031972516807060305
20120123,0.002848239111909853
20120124,0.0011307703670505045
20120125,0.00034366428944719585
20120126,0.0014947837840491697
20120127,0.0007727898718853834
20120128,0.0001436898662225315
20120129,0.0008043355447606156
20120130,0.002211967738308693
20120131,0.0002783371431718061
20120201,1.2424179914401973e-05
20120202,1.6414850060257884e-05
20120203,2.2117971493559744e-05
20120204,3.3923630119240114e-06
20120205,1.2881676386928193e-06
20120206,8.56767099935366e-07
20120207,0.0006195561062621299
20120208,1.769640803147093e-05
20120209,6.955333210500951e-05
20120210,7.364856991082238e-05
20120211,3.2393849094810707e-06
20120212,1.2561599767251621e-05
20120213,0.001690479107077393
20120214,0.002217380496627931
20120215,0.0065340561359742
20120216,0.0013036168282855782
20120217,0.0007834934541852261
20120218,0.002098379670729218
20120219,0.004521261118641428
20120220,8.937913513691945e-06
20120221,1.4779206500987298e-06
20120222,9.650644797080658e-07
20120223,0.0012474261224031623
20120224,0.0007945915097568164
20120225,0.0007901782959305932
20120226,0.0004502914867267868
20120227,7.981835553913148e-05
20120228,0.00010802421143149172
20120229,0.00013676360371394874
20120301,6.472943201378921e-05
20120302,0.00024016418258024746
20120303,0.00011266601059832736
20120304,0.0029233598479858867
20120305,0.006001037842893501
20120306,0.0003394964649260367
20120307,0.004027260301313363
20120308,0.0018393349900146262
20120309,2.5891261359562726e-06
20120310,9.6184925804834e-05
20120311,0.0002645639752188466
20120312,3.3203612985300784e-05
20120313,2.090880006142832e-05
20120314,1.4396986096334802e-05
20120315,2.1525324834255366e-06
20120316,0.0
20120317,0.0012323782323328
20120318,0.010354285068253803
20120319,0.0015891583972359742
20120320,5.891882979500979e-07
20120321,0.0
20120322,1.716613667213096e-06
20120323,2.0898956303809612e-06
20120324,0.00012954129081803033
20120325,6.61717064934105e-05
20120326,0.0
20120327,1.2814997489840607e-06
20120328,8.588005719900593e-07
20120329,1.6540197166150426e-06
20120330,6.106740932356037e-05
20120331,0.00047806261510817025
20120401,4.7920191353220755e-06
20120402,3.7473697743402385e-06
20120403,0.0034755942688882123
20120404,0.0007692411242723517
20120405,0.00011724071148528698
20120406,2.6428530339816823e-05
20120407,0.0014141857969439304
20120408,0.00025802323166557623
20120409,0.004336271825928143
20120410,0.009442354820740748
20120411,0.002748840997529248
20120412,0.004960309351618243
20120413,0.0005803158027989306
20120414,0.0008313332342421121
20120415,0.0007863967156631862
20120416,0.0009474189673514856
20120417,0.0017327272462726168
20120418,0.0044602323271531585
20120419,0.005042799096112133
20120420,0.004719134231599356
20120421,0.007868663770602054
20120422,0.005127254201156845
20120423,0.006870726078531905
20120424,0.007579962615393742
20120425,0.004205986817293156
20120426,0.0112550826836865
20120427,0.005009123749310518
20120428,0.0007382560397441042
20120429,0.0013977541946592108
20120430,0.0057748749150815
20120501,0.0017856523839087021
20120502,0.021797957853662855
20120503,0.0006569178983317837
20120504,0.005401187788895351
20120505,0.011040264530939509
20120506,0.009167679498423302
20120507,0.0010784211519688982
20120508,0.0018003373666957304
20120509,0.0033571410473433962
20120510,0.00030646428863614916
20120511,0.003685451491550598
20120512,0.0010085190745621915
20120513,1.8815830492678915e-06
20120514,8.52346317969932e-07
20120515,0.0046397977513924615
20120516,0.0029296133737356637
20120517,0.0002123938289888124
20120518,0.0035819208651982925
20120519,0.0033445747278712345
20120520,0.005999443226550783
20120521,0.014792494206582225
20120522,0.003924896092218344
20120523,0.0031398305269437258
20120524,0.00039028546616608114
20120525,1.2904404798064206e-06
20120526,0.0
20120527,0.00017694965335701056
20120528,0.0002671139774291323
20120529,0.000480135375170561
20120530,0.0006407390597723559
20120531,0.0012519947844902954
20120601,0.0009458719016290477
20120602,0.00019313557859707188
20120603,0.01167837745934831
20120604,0.005073434393070649
20120605,0.0003680664435962238
20120606,0.003970756101464971
20120607,0.008262286219660001
20120608,0.0007655429332391133
20120609,0.0003583663798112835
20120610,0.0008937421224888408
20120611,0.010348942428844557
20120612,0.008843564772949824
20120613,0.010032497736953385
20120614,0.0013462865421789436
20120615,0.002467324834059977
20120616,0.008677578298738602
20120617,2.2084526363072097e-05
20120618,0.001166905545205489
20120619,0.006589688725934466
20120620,0.010754413159981806
20120621,0.005374491382831049
20120622,0.0005065938924114637
20120623,0.0002427364217140678
20120624,0.006033141603790613
20120625,0.0013160598500349342
20120626,0.00022120483093679592
20120627,0.0006639242080363601
20120628,0.0010813163513033232
20120629,0.002865695747035334
20120630,0.006928833621837416
20120701,0.004886578294656173
20120702,0.0029507326394111843
20120703,2.4345745550373023e-05
20120704,0.0007053443947480257
20120705,0.005764134245509255
20120706,0.0011983717010045478
20120707,0.0004460049333413733
20120708,0.007480998001418732
20120709,0.0009516874582570224
20120710,0.0027192181569335853
20120711,0.0024226126458163095
20120712,0.004963818400364127
20120713,0.017878501505333398
20120714,0.009623966189948405
20120715,0.005937999005298874
20120716,0.0007117255645526456
20120717,0.0012680302870920603
20120718,0.00014528865328394003
20120719,0.0006116829681507642
20120720,0.003947278177642298
20120721,0.002798307809837162
20120722,1.5067969093448336e-05
20120723,4.2469202794203857e-07
20120724,0.0
20120725,8.613095019427419e-07
20120726,1.1719329835237994e-05
20120727,0.0025701527264475783
20120728,0.01576291899380426
20120729,0.0026276712564330287
20120730,0.0017187518083313104
20120731,0.0009225388915245854
20120801,0.00023500135806454073
20120802,0.0005482032772118001
20120803,0.00033897968293977775
20120804,0.0006892800250265964
20120805,0.012501734117341767
20120806,0.001860353649677501
20120807,0.0008187961395926796
20120808,0.0002175128072080133
20120809,0.00040356395068518944
20120810,6.669069562226034e-06
20120811,1.3436071740093084e-06
20120812,4.2136337759047996e-05
20120813,0.00037680061099896014
20120814,0.00024662363921253356
20120815,0.0037935017871200925
20120816,0.005832771795437642
20120817,2.0855052379202624e-06
20120818,0.0
20120819,1.5883214846580238e-05
20120820,0.0008066704174847153
20120821,0.005012149223338062
20120822,0.001125569536207613
20120823,0.006218774631926275
20120824,0.006133396498057154
20120825,0.0010095825917969942
20120826,0.0019355350109181149
20120827,9.273330535654283e-06
20120828,0.00010558693000267928
20120829,0.0019535051388002117
20120830,0.0005443033779307473
20120831,0.0029945869880392863
20120901,0.0007986511573704807
20120902,1.9612783975863575e-05
20120903,1.29992592672071e-05
20120904,1.0246975360814222e-06
20120905,6.238868534316456e-05
20120906,7.755273880622392e-06
20120907,8.583068797918258e-07
20120908,1.7225742112714215e-06
20120909,4.9676421878646905e-06
20120910,8.517810140818745e-05
20120911,0.008087209258757834
20120912,0.002008831201119979
20120913,0.0031510885663882347
20120914,0.000498240935310558
20120915,0.0005417645986705655
20120916,1.7430720336915128e-06
20120917,2.320977751755276e-06
20120918,0.0010072795429230026
20120919,0.00035542673449558723
20120920,2.129894784561303e-06
20120921,0.00739970241039903
20120922,0.0016403458480118377
20120923,0.0015869007346122489
20120924,0.01175204053844148
20120925,0.0132851548285852
20120926,0.0177692803742596
20120927,0.006014822472912083
20120928,0.0003401332461002611
20120929,0.0001262921780326832
20120930,9.943731280024463e-07
20121001,1.2751169466855822e-05
20121002,0.0006511618788624723
20121003,0.0024117270472090806
20121004,0.011806148692562368
20121005,0.0007396225974388399
20121006,0.007322045741958622
20121007,0.0049992223885628895
20121008,0.0054012415481760915
20121009,0.0035412214446757517
20121010,0.0006222653642277434
20121011,0.0009534035029120121
20121012,0.005044017819413462
20121013,0.005062600968445157
20121014,0.0195045401026489
20121015,0.002560535543971775
20121016,0.0010073069131676688
20121017,0.0009209155492934996
20121018,0.0001556857501644081
20121019,3.3796422967421605e-05
20121020,5.49271462135745e-06
20121021,1.0012256172363293e-06
20121022,1.9237965780910393e-05
20121023,7.519873016632981e-06
20121024,8.504098288370573e-06
20121025,0.00017577044340772574
20121026,0.0047661809403353565
20121027,0.005331755232779717
20121028,3.1982967891058316e-05
20121029,0.0009982378886028464
20121030,0.001904959292185777
20121031,2.172511027460504e-06
20121101,0.0058804345267005785
20121102,0.011161744921067524
20121103,0.0219191859319609
20121104,0.007646701184009014
20121105,0.005042910239943396
20121106,0.0004710334654196469
20121107,0.002252698269955858
20121108,9.918564297730552e-05
20121109,0.00022936744977070198
20121110,0.010387645024871703
20121111,0.000374368571740277
20121112,0.00016248567772283494
20121113,6.026662476615604e-06
20121114,1.3069623576768604e-05
20121115,0.00013695656312554306
20121116,0.0001126880689422146
20121117,6.269265299401538e-05
20121118,0.0007068095679975443
20121119,3.49984645423612e-05
20121120,3.2717995870315146e-05
20121121,0.0005662592635668186
20121122,0.00013494944951402213
20121123,0.0008173771825561266
20121124,0.0001842814098115099
20121125,0.00026168911935856357
20121126,0.009604923552091525
20121127,0.0021052542672551585
20121128,0.0015984918795341563
20121129,0.0014731268782451439
20121130,0.0002593557582040228
20121201,0.0009354696969305095
20121202,0.002847395338173884
20121203,0.00481846001220614
20121204,0.007893582205843552
20121205,0.0026092859178565176
20121206,0.000841863133882134
20121207,0.004976809582905138
20121208,0.00011018178068594083
20121209,0.006791068734610716
20121210,0.0036811004103588234
20121211,0.0007546163771517693
20121212,3.293805409049921e-06
20121213,0.0024962005340547523
20121214,0.01143637080284281
20121215,0.0077977601384543
20121216,0.0089347233858726
20121217,0.006797647566761154
20121218,0.0015769521470607323
20121219,0.00011345322521357088
20121220,0.0074092078519097625
20121221,0.003621265498199727
20121222,0.014923604918494095
20121223,0.003906813566605886
20121224,4.83853782000945e-05
20121225,0.004812770666700258
20121226,0.006093456889247981
20121227,0.0188721329512255
20121228,0.0024259304136959006
20121229,0.00028575337045703807
20121230,0.0020057588031836644
20121231,0.00014847389384900522
20130101,0.007501934746652216
20130102,0.0001711782336223611
20130103,0.0012834862535715896
20130104,0.0009736924417718908
20130105,0.0006229662344318674
20130106,0.0005019590507394149
20130107,0.00012344517526814407
20130108,0.00016359393874399483
20130109,0.0011606638442066312
20130110,0.0026032983646991884
20130111,0.001873652501973521
20130112,0.0012835737174508052
20130113,0.00022768892878269732
20130114,0.000460543741532247
20130115,0.004688739832927176
20130116,0.000573106894439503
20130117,0.0004658185613195882
20130118,0.00011115987292704115
20130119,0.002214861824100749
20130120,0.0102182301468877
20130121,0.002228732589690683
20130122,0.0015868702460386656
20130123,7.061928129041511e-05
20130124,9.974669170080846e-05
20130125,0.00011080815847042417
20130126,0.000248024083935578
20130127,0.004386848880706535
20130128,0.0005828559231350339
20130129,0.0119557240039454
20130130,0.0074121252263928735
20130131,0.0022271678203367
20130201,0.015528441865141516
20130202,0.0031056470278231613
20130203,0.0019878148354665007
20130204,0.006583247487167596
20130205,0.006184712812890922
20130206,0.007505448856819001
20130207,0.002148642387293097
20130208,0.0015400211834359974
20130209,0.0002604143137430722
20130210,0.0004569333658123359
20130211,0.005161592846043014
20130212,8.064241201935821e-05
20130213,8.12697244301163e-05
20130214,0.0028932562579743982
20130215,0.0010793453511277768
20130216,0.00025282946332613
20130217,8.578760431615002e-05
20130218,2.431265979444661e-06
20130219,0.0005256784788522277
20130220,0.00013434864972527782
20130221,0.0001093304835457519
20130222,0.00031431468090835113
20130223,0.0012012566209424135
20130224,0.002481832145249888
20130225,0.003880105928474134
20130226,0.0008123723381260707
20130227,0.00011683272705945218
20130228,5.580704614602438e-05
20130301,0.00011691266359947335
20130302,2.1170215900533056e-05
20130303,8.959609045222033e-06
20130304,2.6071922516630986e-06
20130305,1.758787014546164e-05
20130306,4.707685339069391e-05
20130307,0.0012232567815393322
20130308,0.0031544349338787103
20130309,0.001444704843491865
20130310,0.0012364068196906851
20130311,0.002209118977617915
20130312,0.009837204067751482
20130313,0.0010511117519836422
20130314,0.0006062305892792866
20130315,1.2653173205521532e-05
20130316,0.0003329335008524047
20130317,0.0153134858276805
20130318,0.0015183286081126765
20130319,0.005280826865076473
20130320,0.007172897611419519
20130321,0.0003123334129480122
20130322,0.00015041331796964886
20130323,0.0018714253936321923
20130324,0.00058918928829404
20130325,4.251518660678404e-05
20130326,7.273552495799175e-05
20130327,4.130102395483779e-05
20130328,0.0008355801943199699
20130329,0.00015562204546735073
20130330,0.00046459883472352716
20130331,0.0005855666325525875
20130401,1.5355914394385087e-06
20130402,1.0445106647994927e-05
20130403,0.0003412626994585339
20130404,2.940902413102986e-06
20130405,1.7565203057527063e-05
20130406,0.0005794578056957399
20130407,3.2254813792959764e-05
20130408,0.0025085613882448806
20130409,0.009048238705690739
20130410,0.006558771450559271
20130411,0.0184399861040351
20130412,0.008945955711639982
20130413,0.0010538107235170415
20130414,0.0002578971887100574
20130415,0.001023579594553304
20130416,0.0004283603081523691
20130417,0.00012859065835756837
20130418,2.8296951644217196e-05
20130419,0.0002235499476247033
20130420,0.0011961689256860051
20130421,0.00010894518049811994
20130422,4.178515493843582e-05
20130423,3.573044777507977e-05
20130424,2.458653953642786e-07
20130425,4.403697488923304e-07
20130426,0.014296182565175281
20130427,0.0134358934412493
20130428,0.0012950522301778276
20130429,0.00033088263583045394
20130430,0.007382861870564709
20130501,0.0012681587333209943
20130502,0.0020195679019587363
20130503,0.0056367280272808
20130504,0.0026496553638193907
20130505,6.662733140178354e-05
20130506,0.001262575693529407
20130507,0.007579947082470282
20130508,0.0032518571801448738
20130509,0.0024785221365958877
20130510,0.0012825608791941466
20130511,0.0033277869537241666
20130512,0.005442665045141972
20130513,0.0032135313630113436
20130514,0.001629696159540792
20130515,0.0071718785393855
20130516,0.009674253303498293
20130517,0.008500296655270094
20130518,7.183804642196443e-05
20130519,0.016761378292533356
20130520,0.0205888573126359
20130521,0.006006923395132568
20130522,0.004189385344967276
20130523,0.009642205878266552
20130524,0.002296566919457898
20130525,0.0015876831124245249
20130526,0.003501900062088792
20130527,3.678139154867409e-05
20130528,0.006517160896806017
20130529,0.00735607357892846
20130530,0.0011837953740784803
20130531,0.012782624563622277
20130601,0.0007870951536897313
20130602,3.124074934609291e-05
20130603,3.258266957798673e-05
20130604,7.891836750926373e-07
20130605,8.904295489030613e-05
20130606,4.004167342527703e-06
20130607,4.178335005210681e-05
20130608,0.0014907056077958813
20130609,0.008487105595751464
20130610,0.0033452490185250042
20130611,0.0008729097976229967
20130612,0.0005264272048388395
20130613,0.010338447250338834
20130614,0.00017287270670389855
20130615,0.0006327674164272477
20130616,0.0003251605694018528
20130617,0.00038150927253200633
20130618,0.00036225346396175713
20130619,0.003032299730693311
20130620,0.02890069762709035
20130621,0.0025937747022444454
20130622,0.0011294066720638667
20130623,0.0027537895307760242
20130624,0.004063898687384921
20130625,0.002306527090805489
20130626,0.0006072365692358463
20130627,0.005892795612751528
20130628,0.0012407602431670221
20130629,0.012005304703623203
20130630,0.000180020078420476
20130701,0.0004029425850087059
20130702,0.0004512976534223784
20130703,0.014721066968839196
20130704,0.0007135321030750192
20130705,0.00047088881894835133
20130706,1.7917131454048908e-05
20130707,0.00015004304305781012
20130708,4.351138045421976e-07
20130709,1.5993804530926242e-05
20130710,1.3631118971203535e-05
20130711,7.580171948680916e-06
20130712,8.863519618167135e-06
20130713,6.493647650687172e-06
20130714,2.3243095178212235e-06
20130715,9.553380908725326e-05
20130716,0.0
20130717,4.8945989411749416e-05
20130718,0.0002869818672283566
20130719,2.326086996346634e-05
20130720,3.8700817855861185e-07
20130721,5.632935271531829e-06
20130722,0.0009204706873249477
20130723,0.0015594808556408863
20130724,0.008895982119982323
20130725,0.005842105914466797
20130726,0.0029219892207639486
20130727,0.0016113838980210489
20130728,0.010039385054494619
20130729,0.0028771136543764447
20130730,0.001155661079695681
20130731,0.0006742116036418099
20130801,2.1468023874149367e-06
20130802,3.562642084292318e-07
20130803,0.0016682648712396772
20130804,0.0004167382923422244
20130805,0.0002520803496949761
20130806,0.0036829249316991
20130807,0.009738771691541328
20130808,0.0006895662155743412
20130809,0.0005452215894054475
20130810,0.00027584187039367817
20130811,9.63216616192843e-05
20130812,0.0025612299394682358
20130813,0.00021613951392342862
20130814,0.00013446915973868245
20130815,1.5969370912239099e-06
20130816,9.881395573193337e-07
20130817,5.3278988084256613e-05
20130818,0.0014168500872561688
20130819,0.004729667042053704
20130820,5.338003427945608e-07
20130821,8.470963901615418e-07
20130822,4.435960900634398e-06
20130823,9.941365827613673e-05
20130824,0.01057910454244856
20130825,0.004148987524304728
20130826,0.007532934864910183
20130827,0.0034099440217824867
20130828,0.00033552832863357747
20130829,9.526227392844912e-05
20130830,7.619430824009917e-05
20130831,0.0012085712569301825
20130901,7.4645407826705e-05
20130902,2.7610026568416867e-06
20130903,2.291287786679252e-06
20130904,9.211295261555069e-07
20130905,2.1475107196292652e-06
20130906,0.0006800603348875559
20130907,0.007430863224657835
20130908,0.018850075068979143
20130909,0.0067801834100907005
20130910,0.00391575965774303
20130911,0.008800533542670427
20130912,0.00452287177608707
20130913,0.001846637878567314
20130914,0.007549159745688602
20130915,0.005956495348892626
20130916,0.006380746161807932
20130917,0.011497668360462445
20130918,0.012112134178024148
20130919,0.0010056541294150548
20130920,0.0016320920541911792
20130921,9.594952203815024e-06
20130922,2.1728379625107194e-05
20130923,6.125236365621368e-05
20130924,2.1270078213730706e-06
20130925,0.0001650291849395989
20130926,0.0015552177322557875
20130927,1.8001422291277514e-05
20130928,0.00012701165657997502
20130929,0.0005386830774160887
20130930,9.424018099160604e-05
20131001,7.634051163731443e-05
20131002,6.847551613805747e-06
20131003,9.367333516403617e-05
20131004,0.006776602168787679
20131005,0.022247877636045
20131006,0.004312611688391863
20131007,0.00026674834554370896
20131008,0.0002718788134638781
20131009,0.003579634288093733
20131010,0.008944313398891752
20131011,0.0018498577432499819
20131012,0.000994012526086474
20131013,0.0006851654004145393
20131014,0.008651790600501596
20131015,0.009266166805478501
20131016,0.0020356282333816966
20131017,0.0013568953141776172
20131018,0.00017648564604132044
20131019,0.0010996671152713388
20131020,0.005392403679249237
20131021,0.00017137231791436807
20131022,0.003856487015369553
20131023,0.012561514479783386
20131024,0.0006971712560101251
20131025,0.0025851746867899096
20131026,0.005499189508721723
20131027,0.012367588743837732
20131028,0.006853521686426695
20131029,0.00021510029250185954
20131030,6.897934228566221e-05
20131031,2.7505574675137775e-06
20131101,0.004175839617917488
20131102,0.011838381346419463
20131103,0.005973632290469819
20131104,0.010832149513763944
20131105,0.006721134770425276
20131106,0.0058484940923531695
20131107,0.0033778565037819613
20131108,0.0156172701004736
20131109,0.0038385919263522065
20131110,0.010378505917553143
20131111,8.123891255326058e-06
20131112,0.0008096171805214585
20131113,0.0007369970938110271
20131114,0.0025856594646625
20131115,0.00024045822621294552
20131116,1.021203173005819e-05
20131117,6.011352316993565e-05
20131118,0.00022252523529765758
20131119,0.006916793771263178
20131120,0.0036559588666559726
20131121,0.006165746642305443
20131122,0.004597959242681223
20131123,0.0006243669292184864
20131124,0.0005612976861130066
20131125,0.0008949372515995174
20131126,6.617130403139992e-05
20131127,2.9746265736151145e-05
20131128,0.0006243652759243376
20131129,0.0037666150578964147
20131130,0.001043383542461016
20131201,3.7725147960655225e-05
20131202,6.739283555614432e-05
20131203,4.741567006906697e-06
20131204,0.0004817260057727832
20131205,0.002004488973439508
20131206,0.0015536135316831432
20131207,0.0013854154602208684
20131208,0.00017453919049813675
20131209,2.5071462758323474e-06
20131210,3.0414484872333813e-06
20131211,3.284294149685784e-05
20131212,2.7846898586958447e-05
20131213,3.356466286200432e-05
20131214,0.0023669223787665342
20131215,4.060651804323527e-05
20131216,4.3286397513074795e-07
20131217,0.0
20131218,9.894358090519778e-05
20131219,0.008711533795363154
20131220,0.00016948108780866932
20131221,1.1190471162939096e-05
20131222,0.006034079302140535
20131223,0.0011365906760210116
20131224,0.004754032489076663
20131225,0.01719956089532059
20131226,0.0023331206251777765
20131227,0.00014796344556077646
20131228,0.011811541137780305
20131229,0.001981057130118421
20131230,2.042649180996366e-05
20131231,0.00027584494011580484
20140101,0.0027221314016346713
20140102,0.00891520239981674
20140103,0.0024214190315957856
20140104,0.007947692061285422
20140105,0.0035164287346523657
20140106,0.004479816208421322
20140107,0.0015635202944984793
20140108,0.0012905789431191404
20140109,0.004015080933251403
20140110,0.0002908438900029867
20140111,0.0019452519760057158
20140112,2.5863261352775528e-05
20140113,0.002503854196212955
20140114,0.001334535882549865
20140115,0.0028854126313845718
20140116,0.0036642442836158588
20140117,0.0003010392210211092
20140118,0.00011004797886970881
20140119,0.002032051989728019
20140120,0.007324574197031841
20140121,0.0013039696652152027
20140122,5.976844314371756e-05
20140123,0.0054845279795311345
20140124,0.0009221175192547476
20140125,0.0015547181039951585
20140126,0.009175312725094939
20140127,0.0043871207134505395
20140128,0.00015086934330969543
20140129,0.0008292975261490402
20140130,0.00019722162288443706
20140131,1.7283234951554052e-05
20140201,0.008839798036396184
20140202,0.0002472864159756497
20140203,0.0001095813398675195
20140204,0.00044101537080093575
20140205,0.007370230664090379
20140206,0.002107862710114161
20140207,0.0022002046939518603
20140208,0.007597189775754581
20140209,0.00251368339349085
20140210,0.005950477492409396
20140211,0.0008944530910967389
20140212,0.0036708067720085313
20140213,0.015213451569425085
20140214,0.0022502266410811
20140215,0.00655091347368316
20140216,0.0021774005834149708
20140217,1.0178027979701734e-05
20140218,0.00042487796874656733
20140219,0.0018426048045926088
20140220,0.001953413116434648
20140221,0.0038979102514301546
20140222,0.0034743534614399873
20140223,0.00014107384150976855
20140224,4.261732051702438e-07
20140225,0.001497685071933764
20140226,0.004023347292875846
20140227,0.004499682374276078
20140228,0.006721340087799802
20140301,0.0007737453631767765
20140302,7.991578648115479e-05
20140303,0.001857666542684198
20140304,0.00023658148090973007
20140305,4.202722375194373e-05
20140306,8.929611808476697e-07
20140307,4.862643403017326e-08
20140308,1.0744297659183458e-06
20140309,1.7160360812340514e-06
20140310,4.351138045421976e-07
20140311,0.0
20140312,0.0
20140313,2.571940399320738e-06
20140314,8.79168396750174e-07
20140315,0.0008923803153030204
20140316,2.6719158948939903e-05
20140317,5.3053550572265074e-05
20140318,0.0005199349828792847
20140319,0.00034752141946608697
20140320,4.351138045421976e-07
20140321,0.0028427609848217586
20140322,0.007904552349220913
20140323,0.0020583890043137155
20140324,0.00313172753240271
20140325,0.0006680773979535437
20140326,0.0008543581723418068
20140327,0.00047638356605062985
20140328,4.1770142977655765e-05
20140329,8.52346317969932e-07
20140330,8.731695970709552e-07
20140331,1.6770492512640266e-06
20140401,8.692127162703456e-05
20140402,1.7177549374755243e-05
20140403,0.00048509662747151015
20140404,0.002068641820765246
20140405,0.0019350129902207197
20140406,2.6873279523065825e-05
20140407,0.00012347357780460766
20140408,0.0019586357939808466
20140409,4.6932951703149194e-05
20140410,4.221709502841523e-06
20140411,0.0001288043225050517
20140412,3.153119639088754e-05
20140413,0.0001617476948697307
20140414,0.0005837069840743076
20140415,4.6899536447037805e-05
20140416,1.7388092150587702e-06
20140417,7.465972053474875e-05
20140418,0.0021206784058434374
20140419,0.0006268860508306274
20140420,0.0005273259712214123
20140421,0.002965407058312454
20140422,0.0010170619157986384
20140423,0.000736555019054826
20140424,0.0008635011901799955
20140425,0.0007709393284020511
20140426,0.003309740848145392
20140427,0.002791993666024474
20140428,0.003635690896956855
20140429,0.0020934700308797615
20140430,0.004441278515532018
20140501,0.006884889759870049
20140502,0.003153037236628823
20140503,0.00056107758676774
20140504,5.284894167984339e-08
20140505,1.7052344552126537e-06
20140506,0.0032871127784167785
20140507,0.008072122034393916
20140508,0.00805587849915576
20140509,0.0024876159747965086
20140510,0.007888679693104325
20140511,0.007592123271543637
20140512,0.004828587385888918
20140513,0.0044504391604739905
20140514,0.0023997410789485148
20140515,0.00032728238924663083
20140516,2.525304150688186e-05
20140517,2.3793089713588842e-07
20140518,1.509599642041587e-05
20140519,0.00021051059332040004
20140520,6.258936750771188e-05
20140521,0.0011553942029166866
20140522,0.007399815122869361
20140523,0.004695378502550669
20140524,0.005430300013608472
20140525,0.0004059075988447499
20140526,0.003727848414820787
20140527,0.0018355409389309157
20140528,0.0008243635716153752
20140529,0.0008722185602508436
20140530,0.0004804925335737055
20140531,1.2755587079582259e-05
20140601,0.0008193094600578585
20140602,0.0010085409213107309
20140603,0.0006266245323228138
20140604,0.008598817546363432
20140605,0.0005514647805462695
20140606,9.207742759204653e-08
20140607,2.4728819257039814e-06
20140608,0.0001458368714238714
20140609,9.530970603900235e-05
20140610,0.000744295660753613
20140611,0.0011486169806199965
20140612,0.0002706308981279102
20140613,6.671184294873081e-06
20140614,0.0002567808373713146
20140615,0.00010982345129479085
20140616,0.0001230216802403836
20140617,0.00012567205213683352
20140618,0.000151202610355616
20140619,9.31908607924938e-05
20140620,0.0004126093989841501
20140621,1.6058393732739698e-06
20140622,2.8130429562630492e-05
20140623,0.00080756817616659
20140624,0.00034744478128104564
20140625,9.634236236930858e-05
20140626,4.250798266922589e-06
20140627,0.0015804299658763025
20140628,0.013245579763547444
20140629,0.01172068408982185
20140630,0.0011224369119684863
20140701,0.0002112930127930515
20140702,8.112188732526513e-05
20140703,8.644888555785927e-07
20140704,0.001193055277733793
20140705,0.005373283997759574
20140706,0.012774844831949288
20140707,0.008848591117089199
20140708,0.0185916219670294
20140709,0.0209671235020956
20140710,0.003181360360111669
20140711,0.007023246200534267
20140712,0.00526811614055293
20140713,0.009256857304234823
20140714,0.0018414101648970942
20140715,0.0001770071721426411
20140716,2.0125858237952973e-05
20140717,8.53420750353192e-06
20140718,0.0
20140719,8.565711458053095e-05
20140720,0.010533008080095756
20140721,0.011255058646138528
20140722,0.0027103061092081018
20140723,0.00011252463656525832
20140724,0.0009912563619655767
20140725,0.002389631980950502
20140726,0.001115691211771074
20140727,0.0004520848329443058
20140728,0.010420115242921846
20140729,0.019237127594039175
20140730,0.005242429619015465
20140731,9.644613846420468e-05
20140801,0.00022514678037711594
20140802,0.007215682623165689
20140803,0.00464720321122144
20140804,0.009552198330907244
20140805,0.0005547377858661697
20140806,0.002463280862040799
20140807,0.0008298666247091553
20140808,0.005308615821307854
20140809,0.006212215942111526
20140810,0.015518806066789324
20140811,0.0006349011695419631
20140812,0.0008987219358000577
20140813,0.01771905512779575
20140814,0.002983313481209354
20140815,0.009525772271445656
20140816,0.0013422318262982088
20140817,0.0005286593391917068
20140818,0.0023154223890726224
20140819,0.0007596128970219235
20140820,0.0004875761502227852
20140821,0.00023838069373439686
20140822,0.00024469891341572734
20140823,0.004385913907981839
20140824,0.00041142645461485997
20140825,0.010151571040101413
20140826,0.01869293900805518
20140827,0.0028247637836140422
20140828,0.0006578641210903162
20140829,0.0012962910990430064
20140830,0.0024035252902428954
20140831,0.007239035231955983
20140901,0.00022555805159298165
20140902,9.068633752962398e-05
20140903,0.00017139534164180425
20140904,0.00019385840938165785
20140905,0.000583850396468169
20140906,0.0012952082898515693
20140907,0.0002607730300672933
20140908,0.0006259231818345202
20140909,0.00023347050161826372
20140910,0.0001235675887499758
20140911,0.0005238574735720798
20140912,0.0008696600439468607
20140913,0.000464902610648008
20140914,0.00064742662406592
20140915,0.0003792133615573999
20140916,0.0003865403711618141
20140917,0.00016137198756454075
20140918,0.005526325193681007
20140919,0.0020773099916180757
20140920,0.0023142118558189405
20140921,0.01392750206836949
20140922,0.00040576631847784864
20140923,1.0173647033611814e-06
20140924,0.0010694745788013488
20140925,0.0006383055418590479
20140926,4.5722500699575693e-05
20140927,0.00011185729659072482
20140928,9.349779772473759e-07
20140929,0.0004877202102935147
20140930,0.0009346157896433291
20141001,0.00023518323315445877
20141002,5.000375144785038e-05
20141003,2.8808136231930684e-06
20141004,0.00021498860815009866
20141005,0.004480665302705219
20141006,0.0022049628494223267
20141007,0.015176000427781968
20141008,0.009052241893854333
20141009,0.01944218883848535
20141010,0.007338376646965851
20141011,0.0011959336834277744
20141012,0.0052051032003699645
20141013,0.0007901483273343655
20141014,0.0007540094575170535
20141015,0.005518198706341883
20141016,0.003072168141674357
20141017,0.010152607552953608
20141018,4.992234170148034e-07
20141019,0.00021010237554279704
20141020,0.002319359726968574
20141021,0.006741180793881902
20141022,0.001703961471273811
20141023,0.00011064686469774126
20141024,0.00035598864653845657
20141025,0.001072089826580465
20141026,6.52226621203264e-05
20141027,3.467083104920348e-05
20141028,5.057574430159649e-05
20141029,0.0017647163857904395
20141030,0.00015069126839759844
20141031,2.0245599946380424e-06
20141101,4.029417400093804e-06
20141102,0.0007430688858683375
20141103,0.0098854503603411
20141104,0.0321785510116212
20141105,0.0037442672984405226
20141106,0.000251460296205647
20141107,0.0015072033372427157
20141108,9.472020268460479e-05
20141109,0.003068748529519495
20141110,0.0018253490695623955
20141111,0.0028625396176845544
20141112,0.003678350704507798
20141113,0.0001308186785330768
20141114,0.004389365649706661
20141115,0.009491696497245346
20141116,0.0052957604806626235
20141117,0.0026302276653164887
20141118,0.0006557865891626274
20141119,0.00024813976026836273
20141120,8.148197899192976e-06
20141121,0.00031419073108634863
20141122,2.0221179938720785e-06
20141123,4.1531039656631595e-05
20141124,0.0003314636130954861
20141125,5.32339048927999e-05
20141126,0.0015485961718391113
20141127,0.002111245046459093
20141128,3.18754906707367e-06
20141129,6.10700089239997e-07
20141130,8.321699217796287e-05
20141201,0.0002850599937853894
20141202,0.0010243576116269703
20141203,0.0007956917899112797
20141204,5.573730414792884e-05
20141205,0.0003483370327960527
20141206,0.0014010420583753518
20141207,0.0022386556390302133
20141208,0.004428383327698684
20141209,0.0006961641670729333
20141210,0.0033770482173468607
20141211,0.0052361440593852
20141212,0.006434642669947047
20141213,0.0092335733164737
20141214,0.0057023013955927754
20141215,0.0021885278757044968
20141216,0.0017236367818753626
20141217,0.006312583173811591
20141218,0.004203537931389104
20141219,0.010180333457430494
20141220,0.0016427476460446002
20141221,0.0004676504841309398
20141222,0.00042100676120338215
20141223,0.0004989627450141351
20141224,0.0030313712088495155
20141225,0.0011524074903842601
20141226,0.0005683485867602318
20141227,0.018358385937790343
20141228,0.0012645425331586596
20141229,0.0014400386497583316
20141230,0.0007922136123995918
20141231,0.0002826749582457667
20150101,3.3426755506194675e-05
20150102,0.003975797240613762
20150103,0.014550866557209148
20150104,0.00026769006723354133
20150105,1.5338981163767703e-05
20150106,3.327825830968134e-05
20150107,0.0008313935548067218
20150108,0.007473930603270224
20150109,0.006305668302444884
20150110,0.007108177052873043
20150111,0.0024033062624209253
20150112,0.000832533916417107
20150113,0.006021169922350577
20150114,0.006827779327536318
20150115,0.005537500008069995
20150116,0.01212156479638746
20150117,0.0006898140008130273
20150118,1.6800158395010743e-05
20150119,0.0009052955071491704
20150120,0.0004479724549961871
20150121,3.40714234978269e-05
20150122,0.0002720600274542694
20150123,0.000198298884511955
20150124,0.004947456677646006
20150125,0.0019466322943400337
20150126,0.0103146994558167
20150127,0.0010284868675843554
20150128,0.0065770188215210695
20150129,0.010148679369181674
20150130,0.005425451398421365
20150131,0.0033344626326947124
20150201,0.004890827656379579
20150202,0.0019385878137904112
20150203,2.8248867080248443e-05
20150204,0.00010020810658516048
20150205,0.00013290752507971935
20150206,1.5757500845438397e-05
20150207,0.00011396081273798935
20150208,0.0010422570302573795
20150209,0.0006119623246441915
20150210,0.00027794812545257506
20150211,6.408662948636748e-06
20150212,7.831013869793336e-06
20150213,3.527231636697064e-06
20150214,0.0031392158136475676
20150215,0.0007264437033465509
20150216,1.0987198382793494e-05
20150217,0.00018089223053277482
20150218,0.00011569094673235322
20150219,7.5140157671738015e-06
20150220,0.0016991334566969721
20150221,0.005897296520154346
20150222,0.00045845218350195314
20150223,0.00977094132171919
20150224,0.0012519998423741222
20150225,0.0017352878041290776
20150226,0.002806782864817574
20150227,0.009612954744694497
20150228,1.105446137348166e-05
20150301,0.0057722264098425975
20150302,0.00806497263581955
20150303,0.00294405206600544
20150304,0.0009486149345118572
20150305,9.91650767249993e-05
20150306,2.295074921408304e-06
20150307,8.479809139316785e-07
20150308,1.5540739203131272e-06
20150309,3.843365330566915e-06
20150310,0.002202626832411279
20150311,3.793521061494441e-05
20150312,1.285462608870919e-06
20150313,2.7490453500222755e-06
20150314,0.000248038494323796
20150315,0.0007674389714409364
20150316,1.5122684586736702e-05
20150317,1.7172702087009384e-06
20150318,1.1127470759237443e-05
20150319,7.147708165299962e-05
20150320,1.4913790149477589e-06
20150321,0.0007737478750018946
20150322,0.00023850787708482163
20150323,1.1049209434384618e-06
20150324,0.0015540237619184282
20150325,0.0016576447624143049
20150326,0.0017722032897704877
20150327,0.0007218336590898856
20150328,0.0014856767750764366
20150329,0.015492720160146984
20150330,0.007528659734933903
20150331,0.0082307802549137
20150401,0.00270356008135655
20150402,0.009759551011084529
20150403,0.0018180485852342721
20150404,0.0065637771534365515
20150405,0.000236288206521007
20150406,0.00011169982545372413
20150407,0.0
20150408,2.5832866843663094e-06
20150409,1.7371916216058793e-06
20150410,0.0
20150411,0.0022856381551353234
20150412,8.810108357482028e-05
20150413,2.800134176647229e-05
20150414,8.590276885674795e-07
20150415,8.52346317969932e-07
20150416,4.091748097349106e-05
20150417,0.0020919259099252204
20150418,1.51952634730389e-06
20150419,8.588686818868201e-07
20150420,0.0
20150421,2.580881073299679e-06
20150422,1.413822920884523e-06
20150423,0.0
20150424,1.500773726302917e-06
20150425,0.006211299824551342
20150426,0.006381062233772651
20150427,0.0150267628115307
20150428,0.0008269970450193993
20150429,2.498168371741482e-05
20150430,0.006547342425120167
20150501,0.013644345978401489
20150502,0.00398358286430168
20150503,0.010420729831198346
20150504,0.0023296712114056145
20150505,0.0021129896396815066
20150506,0.0007526867794758717
20150507,0.00024160839722084783
20150508,0.0005152942187333224
20150509,0.0003774594294459535
20150510,2.0343841158529367e-05
20150511,2.593252986571315e-06
20150512,0.0008150613811768452
20150513,0.002836598464142435
20150514,0.004413844440864603
20150515,0.00642814182718565
20150516,0.0003940381218018632
20150517,0.0005790661943100829
20150518,0.00010962471753317692
20150519,0.0008967839471817531
20150520,0.0033609362138271796
20150521,0.00013917293632437983
20150522,2.6070172769816644e-05
20150523,0.0002407470948584942
20150524,0.0006329777788233695
20150525,0.0023372602869034635
20150526,0.00038862695211508045
20150527,4.4499715775316354e-06
20150528,0.0002750107577384363
20150529,0.004260967407190602
20150530,0.0008204237292669056
20150531,0.0010669087175537442
20150601,0.003129120553241777
20150602,6.852183941852796e-05
20150603,0.00017745946560189768
20150604,5.358361616447221e-08
20150605,0.0002533728818551956
20150606,0.0007064036093546577
20150607,7.881523487540538e-05
20150608,0.0002862898983571668
20150609,5.5319917668097866e-05
20150610,3.4077878850459034e-05
20150611,0.0001929570201571987
20150612,0.00197332431494892
20150613,0.008161451606038468
20150614,0.0001487082472615543
20150615,0.000797913774006751
20150616,7.749275812146554e-05
20150617,1.004835984487062e-06
20150618,0.0037307074316043566
20150619,0.0007607313007825079
20150620,0.001959629400046272
20150621,0.003732612316013691
20150622,0.010776784979667553
20150623,0.0025633964743801735
20150624,4.679381384545424e-05
20150625,1.1037768471450275e-05
20150626,5.197809902121711e-05
20150627,0.0020557413754773595
20150628,9.676536858065478e-06
20150629,1.8822626989453815e-05
20150630,8.583068797918258e-07
20150701,0.0
20150702,0.000507283355132808
20150703,0.00040847072120107095
20150704,0.0005226552578317239
20150705,0.004078162668959222
20150706,2.9633343305635353e-05
20150707,0.0014128271596255447
20150708,0.0018331033696415769
20150709,0.001177287169830233
20150710,8.583068797918258e-07
20150711,2.5868415605145856e-06
20150712,0.001000631676817784
20150713,0.0008574851053063689
20150714,0.0006740464049557229
20150715,6.670832580475791e-05
20150716,6.474046220656716e-05
20150717,0.0006254597125702436
20150718,0.0017184390982257767
20150719,0.005607609632176988
20150720,0.0006934148866419288
20150721,0.00014573239369335494
20150722,0.0008674692220479409
20150723,4.7037189790055996e-05
20150724,0.0027370536004332644
20150725,0.004435962485012661
20150726,0.0029493891602692117
20150727,0.0034366664114077535
20150728,0.0015036747901965124
20150729,0.001998224237334341
20150730,0.0014397495812663752
20150731,2.298996263188842e-05
20150801,0.00018827512919142027
20150802,1.731555591981285e-06
20150803,8.670670252175913e-07
20150804,0.0058782375796555195
20150805,1.4693774652388673e-06
20150806,4.042428417482126e-05
20150807,0.0004972262171960776
20150808,0.0010384475993100478
20150809,0.003941026385354136
20150810,0.007205678749957201
20150811,0.00016900008863064245
20150812,0.00026254972692408147
20150813,0.0023337411555496633
20150814,0.0016339382961044315
20150815,0.001969452978202611
20150816,0.002099668657719835
20150817,0.0006947230986064763
20150818,0.0001368213774111653
20150819,5.341983936126245e-05
20150820,3.517048674182906e-05
20150821,8.785413928317239e-06
20150822,0.0
20150823,0.01178216474291565
20150824,0.004539857735104709
20150825,0.0008031749387594549
20150826,1.829597070623041e-06
20150827,0.010792403956944065
20150828,0.0034317539344234475
20150829,0.00026282873937644364
20150830,1.99611048163322e-06
20150831,0.0005825651693638689
20150901,0.02109637506103292
20150902,0.0003234440596855196
20150903,0.00023979013451877034
20150904,0.0003935749582882847
20150905,0.0017352392399364006
20150906,0.0007123390631668257
20150907,0.0004305434364423311
20150908,0.000290385387288985
20150909,7.998436683016987e-06
20150910,3.2450693309652127e-06
20150911,2.3021071582975504e-05
20150912,0.0069792160528812965
20150913,0.007239975576267118
20150914,0.008939209375775165
20150915,0.0031734595502349
20150916,0.0262155766610404
20150917,0.0134149526512188
20150918,0.0020881912819652243
20150919,0.002059713545614122
20150920,0.0003020905691389407
20150921,0.00021990309369535218
20150922,0.010920169973227496
20150923,0.003201353048495653
20150924,4.056223793085681e-05
20150925,0.0005216466007798964
20150926,0.00016239600579247076
20150927,4.1481846124620785e-06
20150928,8.450497261947021e-07
20150929,8.52346317969932e-07
20150930,8.52346317969932e-07
20151001,0.0
20151002,6.884686492136675e-06
20151003,0.0006172172600929577
20151004,0.00385016045366414
20151005,0.006546344539572088
20151006,0.009279977087762578
20151007,0.0009056936120684551
20151008,0.0004310535539972726
20151009,0.00018367903751457206
20151010,7.603181086698528e-05
20151011,8.543034801220929e-06
20151012,8.57365697447889e-07
20151013,0.0035376955878800038
20151014,0.0019576496715256403
20151015,0.0014491846344693664
20151016,0.0011686122074249764
20151017,0.0013971340913170273
20151018,0.000428116763632987
20151019,0.00042027424841371245
20151020,0.0006431468934528413
20151021,8.805510490088088e-05
20151022,0.001172869721804706
20151023,0.0004372631011463997
20151024,4.570526277830569e-05
20151025,0.0004936734766444155
20151026,8.22053089755962e-06
20151027,8.361959828416219e-05
20151028,0.0028283476026633777
20151029,0.0007875981299043213
20151030,2.1329823780371424e-06
20151031,4.087659583881471e-06
20151101,1.2218332042083296e-05
20151102,1.660720080400909e-05
20151103,0.00038105343281902526
20151104,0.00048155097989694166
20151105,0.00023746992555490043
20151106,0.0022531212541577017
20151107,0.0004966663245438095
20151108,2.1765969244954827e-05
20151109,0.0005247536632530131
20151110,4.0755768260616594e-05
20151111,0.00011280008198013651
20151112,0.0002375710521616262
20151113,0.0021348886263902783
20151114,0.0015296964706224
20151115,0.0005683261047782443
20151116,0.00044641272986212227
20151117,0.007206024001583194
20151118,0.0007949043575163463
20151119,0.008203172959670092
20151120,0.03310305410416927
20151121,0.004462860396606978
20151122,0.0014287120467151814
20151123,0.0003403846715059631
20151124,0.0037860232614429
20151125,0.005734995390439497
20151126,0.0005716687470523587
20151127,9.435884796156814e-05
20151128,0.002841964708811456
20151129,0.008221082183311208
20151130,0.006838845845470076
20151201,0.005553334499264114
20151202,0.00012050139816959294
20151203,7.417583806088427e-07
20151204,0.0014789370823582281
20151205,5.312138122816497e-05
20151206,0.0002668408332044145
20151207,6.0434458886011774e-06
20151208,0.0011825865805255294
20151209,0.0028334359862085337
20151210,4.3514643495927886e-05
20151211,0.002022405426193687
20151212,0.001589486396537461
20151213,0.00016539339488002937
20151214,3.0850652758245466e-06
20151215,0.0011618783958952648
20151216,0.008700099804310048
20151217,0.0004485750360108225
20151218,0.0007796859177093648
20151219,6.273950047868065e-06
20151220,7.622426131457663e-05
20151221,0.0056321052785560394
20151222,0.00040061422443631544
20151223,0.0011513627192102065
20151224,0.0008704981924496963
20151225,0.001802176342288189
20151226,1.1157644136745041e-06
20151227,1.5101040625174843e-06
20151228,9.689782808420587e-07
20151229,9.430682120393423e-05
20151230,3.4240569353776574e-06
20151231,0.0022967357117021753
20160101,0.0003052640092934897
20160102,0.004152029409276053
20160103,0.006448866347415139
20160104,0.0068748151701834345
20160105,0.005086769498738613
20160106,0.0029970250948409714
20160107,0.008198871606402133
20160108,0.0004141756159804781
20160109,0.00018346061479925578
20160110,0.00764226941435632
20160111,0.009544702447175559
20160112,0.00658386199898
20160113,0.0045624775520333345
20160114,0.0036288803012638204
20160115,0.0072863881432166395
20160116,0.0014265404050026363
20160117,0.0009949391297741782
20160118,6.199062319975753e-06
20160119,0.00011443580629322892
20160120,4.772452267336731e-05
20160121,5.278284616477832e-05
20160122,0.003265904091402836
20160123,0.0008983906760069131
20160124,0.0006883632297939946
20160125,1.8764175130726438e-05
20160126,7.154071453689508e-05
20160127,0.00045558063956090746
20160128,0.005278318950472126
20160129,0.00015596303774401073
20160130,0.014190212901918848
20160131,0.008189260036186648
20160201,0.0018750304830613632
20160202,0.005567305798251287
20160203,0.003438785596687892
20160204,0.008013838588445654
20160205,0.0004008883476371015
20160206,2.7666324858480254e-05
20160207,0.005829397691970963
20160208,0.013182401883610742
20160209,0.0183241323468967
20160210,0.0067007978519649
20160211,0.00265722766098763
20160212,0.002847560106512096
20160213,0.009866681395045197
20160214,0.004056971168754068
20160215,0.0013892882331591656
20160216,3.4521997720063526e-05
20160217,0.00010369470688889087
20160218,0.0005273182126954546
20160219,0.0012274089050752241
20160220,0.014704793069167228
20160221,0.003536144061821771
20160222,0.0034381311049997074
20160223,0.012226181980196251
20160224,0.00040823556393687936
20160225,0.0010788481799323493
20160226,8.604589275872476e-05
20160227,8.52346317969932e-07
20160228,0.0006006817105231184
20160229,7.971919048416952e-05
20160301,0.003186937356224739
20160302,0.008712519260402523
20160303,0.00588563659705878
20160304,0.011719231803986865
20160305,0.0049821110192801
20160306,0.0038159362702530277
20160307,0.003360190991513858
20160308,0.0005650018004686322
20160309,1.4386427658208137e-05
20160310,2.0025738269953494e-05
20160311,8.01075906331833e-05
20160312,5.100600664346092e-06
20160313,7.276888954820679e-05
20160314,4.181705061754271e-06
20160315,0.0010787487014491841
20160316,0.00021555861508258184
20160317,1.723023274280422e-06
20160318,4.591281909789854e-06
20160319,0.00011204063456519026
20160320,7.386131542482091e-05
20160321,0.0006241036806686661
20160322,0.0002210831434610402
20160323,0.0008074839350928991
20160324,0.0005372873868042488
20160325,0.006648077610961546
20160326,0.00010301733679142199
20160327,0.0035096854786926934
20160328,0.008341682136370408
20160329,0.003947653628674757
20160330,0.007322996487997298
20160331,0.010553949466920471
20160401,0.005549343036516743
20160402,2.0294325594081182e-05
20160403,0.00507312096485738
20160404,0.004011834759394461
20160405,0.01044186893585652
20160406,0.0010104551041887442
20160407,0.0020932881405287722
20160408,0.0006050376456570598
20160409,1.6815328391674457e-05
20160410,2.7578710074502644e-05
20160411,0.0010402563129705
20160412,0.0029883000292804333
20160413,0.006392557098530281
20160414,0.001470140634373943
20160415,0.007233277739331794
20160416,0.0119416565350862
20160417,0.004566558166375888
20160418,0.00037314398316189634
20160419,2.1754492293864764e-05
20160420,8.529465376206105e-07
20160421,1.8378772563334717e-06
20160422,0.00010373950537570403
20160423,0.004414184498502667
20160424,0.0032983750831555173
20160425,0.008647630754044
20160426,0.008508570368273224
20160427,0.00325853917157983
20160428,0.0013041536547205549
20160429,0.00019280137587053434
20160430,0.007045700784042348
20160501,0.010061456214999277
20160502,1.9039245282323932e-06
20160503,0.0024943644535028765
20160504,1.1763726063334034e-06
20160505,1.705228839909978e-06
20160506,2.2244267284352295e-06
20160507,9.795234438099044e-05
20160508,3.275255317502407e-05
20160509,0.001694355084272069
20160510,0.010615555000629004
20160511,0.0059321828896653685
20160512,0.008278818869192446
20160513,0.00629747809410287
20160514,0.0007437082672554473
20160515,0.0011067424998647609
20160516,0.004106055598004542
20160517,0.0002483698903533697
20160518,0.004459050377141288
20160519,0.003967323504411588
20160520,0.00040333822736448736
20160521,9.498980346303607e-05
20160522,0.005782755221400946
20160523,0.009635394258103414
20160524,0.0018813760521926102
20160525,0.00020525831407794837
20160526,0.0020003031145589645
20160527,0.006529961172407673
20160528,0.0017202436421445352
20160529,0.0094611509396898
20160530,0.0226746985939081
20160531,0.002443685752219175
20160601,0.01143616904863911
20160602,0.011305589059396161
20160603,0.008626944966221633
20160604,0.013054356625440154
20160605,0.00490416407940113
20160606,0.0007995747266937564
20160607,0.005370089172612153
20160608,0.009260376670793357
20160609,0.00015609585607632612
20160610,2.1504916312137962e-05
20160611,0.008620102278165486
20160612,0.008853849480189092
20160613,0.007613444238611939
20160614,0.009404556034483038
20160615,0.008072446425619967
20160616,0.005982468926034467
20160617,0.006717629643507182
20160618,0.005055075668026822
20160619,0.0010516395877549292
20160620,0.005749884791794634
20160621,0.0019388030240389926
20160622,0.00031731807028371746
20160623,6.59597956324167e-05
20160624,0.006835314328016893
20160625,0.022336746581081375
20160626,0.0009993984550204253
20160627,0.0009384354097499535
20160628,0.0015948765673347543
20160629,0.0004903990070500247
20160630,0.0013994465443525163
20160701,0.0014095875775078843
20160702,0.0037740293978845768
20160703,0.0006969085599998536
20160704,0.0014246970142812285
20160705,0.0008557093313370374
20160706,0.00023597027574531623
20160707,2.183113575826539e-06
20160708,8.628150391779826e-06
20160709,1.1999078309681725e-05
20160710,2.2557969829217242e-07
20160711,0.0009522588251536047
20160712,0.0012307515997544087
20160713,0.0073502611120504074
20160714,0.0035093378959124163
20160715,0.00030792787518688596
20160716,8.631968890761415e-05
20160717,0.00029392571605733615
20160718,0.00010301544511352777
20160719,1.0715280715686518e-08
20160720,0.0003954124781589059
20160721,0.008687730952276783
20160722,0.005375312173692451
20160723,0.008270375242392472
20160724,0.001935044782349321
20160725,0.0004718580661503298
20160726,0.0035784361215676795
20160727,6.487842485804115e-05
20160728,0.006175430039378954
20160729,0.0015906928254127957
20160730,0.0012841926218237227
20160731,0.0012268140337549128
20160801,0.0003734027704621374
20160802,0.0051297180316868096
20160803,0.002679016395590539
20160804,0.006914824580190548
20160805,0.0010893123659640482
20160806,0.00042970242080257336
20160807,1.4183390105707792e-06
20160808,0.00043990139639052915
20160809,0.0009461340329418563
20160810,0.002559440359745805
20160811,0.002822599539374303
20160812,0.0005312330844665447
20160813,8.586989352038144e-07
20160814,1.6743408892737305e-05
20160815,0.00016560677445164718
20160816,0.00010429031296946482
20160817,0.00043819612016785686
20160818,0.004298973008547694
20160819,0.0013409790319351491
20160820,0.0019368403299623175
20160821,0.0022672352797668454
20160822,0.0009340027372252399
20160823,0.0
20160824,8.52346317969932e-07
20160825,8.583068797918258e-07
20160826,8.988963914087414e-05
20160827,0.000254066161038818
20160828,0.0005630527926529378
20160829,0.0007543895773354548
20160830,4.250875060947163e-06
20160831,4.2755754988489634e-05
20160901,0.00011685085742993929
20160902,0.0001659704849787286
20160903,0.0002358131647256659
20160904,0.0062871018206159205
20160905,0.0015034878732561273
20160906,2.6779139663673043e-06
20160907,8.471739647575305e-07
20160908,1.289399733650498e-06
20160909,5.604815698680344e-06
20160910,2.449311884559659e-05
20160911,5.2932960594548045e-05
20160912,0.00015823146672179768
20160913,4.654349256480899e-06
20160914,1.2687629228768422e-05
20160915,0.0020040442587304264
20160916,0.0014948322950157984
20160917,0.0019463248355176626
20160918,0.009929708980421748
20160919,0.0004662638976312237
20160920,0.0003408268125469314
20160921,2.565360681016593e-05
20160922,1.712996391738437e-06
20160923,0.00018875857837628886
20160924,1.2814998058274796e-06
20160925,0.00029648003705330146
20160926,0.0005533743031508096
20160927,0.00018168881869151231
20160928,3.5898258065236596e-06
20160929,2.1134587290033927e-05
20160930,0.002762310288097794
20161001,0.015081482285598165
20161002,0.0015341149118332379
20161003,0.0007645157469077733
20161004,0.00010666346870488295
20161005,2.0518382297103604e-06
20161006,5.2267488279189846e-05
20161007,0.00042756466773632876
20161008,0.000940759174012204
20161009,0.0013630139322586322
20161010,0.0005400389298174336
20161011,0.00020905049396755703
20161012,0.0005445767510931445
20161013,0.00010568101921178825
20161014,0.0032103241784903714
20161015,0.00036867056859336405
20161016,1.371876072096639e-06
20161017,0.0045662443777051915
20161018,0.0022872450959947506
20161019,0.0030568295882052853
20161020,0.006360281127771855
20161021,0.0009422198317947375
20161022,0.0010928315538318383
20161023,0.004480362226248699
20161024,0.01745835002291597
20161025,0.0027164454502653
20161026,6.261887314623601e-05
20161027,5.2523175462877414e-05
20161028,9.506296282611325e-05
20161029,0.00011002999104240191
20161030,3.087092881513631e-06
20161031,3.449621802707337e-06
20161101,4.160857667242764e-05
20161102,0.0005960833947828621
20161103,1.960095886876889e-05
20161104,0.0022289284628094676
20161105,0.011691073082447583
20161106,0.0009011859581702375
20161107,0.0009107717360449488
20161108,0.0014408753736133856
20161109,0.009744008038348753
20161110,0.007936527989626772
20161111,0.005776255096963316
20161112,0.00042153658331940767
20161113,0.003300318738722849
20161114,7.89327317206975e-05
20161115,0.0013754337572077302
20161116,0.004929270996566478
20161117,0.004049793694857956
20161118,0.01052936985739396
20161119,0.0027790921660999163
20161120,0.0011911429034275115
20161121,0.011923598220884945
20161122,0.007412781492347705
20161123,0.0006003708869191792
20161124,6.0121404234677225e-06
20161125,0.0003624059271048893
20161126,0.0001909787644509522
20161127,0.00017137609243678912
20161128,5.802507341606294e-06
20161129,1.2874602930423862e-06
20161130,1.3876392791987789e-06
20161201,5.3693643229403385e-05
20161202,0.0002591001263789329
20161203,1.2200010948435636e-05
20161204,2.6957021864258605e-10
20161205,1.610816228472786e-08
20161206,4.123837713554829e-06
20161207,6.767519527405183e-06
20161208,1.7526271022898337e-06
20161209,4.225629507666539e-05
20161210,2.056566011901528e-05
20161211,0.001206335221151627
20161212,0.000141872597427617
20161213,0.0007728397915489363
20161214,1.1052916033911094e-05
20161215,1.3900412816646185e-05
20161216,8.800907681718782e-06
20161217,2.2983611668682244e-05
20161218,0.0002884550722085663
20161219,0.0002084351539442871
20161220,3.91108971693595e-07
20161221,1.333738141264686e-05
20161222,0.004089513574426403
20161223,0.00019993183420736018
20161224,0.002484497646394309
20161225,0.0003640439271301745
20161226,0.0014875744325945858
20161227,1.013503036443904e-05
20161228,3.929311335899288e-05
20161229,2.538780266519437e-07
20161230,1.2185794650725319e-06
20161231,6.28812642830472e-05
20170101,0.0002112807321919717
20170102,0.002054240964036987
20170103,0.00019255681576292399
20170104,0.004225477714770081
20170105,0.0003124302578546083
20170106,3.108596921099473e-06
20170107,0.0019675472209737845
20170108,0.0012936928162787173
20170109,0.0008655607225502443
20170110,0.006713397719323784
20170111,0.0032550224498156385
20170112,0.007428632723424713
20170113,0.006931908662363998
20170114,0.002115236692227958
20170115,0.0010431095849936468
20170116,0.0004866684425567741
20170117,2.6771354882686946e-05
20170118,3.6824198257257335e-06
20170119,8.070983577393913e-07
20170120,8.818517691316438e-07
20170121,0.0
20170122,1.2841450810401494e-06
20170123,4.731648323572846e-06
20170124,0.00045264063035296305
20170125,1.0857627945324083e-05
20170126,9.167528685265741e-07
20170127,6.271348347723232e-08
20170128,4.251143821441769e-05
20170129,0.00023717053302823451
20170130,0.008514768485087216
20170131,0.004519997471658511
20170201,0.0003808651480017193
20170202,0.00035345382354760413
20170203,0.004323698691158842
20170204,0.00893954502558946
20170205,0.0068298094978059935
20170206,0.002362049670231724
20170207,0.0042904041103031965
20170208,0.0011289688624003752
20170209,6.519335825196771e-06
20170210,0.0013957401693021224
20170211,0.0097150684439394
20170212,0.0020705266046001838
20170213,2.21406440379019e-06
20170214,4.3544115057589244e-07
20170215,-4.553123510912774e-12
20170216,0.002328810271450045
20170217,0.0018719708019795222
20170218,3.117886674381676e-05
20170219,0.0003106347741966072
20170220,0.0015246762214241175
20170221,0.004986202554476748
20170222,0.0019955936906410256
20170223,0.0019059275317323103
20170224,0.0020857580723518815
20170225,6.995759508014697e-06
20170226,7.748067772952087e-05
20170227,0.009289410631866233
20170228,0.009520026724986025
20170301,0.0138195412401885
20170302,0.00268462154477221
20170303,9.294168175947078e-05
20170304,0.005011961428112002
20170305,0.008384675478393472
20170306,0.00573375261249542
20170307,0.0029729672378606873
20170308,0.00935437364805814
20170309,0.010160400016656792
20170310,2.7616257568412712e-05
20170311,8.377735391218618e-06
20170312,4.646014905323672e-06
20170313,5.950996998485398e-07
20170314,4.1432923920822555e-06
20170315,4.2951429384778665e-05
20170316,1.286297731439845e-06
20170317,0.00023229567773846982
20170318,0.0112914304667824
20170319,0.0018864540722153056
20170320,0.00048690215199163997
20170321,0.00552676656773696
20170322,0.0006482178646692975
20170323,0.00024197902300011355
20170324,0.00011292340113374765
20170325,1.7227729853943904e-06
20170326,3.081919484531461e-06
20170327,4.380074469365376e-07
20170328,0.00024541315227673375
20170329,1.0477307656404213e-05
20170330,9.590484827863908e-07
20170331,1.9433249141610684e-05
20170401,0.0016693447070154502
20170402,0.000332748525218663
20170403,5.426658328146296e-05
20170404,0.00010604661508440235
20170405,2.8925044885279855e-05
20170406,4.999559182371374e-05
20170407,7.330805002949152e-06
20170408,2.468752936195565e-06
20170409,4.261732051702438e-07
20170410,9.91242125726363e-05
20170411,7.1425629133091e-06
20170412,1.2567838469210368e-05
20170413,0.00024230818932273327
20170414,9.427507840449703e-05
20170415,0.0017986143950599232
20170416,0.0016918679544782158
20170417,0.005323686690424583
20170418,0.0017325142560570544
20170419,0.0008236620084316675
20170420,1.3474404593563022e-06
20170421,4.5943880630209065e-05
20170422,0.0011001484265636852
20170423,1.6644783982703906e-06
20170424,1.7225742112714215e-06
20170425,0.0035001164613208896
20170426,0.0022156319575718114
20170427,0.00223647855694091
20170428,0.001791454258624199
20170429,5.003583146966711e-05
20170430,0.00016317061818306368
20170501,0.005878801981593098
20170502,0.0014380155563679974
20170503,0.004767449351875786
20170504,0.005026446477492055
20170505,0.0005587086009151838
20170506,0.005293565620009282
20170507,0.0049313709919690425
20170508,0.0005488377276729026
20170509,0.00022064050956407513
20170510,9.364290595720935e-06
20170511,0.006328952659835323
20170512,0.004611665302140569
20170513,0.00243768193484533
20170514,0.004055234226359449
20170515,7.777632430291821e-05
20170516,8.523463748133508e-07
20170517,8.032699594019802e-06
20170518,0.003101345688685193
20170519,0.013361847359865573
20170520,0.00039031919970729684
20170521,9.180194180396437e-08
20170522,1.498139675673699e-07
20170523,9.589840770535218e-05
20170524,8.890113731645403e-05
20170525,2.8481727541998085e-06
20170526,-3.3605848884772295e-10
20170527,6.07661039796371e-06
20170528,0.000645207325757314
20170529,9.834098446411076e-05
20170530,0.001699656361786596
20170531,2.5786087447952356e-05
20170601,0.0003937460378365522
20170602,0.0015310828159224917
20170603,0.010687386955453905
20170604,0.006181961248384718
20170605,0.000103170339089931
20170606,0.006795429306622039
20170607,0.0016132959815284773
20170608,8.716538247553633e-07
20170609,0.005754288706933015
20170610,1.5157093709197845e-06
20170611,0.0004472805532166774
20170612,0.00030936603223627115
20170613,1.5724905007136875e-06
20170614,4.5877019217789416e-07
20170615,0.004777151849492092
20170616,3.7593002795822544e-05
20170617,0.00010840897994839368
20170618,3.098685147092156e-05
20170619,1.7138594898824522e-06
20170620,5.6840453363910085e-06
20170621,1.928849880472684e-05
20170622,0.0018574842312048044
20170623,0.00011436245605087297
20170624,6.566619537972557e-06
20170625,0.00047426989719175593
20170626,0.00023122288664948734
20170627,0.002771677468052177
20170628,0.009431373735628495
20170629,0.004463151924217604
20170630,0.0010304688522614351
20170701,0.007794710879929133
20170702,0.0018544201550321781
20170703,0.0006167895645808064
20170704,3.4682668954045444e-06
20170705,1.1203516729425115e-05
20170706,0.00015467375074853712
20170707,0.0036216791056101266
20170708,0.00031581213199802693
20170709,0.0038104587319156016
20170710,0.0143457480232085
20170711,0.005459886211326037
20170712,0.007691511043479579
20170713,0.00010277207044063062
20170714,0.0008948881095856965
20170715,0.00026182204405659023
20170716,0.0002964498336633036
20170717,0.0002619373739883685
20170718,0.00038387188206922765
20170719,0.0015359892395234922
20170720,0.0018736387008241782
20170721,0.0015553093213455885
20170722,0.002430853709075549
20170723,0.002575325392813405
20170724,0.015142424830393676
20170725,0.006613595141427706
20170726,0.0021977968322073145
20170727,0.003565190618166469
20170728,0.0005675774681915791
20170729,2.5450026679659867e-05
20170730,0.001228280262444747
20170731,0.004393544628046776
20170801,0.01011401659949126
20170802,0.0006419966546248417
20170803,0.0010161850277638693
20170804,0.00024030520757604274
20170805,0.0012693453824674495
20170806,1.5285332937290322e-06
20170807,1.4597180614045655e-08
20170808,0.007017703471937036
20170809,0.0009405539916142846
20170810,0.005962787918958693
20170811,0.0037356874232075416
20170812,0.0023195920624887447
20170813,0.0009440565939084909
20170814,0.0004103925876617574
20170815,0.004771725386802028
20170816,0.0022887014570944406
20170817,0.001067672635923719
20170818,0.007513996793928274
20170819,0.0008322686869652362
20170820,0.0002413673108806453
20170821,6.126549249000229e-05
20170822,3.292356705476769e-05
20170823,0.0001458523725062087
20170824,7.359807357801543e-05
20170825,0.0034950521151653788
20170826,0.0014830348323782228
20170827,0.0016873399891951114
20170828,4.1402804262143714e-05
20170829,8.621309186432188e-07
20170830,0.00876288259072666
20170831,0.003577098386271619
20170901,0.0026514311313372858
20170902,0.005219710563081057
20170903,0.00034163341269978216
20170904,0.0006345835663538194
20170905,0.0005141104237657683
20170906,0.001747244911536362
20170907,0.0003730395923812873
20170908,0.003139207643940287
20170909,0.011587502133875202
20170910,0.00025471329842885563
20170911,0.003254187941013329
20170912,0.003371110637738053
20170913,0.021281993438502414
20170914,0.0255715605334146
20170915,0.003070971680557995
20170916,0.0033696588338286383
20170917,0.0034380797067032794
20170918,0.0011151666804477735
20170919,0.0024774355071879445
20170920,0.0003492217282097769
20170921,1.2393757867643144e-06
20170922,0.00031688783961534276
20170923,0.0003453780723762565
20170924,0.000160088267728822
20170925,1.939405047266496e-05
20170926,0.00053364596428007
20170927,0.00040378447916935184
20170928,0.0016136656449626447
20170929,7.065553343645605e-05
20170930,0.009362817721731342
20171001,0.0002171973851893969
20171002,0.004359586312456314
20171003,0.01341355990159881
20171004,9.37308474163319e-05
20171005,0.0031621077781880313
20171006,0.002485722447166469
20171007,0.0009707368741231409
20171008,0.002505607301280741
20171009,0.00047283205245858816
20171010,0.0010640652605374901
20171011,0.0002416905753236838
20171012,0.00038115962866251495
20171013,0.00010457592725942827
20171014,1.8479452648395998e-06
20171015,3.731071615785271e-06
20171016,4.351138045421976e-07
20171017,6.530540509380265e-06
20171018,1.7661082621403815e-06
20171019,3.134959986425139e-05
20171020,0.0030693378863847834
20171021,0.003256567088300398
20171022,0.003157961626656128
20171023,0.0016856306036924537
20171024,0.001322217806198317
20171025,0.0004926870240545331
20171026,0.00010208355687237333
20171027,0.0015129020852568164
20171028,0.00020026884168642184
20171029,0.004453221526341507
20171030,9.291434719858706e-05
20171031,8.192363398983145e-06
20171101,2.0772694409100324e-06
20171102,0.00043472696647082
20171103,0.00017453900158948362
20171104,0.0011947707478517173
20171105,0.011435867669368074
20171106,8.135083589177496e-05
20171107,0.00034458417645125437
20171108,0.004458413315524817
20171109,0.00043387464223397087
20171110,0.0050856691403118
20171111,0.012844970279290761
20171112,0.02066169291576217
20171113,0.0009870331825399
20171114,2.124753155683606e-05
20171115,3.677090448530512e-05
20171116,6.501144448334869e-05
20171117,0.00030258839112333604
20171118,0.002266156063831088
20171119,0.00409603927894202
20171120,0.0035086949830664287
20171121,0.00230363267925642
20171122,7.94312434830918e-05
20171123,0.0011467553757703555
20171124,0.006974335294338587
20171125,0.01015481344830499
20171126,0.0009752805855447659
20171127,0.009831124596611784
20171128,0.012885480068240435
20171129,0.0023545685082254847
20171130,0.0034111795642464303
20171201,0.001767972699866956
20171202,4.135505356758014e-05
20171203,0.0017549156971343018
20171204,0.0014480806442589435
20171205,0.00036023178730015554
20171206,0.00011437968886077034
20171207,0.00580370914563877
20171208,0.004250675305396309
20171209,0.000379938452806755
20171210,0.014207731364566207
20171211,0.0171936230120767
20171212,0.0015583583654798685
20171213,0.011761426197368217
20171214,0.009871962591618069
20171215,0.00734727310649359
20171216,0.0018455798440313242
20171217,0.0005910686178582691
20171218,0.007691315291165045
20171219,0.002763686877872667
20171220,0.00403691209096558
20171221,0.002073705106176445
20171222,0.001715456548626223
20171223,0.0006529878817622392
20171224,0.0010957368557120049
20171225,0.0002371502390059448
20171226,0.0023344757914964724
20171227,0.008773227466418242
20171228,0.0019126325350352082
20171229,0.005607874749567127
20171230,0.013788455089531537
20171231,0.004077009947080783
20180101,0.009131641413032346
20180102,0.005618432044544263
20180103,0.012830092721463656
20180104,0.019854537595479275
20180105,0.008556739752499733
20180106,0.007547862751413446
20180107,0.00093267771023961
20180108,4.5936149234525225e-05
20180109,0.0010177609484375422
20180110,0.00247428232677802
20180111,0.00012380124667134347
20180112,0.0001433905076611219
20180113,1.5690601527640422e-05
20180114,7.149256493231701e-07
20180115,0.009146676504545955
20180116,0.014070814572209699
20180117,0.006704456363930641
20180118,0.0153698698258686
20180119,0.003311408878917976
20180120,0.0131142136884327
20180121,0.003573780600363796
20180122,0.01180154344975364
20180123,0.0002775493382724888
20180124,0.0005288852313957669
20180125,0.013892230336252996
20180126,0.006068830567547409
20180127,4.652286308997217e-05
20180128,0.0011553507686871698
20180129,0.001406951199496264
20180130,0.0010796151067331444
20180131,0.014952747290070772
20180201,0.0050284252418197825
20180202,0.0032527428719714307
20180203,0.0012852871148869877
20180204,0.0009201674799999446
20180205,0.0003717046697828917
20180206,0.002834591817120615
20180207,0.00017649078511307306
20180208,2.3018340799476156e-05
20180209,0.00052513330609925
20180210,0.000524806293126263
20180211,0.004408124962995327
20180212,0.0005205834411828319
20180213,1.5349706552091412e-06
20180214,7.080373856832411e-06
20180215,0.008734811312560887
20180216,0.0008202117827740801
20180217,0.005907641716962584
20180218,1.8239681113247013e-06
20180219,6.648142428202339e-06
20180220,1.379883298562807e-05
20180221,4.32563532434698e-06
20180222,6.645282959209162e-06
20180223,3.7319031615294483e-06
20180224,1.232791031932955e-06
20180225,5.301761217952532e-06
20180226,0.0002194787980919258
20180227,0.00010940996620940209
20180228,2.9384050176515986e-05
20180301,0.000570371658119389
20180302,0.00485420715154657
20180303,0.0013945061287676318
20180304,0.003385481015083238
20180305,9.455025427058955e-06
20180306,0.0010619297182375832
20180307,0.003412236679216039
20180308,0.004017767630923134
20180309,0.0045148108227431845
20180310,0.0015845493362721314
20180311,0.003923181259768923
20180312,0.005039541480337353
20180313,0.006237124947712854
20180314,9.152428078892854e-05
20180315,0.005590351062905865
20180316,0.002103979878710841
20180317,0.0017011182707358217
20180318,0.0018708616992178305
20180319,0.00010550274215965969
20180320,0.0003715882188134452
20180321,2.0393300165440113e-06
20180322,0.004493793313411097
20180323,0.0005332746195212678
20180324,9.685329885060025e-06
20180325,1.1113311419263729e-05
20180326,0.000893985602911544
20180327,0.005481134475429944
20180328,0.01008023347872338
20180329,0.0013959047700249398
20180330,0.0033909664094520895
20180331,0.001176630809284245
20180401,0.0036536227022366456
20180402,0.0003312775517911068
20180403,0.002897301366168209
20180404,0.01133282271532467
20180405,0.0030242215694487942
20180406,1.7285346416429093e-06
20180407,0.0
20180408,3.546080204595769e-05
20180409,0.00041300080140199615
20180410,0.004234836470220487
20180411,0.00047715145682520227
20180412,0.0008466624612920299
20180413,0.002194219347223906
20180414,0.00035563656938434457
20180415,0.002000497828470441
20180416,0.00013023635795847505
20180417,8.583068797918258e-07
20180418,0.0
20180419,4.351138613856165e-07
20180420,2.148747398678097e-06
20180421,1.843122801465179e-05
20180422,0.000600322868186781
20180423,0.004300661948434072
20180424,1.8290739255481198e-05
20180425,0.002060924840686822
20180426,0.0007316017378031028
20180427,6.856190651554799e-06
20180428,0.0024686365956265153
20180429,0.012895924007205899
20180430,0.005640094740513468
20180501,0.0005720910826518732
20180502,1.489593719649543e-05
20180503,6.846049983789024e-05
20180504,1.866704169394297e-06
20180505,3.955847135290675e-06
20180506,8.52346317969932e-07
20180507,8.600665637459315e-07
20180508,1.7454284636013885e-05
20180509,0.00028070367578411984
20180510,0.004470530390334839
20180511,3.3796859885911295e-05
20180512,0.0011558430847284386
20180513,0.009046136169924399
20180514,0.01485610577043975
20180515,0.0004973476974659364
20180516,0.005714232397038242
20180517,0.00041950637635541167
20180518,6.10937157438669e-06
20180519,5.9788307703277196e-05
20180520,0.002842065840268651
20180521,0.0016553964378821732
20180522,0.0026100523937699605
20180523,0.006606528385683917
20180524,0.005679382456866333
20180525,0.00010946527907276239
20180526,0.00019806576423446885
20180527,0.003172551307929201
20180528,0.0035447857072293176
20180529,0.004194619853795658
20180530,0.0025238103770225274
20180531,0.007767511406062425
20180601,0.008986612374586603
20180602,0.0007892868724969844
20180603,4.339059997192685e-05
20180604,0.001229796287272134
20180605,0.000649776832360341
20180606,0.002952067200507038
20180607,0.008768042100638942
20180608,0.004498952102859985
20180609,0.00444246634592468
20180610,0.0028909737683940452
20180611,0.012389049911948263
20180612,0.008618487547499394
20180613,0.0004352553825722272
20180614,0.0031798248642440985
20180615,0.000634836631281818
20180616,0.0005823637216248382
20180617,0.0004897757585486358
20180618,0.000410127519969371
20180619,0.00016888562645184428
20180620,9.62878085738048e-06
20180621,0.00027623514618561743
20180622,0.00014376470926712802
20180623,0.0001091084932783963
20180624,6.387808349004786e-05
20180625,0.00020897653892362265
20180626,3.6849007531701377e-06
20180627,1.727255356553291e-06
20180628,3.0270730074646422e-05
20180629,1.7460953672111908e-05
20180630,6.794014771129892e-06
20180701,2.137534984179512e-06
20180702,0.00014113887915928348
20180703,0.00038407336901186286
20180704,0.0009675292018507455
20180705,0.007589843164538643
20180706,0.0008859373533964647
20180707,0.0001879995688835978
20180708,0.0
20180709,7.658094765251634e-06
20180710,0.0004764933542906696
20180711,0.0005952237008448082
20180712,0.0005780503156290721
20180713,0.0007917077239429503
20180714,0.00017315422463102292
20180715,0.003896856410901392
20180716,0.00020913407959676167
20180717,0.0005172860384277438
20180718,2.2183658010187507e-05
20180719,1.936059882473173e-06
20180720,0.0008949441144967008
20180721,0.002363092839695459
20180722,0.0004925461252792938
20180723,0.0001013706050475383
20180724,5.752844571718192e-06
20180725,1.0572326639440988e-05
20180726,9.349312139657605e-05
20180727,4.833141401722975e-06
20180728,0.004430657111896005
20180729,6.491214481201553e-05
20180730,2.5054635000870802e-05
20180731,0.00011587898911251546
20180801,0.00028699415061187713
20180802,2.0593904449081538e-06
20180803,2.0611466731623947e-06
20180804,5.233409172934866e-05
20180805,4.658042150731561e-06
20180806,1.2775147088375946e-05
20180807,0.0008363419300195176
20180808,0.0004958220789092859
20180809,0.008844605007803315
20180810,0.00045749860311800744
20180811,0.0002587071787223502
20180812,2.1493393091986945e-06
20180813,0.006385460178469419
20180814,0.000888004295389823
20180815,0.0001330883318768626
20180816,1.035485952484919e-06
20180817,0.002643475342055336
20180818,0.0002252778758199819
20180819,5.475064195943618e-08
20180820,0.00015789344261990447
20180821,0.0003249207922677023
20180822,0.00013035469286648693
20180823,0.002357854877470207
20180824,0.0013568872113922624
20180825,0.0025279021327962695
20180826,0.0006669856282834942
20180827,0.0028373682667341142
20180828,3.072397466197777e-05
20180829,0.0077614169249970045
20180830,0.0014198188058451454
20180831,0.0003677553832881869
20180901,6.272977152287962e-06
20180902,1.752719742892752e-05
20180903,0.0007588963914071616
20180904,0.00048120105332124884
20180905,0.0017895011531300488
20180906,0.004229444958716128
20180907,0.0006803778991973778
20180908,3.991308641148458e-07
20180909,1.7122054600804404e-06
20180910,1.2816636301627414e-06
20180911,4.410743663640915e-07
20180912,5.356255053156046e-05
20180913,0.00246851790568826
20180914,0.0005646137811440887
20180915,5.521960581694122e-06
20180916,0.0
20180917,0.0
20180918,0.0009872439088654597
20180919,0.00014783093260926697
20180920,4.475609507673097e-06
20180921,0.0031411661180699136
20180922,0.0030196805348086113
20180923,0.019677213003669827
20180924,0.00016471251765212133
20180925,8.579695070813532e-07
20180926,4.351138613856165e-07
20180927,1.7233816151929204e-06
20180928,0.00011529323772734011
20180929,2.1706648627537116e-06
20180930,6.812271791707329e-05
20181001,0.0016092512674652248
20181002,0.0008783620167599292
20181003,0.0007133522914606465
20181004,1.1056416680805412e-06
20181005,1.7179796714117401e-06
20181006,5.339772793644334e-05
20181007,0.00046676173571674686
20181008,3.1060641559874256e-06
20181009,2.8722122480001382e-06
20181010,3.5127089206893396e-06
20181011,0.00012693828571373156
20181012,2.7861586066259734e-05
20181013,0.0
20181014,5.597766807998962e-07
20181015,9.379177329606659e-07
20181016,8.523463748133508e-07
20181017,8.52346317969932e-07
20181018,4.136413602164064e-06
20181019,1.873502835327992e-06
20181020,2.5432436090744133e-06
20181021,1.169271434213056e-06
20181022,1.975866934743973e-05
20181023,0.00010391471758673185
20181024,0.00033803939145853984
20181025,0.0003791612940692855
20181026,0.0014019803939511644
20181027,0.0012972098899001077
20181028,0.0021467892741458233
20181029,0.0038545304878940733
20181030,0.00820258412921641
20181031,0.00021262351358438317
20181101,0.003724456747619537
20181102,0.0006969397478875586
20181103,1.1185517721822137e-06
20181104,7.590196965007281e-07
20181105,1.567272219090797e-05
20181106,8.86728513188388e-05
20181107,0.0027733236372668633
20181108,0.0005876334900792644
20181109,0.0005556846315763657
20181110,0.009201828015745234
20181111,0.003741735210405738
20181112,0.005889444164702825
20181113,0.007451437401187334
20181114,3.0927738044168682e-06
20181115,1.0497416933641926e-05
20181116,2.560740325171913e-06
20181117,1.295677339476766e-06
20181118,3.542313805560289e-08
20181119,0.0008629440048406659
20181120,0.00040280872944976404
20181121,0.0004520227959946777
20181122,3.9400795037929495e-06
20181123,0.0004296978299511841
20181124,0.004065023213556124
20181125,0.000435816983116211
20181126,0.001618167288594596
20181127,0.0012073344596078464
20181128,0.003967374799250732
20181129,0.000589866447869704
20181130,0.003016172181188711
20181201,0.0030041041301033244
20181202,0.0211103590652519
20181203,0.0189847749657696
20181204,0.003003654840631143
20181205,0.0007878249800744486
20181206,0.0032600338334876993
20181207,0.006505179291303155
20181208,0.010792284640156906
20181209,0.011143031077545407
20181210,0.002054121027841857
20181211,0.00041792569213845515
20181212,0.00010125119042802784
20181213,6.596319129519783e-05
20181214,2.8292348747696445e-05
20181215,0.0003215371226963395
20181216,0.0055965660222288246
20181217,0.0010490377361059185
20181218,3.692967364442504e-05
20181219,0.0021209329696040917
20181220,0.003580147440723093
20181221,0.015068785243204316
20181222,0.007658590758004941
20181223,0.011726651606601985
20181224,0.006818729550075818
20181225,1.3496832987219217e-06
20181226,1.2701616142568282e-06
20181227,3.19921263346326e-05
20181228,0.0002040488479005195
20181229,0.0004766483664978301
20181230,0.0006484669389610525
20181231,0.001348493262172212
20190101,0.0012415414134568739
20190102,0.0004430583045680762
20190103,0.0003284499223861016
20190104,0.0003528158597458269
20190105,0.00341737033301307
20190106,0.001013227384222707
20190107,0.0016187400783153761
20190108,0.0057834869047532
20190109,0.002655472402008721
20190110,0.0003240133367184511
20190111,0.0028111352442933037
20190112,0.006077723883536979
20190113,0.009764929566674
20190114,0.002688696513582234
20190115,0.0001894764331208669
20190116,6.59568943364774e-05
20190117,0.0070513625190104685
20190118,0.000140863617853456
20190119,8.540287456525855e-06
20190120,0.0004810014214489311
20190121,1.0048618858711365e-05
20190122,0.0007934899308216351
20190123,0.0007519460328266996
20190124,0.000194863130127603
20190125,0.0013625971183899902
20190126,0.0018910901530071703
20190127,0.009136352732916079
20190128,0.006858852563248738
20190129,0.00023324375964423405
20190130,0.0056107888342245
20190131,0.004801265240671439
20190201,0.005509987902659623
20190202,0.001679123481997139
20190203,0.0008772135975256601
20190204,3.7249860700478705e-05
20190205,4.634007596670935e-05
20190206,0.000104170192856899
20190207,0.0026174391610125293
20190208,0.00022328961307086295
20190209,0.0052385710728769935
20190210,0.016297558248601594
20190211,0.0015996755713639879
20190212,4.3032475432353504e-05
20190213,1.646691183470638e-06
20190214,8.553265615773853e-07
20190215,8.52346317969932e-07
20190216,4.351138045421976e-07
20190217,0.0
20190218,8.52346317969932e-07
20190219,0.0006096731387448324
20190220,6.618970744938648e-05
20190221,0.00020661585884866425
20190222,0.00012854584626734874
20190223,3.196506745411288e-06
20190224,1.7105289771279786e-06
20190225,8.52346317969932e-07
20190226,2.5702528319015983e-06
20190227,8.685093462190707e-07
20190228,0.0016409640682808037
20190301,0.008540493404160994
20190302,0.000995702633771428
20190303,0.0005122711992667742
20190304,0.008903252521923056
20190305,0.006522898154990923
20190306,0.0016195681879041187
20190307,0.007608682925678245
20190308,0.003079327278760167
20190309,0.004050318056287825
20190310,0.0101217066205017
20190311,0.004233947641081222
20190312,0.002266458373538397
20190313,0.006689644370020455
20190314,0.014954024241999871
20190315,0.011172433394388094
20190316,0.0021477159691900855
20190317,0.004524756260797336
20190318,0.0021087323857956293
20190319,3.079938598247295e-05
20190320,1.7370267458231699e-06
20190321,1.7524390851749387e-09
20190322,1.7210263081324229e-06
20190323,6.730827752870253e-06
20190324,0.00011220876966577123
20190325,0.0017095780147271332
20190326,0.0001248059865889281
20190327,1.4562273182915988e-05
20190328,3.0702845894363333e-06
20190329,2.1852672307957896e-06
20190330,4.3481416287514476e-05
20190331,0.0002882732699811569
20190401,3.887715145820007e-05
20190402,0.0020074982187914397
20190403,0.0079819518163933
20190404,0.004995283534893069
20190405,6.49258629565866e-05
20190406,1.1518594685015725e-05
20190407,0.0029214616541249757
20190408,0.005787304988681337
20190409,0.0057828298864938624
20190410,0.003650471968942236
20190411,1.7351738128025343e-06
20190412,8.330257006244884e-06
20190413,0.0018765147256936253
20190414,0.0007455075701638771
20190415,7.02019713794015e-08
20190416,0.005556835564809898
20190417,0.0016021174437470156
20190418,1.7058546859516355e-06
20190419,0.00013527987361544418
20190420,-1.0596055606180147e-09
20190421,1.7195939108205494e-06
20190422,9.398719470548336e-07
20190423,0.0006678684636906079
20190424,0.0097371675537845
20190425,0.007994417292422878
20190426,0.004036880563798284
20190427,0.006646140161280187
20190428,0.004676384306887599
20190429,0.00023951304340198153
20190430,0.00028999027254776236
20190501,1.377952889380101e-05
20190502,0.0038396864806364943
20190503,0.0011353280577271537
20190504,0.0070154100443588115
20190505,0.0017732579081327184
20190506,0.0004774104787022145
20190507,0.00017263762140045475
20190508,0.009831928876660982
20190509,0.009840678720176603
20190510,0.005699094872309966
20190511,0.020424878758710366
20190512,2.3146625510804193e-05
20190513,8.528297417825884e-07
20190514,8.58306958831408e-07
20190515,8.583068797918258e-07
20190516,2.1663078874967378e-05
20190517,0.0007806013402774504
20190518,0.0028179355707643543
20190519,0.006760503082382583
20190520,0.0014596826401167833
20190521,0.004029649619519146
20190522,2.7233365143745086e-05
20190523,1.2537058735168837e-05
20190524,4.3275553105942674e-05
20190525,0.0008130289081196832
20190526,5.804761428549765e-05
20190527,0.0016164222106673024
20190528,0.003926268042351271
20190529,0.0008699367186957173
20190530,0.00030769421900619617
20190531,0.00018105918955006723
20190601,1.293420723413874e-06
20190602,1.8989600497858462e-08
20190603,0.0006032185616322606
20190604,0.0005279812491689658
20190605,0.01187564724772822
20190606,0.0015911602091263752
20190607,0.003461964319741069
20190608,0.00036290998088712897
20190609,0.000657566535778308
20190610,0.0017217546347468742
20190611,0.005436461676490471
20190612,0.011411605007444111
20190613,0.00021543854001703015
20190614,0.0015350714608754494
20190615,0.006847122552458584
20190616,0.0006935732908203921
20190617,1.899674056290786e-06
20190618,6.586292782532543e-05
20190619,0.003584889634146668
20190620,0.004373762220903393
20190621,2.3015907921474407e-05
20190622,0.002368495353342216
20190623,4.51595962999965e-05
20190624,1.715894086373737e-06
20190625,1.7106532936850272e-06
20190626,0.0
20190627,0.0
20190628,8.583068797918258e-07
20190629,1.7064354551621363e-06
20190630,0.00012105089306782563
20190701,0.0007532945287911631
20190702,9.989524722436502e-05
20190703,8.25663158534875e-07
20190704,6.306811985612612e-07
20190705,1.7225742112714215e-06
20190706,0.00043251804290391
20190707,0.0005472999842468594
20190708,0.0004549493862225395
20190709,1.2133379484971631e-06
20190710,0.00031953775837357634
20190711,0.00443083607466419
20190712,0.0032142646633799813
20190713,0.0009207761521813502
20190714,0.0020727819891512137
20190715,4.1940613771626495e-05
20190716,4.135976488209212e-06
20190717,2.2023215928835283e-06
20190718,0.00030880830255718773
20190719,0.0023103201840217924
20190720,0.004402966619208778
20190721,0.001307719134802476
20190722,8.612162429398565e-07
20190723,1.2993811537853617e-06
20190724,4.818916472143343e-05
20190725,0.00011350510921280993
20190726,0.001094153384862788
20190727,0.01154295678303761
20190728,0.0067199216379173745
20190729,1.8358885292123978e-06
20190730,0.0005628986018593598
20190731,0.0002533968929296803
20190801,9.013121981674397e-05
20190802,0.0006757543393224014
20190803,0.000636728452369996
20190804,2.857972915578654e-05
20190805,0.0010653929249955715
20190806,0.003914751654134396
20190807,0.01238594727671573
20190808,0.00015902364804820838
20190809,0.009084728296215625
20190810,0.00020555552022579645
20190811,0.0029605725410264973
20190812,0.003855225217479743
20190813,0.0002196393824286259
20190814,0.0009945791489191097
20190815,0.002085822914395259
20190816,3.361333475531312e-05
20190817,0.00844605524903092
20190818,0.010476070502765795
20190819,0.0023573983420798147
20190820,7.498324867599021e-05
20190821,6.083561747061861e-06
20190822,0.0
20190823,8.418319339398295e-07
20190824,1.327454030408184e-06
20190825,5.386977588226048e-05
20190826,0.000189059876125066
20190827,0.00021337127897109315
20190828,0.0006471798447876406
20190829,0.0012405636994098099
20190830,4.684708171571276e-06
20190831,0.00021948094372140596
20190901,4.0263991028619476e-05
20190902,1.561143520784972e-06
20190903,3.263048552079488e-06
20190904,0.00010293393637209413
20190905,0.00038498200284938194
20190906,2.4071342377333418e-05
20190907,0.006172583401237684
20190908,0.004879426235061397
20190909,0.00013964402478250845
20190910,3.647858069012503e-05
20190911,0.00021250331842332805
20190912,0.0005545540347674443
20190913,0.00013199407615340216
20190914,3.785614738654183e-06
20190915,9.106247021825548e-11
20190916,1.2174770432836222e-05
20190917,5.6388365392006815e-05
20190918,8.583068833445395e-07
20190919,1.2114482862100543e-08
20190920,4.351138045421976e-07
20190921,0.0
20190922,0.007326074994416447
20190923,0.0060918412220778975
20190924,0.0039079270308343015
20190925,0.004318522936014453
20190926,0.004465769009997759
20190927,0.00826875192013135
20190928,0.0017022101022130711
20190929,0.005330374630796845
20190930,0.0010620834497956637
20191001,0.009246004434722137
20191002,0.004887052139774758
20191003,0.00017859310194125042
20191004,0.0070334556623336516
20191005,0.0017685712398982619
20191006,0.009708264015329534
20191007,0.0007961206061786088
20191008,0.012223466200443758
20191009,0.007109162024218627
20191010,0.0033292588322105395
20191011,0.00021926901317479228
20191012,0.001251730106874763
20191013,0.0001022330046033603
20191014,0.00012215309276540745
20191015,0.011257067285438009
20191016,0.002456964170889662
20191017,0.007179002119446406
20191018,0.005810292400585991
20191019,0.008483295592035887
20191020,0.0169336793606803
20191021,0.0030252891675640126
20191022,0.00011656149683154353
20191023,0.00010300830905125429
20191024,0.0002854550338077272
20191025,0.00015949781036573267
20191026,1.0573206142125277e-07
20191027,0.004173383074803
20191028,0.0005022825987322266
20191029,0.0007052299285564834
20191030,0.00035219601840617707
20191031,2.1397715204055296e-06
20191101,0.006959103316450498
20191102,0.01091811969243325
20191103,0.008959888748517051
20191104,0.0093310648687226
20191105,0.0022208369367997085
20191106,0.0021821757146116474
20191107,0.00327476500533863
20191108,0.00040947034647314986
20191109,0.0013857061622512335
20191110,1.33918692645426e-05
20191111,0.0026747561333202124
20191112,0.0022867802851593276
20191113,0.0007187058328826692
20191114,0.0015937053393471215
20191115,0.001667475526839574
20191116,4.535346682207525e-05
20191117,0.008705745530986473
20191118,0.0124195985749037
20191119,0.0005368751127372366
20191120,1.2116031862979125e-05
20191121,0.0002466019103967915
20191122,0.002238919797493453
20191123,0.0008933374711935548
20191124,2.4901558700124062e-05
20191125,0.0004299282536667275
20191126,0.0008763987076552504
20191127,0.009681809904964157
20191128,0.0066507315446222
20191129,0.004971471285737595
20191130,2.2507247444936215e-06
20191201,0.0016645194602915804
20191202,7.4181890885357e-05
20191203,4.255031395844425e-05
20191204,4.890483035303722e-09
20191205,0.00011959831845454185
20191206,0.005037630683753943
20191207,0.0015495090466807434
20191208,0.006272666944547224
20191209,0.00875740728108529
20191210,2.1001108779830827e-05
20191211,0.009138407186515478
20191212,0.00310130472379213
20191213,0.013484359639031898
20191214,0.007773011916551418
20191215,0.013802042777025588
20191216,0.0032983626026312552
20191217,0.004235710808698881
20191218,0.0022418322989258693
20191219,6.054765295534926e-07
20191220,0.009071718189061344
20191221,0.0019210365579044732
20191222,0.007211547652480208
20191223,0.0034728723138285986
20191224,0.0052494172378058455
20191225,0.004527290549284042
20191226,0.0011735407148945937
20191227,0.008708752134987905
20191228,1.8647785270968907e-06
20191229,1.723486279457699e-05
20191230,8.584195531616194e-07
20191231,8.798309365293004e-06
20200101,2.3316454078150296e-05
20200102,0.00022724730733033845
20200103,0.0031248491966180012
20200104,0.0006082384266493008
20200105,6.715152483375981e-05
20200106,1.3831960450973068e-05
20200107,0.0004939315398807925
20200108,0.002729495725953758
20200109,0.005498619632500235
20200110,0.004363121867056946
20200111,1.6797111420361244e-05
20200112,0.00021179868526946164
20200113,0.0006221610682350859
20200114,0.0002511602875749577
20200115,0.0003720743322616154
20200116,7.504642409595724e-05
20200117,0.002501925821682116
20200118,0.0012591025511265834
20200119,0.0005363476974400776
20200120,2.4627820277462196e-05
20200121,8.554223153590956e-07
20200122,4.595861024879648e-06
20200123,4.408332080644347e-06
20200124,6.284524940294985e-06
20200125,7.806908788542863e-05
20200126,3.4728555342216566e-05
20200127,0.0131838434095165
20200128,0.012050719346028365
20200129,0.0029269480528146125
20200130,0.003906747054541809
20200131,0.002009453543224495
20200201,0.014958360350168074
20200202,0.01290159594193713
20200203,0.01875919268493686
20200204,0.011056216239156567
20200205,0.00011531355912404571
20200206,1.3288447228692488e-06
20200207,9.389337410072315e-10
20200208,2.921151497645548e-05
20200209,0.0021826151390746708
20200210,0.020068711274055056
20200211,0.005311910972881475
20200212,0.003061450658403144
20200213,0.008196956425500746
20200214,0.001593001125295114
20200215,3.478015875574078e-05
20200216,0.003312105299415638
20200217,0.01187501576469643
20200218,0.0017067290265597782
20200219,0.006778435830596564
20200220,0.0036913381280173152
20200221,0.0001558466180256699
20200222,0.0007527842203863004
20200223,0.005388864092548435
20200224,0.003861359424473727
20200225,0.0113831402033102
20200226,0.005517400558615119
20200227,0.01355105156012767
20200228,0.0005095714143158558
20200229,0.006995209674071763
20200301,0.009473802011897363
20200302,0.012002538304557062
20200303,0.0018320377157249415
20200304,0.0014317682658023724
20200305,0.0197156148239158
20200306,0.010864338635206212
20200307,0.000763008315120686
20200308,0.0027527101067115855
20200309,0.00363049441661506
20200310,0.012698247179169626
20200311,0.0022317397927522865
20200312,0.0028672707041357106
20200313,0.0006194435970631797
20200314,0.0011126433625649578
20200315,2.443492328395757e-05
20200316,0.00020963649085536425
20200317,9.185052922862297e-05
20200318,0.00018038258187159389
20200319,2.7676407288563333e-05
20200320,0.0007430624906176206
20200321,0.005925708403351176
20200322,1.2762836221732786e-05
20200323,4.351138045421976e-07
20200324,0.0
20200325,0.0
20200326,6.219397310476663e-07
20200327,0.0
20200328,2.68670532877304e-06
20200329,0.0012853424396510776
20200330,5.535196931499039e-05
20200331,4.456099839618595e-06
20200401,0.0
20200402,2.160242988794852e-06
20200403,0.0005434283221009076
20200404,1.707440617337852e-06
20200405,8.52346317969932e-07
20200406,7.837510721491407e-08
20200407,1.3758125666522927e-06
20200408,9.638186353804418e-07
20200409,5.656233973246901e-06
20200410,9.827182320185275e-06
20200411,7.831941540205488e-06
20200412,0.0007795513651288989
20200413,0.0009817830505852625
20200414,5.67712037348364e-07
20200415,8.583068797918258e-07
20200416,1.616934208118853e-05
20200417,8.561699957513566e-05
20200418,0.0018893429649217374
20200419,0.00017254749900205176
20200420,8.636380606219518e-07
20200421,8.52346317969932e-07
20200422,0.0
20200423,0.0
20200424,5.189165706127659e-06
20200425,3.5465158818407723e-06
20200426,0.00014861445314108304
20200427,0.0001066705421727829
20200428,0.006068954042163258
20200429,0.0029432516907025846
20200430,0.012066079042633803
20200501,0.011330511663033184
20200502,0.0027531309077358725
20200503,0.00020370277609803704
20200504,0.0019387103273816207
20200505,0.0008807827423202546
20200506,0.0
20200507,0.0
20200508,7.349077199620722e-05
20200509,0.0025544171888946675
20200510,0.003626266228293311
20200511,0.01676130363154385
20200512,9.432615525413905e-07
20200513,0.0009839982685741805
20200514,0.0002327900991726044
20200515,1.9738648806580957e-05
20200516,0.0
20200517,8.583068797918258e-07
20200518,0.0
20200519,1.5104891256389465e-08
20200520,2.8612858082451187e-05
20200521,4.864664552728681e-05
20200522,0.0014024179906421874
20200523,0.010015581681729915
20200524,0.00043557547720286235
20200525,0.00042741308301833924
20200526,1.7267087741856812e-06
20200527,8.821486972010462e-07
20200528,3.7159414493787005e-05
20200529,0.0
20200530,8.52346317969932e-07
20200531,4.410743663640915e-07
20200601,4.8308064775353167e-08
20200602,2.9908079747245078e-05
20200603,0.003173896948897162
20200604,0.014972084721484981
20200605,0.008375301653428154
20200606,0.006679687388818212
20200607,0.0009158971526200565
20200608,0.0014790936040992404
20200609,0.00405890970846665
20200610,0.005052225245652535
20200611,0.0007843423119279213
20200612,0.005085619975150193
20200613,0.0038753043514646334
20200614,0.0028795707587541673
20200615,0.0008628034677512237
20200616,0.002148403140052319
20200617,0.019392510817736745
20200618,0.0007650786513526056
20200619,0.002794502682494816
20200620,0.0010118824953470528
20200621,7.641877097443554e-05
20200622,0.0001964942548641485
20200623,0.0
20200624,0.0
20200625,2.691079846286919e-06
20200626,0.002821330579013342
20200627,0.0035573021175605785
20200628,0.002595658291637015
20200629,0.001685349856743158
20200630,0.00030677332286934594
20200701,0.0014115621611656844
20200702,0.002012756719753454
20200703,0.00022495371787912964
20200704,8.45497495386317e-05
20200705,0.0008431875215900369
20200706,0.0011610873012398771
20200707,0.00017662607559568042
20200708,0.0010638360382555993
20200709,0.0003012467728097837
20200710,0.0011050366123856782
20200711,0.00018171901762988765
20200712,2.5868430017059206e-05
20200713,1.7127735966128396e-06
20200714,0.0013642341648483526
20200715,0.004533543101197584
20200716,0.0036884286641038137
20200717,0.0009532829597684304
20200718,0.00012798918790696894
20200719,5.540490669915544e-07
20200720,0.00019074587284915786
20200721,2.5366605365456707e-06
20200722,2.604510158062668e-06
20200723,3.33635204138407e-07
20200724,0.0004529086775419177
20200725,0.0009979081973428476
20200726,0.004640800613810029
20200727,6.847149862414148e-05
20200728,0.0002218635733364237
20200729,2.753366252157156e-06
20200730,1.7136334236056427e-06
20200731,8.24907452897994e-06
20200801,0.004426252666547024
20200802,0.004936596152095796
20200803,0.0022212170951293117
20200804,0.0004080056262153509
20200805,0.0
20200806,8.568425187149842e-07
20200807,0.0
20200808,1.1960439979400419e-05
20200809,0.0005338804894012382
20200810,0.00045621143877034237
20200811,0.0010452872845019376
20200812,0.0007137925746821945
20200813,0.00046475408309963205
20200814,0.0024598913171911493
20200815,0.001596460028275411
20200816,0.0034049810384056715
20200817,0.0030071676633564143
20200818,0.0027689637927679066
20200819,0.0014363517325974003
20200820,0.0013418802816810875
20200821,0.004209945857217496
20200822,0.0036361008476713573
20200823,0.0005671531956380478
20200824,0.0004160706292414493
20200825,0.0002721865325804813
20200826,0.0003065288007349777
20200827,0.0006790506284230875
20200828,0.003660279596578547
20200829,0.00033116988379455466
20200830,0.0016274126575115306
20200831,0.005762352182480337
20200901,0.0013430418107128858
20200902,0.0003250652493714843
20200903,0.00020206886769131788
20200904,2.8458496913288753e-05
20200905,9.509946581759189e-05
20200906,0.00011207797638283831
20200907,1.8412674249213068e-06
20200908,5.786767161927751e-07
20200909,4.917687181236157e-05
20200910,9.329504307843312e-05
20200911,1.0016819720695255e-05
20200912,1.4733227432454885e-08
20200913,0.0
20200914,8.52346317969932e-07
20200915,9.133989578450712e-07
20200916,0.0010022320963585705
20200917,1.0792388064008545e-06
20200918,3.0384602271852343e-06
20200919,1.564887862055542e-05
20200920,2.1133846131998116e-06
20200921,9.16191599067314e-07
20200922,0.0003780808436680651
20200923,0.0006246574701372519
20200924,0.007665780608128236
20200925,0.0057765177572592615
20200926,0.011294425418301049
20200927,0.017627086827664975
20200928,0.006414698851601243
20200929,0.004497997793574707
20200930,0.0008594636095056501
20201001,0.004511967212689112
20201002,0.006096766798761853
20201003,0.009854080619087702
20201004,0.009236018825053234
20201005,0.009880572882538425
20201006,0.007913133607855121
20201007,0.003262366160945973
20201008,0.0010077101723455757
20201009,0.008571536279673695
20201010,0.0011434176478538373
20201011,0.001121720271830138
20201012,0.0007613716003252339
20201013,0.0002826139259635464
20201014,0.0009777781819930147
20201015,0.0021406300545711086
20201016,0.00045305527278197063
20201017,0.0002926994411522078
20201018,0.0002069614359498703
20201019,9.366902092567295e-05
20201020,0.0012428744427668006
20201021,0.0009487944291839191
20201022,0.0022118051584562796
20201023,0.010142383220512627
20201024,0.0002385821683497897
20201025,0.004793032738591615
20201026,0.005201190051339875
20201027,0.0014684618617889112
20201028,0.003823290254134233
20201029,0.006242577071349158
20201030,0.0006628147005930929
20201031,0.0008139256889090774
20201101,0.005613859820419077
20201102,0.0031930711617846473
20201103,0.0011333582616746705
20201104,4.146610614121761e-06
20201105,1.722779087601042e-07
20201106,3.4433696782798506e-06
20201107,7.256192987905328e-06
20201108,0.00015303872062147886
20201109,0.00019057765828466006
20201110,0.0001395191077279029
20201111,0.0001492847904651522
20201112,0.0004679052165582556
20201113,0.0002462431954351313
20201114,6.602393494380756e-05
20201115,0.008204741958152684
20201116,0.00097625625882649
20201117,8.126651152044653e-05
20201118,1.8252413055150726e-05
20201119,0.00462493653944577
20201120,0.0002552761685420049
20201121,8.646608946606335e-06
20201122,0.000579891574063371
20201123,0.0009740720429213305
20201124,1.675113677293751e-05
20201125,1.6178754988514706e-05
20201126,7.583787449016298e-06
20201127,8.752865698039223e-06
20201128,2.7063183170780216e-06
20201129,1.3839495006022806e-05
20201130,0.0019810031202790617
20201201,0.008315060985508549
20201202,0.0002893077071891008
20201203,0.004065968210360518
20201204,0.008077194798757062
20201205,7.866470976253144e-05
20201206,0.0005968670022164575
20201207,0.001554639214868264
20201208,0.0015240748918349304
20201209,0.0005562266182677386
20201210,9.075601915572872e-05
20201211,0.0072193645539192965
20201212,0.008248059731593415
20201213,0.0014967839374595256
20201214,0.0007244184702319668
20201215,0.008426653621984928
20201216,0.0014036737497187292
20201217,0.0005684599178421903
20201218,9.143518225729948e-06
20201219,0.0012901050062404914
20201220,0.005325563353954044
20201221,0.006899108643937187
20201222,0.0075414575196274
20201223,0.020872673242922298
20201224,0.00993153425253506
20201225,0.00096758794903834
20201226,0.00027971983725957915
20201227,0.008972152397367601
20201228,0.008170187329749171
20201229,0.005345100423238584
20201230,0.001646185946776403
20201231,0.0069230475383318104
20210101,0.0008863159075591531
20210102,0.0001546580828033735
20210103,0.0020804636844719373
20210104,0.0005892520892486867
20210105,0.0006515849226158845
20210106,0.0014799344693494673
20210107,0.0009756063387656757
20210108,0.001472563308708272
20210109,9.466124519588133e-05
20210110,7.668918110007516e-05
20210111,0.00020616934725571143
20210112,0.01373397439429724
20210113,0.005424583892589013
20210114,0.0167586138782918
20210115,0.002336391279886993
20210116,0.0038795117758156257
20210117,0.004432571543870962
20210118,0.0007269607255606742
20210119,0.0024383701979903078
20210120,5.789014817995863e-05
20210121,0.0076209840139663965
20210122,0.0116551841288171
20210123,0.0068750445847604496
20210124,0.002809381479256416
20210125,0.0035392002292030404
20210126,0.0002704289735003967
20210127,0.004780691018509916
20210128,0.0190990658938967
20210129,0.012051051482662995
20210130,0.0126094103057278
20210131,0.0037460145553291817
20210201,0.007467800502225577
20210202,0.007778398139679133
20210203,0.013734225668968212
20210204,0.0013790757235282417
20210205,0.0064756168488639436
20210206,0.008365740317743427
20210207,0.006683906411055603
20210208,0.0026451646747127013
20210209,0.0004984700559952259
20210210,0.0019313162090828426
20210211,5.7580033054006805e-05
20210212,5.68617014866088e-06
20210213,8.52346317969932e-07
20210214,2.5794424800551496e-06
20210215,0.0014457221536197282
20210216,0.001747451640637343
20210217,0.00019856382667670825
20210218,0.0050195876037582845
20210219,0.00014432211710648337
20210220,0.0
20210221,0.0
20210222,7.181842093705754e-05
20210223,8.3917380702535e-06
20210224,8.52346317969932e-07
20210225,2.2192338637276483e-06
20210226,0.00248191747415023
20210227,1.2459631956344174e-05
20210228,1.9708826707849877e-05
20210301,4.351138045421976e-07
20210302,0.0
20210303,5.1166476164923556e-05
20210304,0.004120086821224707
20210305,0.000685890489890632
20210306,1.5561512001376441e-09
20210307,7.078438776940403e-06
20210308,5.129322786844914e-05
20210309,0.001210800830992315
20210310,0.0008612053666615954
20210311,0.010982626298476414
20210312,0.00557199299916377
20210313,0.016100736864833598
20210314,0.005978439406136449
20210315,0.007148677440166914
20210316,0.004700766380943604
20210317,0.003457035431087731
20210318,0.0012809652605029862
20210319,0.0024068668922521902
20210320,1.5546532587055248e-05
20210321,0.0007094175572508914
20210322,0.0002958222522944624
20210323,7.64145486944964e-06
20210324,8.52346317969932e-07
20210325,0.00025733406657112634
20210326,0.0005125298508951096
20210327,0.0030389267518519253
20210328,1.259906259828258e-05
20210329,1.7092575603783189e-06
20210330,8.52346317969932e-07
20210331,1.734186228436494e-06
20210401,9.207968811468622e-06
20210402,1.5150073467196638e-05
20210403,2.555367211564558e-05
20210404,1.8627642364182e-06
20210405,0.0026329821218765226
20210406,0.002136520940862431
20210407,0.0017276355626768217
20210408,4.8168822035116616e-05
20210409,0.0025520797745626146
20210410,0.009350153182946758
20210411,0.0130081298463576
20210412,0.0012473848619294374
20210413,0.0007846721388130738
20210414,0.000700173141811407
20210415,0.0006337494040276789
20210416,0.0006812521950428063
20210417,8.040723274769998e-05
20210418,0.002758447347834369
20210419,0.004814585860079539
20210420,0.0005610293341875852
20210421,0.0016875279120841227
20210422,2.467774011174748e-05
20210423,2.1369277584109168e-06
20210424,1.2874602930423862e-06
20210425,2.279300054536972e-08
20210426,0.0
20210427,1.1800577258744383e-06
20210428,0.004504915467416104
20210429,0.0015894813254230145
20210430,0.0005380044112299439
20210501,0.0004091535869314992
20210502,0.0015637974050323245
20210503,0.00042867894875536745
20210504,0.00649227909069211
20210505,0.005162894310183297
20210506,0.010373093691129012
20210507,0.0026816734644610368
20210508,0.00015900173655307364
20210509,0.00021310910598077392
20210510,0.012761981058329883
20210511,0.007541905654150775
20210512,0.0011747786578914727
20210513,0.0028564895491684466
20210514,0.0038260726399793723
20210515,0.006436260039142008
20210516,0.009525014951504505
20210517,0.0109220929758705
20210518,0.006841278032428708
20210519,0.0052421379381741556
20210520,0.0005425392840996058
20210521,0.002101425517315656
20210522,0.0028443118262099173
20210523,0.0013368622990202156
20210524,0.0043964369265931886
20210525,0.005365810415737382
20210526,0.010247184354561577
20210527,0.001280322261350887
20210528,9.210167059429705e-06
20210529,5.807651285775996e-06
20210530,1.750923098119152e-06
20210531,0.0
20210601,1.5065858648297915e-06
20210602,0.0006778510315825138
20210603,0.004034984591479916
20210604,0.005274764160480543
20210605,0.006932389603773681
20210606,0.0006276700994835595
20210607,0.0031210941380784545
20210608,0.0044822682481727395
20210609,0.0007369517545550709
20210610,0.000259656081665762
20210611,0.000257223116156
20210612,0.00011025494526037519
20210613,8.52346317969932e-07
20210614,0.0
20210615,7.2779534845415775e-06
20210616,7.241848574852664e-06
20210617,0.00010461869760917866
20210618,0.004096377937976775
20210619,0.012808785760613063
20210620,0.012475979391776077
20210621,0.011092889984946563
20210622,0.015874486132394082
20210623,0.003100954899834117
20210624,0.015668144607623693
20210625,0.002641457822928623
20210626,0.00015722385144613304
20210627,0.0013989886778416787
20210628,0.003565178360537236
20210629,0.006167939036843964
20210630,0.005748963911115583
20210701,0.0015456529006340842
20210702,0.0005147924753271627
20210703,0.0005091572912709129
20210704,0.006600854708144289
20210705,0.004777064974893722
20210706,0.004956357690785232
20210707,0.002809159815515007
20210708,0.014660143574456197
20210709,0.0012524234521989438
20210710,0.006687211147229788
20210711,0.0008823480481540597
20210712,0.00670007768596053
20210713,0.02611487111188932
20210714,0.04526373791914553
20210715,0.0078091861434339575
20210716,0.003911805465949461
20210717,0.00011899865026833213
20210718,2.03260442900321e-06
20210719,9.760221327931539e-06
20210720,5.488403686671325e-07
20210721,0.0
20210722,1.0235546568993103e-05
20210723,1.356435921625565e-06
20210724,0.009269042539880153
20210725,0.002080651477143811
20210726,0.00389956000108824
20210727,0.0053360382680675
20210728,0.0032296502487628386
20210729,0.00022599910044212776
20210730,0.000593490646395686
20210731,0.00057441883837381
20210801,0.002295332127049158
20210802,0.004697589237326392
20210803,0.0136089820413064
20210804,0.0014282531231419099
20210805,0.005564834296401114
20210806,0.0038885825751268544
20210807,0.0061673926604102775
20210808,0.0021149271925352763
20210809,0.0007243151112469293
20210810,0.00313399742098694
20210811,0.00013808559093125066
20210812,4.050189908601488e-05
20210813,0.002079174863457557
20210814,1.4704882303486058e-05
20210815,0.0009746120989342766
20210816,0.0028623732015033124
20210817,0.0035117209089481345
20210818,0.0018183253355420173
20210819,0.001549549959939811
20210820,0.00033353027978548754
20210821,0.00268934307058001
20210822,0.004635182064815514
20210823,0.0030604958126083043
20210824,1.3766422872804066e-05
20210825,3.1296133219145872e-06
20210826,0.0011646189087266413
20210827,0.001459963981726015
20210828,0.004715526675687024
20210829,0.002664907860528193
20210830,0.0014025336233348795
20210831,0.0005761308514421345
20210901,3.7740607494179264e-05
20210902,1.732418344482904e-06
20210903,0.00010184774532262587
20210904,2.0957708640371433e-05
20210905,8.305993900526283e-05
20210906,2.7404349797224756e-05
20210907,2.4040613519474376e-07
20210908,2.5616624026220264e-06
20210909,0.008458870899339088
20210910,0.010804759816946516
20210911,0.0009275246178379037
20210912,3.97794641973959e-05
20210913,2.0500772053889753e-05
20210914,0.003479888056467863
20210915,0.0132735628689043
20210916,0.0008010222022375713
20210917,0.0001710111052708989
20210918,1.1525424797558748e-05
20210919,0.0016486807206573578
20210920,0.00173773040535046
20210921,3.545022152607119e-05
20210922,8.532048614202908e-07
20210923,3.0449798699833487e-06
20210924,0.00016109104848289755
20210925,0.0013733258420439971
20210926,0.002374424715533154
20210927,0.00260232417287919
20210928,5.383675174830253e-06
20210929,0.004798329373998433
20210930,0.000101365944446198
20211001,0.00024228369840079584
20211002,0.0017209765711458324
20211003,0.009347090050025278
20211004,0.0010747030582094045
20211005,0.004387719717457501
20211006,0.003309642781338442
20211007,0.0007238025986978215
20211008,6.196009123427733e-06
20211009,3.923613424381269e-10
20211010,3.44408874150098e-08
20211011,0.00026315743022392113
20211012,0.004813783153547542
20211013,0.0002630631054866722
20211014,1.686869935716499e-05
20211015,0.00010003830392967897
20211016,0.00013786438958718187
20211017,7.807599385795508e-05
20211018,7.272690605173443e-06
20211019,0.004951999483663128
20211020,0.009493112278494456
20211021,0.009500687488425183
20211022,7.703882871841762e-05
20211023,0.00011896258848845021
20211024,5.883902826129316e-09
20211025,0.00010038535304708528
20211026,0.0002059595871096516
20211027,3.197454981674744e-05
20211028,3.1310340100625293e-06
20211029,0.00011895371347147553
20211030,0.011533851061032257
20211031,0.007138204563461822
20211101,0.004370635934685237
20211102,0.006277577747816745
20211103,0.01294345214518131
20211104,0.0024184454428017167
20211105,0.0006124594649487222
20211106,4.8699601728161455e-05
20211107,0.0011095660536113339
20211108,3.381132964992817e-05
20211109,1.8905393295252377e-06
20211110,0.00013706686787162497
20211111,5.610520354849066e-06
20211112,4.9571078171784235e-05
20211113,0.007160113651963919
20211114,0.001746458552092426
20211115,0.00019455719416399983
20211116,0.00042319016773598145
20211117,0.0005892227505343752
20211118,0.00011421756520942808
20211119,0.00030558459995197647
20211120,0.00012254023658431171
20211121,0.0023449750333725764
20211122,0.000647769326178577
20211123,1.0880067986303584e-05
20211124,5.722638721476483e-06
20211125,6.0717120453418285e-05
20211126,0.005814099040678159
20211127,0.003922005769463319
20211128,0.003326819334194267
20211129,0.0012727661713397389
20211130,0.008312193639445362
20211201,0.008096459365841012
20211202,0.003600254168706005
20211203,0.0027803681488193593
20211204,0.014224532198937117
20211205,0.002215743592470965
20211206,0.0033223714504900816
20211207,0.003467282228407382
20211208,0.0023875877411182558
20211209,0.0019592620284291165
20211210,0.008457655570966255
20211211,0.002535042228639039
20211212,0.0014306452608432516
20211213,0.00013312629427622745
20211214,0.00016229871491198883
20211215,0.00014042556384499469
20211216,0.00018913949524435752
20211217,4.2888066326901525e-05
20211218,5.488966917848558e-05
20211219,0.00017061763783103026
20211220,0.00021796239433829396
20211221,8.6515906212621e-07
20211222,4.4049336863986254e-07
20211223,0.0011067166290945087
20211224,0.004650475341853313
20211225,0.005556575901671356
20211226,0.005782247476198627
20211227,0.004783442164956505
20211228,0.011621131366278436
20211229,0.007116999917473518
20211230,0.0023095099078872007
20211231,0.00010581259782710016
20220101,0.00013694415218089685
20220102,0.003402291089216503
20220103,0.013906816987162986
20220104,0.0267267863956394
20220105,0.00205042695664936
20220106,0.0004961276968534232
20220107,0.006243487735191205
20220108,0.012178090374740614
20220109,0.007392576342998327
20220110,6.164228127855667e-05
20220111,3.4089371746050687e-06
20220112,1.0058454960941573e-05
20220113,4.628965135173148e-06
20220114,2.1461371565994844e-06
20220115,8.224283655201513e-06
20220116,0.0010127881734644532
20220117,0.0003263722819281461
20220118,0.0002106147404384276
20220119,0.0024484343883818403
20220120,0.001738236710357322
20220121,0.0006899211913753633
20220122,0.0005188906213561375
20220123,0.0001978531794281588
20220124,1.8551823694188183e-06
20220125,3.65537031695983e-05
20220126,0.0003456265503832588
20220127,0.0016909516696572465
20220128,0.00028145171652806567
20220129,0.002142776032693807
20220130,0.0006611003497733098
20220131,0.004823402793067399
20220201,0.003430293796951597
20220202,0.003008573255962095
20220203,0.0005095462764404032
20220204,0.0029061826363084306
20220205,0.00015597737977573063
20220206,0.021114704402502776
20220207,0.0016390744318623609
20220208,0.0004794241670388207
20220209,7.319224806281629e-05
20220210,0.00314557736530489
20220211,0.0012703590915949141
20220212,1.4286509529584548e-08
20220213,2.631558558587369e-06
20220214,0.003106872195669781
20220215,0.003114458989608259
20220216,0.0120970441865558
20220217,0.004133101287847651
20220218,0.0029703124535053345
20220219,0.0015261158849599252
20220220,0.0033070677756336466
20220221,0.009208759605912342
20220222,0.0023649168263160047
20220223,0.00045280704022333324
20220224,0.0034237288883674152
20220225,0.0012146292204954015
20220226,6.587091157947572e-06
20220227,8.52346317969932e-07
20220228,8.702277796146518e-07
20220301,3.48975677192174e-05
20220302,3.3859728021479653e-06
20220303,1.721646140485247e-06
20220304,1.2874602930423862e-06
20220305,1.7225742112714215e-06
20220306,8.06341239542072e-06
20220307,3.0628075774806344e-06
20220308,0.0
20220309,2.152343142824975e-06
20220310,8.52346317969932e-07
20220311,0.00017471869503677117
20220312,0.0005765200538009771
20220313,0.002546090974495485
20220314,0.0017968627377609463
20220315,0.008896128276967329
20220316,0.0003187216024246061
20220317,0.001987953682460828
20220318,1.7669928232799777e-05
20220319,5.476759421080534e-05
20220320,0.002792570868634663
20220321,7.041085692057908e-05
20220322,4.823841456597419e-07
20220323,1.7195939108205494e-06
20220324,1.7252261841349537e-06
20220325,4.302492519901058e-06
20220326,0.0
20220327,2.1338461806408304e-06
20220328,7.884793495399147e-07
20220329,0.002324833457758334
20220330,0.0080554377533195
20220331,0.007732062656792481
20220401,0.0035695718982579248
20220402,0.002845358896592163
20220403,0.0002829369213021437
20220404,0.0021519955348397136
20220405,0.00471412218116364
20220406,0.001962730458912589
20220407,0.011827602271607833
20220408,0.02724990542668702
20220409,0.0024150553849700785
20220410,0.0005647565295449081
20220411,8.523463748133508e-07
20220412,6.716718226173262e-05
20220413,0.000623026611010768
20220414,0.0006814723307429646
20220415,2.6504894948256286e-05
20220416,2.912309728600554e-06
20220417,8.52346317969932e-07
20220418,8.52346317969932e-07
20220419,4.351138045421976e-07
20220420,8.523463748133508e-07
20220421,1.512200191623359e-05
20220422,1.0452650068392878e-05
20220423,0.0025488257931301603
20220424,0.006133991061402756
20220425,0.006520002402319395
20220426,0.0034374230584350617
20220427,5.0102830356104536e-05
20220428,9.123015337868901e-07
20220429,0.0013156469414489305
20220430,0.0016245952754655756
20220501,0.00043683637524377905
20220502,0.0006840218569677483
20220503,0.0026230355969226547
20220504,0.0036614709893818035
20220505,0.0033274951020713264
20220506,0.00025407829873170287
20220507,0.0007248559492627941
20220508,0.00040202480181266673
20220509,0.00014157398314842878
20220510,0.00013388668165223704
20220511,7.296831838184495e-06
20220512,0.0009537920021503441
20220513,0.0003591812312097986
20220514,1.7195939108205494e-06
20220515,1.01980349657933e-06
20220516,0.011406107649134852
20220517,0.00010548370919207158
20220518,3.445080870142846e-06
20220519,0.002104764679204331
20220520,0.002706218099687338
20220521,2.9183120982718965e-05
20220522,0.0008099258658484021
20220523,0.014595845996215526
20220524,0.005773009711418684
20220525,0.00011607217176937991
20220526,0.00033091610716471607
20220527,0.0006692240130256934
20220528,0.00023173538581111713
20220529,0.0008228317207128294
20220530,0.0003979302775952883
20220531,0.00027403333002981616
20220601,6.39020119311739e-05
20220602,5.1057680904844724e-05
20220603,0.0018392541953258716
20220604,0.00104713847233203
20220605,0.012377994473924693
20220606,0.0016867511761300032
20220607,0.005474365635596282
20220608,0.01361720945944591
20220609,0.002219645995146514
20220610,2.8301627021046127e-05
20220611,0.00047011906208548906
20220612,0.0009750560065005966
20220613,0.00010799397728225484
20220614,1.7195939108205494e-06
20220615,2.376037763002929e-06
20220616,3.089804973155377e-05
20220617,5.3055468435484574e-05
20220618,5.3503539167347915e-06
20220619,0.0025903267110943045
20220620,0.013818745874321865
20220621,0.0004740522185976208
20220622,0.007154975212354371
20220623,0.006292727822973444
20220624,0.016064391791701733
20220625,0.0028741636257941672
20220626,0.014154455639563421
20220627,0.011198360630283122
20220628,0.0012376956361502686
20220629,0.0002471323631289514
20220630,0.006435595749347106
20220701,0.0006904631537451149
20220702,0.0
20220703,9.10985297053344e-05
20220704,1.0549302366442643e-05
20220705,1.0662484637136285e-05
20220706,8.596503549688201e-07
20220707,0.0009828221027145972
20220708,4.5798546523092935e-06
20220709,0.00011755900044930665
20220710,6.801796712984167e-06
20220711,3.832054180845834e-05
20220712,1.7716844632222878e-05
20220713,7.276106688531879e-05
20220714,0.00015730343255538801
20220715,1.0868496223331572e-05
20220716,2.5937034993664307e-05
20220717,1.7225742112714215e-06
20220718,0.0
20220719,8.642672355563263e-07
20220720,0.01021072288303022
20220721,0.0012882265332105145
20220722,0.0007366101120820404
20220723,0.0006891966826215975
20220724,8.520459005012526e-07
20220725,0.0011285214221788751
20220726,0.0006047377117824783
20220727,0.00014529406355596845
20220728,0.0008475661745120466
20220729,0.0005210745341355673
20220730,2.8177723338004733e-05
20220731,0.00041566373650533397
20220801,0.0018025649371495177
20220802,2.8577435311947987e-06
20220803,4.410743663640915e-07
20220804,0.0017524227092959102
20220805,0.0008505722886585598
20220806,8.839082940243892e-06
20220807,8.375542961402971e-07
20220808,0.0
20220809,2.1447997369250515e-06
20220810,4.410743663640915e-07
20220811,8.583068797918258e-07
20220812,4.2716596837522047e-07
20220813,8.572023553199415e-07
20220814,0.000488839990928532
20220815,0.0030177834245618206
20220816,0.00030559153188837777
20220817,0.003436246854611514
20220818,0.008119200528653238
20220819,0.0013221381106562186
20220820,0.0038773158202923593
20220821,5.334496386285941e-06
20220822,5.405048949490146e-05
20220823,1.1691480814116308e-05
20220824,8.635805752533354e-07
20220825,2.8314024740424452e-06
20220826,0.0031162507617221646
20220827,0.0018947316660347722
20220828,0.0008221441575650427
20220829,2.561960149258996e-05
20220830,0.0038766232091979906
20220831,0.003987776740715342
20220901,9.451176408708911e-05
20220902,0.0004693661570806927
20220903,0.0041339457018725375
20220904,0.0001479002872156095
20220905,0.00030150639131074357
20220906,0.007645357716739449
20220907,0.003970699709488591
20220908,0.009554728250161704
20220909,0.01007956072954307
20220910,0.007225279767283332
20220911,0.0005069744855579308
20220912,1.719776382626112e-05
20220913,0.004984137731829025
20220914,0.024032084043139945
20220915,0.004175320239948787
20220916,0.001824749512788519
20220917,0.002176757878135009
20220918,0.0023413228410172175
20220919,0.000525549991084079
20220920,0.0004304317559842411
20220921,7.309072015137399e-06
20220922,8.52346317969932e-07
20220923,0.0008879566284921833
20220924,0.004180704526259803
20220925,0.002378397128028707
20220926,0.006803099491475855
20220927,0.009651324232210991
20220928,0.004876272860100835
20220929,0.0031272946869904147
20220930,0.00012256356370528206
20221001,0.012213318687430646
20221002,0.016525869326843075
20221003,1.240764588326207e-05
20221004,9.483817977766712e-05
20221005,7.513968678354515e-05
20221006,6.448822781965886e-05
20221007,2.842010819032444e-05
20221008,0.00014854285003384986
20221009,1.2993811537853617e-06
20221010,0.0022562657066730434
20221011,0.00011693859031333888
20221012,5.2920806193369714e-05
20221013,0.005302627080733408
20221014,0.0097109738853728
20221015,0.007473409995992104
20221016,0.006196911569496044
20221017,0.0045516557624557495
20221018,0.008711414676725046
20221019,2.5611141192103215e-05
20221020,0.009625024557124755
20221021,0.011886388484850052
20221022,0.0006708583193782171
20221023,0.005467331398023368
20221024,0.0023470252221415235
20221025,0.0007453543672812259
20221026,0.0022423548739176897
20221027,0.00023473333375973352
20221028,0.0010123063074548686
20221029,0.00014492274098874884
20221030,8.914300769237406e-07
20221031,0.00011087378442442173
20221101,0.0036207622157043685
20221102,0.0001190261029952669
20221103,0.010190779217599295
20221104,0.0033094932618005497
20221105,0.00075520534936235
20221106,0.0006165197250407052
20221107,0.0004496877302961137
20221108,0.002644681229744312
20221109,0.007039366194881242
20221110,7.764639310893637e-06
20221111,1.983512456037232e-05
20221112,3.923511290808593e-06
20221113,4.575044697711238e-07
20221114,0.0026880084523080855
20221115,0.005919067064192269
20221116,0.007826619240297107
20221117,0.011605362986182052
20221118,0.006923360113146278
20221119,0.004104658878075495
20221120,0.005316533677389761
20221121,0.006132760048348474
20221122,0.0026169997963425835
20221123,0.004631475564693066
20221124,0.0019861257038847726
20221125,0.0021504835296012725
20221126,0.00010772491030812929
20221127,0.00039825753885427636
20221128,0.0033332741913698234
20221129,0.00050650605209776
20221130,0.000816069707917422
20221201,0.000354402602104418
20221202,0.0017689344305935417
20221203,5.684913734456939e-05
20221204,0.0034370178534140444
20221205,0.0026559753332953792
20221206,0.00028434146636164155
20221207,0.0004203114109320916
20221208,0.0005343747984583664
20221209,6.635774999358243e-05
20221210,0.000378701766117668
20221211,0.0002553443422179392
20221212,2.3972136807732566e-05
20221213,1.767457646984566e-05
20221214,0.005286519099387311
20221215,0.00015628791023483826
20221216,1.34268649116301e-05
20221217,4.975644475725628e-06
20221218,0.00013390660741294908
20221219,0.0007080252412672088
20221220,0.005385159324086247
20221221,0.008522498436021058
20221222,0.0175630862352269
20221223,0.012538949993121553
20221224,0.0021341472982110677
20221225,0.0028550861410711515
20221226,0.007520497336791614
20221227,3.4011280064281143e-05
20221228,0.0013859843226232066
20221229,0.0041216139623474176
20221230,0.006040481344165745
20221231,0.0008991412325144981
20230101,0.0006831666842464123
20230102,0.005274516767882807
20230103,0.00010431223706488812
20230104,0.004563669287522146
20230105,0.003503323332063713
20230106,0.00044114225350421095
20230107,0.0007149586966160973
20230108,0.012552833547928452
20230109,0.008545343627368801
20230110,0.001830742767757361
20230111,0.00794314862027485
20230112,0.003893151495293198
20230113,0.008536094673966226
20230114,0.009103474453156825
20230115,0.012547820544436691
20230116,0.009133961149047347
20230117,0.0014835015417709195
20230118,0.0010287384398635717
20230119,0.0005406999271538129
20230120,0.004103104190036298
20230121,0.0019083428833711776
20230122,0.001516289502803239
20230123,0.0001239341724666433
20230124,1.0728980599109458e-05
20230125,7.270313226424303e-05
20230126,0.0009888997531271968
20230127,0.0008332123823466291
20230128,0.00013636321567465706
20230129,4.735589456603445e-05
20230130,0.0025359337312721914
20230131,0.0007649303600725362
20230201,0.0017969558268895263
20230202,0.0006809440259122982
20230203,0.0018863030288218824
20230204,0.000445655800220689
20230205,0.0030656202874009626
20230206,0.0001676185948232483
20230207,2.708400562969144e-06
20230208,4.261732051702438e-07
20230209,2.08185462051007e-06
20230210,7.780688314134522e-05
20230211,4.740336465847014e-05
20230212,1.257650161484083e-05
20230213,2.1785542689881262e-07
20230214,1.0536695618473302e-06
20230215,3.0226423493544556e-06
20230216,0.00024074590167930346
20230217,0.0014772765221940463
20230218,0.001515730455439093
20230219,0.0018708405632081612
20230220,7.80053595414128e-06
20230221,1.5837792595120213e-05
20230222,0.0018911205315533298
20230223,0.0014832509770659594
20230224,0.0011171613441292143
20230225,0.00043103530896105815
20230226,0.0004384155018223318
20230227,3.6938909679159364e-06
20230228,3.8817994872478105e-05
20230301,9.749973857894749e-07
20230302,1.0520094203274321e-08
20230303,3.5111270976725637e-06
20230304,0.00011533571556322173
20230305,0.0007074572670286399
20230306,0.0014577772294695345
20230307,0.0022829353953030245
20230308,0.0156597137454978
20230309,0.011490064796756405
20230310,0.009010397245312406
20230311,0.0001500293946043783
20230312,0.002367979212798731
20230313,0.009724690301443512
20230314,0.0068761525551363795
20230315,0.0017652542774265014
20230316,4.655238326272144e-05
20230317,0.0010539271827025437
20230318,0.00030384088508211035
20230319,0.0039859530712469185
20230320,0.00019500489603676327
20230321,0.0008884286024543732
20230322,0.0002493823644174247
20230323,0.005899851680265797
20230324,0.011321064815334347
20230325,0.005943278431118636
20230326,0.009968936997711387
20230327,0.0015921225952788866
20230328,0.0012576163337151823
20230329,0.000522955890690027
20230330,0.00909129331033382
20230331,0.010975734866137088
20230401,0.012070502147072136
20230402,0.004505007605457233
20230403,7.679499669977378e-06
20230404,0.0
20230405,1.0161534403873065e-07
20230406,0.002872886422346176
20230407,0.0034125237032510856
20230408,0.00027830803183345943
20230409,2.867848358181521e-05
20230410,0.0035511347177819043
20230411,0.005674481273605181
20230412,0.014282855256435596
20230413,0.0036863577922423545
20230414,0.0004897340219760785
20230415,0.0009640319362169953
20230416,0.0012531711784699677
20230417,0.0026038183680966603
20230418,0.00025641844517781183
20230419,0.0006345780256974754
20230420,0.0038552758467633908
20230421,0.0003129708633477425
20230422,0.003679457045154355
20230423,0.0034368225976629404
20230424,0.005021010160015744
20230425,0.005468877770845885
20230426,3.667549376247552e-05
20230427,0.001340571981797216
20230428,0.010690435785368721
20230429,0.0002978190602473319
20230430,2.623914617746153e-05
20230501,0.0029518893291892037
20230502,0.0003892653045381137
20230503,1.8441145692114568e-09
20230504,3.419634480661178e-06
20230505,0.003719923950899036
20230506,0.0011360068052073112
20230507,0.007538094750482586
20230508,0.0037356195165904847
20230509,0.011722465091405948
20230510,0.004077437315133417
20230511,0.003862950968929982
20230512,0.006003931242348835
20230513,0.0016026008056447534
20230514,0.0009323920653558778
20230515,0.0011562494639322607
20230516,0.0006075440920889979
20230517,0.00011452421829290242
20230518,4.088182645398037e-06
20230519,4.1493206998503025e-05
20230520,0.00034187382878048236
20230521,0.00027105654837790205
20230522,0.002568794897224844
20230523,0.00036575794907586854
20230524,2.8372531516550315e-05
20230525,1.1851906325829286e-05
20230526,1.3789801267553907e-06
20230527,1.3178978950951716e-06
20230528,8.756766760598111e-07
20230529,0.0
20230530,8.612870487922919e-07
20230531,0.0
20230601,1.1482356854774289e-06
20230602,1.9984706771354734e-06
20230603,9.768729926287233e-06
20230604,6.905718083160816e-05
20230605,8.725328917634385e-07
20230606,4.442656696005254e-05
20230607,0.0024841205538272235
20230608,0.000511687252567001
20230609,2.5628125543458614e-05
20230610,2.8309161033365e-05
20230611,1.1663532808119551e-05
20230612,1.496888158581919e-06
20230613,8.756409803106083e-07
20230614,1.7203188917847e-06
20230615,3.1181259126260215e-06
20230616,2.8893975088830717e-05
20230617,1.0360735610022093e-05
20230618,0.00028546986201452064
20230619,0.0023558002146131817
20230620,0.004343822424391956
20230621,0.0022395770898172105
20230622,0.008901242377185762
20230623,0.00030016019211408435
20230624,1.722665424121326e-06
20230625,1.2851288602178101e-06
20230626,1.6450735064971956e-06
20230627,3.233476814253412e-05
20230628,0.00033422891376956663
20230629,0.0009701614110562598
20230630,0.002451322640265305
20230701,0.0016166084566239319
20230702,0.00037358013952852126
20230703,0.0006819635213743736
20230704,0.0019157900451176341
20230705,0.005191761322416456
20230706,5.805263657014286e-06
20230707,0.00016085819432748764
20230708,0.0005191553122476067
20230709,0.0007756322580503935
20230710,0.00022489362192907445
20230711,0.004951129930553676
20230712,0.0005893695199365326
20230713,0.0002261170941213552
20230714,8.008992237316344e-05
20230715,0.009247097107454564
20230716,6.225102625644224e-05
20230717,0.00019674149861062323
20230718,0.00022447949752897391
20230719,0.0007186938910277892
20230720,0.0003032022892103618
20230721,0.0010174333503794315
20230722,0.00011502028790869129
20230723,0.0012426480949813761
20230724,0.007507249859021857
20230725,0.015569317873133745
20230726,0.0013624112432007577
20230727,0.009055262800339475
20230728,0.008895436193245032
20230729,0.0093189506897368
20230730,0.0017578848101480727
20230731,0.010375881328507568
20230801,0.015276777240035556
20230802,0.020038065689161656
20230803,0.0104675302863181
20230804,0.005493420904722418
20230805,0.00388450489243239
20230806,0.009576990189190613
20230807,0.0013001699548229964
20230808,0.0022285453411290375
20230809,0.0021897901608118274
20230810,1.196423688848212e-07
20230811,0.0008858093423993101
20230812,0.00978050003164357
20230813,0.0016863457186580332
20230814,0.0026840130304100133
20230815,0.005932649042148794
20230816,0.003755133547519097
20230817,0.0002457789234040004
20230818,3.97211576122799e-05
20230819,0.0002990699553147996
20230820,0.00011346723491851245
20230821,7.835629989638231e-06
20230822,2.6570057034978607e-06
20230823,1.8245967357543375e-06
20230824,0.0008459900049289368
20230825,0.011067327279681492
20230826,0.001807721858254611
20230827,0.0010492085751830065
20230828,0.0011369033539907788
20230829,0.0015007252851047216
20230830,0.00450356493649139
20230831,0.005483674517292356
20230901,0.0047624440356610915
20230902,0.00013334012672602854
20230903,2.8961626800958677e-06
20230904,2.142786968306609e-06
20230905,0.0
20230906,0.0
20230907,8.52346317969932e-07
20230908,0.0
20230909,3.6396727258935652e-06
20230910,2.146453705140068e-06
20230911,0.000324389636254202
20230912,0.0038821657043906143
20230913,0.0005726440982623031
20230914,5.6023017159887825e-05
20230915,1.2187997297859259e-05
20230916,0.002206991839275468
20230917,0.0004485957240690494
20230918,0.0062134159734833095
20230919,0.0007538700454032479
20230920,0.0002442960097152284
20230921,0.011835123219819048
20230922,0.0035346913214341674
20230923,0.00044199707266656847
20230924,8.23316764394876e-07
20230925,8.641524118502275e-07
20230926,4.261732051702438e-07
20230927,0.0
20230928,1.1917209506158656e-05
20230929,0.0006519893099423528
20230930,3.441526702249776e-05
20231001,4.4179127885107427e-07
20231002,0.0
20231003,0.006003284238289556
20231004,5.0246683309875784e-05
20231005,3.550986857090966e-05
20231006,3.6990515986377855e-07
20231007,1.4041011794243752e-05
20231008,1.2221320154190178e-06
20231009,2.7345047108841408e-05
20231010,2.0715383972979775e-06
20231011,0.0
20231012,0.0037298453218034197
20231013,0.00045402082887895356
20231014,0.0030958041363233347
20231015,0.0006187282391346388
20231016,1.1467542388736084e-06
20231017,3.64147758279541e-06
20231018,0.006954487341420628
20231019,0.005219817230570177
20231020,0.01843865358094623
20231021,0.0042140283517728295
20231022,0.0011753723395199077
20231023,0.006047061127875514
20231024,0.006366955919430886
20231025,0.015171823219379967
20231026,0.0057196050759398525
20231027,0.0133698333771642
20231028,0.004376955111377505
20231029,0.017411584053328943
20231030,0.020795784765983264
20231031,0.0023260735329267306
20231101,0.003994914331476009
20231102,0.007984032920930592
20231103,0.0004210347773671147
20231104,0.009133309175095293
20231105,0.011363677470420793
20231106,0.0024208301956326664
20231107,0.0033260854439033003
20231108,0.00043708714474409904
20231109,0.01007160064969649
20231110,0.008602903787364594
20231111,0.0035193787516861474
20231112,0.005253072218845561
20231113,0.0137375294008157
20231114,0.006697920094687662
20231115,0.0036359528157341426
20231116,0.01870638931658481
20231117,0.004505931361922235
20231118,0.00870533774251313
20231119,0.0036282936894257373
20231120,0.0069692437326083065
20231121,0.0021451941899249313
20231122,0.00030600367543678534
20231123,0.0007833828378412688
20231124,0.004119610651293414
20231125,0.0029427100532923808
20231126,0.0016230069244638583
20231127,0.01307436472998813
20231128,0.002613223202006162
20231129,0.0025224175058954456
20231130,0.001659489887134104
20231201,0.002191239473862673
20231202,0.00020538198965493117
20231203,0.00016695768488228873
20231204,0.00709454239721977
20231205,0.0102677707773335
20231206,0.0016648425593955446
20231207,3.117254303487692e-05
20231208,0.0054032502365730746
20231209,0.013561623885357504
20231210,0.003168860886999383
20231211,0.002332900238031338
20231212,0.010238677774326067
20231213,0.005043684041573319
20231214,0.0012808661752312961
20231215,0.0005070084250409101
20231216,1.714708428766108e-05
20231217,2.3569454445170562e-05
20231218,2.8397017217317696e-05
20231219,0.0038629227189797256
20231220,0.004535760122685197
20231221,0.0088842826892132
20231222,0.0079096823360849
20231223,0.0029665662597246098
20231224,0.005754810247062858
20231225,0.0029086946437990634
20231226,0.0012401110958998398
20231227,0.0003228567138316055
20231228,0.002174124401198927
20231229,0.0013659821998268308
20231230,0.0005993205112493833
20231231,0.0044741276387395565
20240101,0.002449429564344651
20240102,0.0274625328800893
20240103,0.0140619926984651
20240104,0.00321209455140973
20240105,0.00017684260076870524
20240106,0.0011530310444676708
20240107,0.0009400617117150752
20240108,5.973276081783116e-05
20240109,0.0005956562998004789
20240110,0.00016718904969961133
20240111,6.255397352641519e-07
20240112,7.003414163741141e-05
20240113,0.00013524965455685828
20240114,0.00025885048562058273
20240115,0.002072601225555831
20240116,1.5785549540179352e-05
20240117,0.018455733984450065
20240118,0.010341021886564846
20240119,0.00011231904942399629
20240120,5.8390090056398155e-06
20240121,3.865509830969526e-05
20240122,0.0055238829268252024
20240123,0.001888827199574454
20240124,0.0036557292517222593
20240125,0.0015919153279329577
20240126,0.004970627004248941
20240127,1.8318222207448396e-07
20240128,5.981352225453888e-07
20240129,8.700159239053922e-06
20240130,0.0001284668572304402
20240131,0.0004744266981433586
20240201,0.0043736635185742945
20240202,0.00015243444892008788
20240203,0.0012132922441516851
20240204,0.0012296011142557742
20240205,0.0004748768007914535
20240206,0.0004732797331025926
20240207,0.017305994015826588
20240208,0.012269490265176044
20240209,0.0060181807144935205
20240210,0.0031138060198334216
20240211,0.003465847351432248
20240212,0.001181491820051441
20240213,0.00014925802931305728
20240214,0.001546227943804636
20240215,0.00014668040417840052
20240216,0.0022725481740288804
20240217,0.0005419761264766372
20240218,0.004639913188169224
20240219,0.003257306208628182
20240220,0.0004437586447279441
20240221,0.0048029875541155545
20240222,0.0211905864343853
20240223,0.002529124154745969
20240224,0.001822071354420901
20240225,0.003490504621745458
20240226,0.010987870677267862
20240227,4.841271537144223e-05
20240228,2.09928523153399e-06
20240229,1.685844529440242e-05
20240301,0.0001055722698649579
20240302,0.0010204505925293717
20240303,0.00041942354591497174
20240304,0.0004831307027923481
20240305,0.0023125055269186037
20240306,0.0002694298945266686
20240307,3.234797682571934e-05
20240308,0.00014345418202962192
20240309,0.0002092438591343006
20240310,0.004033735454155056
20240311,0.0034131017918140123
20240312,0.010661197343079687
20240313,0.004950349078424983
20240314,1.1782502974654931e-06
20240315,0.006068896878759076
20240316,0.003611303756842748
20240317,0.0007213486822140691
20240318,0.005990701207467147
20240319,8.57604923012357e-05
20240320,2.0391694179812122e-07
20240321,0.00022258041729933053
20240322,0.00019131199619719431
20240323,0.007184195908517764
20240324,0.005604461122152341
20240325,2.2215952814023522e-05
20240326,0.001829460709983757
20240327,0.004489227855911499
20240328,0.004475249720536541
20240329,0.0136161557433909
20240330,0.005505004262791213
20240331,0.003613312740451946
20240401,0.020765598235732305
20240402,0.001841715420685768
20240403,0.005430260498892404
20240404,0.01118802177555036
20240405,0.001190350353869302
20240406,4.296767737540041e-05
20240407,0.0005006733341959459
20240408,0.0006677572456237155
20240409,0.002735688424865316
20240410,0.00023401114780037467
20240411,5.759187515027138e-06
20240412,0.0001813934576796242
20240413,1.7225742112714215e-06
20240414,9.597326861774346e-05
20240415,0.0054649565968432935
20240416,0.007991252731034432
20240417,0.004433900813029792
20240418,0.002093256257034283
20240419,0.009677969832818411
20240420,0.003811149204945504
20240421,0.004699203858869727
20240422,0.0014947506539334018
20240423,0.00010981652725554565
20240424,0.004817812523895107
20240425,0.0010973011509990034
20240426,0.001035402153258847
20240427,0.0006223296609679364
20240428,0.003968981547934492
20240429,0.0009078890372041918
20240430,0.0002169194159738171
20240501,5.73074475592022e-05
20240502,0.012544535430493806
20240503,0.00532854892485295
20240504,0.0075120132284371595
20240505,0.006924902305757614
20240506,0.01099677754051078
20240507,0.002225466737709506
20240508,0.0004231995748951432
20240509,3.3208826569500824e-05
20240510,1.7124031099033071e-06
20240511,0.0
20240512,0.0011111968627790297
20240513,0.002651231029288099
20240514,0.004181020436787831
20240515,0.0113363353378811
20240516,0.008636347986185405
20240517,0.0305527829335499
20240518,0.0036395083130525445
20240519,0.006071105839660833
20240520,0.0006358838578936156
20240521,0.010498947617344424
20240522,0.0015956717828622556
20240523,0.004527810576131816
20240524,0.006733440256964359
20240525,0.002230688953634484
20240526,0.0014555222148599435
20240527,0.0014856458411496901
20240528,0.0005700464169187914
20240529,0.01245557109785777
20240530,0.0117221709167291
20240531,0.0046281118391237235
20240601,0.0037265889311129774
20240602,0.0025224538496484592
20240603,0.00010705428423303955
20240604,0.00014674325819778183
20240605,0.001406423403817285
20240606,0.00046331031375448537
20240607,2.3435673030553176e-05
20240608,0.0006773439231446772
20240609,0.00010936874554090852
20240610,0.001547056464104527
20240611,0.0005565183175989028
20240612,0.0003629820348862298
20240613,4.671786718277042e-05
20240614,0.0034506126695766203
20240615,0.007618684175147271
20240616,0.004266703647645347
20240617,0.00645970334708415
20240618,0.004792677822464079
20240619,0.005168967383766101
20240620,0.006433034152940505
20240621,0.005094667345185585
20240622,0.003862526351863944
20240623,0.0005024473856099246
20240624,1.1353478047222086e-05
20240625,1.4909655171043024e-05
20240626,0.0008994041280325389
20240627,0.000805960212819755
20240628,0.0005312620805691238
20240629,0.011621693759726576
20240630,0.032433843344415694
20240701,0.0051928830874147635
20240702,0.005070613829871069
20240703,0.003959180255298204
20240704,0.0029876149853762714
20240705,1.350783088915071e-05
20240706,0.0025425224825316025
20240707,3.816403104951758e-05
20240708,1.9194251281829078e-06
20240709,0.0024532640038355796
20240710,0.007806489556160724
20240711,0.0017524941267869569
20240712,0.0063749019759150455
20240713,0.0008761081111126074
20240714,6.446118761801489e-05
20240715,0.008202321208311646
20240716,0.0011194406987844522
20240717,0.00046246826562181133
20240718,1.9453164168113086e-06
20240719,4.940324202557239e-05
20240720,0.00128689837215438
20240721,0.008701983887821292
20240722,0.0003681325805044468
20240723,0.002937729526877514
20240724,0.0002198052018644701
20240725,8.735720788408975e-06
20240726,0.008548912242403414
20240727,0.0216591369336818
20240728,0.00016073351570624562
20240729,2.1427869114631903e-06
20240730,2.516020241284525e-06
20240731,0.0020923526265730387
20240801,0.012286277796317462
20240802,0.004494946261722754
20240803,0.0017556137071439973
20240804,0.001739923203156425
20240805,3.7817740638232114e-06
20240806,6.106549048530084e-06
20240807,0.002098477826539389
20240808,0.00032191010450555494
20240809,0.000255505930305913
20240810,3.7066258064971594e-05
20240811,8.584332704157011e-07
20240812,0.0004061650218228017
20240813,0.0012760731854091802
20240814,0.011561459288324097
20240815,3.483973587271836e-05
20240816,2.305394220410065e-05
20240817,0.007658063371703758
20240818,0.0070503790806520274
20240819,0.00015927014150522313
20240820,0.002373724867524985
20240821,0.0012244117574660882
20240822,1.284131258216803e-06
20240823,0.00013485306619624048
20240824,0.0026822813424542537
20240825,0.0003164463592892139
20240826,4.633523349559609e-06
20240827,0.0
20240828,9.900036434200212e-06
20240829,0.0005893667790257232
20240830,0.0015627317604482588
20240831,1.2044716923047882e-05
20240901,0.0005776178836063003
20240902,0.004813364811604288
20240903,0.0008945924633287058
20240904,0.010068143455649218
20240905,0.006603586405659835
20240906,0.005798164847822317
20240907,0.0032794251774285535
20240908,0.0019850855618709006
20240909,0.006926297256946559
20240910,0.0016669438293743333
20240911,0.007808209263835587
20240912,0.0019584100526459426
20240913,0.0015998953559243942
20240914,7.80379917383884e-05
20240915,1.3639244729962887e-05
20240916,0.0005835599551065789
20240917,8.635757703358068e-05
20240918,7.302583766431137e-05
20240919,0.00032482646108817676
20240920,0.00018971272890969796
20240921,1.1977703999739307e-05
20240922,0.002206066353371652
20240923,0.0008747995068983997
20240924,0.007689151906504355
20240925,0.010028508919134182
20240926,0.0216812851513082
20240927,0.0073321817104637374
20240928,0.0024731126985540306
20240929,4.864832900118635e-07
20240930,0.0027515706815619398
20241001,0.003766441367121518
20241002,0.002982887700898394
20241003,0.0005807519200508804
20241004,0.0005220345592454975
20241005,4.752490912834993e-05
20241006,0.0020238838446357604
20241007,0.014010306329368031
20241008,0.009001767497975816
20241009,0.025805480325282727
20241010,0.0129581556247928
20241011,0.0013242499563098117
20241012,0.004645962508933547
20241013,0.001975797548815771
20241014,0.0019119251532074936
20241015,0.001043184854959041
20241016,0.0008748228549905735
20241017,0.006931155928368087
20241018,0.008223979606382985
20241019,0.005377066998566724
20241020,0.0004669085617298115
20241021,0.00018964210346462593
20241022,0.0006361797005169345
20241023,1.9359626991551668e-06
20241024,7.946852345687898e-05
20241025,0.0006840543468964034
20241026,3.815571370450243e-06
20241027,0.00014239092246387086
20241028,4.864380293669462e-05
20241029,0.00011255292109190353
20241030,0.00023682890923951012
20241031,6.690614702176027e-05
20241101,0.00016650862681449123
20241102,0.0002657923830638528
20241103,6.0995557610782344e-06
20241104,4.655316062881859e-06
20241105,1.5401659133710175e-05
20241106,0.00015867268404705668
20241107,3.509322852727482e-05
20241108,0.00018002119158859884
20241109,6.86085498592074e-05
20241110,8.121386863032551e-05
20241111,0.0017357919708086097
20241112,0.0026954226834966263
20241113,0.00044791199528031677
20241114,0.000701321352922459
20241115,0.00014382842577495593
20241116,6.9773131503109e-05
20241117,0.0021414244736877304
20241118,0.01143357795947222
20241119,0.0284898214637347
20241120,0.0018809236811062006
20241121,0.003375683715809519
20241122,0.0014504342413556427
20241123,7.861480782092265e-05
20241124,0.0005329069044789558
20241125,0.008240235449694074
20241126,0.003442538430647407
20241127,0.0036758540885909905
20241128,0.0022462801331181678
20241129,4.6109960964001695e-06
20241130,1.7260201884967463e-09
20241201,6.807460801553e-05
20241202,0.0021184484556889113
20241203,0.0018064075679051657
20241204,0.0002169611942802773
20241205,0.005268939186803284
20241206,0.008243045391401279
20241207,0.00726419866329924
20241208,0.0038388454251451877
20241209,0.0010760244113924566
20241210,0.00035140805002419854
20241211,1.5451098459194314e-05
20241212,2.1933517740503994e-05
20241213,1.556867429582018e-05
20241214,0.0007457352698168324
20241215,0.0006975873215317835
20241216,0.0010220801172419855
20241217,0.00022940504944905197
20241218,0.0006821128779501137
20241219,0.014803188469770892
20241220,0.0004483195496658532
20241221,0.005210269425202186
20241222,0.014792899445774459
20241223,0.006276796970757267
20241224,0.0006430364973700395
20241225,8.297398606434797e-05
20241226,5.236389709655356e-06
20241227,8.524234107483853e-07
20241228,1.2010802529745997e-05
20241229,0.0002844702506972898
20241230,0.00016182362948189422
20241231,0.00019424553769924934
20250101,0.00025910623662148873
20250102,0.017871197799271762
20250103,0.000204812668528839
20250104,0.002432877423601849
20250105,0.01602583682768002
20250106,0.0031796405172098046
20250107,0.0032524278838742945
20250108,0.0185079810197352
20250109,0.012294704815226432
20250110,0.00023905417073849183
20250111,7.020507740213846e-05
20250112,0.0001491700752834979
20250113,7.504261191025662e-06
20250114,1.3396118760292465e-06
20250115,0.00022638012227318413
20250116,0.00012672227643038703
20250117,1.5499870687160995e-06
20250118,3.0346375491088915e-06
20250119,6.577304178548924e-06
20250120,0.00019187092637241228
20250121,1.6842066251154867e-06
20250122,0.0029894108794659303
20250123,0.007464949261672541
20250124,0.001441674574005156
20250125,0.014176193261173694
20250126,0.002947435522947921
20250127,0.008735468006084289
20250128,0.004040789583268878
20250129,0.00511390719248944
20250130,0.0029925701081477715
20250131,0.00010320681734364809
20250201,8.544310276542511e-07
20250202,3.4278612329342225e-06
20250203,7.305032549581445e-06
20250204,8.561986404110698e-05
20250205,0.00014331455247482795
20250206,0.0003556569155898082
20250207,0.00010810347054644483
20250208,7.35400856347567e-05
20250209,0.0006333837284294045
20250210,0.012779807143850883
20250211,0.0016664661438966382
20250212,0.0029076154411647815
20250213,0.0027072512867026798
20250214,0.00012813818734862394
20250215,4.347698515842774e-05
20250216,0.0007264620082306394
20250217,8.893090841381526e-07
20250218,1.0017571138872846e-09
20250219,1.428418408948503e-09
20250220,0.0009548294585461546
20250221,0.0002345395236493634
20250222,0.00025675841563999274
20250223,4.654654952036764e-05
20250224,0.002688321278088483
20250225,0.00966959886389208
20250226,0.005115169052259775
20250227,0.004968790613613934
20250228,0.002144979344182171
20250301,0.00025873621266731797
20250302,3.823679801120395e-06
20250303,4.995592301746959e-10
20250304,4.351138045421976e-07
20250305,4.351138045421976e-07
20250306,0.0
20250307,0.0
20250308,3.424527676543221e-06
20250309,1.7440230474792335e-06
20250310,0.0021592351010371325
20250311,0.002021497323864334
20250312,0.002221014394451927
20250313,0.007774624518758008
20250314,0.0005347245998967076
20250315,0.0005919041950343258
20250316,0.00031960634682490056
20250317,3.526160856242401e-05
20250318,1.7046928064701206e-06
20250319,0.0
20250320,0.00013604897257050197
20250321,2.103014704222288e-06
20250322,0.0029967765685728997
20250323,0.002356054185560114
20250324,0.00048817613406481274
20250325,0.0004631589912436261
20250326,0.0009511725839992791
20250327,3.844405429481586e-06
20250328,0.0001138695778271425
20250329,0.0012518941610715796
20250330,0.00041097702226843295
20250331,1.2314642260060122e-05
20250401,0.0002239072351200856
20250402,4.3852372361786966e-07
20250403,1.7225742112714215e-06
20250404,0.0
20250405,4.3607138718670005e-06
20250406,4.351138045421976e-07
20250407,4.351138045421976e-07
20250408,0.0
20250409,4.351138613856165e-07
20250410,2.853507008306261e-06
20250411,1.7358455709968444e-06
20250412,0.0005834222536786821
20250413,0.0013131201041516793
20250414,0.00014798776139462249
20250415,0.004026365648157664
20250416,0.010988696444308471
20250417,0.0148300303603234
20250418,0.0029303233299673177
20250419,1.346386322201872e-05
20250420,0.001440767007162893
20250421,0.004282308307772106
20250422,0.0017955674752266238
20250423,0.0077216741028405455
20250424,0.005878348795740732
20250425,0.0016788935768300172
20250426,0.00027359099820612723
20250427,1.9458075265955024e-05
20250428,2.568228921973059e-06
20250429,1.709186750190735e-06
20250430,1.3251467236509017e-07
20250501,2.0034169203495787e-06
20250502,3.8712577613386115e-05
20250503,0.011027337267221157
20250504,0.0018438844604698466
20250505,0.00027534530208363727
20250506,5.5458306241982257e-05
20250507,0.0001918982599599682
20250508,0.0003527594692386137
20250509,2.7421393133824347e-06
20250510,8.583068833445395e-07
20250511,2.4935067651474445e-06
20250512,0.001524606074152671
20250513,0.00021477454229031054
20250514,7.355285454245752e-06
20250515,9.603353577877495e-06
20250516,1.0458138401046086e-06
20250517,0.0003131823771353212
20250518,4.0053622868671636e-05
20250519,4.1370326483734825e-06
20250520,0.0006661484484708465
20250521,0.0027879178988983342
20250522,0.0010032486233533856
20250523,0.00018458379124557196
20250524,0.0032179304829296194
20250525,0.004130790063339963
20250526,0.0007879470830477823
20250527,0.0014884157051189282
20250528,0.011716391515342471
20250529,0.00035873228810414824
20250530,5.859135624685803e-06
20250531,0.001709108608926093
20250601,0.004988876146669443
20250602,0.005042251437678531
20250603,0.00346861555394141
20250604,0.007214898625744288
20250605,0.004485556603043746
20250606,0.007383927734253523
20250607,0.004784346945352705
20250608,0.005256405769136872
20250609,0.00010973948490383265
20250610,9.198088797869037e-05
20250611,1.90520617018097e-07
20250612,1.3075154387183115e-05
20250613,3.5262986417970725e-05
20250614,0.001784826764055068
20250615,0.010177643854813047
20250616,0.00010773509911701395
20250617,0.0
20250618,1.4868723309915498e-06
20250619,0.0
20250620,8.463858875984442e-07
20250621,2.582323624481256e-06
20250622,0.0017442236661041103
20250623,0.0005854737706767161
20250624,2.112606294243163e-06
20250625,0.00011918492367288395
20250626,0.006990696037941233
20250627,0.0018410827566810223
20250628,0.00012262399536067093
20250629,-9.438339466701216e-10
20250630,7.520166497624903e-05
20250701,6.285765671943966e-05
20250702,0.0010510565781684917
20250703,0.00440881799611941
20250704,1.718816493057765e-06
20250705,0.00011120107024442716
20250706,0.006142362342364493
20250707,0.01508739872187425
20250708,0.004020533833751955
20250709,0.00019550379820781875
20250710,8.57485584515189e-07
20250711,0.00012975210200830226
20250712,7.187072437211287e-05
20250713,7.773109977140699e-05
20250714,0.0035860143726775184
20250715,0.0005892143060975573
20250716,0.004305254653674811
20250717,8.183141786029332e-05
20250718,2.6438383562988186e-06
20250719,0.0012220076549062295
20250720,0.00698776507225185
20250721,0.008517990992943593
20250722,0.004582228161116514
20250723,0.0005719295803451638
20250724,0.006813721528759147
20250725,0.0014823277077721565
20250726,0.0015986143012573961
20250727,0.011779666484147832
20250728,0.004721439019184286
20250729,0.0017460273244843763
20250730,0.00421848661727186
20250731,0.003070214894636438
20250801,0.01158913467444402
20250802,0.005706090404985647
20250803,0.00048622042047989525
20250804,0.0017518179948081353
20250805,0.0016139997166703397
20250806,1.4396966597126554e-06
20250807,3.0248544637829466e-06
20250808,2.547738813346196e-06
20250809,1.3387278111146768e-06
20250810,8.583068833445395e-07
20250811,0.0
20250812,1.2846361983065435e-06
20250813,8.773954850070635e-06
20250814,0.0001834082664382982
20250815,0.00047636399839834
20250816,0.0001045549802907608
20250817,2.5877408120625513e-06
20250818,1.8293035181425921e-06
20250819,0.0004182357552710184
20250820,0.0083130385612439
20250821,0.004987218258865524
20250822,3.8910317546008624e-05
20250823,9.687515358128782e-05
20250824,2.8229181810608113e-06
20250825,0.0
20250826,0.0005190985799378035
20250827,0.007242706827585477
20250828,0.010455749679446883
20250829,0.0034728987608305703
20250830,0.0014975941476131132
20250831,0.0058463102886339175
20250901,0.007570144700834184
20250902,0.001637413383467711
20250903,0.0013462248345504587
20250904,0.003589942712814022
20250905,0.002256691881625182
20250906,8.583068797918258e-07
20250907,1.470251597558477e-06
20250908,0.007227944010943216
20250909,0.022320913167779247
20250910,0.0009685871908711849
20250911,0.004795188653428793
20250912,0.0018751914115311612
20250913,0.009610622812506298
20250914,0.006873059609507864
20250915,0.004416934638458071
20250916,0.0011215127086233235
20250917,0.00012083957667514965
20250918,2.995028358806261e-06
20250919,4.261732051702438e-07
20250920,0.0013755142966339754
20250921,0.014732878549068362
20250922,0.014562787953851901
20250923,0.014585018650082661
20250924,0.0211665798594459
20250925,0.007125048995736419
20250926,0.004469078837882292
20250927,0.000604131158707845
20250928,2.2372966662649915e-05
20250929,0.0003105683216718013
20250930,0.000567807741812805
20251001,5.176497701891961e-06
20251002,4.2855738797697995e-06
20251003,0.001867226077022815
20251004,0.010504675177090915
20251005,0.003245921784504178
20251006,0.0006305896211989978
20251007,4.1549709052991815e-05
20251008,0.0003158356573132897
20251009,0.0004951585648401414
20251010,2.6781922619928376e-05
20251011,8.295068360169613e-05
20251012,1.2367549293161808e-05
20251013,0.00017595183685742796
20251014,6.554310548355258e-05
20251015,0.000353476316695207
20251016,0.000144008582490287
20251017,0.00022872608019108647
20251018,6.920078162794524e-06
20251019,0.00012897879017727002
20251020,0.009040196978901332
20251021,0.006197864752788139
20251022,0.006940449207058089
20251023,0.0218825841791471
20251024,0.003877574039976436
20251025,0.004916421790390135
20251026,0.0027694547621949887
20251027,0.012362355738544788
20251028,0.0019204567564966594
20251029,0.004931858999773337
20251030,0.0036745512026318287
20251031,0.0001529504298465293
20251101,0.007884106133748745
20251102,0.004841502803899938
20251103,0.00020407362269456842
20251104,2.2299112901221756e-05
20251105,8.583069401879584e-07
20251106,5.433090404648828e-07
20251107,8.797006122299047e-07
20251108,0.00042732955583252595
20251109,0.0012711572839047842
20251110,0.00151508585969133
20251111,0.00018673364212032546
20251112,1.1165667342717013e-06
20251113,1.8437077128362448e-10
20251114,0.0002318286819707513
20251115,0.004095698687890103
20251116,0.0012942681621966998
20251117,0.002507445470594543
20251118,0.0001679620830566983
20251119,0.00647309205641267
20251120,0.0021180450094025124
20251121,0.0002876157339240897
20251122,8.423497257884122e-07
20251123,0.00649475065956847
20251124,0.004647438480266398
20251125,0.0063669719065539785
20251126,0.001529231496135232
20251127,0.000515151004870677
20251128,0.003861527703022185
20251129,0.0013830930595329712
20251130,0.004558580841344879
20251201,3.74086484647719e-06
20251202,0.0011702050907862573
20251203,0.0023708542749031856
20251204,0.0014627443219949016
20251205,0.0004741103041058448
20251206,0.007097561041255123
20251207,0.009471946800724645
20251208,0.002197061035127459
20251209,2.7425191453296787e-06
20251210,0.004681566685623912
20251211,0.0001397206161996278
20251212,3.74741199781764e-05
20251213,0.000271473237576271
20251214,0.00020960315392253235
20251215,1.8978447651206383e-05
20251216,0.00017075250648282956
20251217,0.00015768807257994245
20251218,5.28006734014212e-05
20251219,0.0016921811317253603
20251220,0.003105963462275816
20251221,0.00014538959478873682
20251222,8.45515898703584e-06
20251223,1.9371924273461852e-05
20251224,0.0001274689831151117
20251225,3.6537009903121344e-06
20251226,9.063382685716807e-07
20251227,6.745225976583513e-06
20251228,3.287020618474197e-05
20251229,6.488904990998e-05
20251230,9.400837893334451e-05
20251231,0.00013713955151758918
