system:index,temperature_2m
19800101,270.8870116048543
19800102,271.19207378083183
19800103,271.0800244495926
19800104,273.22689797330094
19800105,275.45212648385694
19800106,274.94773576222525
19800107,274.7231201961803
19800108,274.1448231355187
19800109,272.04756983568006
19800110,270.707298909967
19800111,268.8916516241259
19800112,266.9926549999491
19800113,267.1140630130723
19800114,266.7438764614298
19800115,267.7373435753364
19800116,268.57342360376373
19800117,269.01223787702264
19800118,268.6904667318683
19800119,269.53845535545355
19800120,271.77226973770115
19800121,274.32802098509757
19800122,276.0042964280875
19800123,275.52957879190404
19800124,274.7480006898974
19800125,274.44141526817003
19800126,272.9053605005358
19800127,272.48742421641526
19800128,271.5712665155388
19800129,273.5369096731118
19800130,277.69689307127373
19800131,279.89376217005594
19800201,274.71265149405633
19800202,276.8957316875152
19800203,277.64294122077644
19800204,279.24938414805706
19800205,280.642056193376
19800206,278.9566332311013
19800207,277.9481410411627
19800208,277.9929365662944
19800209,280.31248462210567
19800210,279.7945012397274
19800211,276.910250719586
19800212,277.24094350850055
19800213,275.8206249117988
19800214,275.02390238677606
19800215,276.10837595875387
19800216,278.21779908310845
19800217,277.3518221626711
19800218,275.9138075730038
19800219,274.46128868068405
19800220,275.7874741121991
19800221,274.98996483312175
19800222,275.77825940578026
19800223,277.20947382531574
19800224,278.2018730935269
19800225,278.2182991209833
19800226,277.58109162700435
19800227,275.51247843086037
19800228,273.31999850470106
19800229,275.1245345955445
19800301,276.6213033205377
19800302,275.70729177675605
19800303,274.0141201021971
19800304,273.41831913212235
19800305,275.77793800248924
19800306,277.5398024367815
19800307,278.6485484563406
19800308,276.723559959296
19800309,276.2746836245919
19800310,277.5447512165571
19800311,277.40054279108597
19800312,276.7300430138027
19800313,278.10281749801135
19800314,278.11693651404624
19800315,276.6995369840694
19800316,277.6320562223245
19800317,277.59694321941026
19800318,279.51612758833704
19800319,278.36688576429475
19800320,274.96603313556113
19800321,275.22880571498564
19800322,277.04123655258826
19800323,278.124119300826
19800324,278.7801718010807
19800325,278.98321712747645
19800326,279.29292213175285
19800327,282.8821716761753
19800328,284.4386407148797
19800329,280.2951579564713
19800330,278.9505896642349
19800331,279.7403753845062
19800401,283.8732901106975
19800402,279.02892051009786
19800403,277.1046006306513
19800404,275.92486494173494
19800405,275.97376727285405
19800406,277.17711967306167
19800407,278.29604140557717
19800408,277.1210662402442
19800409,276.1726384524831
19800410,277.0410549506119
19800411,278.16259807575324
19800412,280.76645532764536
19800413,282.6173513937067
19800414,284.1732410949922
19800415,284.919853424935
19800416,286.0647873344517
19800417,285.69242070865414
19800418,281.77278402567816
19800419,280.23212186312634
19800420,276.52292709503365
19800421,277.38955421248437
19800422,277.03059155884563
19800423,277.1192041262907
19800424,278.27533006036134
19800425,276.7062976222024
19800426,276.66512011675417
19800427,279.02681301894637
19800428,279.7873583911762
19800429,280.20030593898065
19800430,282.86877410875167
19800501,285.022177105295
19800502,283.8708377134403
19800503,281.32053342515627
19800504,279.70170604141833
19800505,280.1454084639197
19800506,282.7633080436612
19800507,283.0156977691646
19800508,282.1314873844964
19800509,280.395416027095
19800510,282.06403622405134
19800511,284.8703614314296
19800512,286.8061812284505
19800513,286.5440459586169
19800514,284.985845414037
19800515,282.9399465298232
19800516,282.3412733679084
19800517,283.67295393622777
19800518,285.59687764538904
19800519,286.2985788209861
19800520,287.1339481072202
19800521,287.08462439437676
19800522,285.8477057309203
19800523,283.87989235731067
19800524,282.8331627897078
19800525,284.05347876459103
19800526,286.64346649728327
19800527,286.90949616841306
19800528,285.84340291780944
19800529,284.36249424551414
19800530,282.9895905766129
19800531,282.29387365780957
19800601,282.4875772822891
19800602,284.5371002362348
19800603,285.89805714729056
19800604,288.8761898517041
19800605,290.462761088629
19800606,291.397805925966
19800607,288.0718588392113
19800608,287.6967854256561
19800609,288.6748076921021
19800610,287.8530779193988
19800611,287.7857383878358
19800612,290.8058570182258
19800613,293.2202907839921
19800614,292.9154276582047
19800615,287.8819113942257
19800616,287.7874694439476
19800617,286.89740835517824
19800618,285.92138715353286
19800619,286.3150023802259
19800620,284.90379358683634
19800621,284.64892844987685
19800622,284.8714943085063
19800623,285.64087193195155
19800624,285.0801032356719
19800625,285.0846088957607
19800626,284.9804554376582
19800627,284.5718990143882
19800628,283.19942022215236
19800629,285.1100336309541
19800630,285.7400274767677
19800701,284.69466072650056
19800702,285.12062746673894
19800703,286.35267277346753
19800704,286.03945546585015
19800705,287.4655888778457
19800706,287.902638805064
19800707,287.94994003658405
19800708,287.1353865080727
19800709,286.1794168271111
19800710,284.73072058984565
19800711,284.88762393373776
19800712,285.6429847181046
19800713,284.0005966103517
19800714,286.6729534362768
19800715,286.7648512565271
19800716,285.0512732823077
19800717,284.7475491965146
19800718,286.13012007150337
19800719,287.90674315563257
19800720,287.40303040229236
19800721,284.19554921481915
19800722,285.28058536643096
19800723,289.17469601574385
19800724,291.4844796688685
19800725,293.6765750901207
19800726,293.98087309192607
19800727,291.28864923571444
19800728,293.03554023968815
19800729,293.5527034347294
19800730,289.846909958562
19800731,290.2014500865012
19800801,292.4705623017174
19800802,295.6548331948089
19800803,294.60737142026863
19800804,292.8682277684931
19800805,291.2235432643487
19800806,289.09189073753527
19800807,291.16749556409036
19800808,291.017355619794
19800809,290.6589126499643
19800810,290.7774258071627
19800811,291.0562026429562
19800812,288.4715394633499
19800813,286.9149782371362
19800814,290.42330227164575
19800815,291.75695918186995
19800816,289.39128264704544
19800817,290.6895586947351
19800818,291.52514309188126
19800819,290.4212751246934
19800820,289.31316028679265
19800821,289.6543403881048
19800822,285.8146622740242
19800823,284.14977050952507
19800824,283.7407149863099
19800825,285.0748799793389
19800826,287.88114901485
19800827,289.98863751191755
19800828,290.0705745597073
19800829,290.7513033907804
19800830,288.7940313079398
19800831,286.02850293974615
19800901,285.51127462903884
19800902,285.58811494668373
19800903,288.3414277115459
19800904,290.8410377895406
19800905,289.1294559343789
19800906,286.8256314298063
19800907,287.68185003198556
19800908,290.25489228251433
19800909,286.3709854611347
19800910,285.37821774851847
19800911,286.5661872432059
19800912,288.5336072506586
19800913,286.05808502661176
19800914,286.10876250296724
19800915,286.5613683345594
19800916,287.11149952666966
19800917,287.73755845196916
19800918,287.3695849552931
19800919,290.98797029804535
19800920,292.08836972081644
19800921,291.62333146367587
19800922,290.1841385310342
19800923,288.3810679268677
19800924,288.37905693943463
19800925,287.6964592758288
19800926,286.47518008817997
19800927,286.1251119014139
19800928,286.77224583551674
19800929,286.6972953872669
19800930,286.3001554512293
19801001,284.53490527134005
19801002,285.13981113248775
19801003,282.5643488301641
19801004,283.79468017702936
19801005,282.84845044858207
19801006,283.84250438711325
19801007,285.11068900272556
19801008,281.6325914480623
19801009,279.3280630669371
19801010,278.97798303187716
19801011,280.35970457531585
19801012,280.1328744865053
19801013,279.11326479288977
19801014,279.00058285242886
19801015,281.25893889164365
19801016,284.42476678915165
19801017,282.2807288689151
19801018,280.0376199060018
19801019,277.68765803654065
19801020,279.01785355503193
19801021,280.15519905824476
19801022,282.3502452148092
19801023,282.73011076739215
19801024,282.6761476129711
19801025,279.6730048121338
19801026,278.77966970800134
19801027,282.9358215554775
19801028,285.07842921473633
19801029,284.2005414019245
19801030,279.60713710546486
19801031,277.20588295585895
19801101,275.33097565095005
19801102,271.3543398601108
19801103,270.50848693396375
19801104,269.9086353152713
19801105,270.71606177439674
19801106,271.9928512299295
19801107,272.7677312704788
19801108,276.41620646683293
19801109,276.03720921395814
19801110,272.9867203904142
19801111,272.29060667991894
19801112,273.13256129809423
19801113,274.3388094334501
19801114,275.4202391126144
19801115,278.64675597642105
19801116,281.87867591081323
19801117,283.6806023685534
19801118,281.30533520255847
19801119,278.9937176203179
19801120,280.80408865603187
19801121,282.42136184552777
19801122,281.9574126156449
19801123,281.85535810762764
19801124,280.58490184879093
19801125,280.17339641631185
19801126,277.11038969662405
19801127,273.0017545366157
19801128,273.48788697624224
19801129,272.1109003102418
19801130,270.929316382119
19801201,268.27763685601684
19801202,267.7598920901336
19801203,270.797563432887
19801204,271.5184551159014
19801205,272.77123396657834
19801206,273.130935323463
19801207,267.7727711239785
19801208,266.7194483848475
19801209,266.6053393367724
19801210,270.7806799642088
19801211,273.84310224583777
19801212,273.77958312942326
19801213,276.38779902623446
19801214,280.5649618903422
19801215,279.50539169732264
19801216,274.7270862731747
19801217,271.4184912907966
19801218,273.89435718849535
19801219,272.34541223752746
19801220,273.834143374106
19801221,275.09321653198157
19801222,274.9121121116567
19801223,279.4382098381532
19801224,280.60325728845606
19801225,279.03036215577293
19801226,274.5013737460209
19801227,272.3081478922625
19801228,271.16354000031924
19801229,271.82714252771
19801230,274.0949837467291
19801231,273.7419828665038
19810101,275.09733392297534
19810102,275.45246152938535
19810103,278.94869426526003
19810104,275.12805450632203
19810105,272.5433128698758
19810106,272.16853517062515
19810107,269.57027067257394
19810108,269.6676288171756
19810109,271.75242471009716
19810110,273.646545918826
19810111,271.3115358014226
19810112,269.298777998255
19810113,270.7868935395574
19810114,270.54084797441874
19810115,272.9582971657032
19810116,271.3516116681438
19810117,275.37898193966686
19810118,272.78320812416194
19810119,275.02113018904487
19810120,272.6439948778697
19810121,270.0649151439465
19810122,270.23054173318945
19810123,270.3561216440864
19810124,270.2205529510514
19810125,273.7141722410703
19810126,273.8220120808182
19810127,273.30602331438206
19810128,273.9514931127454
19810129,271.3728130707146
19810130,271.86313146701167
19810131,272.407877877418
19810201,272.7330612803457
19810202,273.39954622157524
19810203,275.3859015878837
19810204,274.92974332542275
19810205,272.9849108333083
19810206,276.4281949230278
19810207,279.5909467424702
19810208,278.71379830251345
19810209,277.76539790747364
19810210,275.3730523285887
19810211,272.2597537701207
19810212,270.262551962923
19810213,270.2379935671775
19810214,270.6993604109474
19810215,271.20831111662864
19810216,271.6884469248184
19810217,272.70084920932453
19810218,272.02484581688844
19810219,271.1006999635004
19810220,270.74995080328307
19810221,269.7229405596074
19810222,269.3145014183536
19810223,271.0627518157692
19810224,272.7597673646557
19810225,273.0664040261376
19810226,273.4347264005398
19810227,273.98367878503586
19810228,274.24935772862955
19810301,277.278804329349
19810302,277.94614291664476
19810303,277.0757115602427
19810304,274.8240433020388
19810305,273.9876424474177
19810306,276.6838480278928
19810307,281.4798202425182
19810308,282.94649546691403
19810309,283.5105633459363
19810310,284.8732062555857
19810311,286.342699151167
19810312,282.61862241816664
19810313,280.3217923079503
19810314,278.55272978219415
19810315,277.2686676567411
19810316,276.071130220724
19810317,274.5139214409024
19810318,273.7882404746515
19810319,277.0335821761458
19810320,279.2872600993521
19810321,282.09869466863535
19810322,282.22409099144323
19810323,281.1857682125077
19810324,283.76171846824496
19810325,287.2784611330757
19810326,284.40566242740874
19810327,281.28680768049384
19810328,283.9374720393419
19810329,285.418597036479
19810330,283.62320995858425
19810331,284.959811283123
19810401,283.9968789241074
19810402,284.8106555499499
19810403,285.198162523044
19810404,282.73649765858494
19810405,278.86270881770577
19810406,280.1835792813304
19810407,285.00071017200406
19810408,285.23000032678124
19810409,285.4467454448066
19810410,286.7298856550269
19810411,287.6050719095408
19810412,287.8414957313291
19810413,287.62619847619874
19810414,287.3571842474118
19810415,285.943744376178
19810416,283.42236565030015
19810417,278.28880688043256
19810418,276.2189906061835
19810419,276.5039247194888
19810420,278.00126431149255
19810421,278.43945713231244
19810422,277.58176375463245
19810423,276.561855080249
19810424,277.3514612522712
19810425,280.64928842363753
19810426,278.1342006461628
19810427,275.4887839650773
19810428,276.7390487544345
19810429,277.9648225274487
19810430,281.84953794310735
19810501,280.9456094162703
19810502,277.7037932913266
19810503,277.9266863913158
19810504,277.9535472501131
19810505,278.8086687486677
19810506,281.7613915077295
19810507,286.2428669190421
19810508,286.47552047088413
19810509,288.3326303094927
19810510,290.22410347204965
19810511,286.03433382051855
19810512,285.4552074551756
19810513,285.28941828775373
19810514,284.7249059000779
19810515,285.7214326218334
19810516,285.13273002701465
19810517,283.6130294110782
19810518,286.07921181574005
19810519,289.60097718040237
19810520,291.4853876883862
19810521,292.08673379286506
19810522,286.7942502354658
19810523,285.768149092869
19810524,285.4736736798466
19810525,283.7924632303925
19810526,284.2597696562441
19810527,283.94350540483555
19810528,284.2125995294898
19810529,286.6017737080803
19810530,289.3179654436921
19810531,291.8389810390366
19810601,292.30348983621195
19810602,293.418387683213
19810603,289.5661562064643
19810604,285.17463233490963
19810605,286.750641740327
19810606,289.1925705720515
19810607,289.8743732026249
19810608,290.72245532734865
19810609,288.97584378232153
19810610,286.61431356119664
19810611,288.77172866484506
19810612,288.90007748775116
19810613,287.4138278935439
19810614,290.91400619465145
19810615,292.92830898715783
19810616,287.29054766562496
19810617,284.0404582963927
19810618,283.0393638055168
19810619,283.2527937257303
19810620,283.8865067968213
19810621,284.15881553124467
19810622,284.4545226488345
19810623,287.66611839258354
19810624,288.4295348413745
19810625,288.8974668523376
19810626,287.89270507405735
19810627,287.33948343495473
19810628,289.41153874455256
19810629,283.0576281067052
19810630,284.0000973023362
19810701,287.44145734940247
19810702,289.9179740621063
19810703,287.3683536573168
19810704,287.21856888761585
19810705,289.3162605941845
19810706,290.2384752533873
19810707,291.1559007553894
19810708,293.9843697399955
19810709,294.28599060989245
19810710,292.9754563617768
19810711,291.8462348405532
19810712,289.70097346106184
19810713,289.7074221985904
19810714,289.23073710634753
19810715,288.8056187502598
19810716,289.82005117143405
19810717,287.8848369774923
19810718,286.4051068244835
19810719,285.6887110495322
19810720,287.06660059639745
19810721,288.122412387934
19810722,289.2870813811865
19810723,287.8430107670964
19810724,286.2845952493124
19810725,284.9974574592747
19810726,285.9179800829441
19810727,288.1064232880134
19810728,288.36780693748074
19810729,291.1651588434898
19810730,291.5588479803737
19810731,292.46211689053274
19810801,292.79966959276294
19810802,292.65063733654574
19810803,292.9867235649305
19810804,294.12320940575813
19810805,295.7325560524357
19810806,296.00202635648816
19810807,293.53008869931426
19810808,292.64676627575517
19810809,290.1818744448866
19810810,288.03022825440104
19810811,288.2843149838731
19810812,290.48852692816354
19810813,291.58403463424827
19810814,292.68951756081657
19810815,294.07677063517093
19810816,291.77435799660867
19810817,286.30471386676135
19810818,287.1588064929652
19810819,288.312027656031
19810820,286.49024875885567
19810821,285.3702821244153
19810822,285.6965819204723
19810823,286.6965162910983
19810824,286.2244383068081
19810825,287.021458270511
19810826,288.1569778908294
19810827,287.597646797104
19810828,288.34700048433484
19810829,289.21511535813164
19810830,287.49542933711615
19810831,288.29808280795686
19810901,288.3622214756526
19810902,288.603937533092
19810903,288.0109059016661
19810904,287.5827097606778
19810905,288.3404842223286
19810906,288.8572756640975
19810907,290.32216304895104
19810908,290.5520670912901
19810909,289.6920571242274
19810910,289.7051480399033
19810911,288.7070369256551
19810912,288.51530922098203
19810913,286.3676402257348
19810914,284.96351468379936
19810915,285.6097717921451
19810916,288.08768677333705
19810917,287.57924386951555
19810918,288.1265734036885
19810919,287.35155406655514
19810920,292.00904080246164
19810921,290.73382493697653
19810922,289.2340449968239
19810923,286.09797371489225
19810924,284.62396753946416
19810925,284.96220228660553
19810926,287.0148740816317
19810927,284.78956681917265
19810928,283.8593697843739
19810929,283.4467795605671
19810930,283.1258030544604
19811001,285.29766756065436
19811002,285.3314094987575
19811003,282.0357190029593
19811004,282.7467750683714
19811005,285.132788200575
19811006,288.7515012905837
19811007,285.476709540082
19811008,284.2936795863034
19811009,285.9112787392913
19811010,283.39460961182675
19811011,282.22143614566386
19811012,279.69181693076524
19811013,278.8061803520939
19811014,279.4011025408277
19811015,282.2589464498963
19811016,279.5762176782551
19811017,282.7383341791039
19811018,285.8191857077704
19811019,282.74411487141566
19811020,282.27528347582233
19811021,278.00639594695156
19811022,277.4212417155303
19811023,277.0811019279756
19811024,277.32707612189995
19811025,277.4052837199434
19811026,277.4336471038271
19811027,276.074540023195
19811028,279.15796080796935
19811029,281.86105809416375
19811030,281.64189986345065
19811031,284.32754710624056
19811101,284.88191175819674
19811102,284.37781285508777
19811103,283.84748765394073
19811104,283.1083563007461
19811105,280.478350885275
19811106,277.6344608581923
19811107,275.1175781535581
19811108,272.14016176683043
19811109,272.12652815946944
19811110,271.36452323729935
19811111,273.1872224458278
19811112,277.10751862195673
19811113,278.1681239526477
19811114,276.4714588729609
19811115,273.70427121788435
19811116,271.98311203151155
19811117,274.47284473068163
19811118,280.302483795672
19811119,282.99870343764337
19811120,284.0368616120335
19811121,283.0668347933527
19811122,283.5737228833743
19811123,282.081423564374
19811124,277.2097444590593
19811125,273.7715077885917
19811126,274.7537432557871
19811127,277.5837245419577
19811128,275.82694231132683
19811129,275.05413870389884
19811130,275.8658129272618
19811201,274.05345811289055
19811202,274.0370319517911
19811203,272.86075070611986
19811204,275.54809080046317
19811205,273.63743400073105
19811206,274.01008042491395
19811207,275.0979582863542
19811208,277.4564975754616
19811209,272.3432226533857
19811210,273.07265956094267
19811211,275.6364863219684
19811212,270.90977896952114
19811213,268.3612889753562
19811214,275.90978388812454
19811215,274.56271859592636
19811216,269.16405649732013
19811217,267.53126764488536
19811218,270.22691700266506
19811219,265.4324094791029
19811220,265.3167057628815
19811221,271.5409719430325
19811222,273.6777139610296
19811223,273.12573370859235
19811224,273.55976321424714
19811225,271.9128738279057
19811226,269.9634621283586
19811227,269.22307554306707
19811228,274.04713294142914
19811229,276.3323040727801
19811230,277.24337695504863
19811231,279.84342729997746
19820101,277.08598218799744
19820102,277.29046275108425
19820103,280.94607902515014
19820104,281.53840517201996
19820105,281.21611993897284
19820106,273.27140401655953
19820107,267.05437080165854
19820108,267.3123800874951
19820109,270.5073131375212
19820110,265.5199932470925
19820111,271.54060857412475
19820112,267.2771939227941
19820113,264.03904762100495
19820114,263.0421806772598
19820115,267.5678834635935
19820116,269.48125556227626
19820117,270.05795228610174
19820118,270.90819711774674
19820119,271.1280232130997
19820120,270.1472052857308
19820121,273.230757856103
19820122,274.07287304108326
19820123,273.34568186879795
19820124,272.5866745501563
19820125,271.1928272093099
19820126,274.448192937331
19820127,274.1809623914257
19820128,272.1004055534198
19820129,276.3233579268608
19820130,279.1560486134976
19820131,277.74313839650443
19820201,273.67404789154654
19820202,272.637801417369
19820203,272.68890197849356
19820204,275.0482490821144
19820205,276.0205368176298
19820206,277.724696086395
19820207,279.0928161782634
19820208,278.60950366181356
19820209,276.6003916601276
19820210,277.6253195410813
19820211,279.1023614561415
19820212,278.61446203606044
19820213,278.3092016492978
19820214,277.7307945262886
19820215,276.3544612318865
19820216,275.0691680507004
19820217,274.36290459317064
19820218,275.3101708004969
19820219,273.1776981411263
19820220,273.17617740726917
19820221,272.21545631187604
19820222,272.55422945778923
19820223,271.6708955054295
19820224,270.13364052406195
19820225,269.7298959226178
19820226,270.8954805419286
19820227,272.75099445096413
19820228,276.6081941003586
19820301,280.22415891537094
19820302,277.28302419633417
19820303,279.929185037596
19820304,278.22919424605834
19820305,275.42570357558856
19820306,273.57885025728893
19820307,273.55906058279584
19820308,275.29847270123327
19820309,275.5754932308882
19820310,277.8258195620754
19820311,275.7984200436255
19820312,276.40202499159267
19820313,274.32799322136134
19820314,275.5301973754135
19820315,278.7351348220256
19820316,278.8191754156246
19820317,276.9935776894775
19820318,275.57448982222974
19820319,276.36187433419434
19820320,276.6181534590776
19820321,276.2581141290519
19820322,275.9737366162215
19820323,277.2478935214688
19820324,278.10879850168175
19820325,279.324436670576
19820326,280.604582652985
19820327,282.18357709398475
19820328,281.51349407291247
19820329,279.8344106515272
19820330,277.9097933757967
19820331,278.43697593451344
19820401,280.9813069480724
19820402,281.88908912863604
19820403,280.8339280861125
19820404,282.1341146109121
19820405,284.38606435160176
19820406,283.64873053080447
19820407,282.6990250415865
19820408,280.4225092297712
19820409,275.2697781233846
19820410,276.96599178117464
19820411,276.82687284804047
19820412,274.6335752602664
19820413,274.677993379541
19820414,276.57910138644274
19820415,279.01856014335743
19820416,281.2639762820214
19820417,281.3118168238969
19820418,279.6727939868755
19820419,280.5375354131484
19820420,280.90037859596725
19820421,281.7676761224823
19820422,282.18905645560335
19820423,281.6838678693212
19820424,278.2268832311881
19820425,280.5001762838842
19820426,279.8902012071601
19820427,279.8341406754093
19820428,279.7844022870163
19820429,279.3969394626443
19820430,277.1540158682362
19820501,280.33178565175604
19820502,278.96722158257927
19820503,282.6695375164633
19820504,282.16153809856644
19820505,280.64600859657486
19820506,279.1097050668696
19820507,279.2601059351848
19820508,280.6664909411854
19820509,281.80403928508787
19820510,281.10774101142033
19820511,281.9582218515725
19820512,284.26976589645903
19820513,285.9501813134001
19820514,287.62017259552823
19820515,289.2268512671563
19820516,290.0312209495738
19820517,288.9826994202121
19820518,289.35516742241447
19820519,288.34672587858614
19820520,288.13654368972794
19820521,288.0485879380656
19820522,286.64029441769236
19820523,285.5831736622672
19820524,284.34453362598117
19820525,286.3802786922167
19820526,289.8823378581612
19820527,290.37381771958655
19820528,287.0051220046878
19820529,287.0848907134649
19820530,289.295574094611
19820531,291.0555476383582
19820601,293.43122114075896
19820602,293.54497995325613
19820603,293.58194060201384
19820604,294.18929756945437
19820605,292.94609832108847
19820606,293.08041165165645
19820607,292.4788294653108
19820608,292.3384950246453
19820609,291.9588249013835
19820610,292.16103396057787
19820611,290.18622106265235
19820612,286.62302928542
19820613,284.8304653544501
19820614,284.021408518105
19820615,285.5548321959979
19820616,286.56091344319935
19820617,287.4022359679468
19820618,288.2842983787238
19820619,286.99036149210673
19820620,287.5109517214735
19820621,289.58233258758236
19820622,291.0839784881481
19820623,289.39482476820245
19820624,288.8439227951326
19820625,291.2105155386282
19820626,289.98342211780675
19820627,287.4932497158641
19820628,286.6536442514866
19820629,286.5453458818119
19820630,286.50724767628293
19820701,288.44471332719064
19820702,292.86555838443843
19820703,292.72065551323504
19820704,287.89806907289733
19820705,288.22682156036694
19820706,290.28605055475276
19820707,290.61420217915605
19820708,292.4768493266332
19820709,295.9263570942333
19820710,294.3774112353129
19820711,296.22724864600633
19820712,296.55374732542174
19820713,296.5613026838553
19820714,296.15390185049444
19820715,294.22684521073785
19820716,292.99246698636114
19820717,292.15078801791014
19820718,292.38261594973375
19820719,292.8800994931412
19820720,294.6379982434698
19820721,294.25928081749356
19820722,291.7843528187662
19820723,291.0795180198311
19820724,290.79012758714583
19820725,289.3754650037929
19820726,288.1766689995764
19820727,287.65509177515605
19820728,288.34121660778675
19820729,291.2737953318928
19820730,294.45642724086196
19820731,291.1612581907919
19820801,291.79935936940643
19820802,293.9879620301545
19820803,292.5228326222744
19820804,291.8104585008288
19820805,291.06075570580384
19820806,289.9889783645347
19820807,289.9676923226609
19820808,290.5703790817113
19820809,290.3265285150325
19820810,290.40833883877946
19820811,291.67890467629655
19820812,294.26698276358064
19820813,291.1151253823602
19820814,289.5935230383156
19820815,290.8777254658185
19820816,290.998794734376
19820817,289.9110676821484
19820818,290.63336479400226
19820819,289.14882237433653
19820820,286.64856087938904
19820821,285.5123274503232
19820822,286.4712141100699
19820823,287.71519635213303
19820824,287.1508169094447
19820825,287.723703347568
19820826,290.3122564247257
19820827,287.97897231548427
19820828,287.4159577730854
19820829,287.98894696320866
19820830,289.15313813176755
19820831,286.870766641804
19820901,286.35656494770785
19820902,286.517704583879
19820903,287.1463728889715
19820904,289.68258463743393
19820905,293.1105282455265
19820906,290.08968215906975
19820907,287.7779013910034
19820908,288.12614878159894
19820909,289.02276480773907
19820910,291.3077090804199
19820911,291.87560238569796
19820912,291.764241282038
19820913,291.1903568271276
19820914,291.59356671066394
19820915,292.89396875037363
19820916,293.09842105737056
19820917,293.1515967576767
19820918,291.89679223661716
19820919,292.3887155594612
19820920,292.3429551531944
19820921,291.3830463904809
19820922,285.7321036237631
19820923,284.4453953725705
19820924,286.6427067845378
19820925,289.914336840512
19820926,287.24544034227006
19820927,286.36184246169495
19820928,286.9385358662691
19820929,287.877617636994
19820930,286.8374320429029
19821001,286.21103579777076
19821002,286.72934003986285
19821003,286.2573649836049
19821004,285.5851488798499
19821005,283.47966515885304
19821006,281.9864852722825
19821007,282.2808067533546
19821008,282.6442682070702
19821009,281.6097678609168
19821010,282.3610618273188
19821011,282.4790544818998
19821012,282.4792872946986
19821013,284.1313548628771
19821014,282.76272724846507
19821015,280.6656515857161
19821016,280.2846685886628
19821017,283.43447653474715
19821018,284.4121427348141
19821019,282.9954117905255
19821020,282.31859359494086
19821021,283.04211787443245
19821022,284.2187193679591
19821023,282.84569934759344
19821024,281.4439759870117
19821025,279.6266977497365
19821026,282.4276540686699
19821027,284.31952845956494
19821028,283.0998085774977
19821029,280.6847648132768
19821030,278.9313569610005
19821031,280.41270297245677
19821101,282.2597505405295
19821102,282.3584386841161
19821103,282.2420384647084
19821104,281.6023268440934
19821105,281.4395527181975
19821106,279.5022437192314
19821107,278.9516310708438
19821108,282.7881367906128
19821109,283.5687234158916
19821110,282.1468704752985
19821111,282.956722001372
19821112,282.71262794676426
19821113,279.35298210852795
19821114,277.00609136923373
19821115,275.4995431008312
19821116,274.19457915895
19821117,276.4787851229875
19821118,280.6073846690916
19821119,280.33486977543953
19821120,278.96561493657674
19821121,277.8284241154875
19821122,280.57221238526887
19821123,283.46035767871666
19821124,281.5301171096586
19821125,278.9253054497631
19821126,278.95507276687994
19821127,277.47639096258723
19821128,276.07591075298404
19821129,275.05549768571996
19821130,275.09168422253885
19821201,274.5908484160538
19821202,273.6366322931197
19821203,275.00290512145426
19821204,275.28529774062275
19821205,274.98812146821336
19821206,278.7928528719771
19821207,280.41576868063163
19821208,281.6489633271032
19821209,279.6159036522362
19821210,280.0314706324428
19821211,275.0723928410528
19821212,275.5455069194
19821213,275.49691769014765
19821214,273.2315425371584
19821215,277.3068036421858
19821216,280.61685525212346
19821217,274.8215313774263
19821218,272.5309636348814
19821219,272.11290111517127
19821220,278.22702282463644
19821221,275.62485484718775
19821222,274.3819560547667
19821223,271.9379044696359
19821224,271.0573261249294
19821225,273.20857117601247
19821226,275.73052379650056
19821227,277.90097786838555
19821228,276.0819779664428
19821229,273.85731740509146
19821230,271.6207421666351
19821231,271.17091220564856
19830101,270.910362915913
19830102,273.3855379834094
19830103,278.23302552748896
19830104,280.163205538314
19830105,282.1532964527434
19830106,281.40351252305646
19830107,277.800997448812
19830108,275.40026435292066
19830109,275.18639555084656
19830110,278.06500001177386
19830111,277.94359027524746
19830112,274.50181564986946
19830113,275.5834768754688
19830114,273.6002852052147
19830115,276.8142341290383
19830116,279.3304111335468
19830117,278.5025060892818
19830118,276.19064335890477
19830119,272.9573266418243
19830120,272.38746306596914
19830121,273.9849470526234
19830122,274.53066820544444
19830123,273.3386241486672
19830124,272.91793880646384
19830125,275.79259975149927
19830126,279.89486167912537
19830127,281.20710734676146
19830128,280.4352241189127
19830129,279.8326122600879
19830130,277.43265664069185
19830131,274.6385330396831
19830201,278.391786979604
19830202,273.9072782255974
19830203,273.67060236870816
19830204,270.6884715618092
19830205,273.20595741585936
19830206,273.5312211231141
19830207,272.1186313019854
19830208,270.80195188434413
19830209,269.82305316911606
19830210,270.2506903597101
19830211,268.490198636266
19830212,269.7798567410676
19830213,269.54079735198667
19830214,269.411243083841
19830215,270.1202005171301
19830216,268.63847778316256
19830217,269.18938967877983
19830218,270.70354127567697
19830219,271.31473129127284
19830220,270.91701961541787
19830221,270.8826530724753
19830222,269.31154994235237
19830223,270.79543907123684
19830224,274.1925265865315
19830225,277.3686177045984
19830226,280.1016545323742
19830227,278.44469227065275
19830228,276.96066690578283
19830301,274.2192793650602
19830302,273.50928476185294
19830303,274.53040323658996
19830304,275.57302215737127
19830305,275.4174378748402
19830306,276.39760883213063
19830307,278.8228343606194
19830308,279.31060388034206
19830309,279.8510925932859
19830310,278.1482249466738
19830311,277.6664168225033
19830312,276.4963237073417
19830313,279.1101494633442
19830314,282.4638250695088
19830315,280.54543122826425
19830316,278.43818500138246
19830317,278.61229541637175
19830318,281.95648997796894
19830319,281.69859195342883
19830320,281.29453512861284
19830321,280.3588950165452
19830322,277.0211905020765
19830323,278.31224022100065
19830324,279.64546978088686
19830325,275.6337885022769
19830326,274.6660105949673
19830327,274.7758764531953
19830328,275.2517303160684
19830329,274.7363493325376
19830330,276.43507894872704
19830331,278.2068096303406
19830401,279.1520195074097
19830402,278.3163856067178
19830403,276.2745779180643
19830404,274.3459548673543
19830405,276.8780016833687
19830406,278.466468300541
19830407,279.0827563117937
19830408,282.21456554121045
19830409,279.511282938392
19830410,284.40795618091084
19830411,281.0331751228796
19830412,276.8364190204137
19830413,276.6828891415618
19830414,277.0911724185948
19830415,279.657352815753
19830416,282.6465997907174
19830417,285.5960070139197
19830418,286.44306063677175
19830419,282.4355157263127
19830420,283.6629571352149
19830421,284.95524548775774
19830422,283.29683533538156
19830423,283.8893863024627
19830424,282.6760064149668
19830425,282.16660899334835
19830426,282.4604054780566
19830427,283.0934452426081
19830428,283.6345130101957
19830429,283.80460828033006
19830430,284.1964421170557
19830501,284.0406680486958
19830502,281.38959904105513
19830503,281.37380363013295
19830504,282.1070253153412
19830505,283.7751426718541
19830506,285.7241498604523
19830507,284.8470597054416
19830508,283.20046458235026
19830509,283.399281338732
19830510,281.7244502593264
19830511,281.48929446277197
19830512,282.8152534020848
19830513,281.79111718463975
19830514,284.2547165890328
19830515,286.1393653702974
19830516,284.7815417058616
19830517,283.6731952672433
19830518,284.1888028210178
19830519,283.8609720068142
19830520,285.35275740904024
19830521,283.21715958388563
19830522,282.8000863718341
19830523,283.11053203557594
19830524,281.65327095790303
19830525,280.49022111566904
19830526,279.8979447002476
19830527,280.3789652058924
19830528,281.5191650367357
19830529,282.5391930102953
19830530,284.44762532170245
19830531,288.7019773260873
19830601,290.1748663528307
19830602,288.52848411495773
19830603,289.45901863229733
19830604,292.7337080350028
19830605,292.83168561050326
19830606,289.5342027693796
19830607,289.3153216819797
19830608,292.98911095685577
19830609,291.7822822850073
19830610,289.11833775758396
19830611,288.90272474503047
19830612,290.22190894552944
19830613,288.39458279009176
19830614,287.2700544571815
19830615,284.8742386249598
19830616,283.33436682997956
19830617,283.7274466685355
19830618,284.85224378972976
19830619,288.44780492992027
19830620,290.45915209231333
19830621,290.8760316882398
19830622,291.3344628705664
19830623,292.9302254160838
19830624,291.93061480054575
19830625,291.9873035071677
19830626,291.16918160849895
19830627,289.9721367582987
19830628,286.6334678188591
19830629,287.54341176482603
19830630,287.3824492925949
19830701,286.9358560983463
19830702,288.13331502999097
19830703,290.9296585724719
19830704,292.79929002392225
19830705,294.07568968930144
19830706,294.07564443037137
19830707,293.081608137192
19830708,293.5349965811478
19830709,294.7673141614768
19830710,296.3949871831846
19830711,296.71026110171755
19830712,296.62255034896185
19830713,294.3668233026929
19830714,290.68417330936603
19830715,292.8307940934671
19830716,296.37100268921637
19830717,297.6429435408225
19830718,295.11893966701837
19830719,294.7580407604116
19830720,292.30913180165743
19830721,289.59592802625974
19830722,294.3883391144333
19830723,295.81593964681866
19830724,293.5918082686977
19830725,295.5456934859956
19830726,299.4633370062291
19830727,299.9882266216407
19830728,297.5369794085662
19830729,294.13568683535976
19830730,295.86255467980226
19830731,299.77796726581727
19830801,294.359598490065
19830802,288.894702126214
19830803,287.38303699509515
19830804,288.409758690483
19830805,288.17971726871747
19830806,287.18950328179307
19830807,289.4978973642056
19830808,292.09465903351196
19830809,294.5226339574647
19830810,294.6133706755301
19830811,293.7704450709718
19830812,293.2162384702198
19830813,289.1830598171073
19830814,288.5434699952794
19830815,291.5242203625701
19830816,291.9879893607836
19830817,292.2181645459091
19830818,293.949085227427
19830819,296.23137941043393
19830820,294.4623051988012
19830821,293.0985269570117
19830822,293.11760840052926
19830823,293.43653285676083
19830824,293.073006548454
19830825,294.97655972045357
19830826,295.1876571181114
19830827,295.1668810572633
19830828,293.65080568743684
19830829,291.57172553418974
19830830,292.93912802230005
19830831,293.63945112921
19830901,291.61533918615163
19830902,290.1834158276508
19830903,287.4639936093958
19830904,287.0687115068172
19830905,289.1284772429779
19830906,286.96343859427014
19830907,285.2087812348247
19830908,287.44948442659773
19830909,290.24225209459195
19830910,288.2541344089031
19830911,284.50077787372805
19830912,283.5013994888133
19830913,283.7246653611308
19830914,287.1463283137968
19830915,289.0818821974206
19830916,285.3749207245584
19830917,283.8083264023267
19830918,285.6845395370436
19830919,287.21764894407426
19830920,284.69995942470604
19830921,286.8748205937163
19830922,286.18628968159106
19830923,286.52464899373996
19830924,290.38775242949026
19830925,286.85485906192076
19830926,285.2607765182855
19830927,287.7849030855212
19830928,288.9928430995438
19830929,288.6855150552263
19830930,288.1172686276611
19831001,287.06854504138806
19831002,287.90899148057593
19831003,289.74756718452517
19831004,290.8131326277993
19831005,289.6604340309424
19831006,285.6724512506945
19831007,284.17568248672177
19831008,284.0957657623469
19831009,284.09092322468484
19831010,285.6243227299891
19831011,283.0261217116141
19831012,281.31692773322646
19831013,285.1413329096325
19831014,285.7107297048305
19831015,284.9538997476309
19831016,283.54341882922466
19831017,280.54116052123794
19831018,281.1666233176264
19831019,284.3461046946779
19831020,281.47933627921503
19831021,279.6247681061341
19831022,277.93131305491755
19831023,278.2078827797057
19831024,277.9098787597633
19831025,278.3639553022464
19831026,280.1109644420206
19831027,280.5551495140522
19831028,279.20879450924156
19831029,277.5070635841727
19831030,276.613919747516
19831031,277.83788151028494
19831101,280.13239087175253
19831102,281.65710494649187
19831103,279.9765844919949
19831104,281.9132323730244
19831105,281.83900988858005
19831106,281.34864556639485
19831107,279.87676162488015
19831108,280.7445942040022
19831109,279.97153806874246
19831110,278.05710560083315
19831111,276.92338059954176
19831112,276.4921054542951
19831113,273.3297274847831
19831114,270.9151252788395
19831115,271.03731380799087
19831116,274.4196425406389
19831117,275.53391567085635
19831118,274.1486674398615
19831119,273.9083860023231
19831120,272.50564863595986
19831121,273.6045324136541
19831122,271.45278629445687
19831123,271.38352266335767
19831124,273.381666010499
19831125,280.3614215226457
19831126,284.2273605472256
19831127,282.72296216074494
19831128,280.10591700128595
19831129,277.2907330675122
19831130,274.8539114220019
19831201,270.61118195227994
19831202,269.9790706041294
19831203,269.680571103384
19831204,271.1762495968942
19831205,271.77193931055007
19831206,272.6244548406286
19831207,272.8781909593568
19831208,272.6353012242902
19831209,274.2560725100047
19831210,274.67146885724554
19831211,271.43142582200886
19831212,270.92913071854406
19831213,270.52109929549243
19831214,270.63766769874286
19831215,272.8663686718115
19831216,271.8303957000364
19831217,274.43751945733436
19831218,275.1698569830642
19831219,277.84324874279946
19831220,278.37898287282576
19831221,278.1251619658445
19831222,277.6755147831104
19831223,281.45084134276345
19831224,283.54983852156863
19831225,283.00476650416385
19831226,279.87916027024517
19831227,276.87135573773213
19831228,278.90368983349964
19831229,277.3782142937309
19831230,277.1404705333204
19831231,274.6997445183313
19840101,274.4290714440766
19840102,276.2654350375849
19840103,276.65167492296604
19840104,273.96820225756613
19840105,273.0988939047067
19840106,274.8248260660943
19840107,275.4878298049411
19840108,273.6611241024926
19840109,273.2763304807031
19840110,272.35824695702814
19840111,273.3667857768984
19840112,274.8349558008188
19840113,275.91029243103276
19840114,279.2117824209684
19840115,274.60370133995394
19840116,275.77802701309116
19840117,277.35228545430175
19840118,273.6755871578185
19840119,272.60249327010996
19840120,271.9314371470934
19840121,271.1167408468918
19840122,272.5661956639772
19840123,273.9791178419495
19840124,272.9985960038394
19840125,271.15598338145065
19840126,272.49785262408074
19840127,276.1051954368725
19840128,275.8489513507863
19840129,275.63535418039635
19840130,276.19469470901174
19840131,275.80049175156734
19840201,275.5138680342447
19840202,276.9886402198291
19840203,276.4628635044723
19840204,276.485569729135
19840205,278.20426617830043
19840206,277.02747146587836
19840207,277.09260695375104
19840208,274.76441838441764
19840209,274.2469893242372
19840210,272.52523153628596
19840211,275.67346821019976
19840212,272.28499794772637
19840213,271.39335598911003
19840214,271.32789861225115
19840215,271.0740018888907
19840216,270.10865088049064
19840217,269.83609814853315
19840218,270.1544754359563
19840219,270.2729076437242
19840220,272.6542244209675
19840221,275.2330584222381
19840222,274.90841371889974
19840223,274.5595977237302
19840224,273.2525441737716
19840225,272.58616287293086
19840226,273.880901430586
19840227,273.3703516247832
19840228,272.5901564307134
19840229,271.64142758692293
19840301,272.36608358087494
19840302,273.62228471271334
19840303,272.4075065935568
19840304,271.2619000065443
19840305,271.358215387994
19840306,274.8324914193406
19840307,276.0990062537662
19840308,273.66555909564306
19840309,271.7512273662548
19840310,271.50384744815705
19840311,273.6905692373418
19840312,273.4189093892984
19840313,274.14957619617303
19840314,275.742123737598
19840315,276.288328540759
19840316,276.71540016357307
19840317,277.3454807526616
19840318,277.4671041819699
19840319,276.94124858943076
19840320,276.0170992066034
19840321,277.14229936996986
19840322,277.6958505646704
19840323,278.070739772673
19840324,278.41187075048344
19840325,278.19787699666784
19840326,278.96122055452355
19840327,279.3118050664703
19840328,281.29786859474183
19840329,278.77640024991956
19840330,276.8929975006757
19840331,277.5808576653141
19840401,276.39909378726065
19840402,273.7525404271709
19840403,273.3231943134019
19840404,273.66215459401286
19840405,274.1834432468104
19840406,275.6800196103738
19840407,276.97045160109155
19840408,276.4973335910891
19840409,276.9417993038035
19840410,276.0765117950476
19840411,277.45962350772305
19840412,277.96532231302444
19840413,278.2905251190199
19840414,281.9639419649136
19840415,284.8230544611645
19840416,279.59548519955393
19840417,277.346272468021
19840418,278.46937906370283
19840419,280.08758450275036
19840420,282.6238803576701
19840421,285.0789672173675
19840422,287.032307256296
19840423,287.51592070884
19840424,285.8473507384703
19840425,284.79160138439846
19840426,285.60685824888805
19840427,282.4892022993708
19840428,281.01061799232724
19840429,279.4716600375784
19840430,280.7742437094553
19840501,281.7843698317434
19840502,283.0901350287572
19840503,283.6435896037836
19840504,284.52043881239365
19840505,285.0794531458667
19840506,285.77955096904407
19840507,279.870041825108
19840508,278.7783061762644
19840509,278.7466326200635
19840510,279.67991240172927
19840511,280.3181238471106
19840512,280.365166243566
19840513,279.873738924991
19840514,281.16222478265917
19840515,282.8045130773761
19840516,283.8688287667473
19840517,284.21398534880433
19840518,285.7174504279488
19840519,285.6106905357805
19840520,285.162950878558
19840521,282.50332775652555
19840522,283.8674517449583
19840523,284.1782327478093
19840524,282.82670563484095
19840525,284.3292554799115
19840526,285.0443825686034
19840527,283.77307668962266
19840528,281.3979754355191
19840529,281.8070749164987
19840530,281.6878344050626
19840531,283.5751244331826
19840601,285.5300996102187
19840602,287.7104041981109
19840603,286.53959645453523
19840604,283.0477009268905
19840605,283.5696395140364
19840606,284.1458652678155
19840607,283.9253122401762
19840608,285.356384477226
19840609,283.81608645224446
19840610,286.28581051031455
19840611,287.07145881896224
19840612,286.9098386752789
19840613,288.4718672222693
19840614,288.8786018731185
19840615,285.93164565275254
19840616,286.32011665909323
19840617,287.71363288545626
19840618,289.17267901078816
19840619,291.0971714083742
19840620,292.372676630502
19840621,291.48777693517246
19840622,289.1121678037551
19840623,287.14907409508
19840624,284.757891905514
19840625,285.12973149106625
19840626,287.45649828013075
19840627,289.1690277792095
19840628,287.6068402598663
19840629,283.9066802716968
19840630,284.8775583179808
19840701,286.5762226056058
19840702,287.12220245196005
19840703,283.8563697926482
19840704,284.13954061895043
19840705,285.75028304327367
19840706,287.9190777794329
19840707,289.8313361006514
19840708,293.0036774142996
19840709,295.6775599162397
19840710,296.9807978461138
19840711,297.0285110702769
19840712,291.16742783808877
19840713,289.35043951919727
19840714,287.7044007154696
19840715,287.7160875769701
19840716,285.9781620160605
19840717,285.944841937038
19840718,287.12281225076435
19840719,288.4716918533535
19840720,287.85346731270397
19840721,288.5682688443254
19840722,289.5600364738656
19840723,289.8746199875764
19840724,291.55173818852035
19840725,290.496188938543
19840726,288.3527766814537
19840727,288.05439428052784
19840728,288.89222497290547
19840729,292.81159881681515
19840730,295.6553826008644
19840731,296.0857323752809
19840801,290.5813062667197
19840802,291.6523241813497
19840803,294.13305790722154
19840804,291.49918141965594
19840805,289.48869069610095
19840806,287.7533934056549
19840807,288.2929907021348
19840808,289.21929640183464
19840809,289.86937195421325
19840810,289.60100099116437
19840811,287.909062740523
19840812,288.10284669754975
19840813,290.1266662618774
19840814,290.459819386383
19840815,290.6503719625659
19840816,290.7164187075169
19840817,290.89738342135746
19840818,291.1178950174628
19840819,291.7570957085399
19840820,292.75215617287057
19840821,293.49658596797394
19840822,293.8750500365306
19840823,294.2869292883705
19840824,290.7692643803512
19840825,289.8680547374475
19840826,290.295780434716
19840827,290.27593596165906
19840828,290.65614834999093
19840829,290.42336802472886
19840830,289.8724209597024
19840831,291.0165814032087
19840901,291.4193846477178
19840902,292.982919511091
19840903,292.285014455949
19840904,289.6458731436432
19840905,284.71190638209833
19840906,283.390063438519
19840907,282.23675178003936
19840908,283.4814886502196
19840909,284.9676420520541
19840910,284.6203872004134
19840911,285.12409640776934
19840912,287.8117562761899
19840913,288.90475065365587
19840914,288.11485556493136
19840915,286.41995178775227
19840916,286.3465366517311
19840917,286.84497400302934
19840918,286.1870268884618
19840919,285.80585134697634
19840920,286.432036547021
19840921,284.63296666014816
19840922,282.09833210985147
19840923,282.3201681502739
19840924,281.18650226976814
19840925,281.6448062245558
19840926,281.945577225332
19840927,282.80963132936205
19840928,286.05679247379044
19840929,287.68086016133554
19840930,287.5247292228909
19841001,286.6469072831385
19841002,283.6700083638688
19841003,282.862591243178
19841004,282.4933149670504
19841005,282.9709478114694
19841006,282.4380311834077
19841007,281.8507661971334
19841008,282.95067753619475
19841009,285.99766049050885
19841010,286.80116909802115
19841011,286.1347026426652
19841012,284.14732291480277
19841013,283.76117669123045
19841014,282.65330794434817
19841015,284.51176739659496
19841016,284.76967873433387
19841017,283.07725427099587
19841018,286.27299109348155
19841019,287.05732147241457
19841020,283.2753866841077
19841021,281.4571264974008
19841022,281.68304936647297
19841023,284.5825347713601
19841024,283.63789907339634
19841025,286.53656973875655
19841026,283.49987308086014
19841027,280.78981095816545
19841028,279.33578722011833
19841029,281.09856841776804
19841030,281.64932405215643
19841031,281.98551871705445
19841101,281.6651109887737
19841102,281.4904241003232
19841103,280.31498519493164
19841104,278.68948489046494
19841105,280.8500711717015
19841106,281.1715699595877
19841107,281.2280086526179
19841108,283.8132245208811
19841109,281.73215371106636
19841110,281.94047111494393
19841111,281.09474597527736
19841112,279.24390441965767
19841113,278.93889260359987
19841114,278.2797021088456
19841115,277.71250736275323
19841116,277.9657914924909
19841117,277.73517050660087
19841118,278.32444301033615
19841119,277.8503356332704
19841120,278.31719637575077
19841121,278.9973974625562
19841122,282.68629942727347
19841123,284.8523560673771
19841124,282.9334271865279
19841125,281.73990572676695
19841126,279.37328703974555
19841127,275.47604802275464
19841128,276.95825132534225
19841129,278.90065846145757
19841130,278.07951969892736
19841201,276.2024947024432
19841202,276.24096555678835
19841203,276.45389960349445
19841204,275.9061925768439
19841205,277.06124189520204
19841206,277.3308396106133
19841207,277.47196145117033
19841208,277.5696386955449
19841209,277.5951519697023
19841210,275.791837336087
19841211,275.3699328530644
19841212,275.04040275694234
19841213,274.91257124712223
19841214,277.93733077166263
19841215,275.24279571379464
19841216,275.91489784464767
19841217,276.4072712644242
19841218,275.8202706343278
19841219,273.5006181877157
19841220,278.1873191172446
19841221,277.3175412196898
19841222,272.65406263828794
19841223,273.065189665262
19841224,275.0186857646875
19841225,274.2605251249682
19841226,273.33571496875123
19841227,273.538428086726
19841228,272.8297104113083
19841229,271.136219043895
19841230,271.2341182527394
19841231,269.5761429097362
19850101,272.63007818303623
19850102,270.202569715798
19850103,268.6446760673188
19850104,264.30565826174836
19850105,259.4017840876547
19850106,259.4439027211829
19850107,261.427256928249
19850108,258.62424508203986
19850109,259.86070246026253
19850110,263.99604664865666
19850111,263.6834640623625
19850112,263.8958331920712
19850113,262.8354314945645
19850114,260.24907706551954
19850115,260.2049536865299
19850116,261.1905390678914
19850117,264.61404286887256
19850118,268.43704980080656
19850119,271.12002266632635
19850120,270.83660475578006
19850121,276.3686435381497
19850122,278.9831365215604
19850123,273.16746712859145
19850124,272.020177785284
19850125,273.7454587437764
19850126,277.2327350551603
19850127,271.6765008890699
19850128,272.33744619126713
19850129,275.90805539720867
19850130,278.90346702622145
19850131,278.81547805059745
19850201,280.03345879941645
19850202,280.40701723601006
19850203,276.3479996863245
19850204,273.6263653950478
19850205,275.6784360974937
19850206,278.35981618355424
19850207,275.4119317906221
19850208,274.6124352137598
19850209,275.9859520747975
19850210,265.6812264833532
19850211,263.3931610698267
19850212,263.9539308031
19850213,266.50542224648774
19850214,270.91571689052415
19850215,265.310475535334
19850216,266.6366061716294
19850217,269.5251788937815
19850218,265.7821294589699
19850219,265.1482280026332
19850220,267.2004573974497
19850221,270.19993996295545
19850222,271.72594744002646
19850223,272.97166628964095
19850224,276.2710269054821
19850225,277.822182550669
19850226,277.47877605869905
19850227,276.9185442559082
19850228,276.8577816788265
19850301,277.3823770613599
19850302,277.2360877846644
19850303,278.1106423191816
19850304,279.12669155942615
19850305,277.5254751387027
19850306,277.0247524247965
19850307,276.2657979177383
19850308,276.52616815957884
19850309,276.4618176692113
19850310,275.9133365930023
19850311,275.240031347973
19850312,274.6680760746936
19850313,276.10338396248693
19850314,274.9012811863311
19850315,274.09154791125474
19850316,273.3515095200974
19850317,272.50666270249116
19850318,271.53147695781826
19850319,269.59058047885543
19850320,271.17485683296763
19850321,274.54707084579985
19850322,277.7536577847921
19850323,277.8644781075125
19850324,277.3378086935554
19850325,279.3298844671641
19850326,280.2053815943391
19850327,277.861517578504
19850328,274.1789551762143
19850329,276.1872999537868
19850330,281.47499038257837
19850331,281.86184193359213
19850401,284.4341258771986
19850402,283.39802080865235
19850403,284.16724540799487
19850404,286.91855444607785
19850405,285.684496148155
19850406,281.6178141732326
19850407,282.4165173867996
19850408,282.4782586021301
19850409,280.4586854527523
19850410,280.02428076242
19850411,279.40733175853626
19850412,277.90041175587197
19850413,279.33420979185536
19850414,278.07315936929143
19850415,278.9677082578824
19850416,280.90705836116587
19850417,282.1774802453773
19850418,281.74896684332754
19850419,283.23461931829337
19850420,283.38474514910524
19850421,284.96031370055897
19850422,286.92831459560426
19850423,282.14339676053794
19850424,277.1416598373267
19850425,278.3058571201054
19850426,276.0768224015039
19850427,276.80657375042335
19850428,275.39944501267263
19850429,276.3487713396996
19850430,279.5252917469627
19850501,281.4926518552458
19850502,278.62902112873877
19850503,278.49484837011715
19850504,279.64670132424703
19850505,281.32013244055577
19850506,284.9175658219211
19850507,287.029597626295
19850508,286.7451501300678
19850509,282.8397125384624
19850510,283.95457311655497
19850511,285.14961693762353
19850512,285.80081022787294
19850513,286.15336180472525
19850514,285.05953174128837
19850515,285.56360292830317
19850516,287.4347623352593
19850517,288.22706223075335
19850518,287.9818444696696
19850519,287.47919104873114
19850520,287.8854548754355
19850521,286.79489241205016
19850522,284.3574153208133
19850523,284.00159604208216
19850524,285.9309841927973
19850525,289.61568516830215
19850526,291.7133641401775
19850527,291.7210209704794
19850528,288.40782701215886
19850529,286.6004406559219
19850530,286.2879987549608
19850531,289.077143828897
19850601,290.06944247841767
19850602,289.6772722200495
19850603,290.9012156602493
19850604,292.6339493859191
19850605,292.2314773521032
19850606,290.39682243433606
19850607,288.0704424476309
19850608,282.2406329542334
19850609,282.4153325057006
19850610,283.60791943449516
19850611,283.7469454351004
19850612,284.76722517914544
19850613,283.9847525556352
19850614,285.3359792047731
19850615,283.8275474912153
19850616,283.90993688664815
19850617,284.2618789530861
19850618,286.0290211926231
19850619,287.48383509093543
19850620,284.9500765749076
19850621,286.92815646573797
19850622,286.89922627680625
19850623,285.76956588113427
19850624,286.3023866581195
19850625,286.0408768174119
19850626,285.75397566951546
19850627,285.221989207779
19850628,285.6969923638112
19850629,286.7005285918795
19850630,289.4154280199061
19850701,290.2332729033678
19850702,289.11318053573376
19850703,290.7945422704095
19850704,293.20493038812657
19850705,292.32745269012725
19850706,290.84014571128915
19850707,288.71796343995817
19850708,288.4051383655265
19850709,288.9763753452428
19850710,287.9128781643215
19850711,288.57983277475
19850712,290.15738725214186
19850713,292.60808233009385
19850714,295.2868744356611
19850715,291.4214128922137
19850716,290.66345205375313
19850717,291.00121194735965
19850718,292.6072441652672
19850719,290.8154798159729
19850720,289.0030791460288
19850721,287.07451834445385
19850722,289.71101113432474
19850723,290.37545950534314
19850724,291.7517475266424
19850725,294.7710084076468
19850726,295.5954636345928
19850727,290.64414382383285
19850728,292.69475613803036
19850729,290.2966031689099
19850730,289.15119487506405
19850731,288.1952526339326
19850801,288.633962931129
19850802,288.4791646735885
19850803,288.07744243404255
19850804,286.94847829895895
19850805,289.7775173294102
19850806,286.05937988404247
19850807,285.8207698422032
19850808,287.3482178181372
19850809,291.9199358483089
19850810,288.9607847867126
19850811,290.09260945882
19850812,288.5921023774029
19850813,290.9374954777913
19850814,295.3093865503994
19850815,291.8811136988251
19850816,290.43004465901
19850817,287.3170376017863
19850818,287.32121983455335
19850819,289.88899256062916
19850820,288.51109100592726
19850821,290.3281287311342
19850822,291.54871798279936
19850823,289.06393434773173
19850824,289.9158616181519
19850825,287.3136603177669
19850826,285.5399804044462
19850827,285.60389156521876
19850828,287.35713147440873
19850829,288.9454993719043
19850830,290.90615298718296
19850831,291.2467081084572
19850901,288.40817750409474
19850902,287.1015478260262
19850903,288.3247136823068
19850904,286.5202560545475
19850905,286.7698891660868
19850906,284.08068368678784
19850907,282.60432115843105
19850908,285.2192651229731
19850909,285.6142714061537
19850910,284.5922889868531
19850911,287.81083029795315
19850912,289.8680434942892
19850913,288.82143644487036
19850914,285.78032182834096
19850915,284.17807436649645
19850916,283.2316841578863
19850917,287.1920277026024
19850918,290.24944799337237
19850919,291.6871929524392
19850920,291.0229719972079
19850921,292.3313499061177
19850922,291.8526625416941
19850923,290.80530823941206
19850924,289.58817999050575
19850925,288.90037317168697
19850926,288.1210388589686
19850927,288.8894483638899
19850928,288.7958201636651
19850929,287.9312489718678
19850930,288.5762228260375
19851001,290.5251054600632
19851002,292.1629114358158
19851003,293.53313404749935
19851004,292.4092589042139
19851005,287.47739461023946
19851006,286.36952167285
19851007,287.9639204301348
19851008,284.711037517309
19851009,282.97474013530996
19851010,284.15842507290836
19851011,285.8737686952843
19851012,285.65010186436183
19851013,281.5335229741405
19851014,282.3868631642825
19851015,283.90310916591915
19851016,283.10768257152796
19851017,282.93499853414045
19851018,282.61999107721255
19851019,282.58481490495006
19851020,280.68567173185664
19851021,280.21367829759936
19851022,279.68228404293603
19851023,281.4620301674984
19851024,280.4315141726576
19851025,279.3164362221823
19851026,279.0630236874803
19851027,278.4804023417942
19851028,276.2032308063947
19851029,276.0270151468773
19851030,275.1301320616819
19851031,275.74623675308527
19851101,278.01423879233477
19851102,277.38613573843446
19851103,274.14621080188135
19851104,277.7946010678686
19851105,283.8980814188022
19851106,277.666026519783
19851107,278.86614729641116
19851108,282.0193151759103
19851109,285.7358492377274
19851110,280.04150368225925
19851111,273.7908063706075
19851112,273.24339229299915
19851113,273.1445072956065
19851114,274.1746557991361
19851115,273.087830201198
19851116,272.04161754042553
19851117,271.3414378418916
19851118,270.5874211949487
19851119,269.4414603140956
19851120,269.6029414242326
19851121,270.20823670681824
19851122,270.897631879842
19851123,271.91482632422185
19851124,268.7342583315506
19851125,270.6577246003197
19851126,269.2445644975428
19851127,269.726382852105
19851128,272.2013146352932
19851129,272.5698525778094
19851130,276.15084777146325
19851201,278.56962031022607
19851202,281.03931409801584
19851203,283.1356753357805
19851204,283.5003333832295
19851205,283.745476779946
19851206,280.451321321965
19851207,280.6206983011112
19851208,280.21775192366147
19851209,279.58839313232664
19851210,276.08152736466974
19851211,274.0556895322767
19851212,272.9888775684755
19851213,271.8552199541116
19851214,274.9553052190416
19851215,278.5714635540231
19851216,278.81925682673347
19851217,277.23627840753426
19851218,277.02608626751555
19851219,277.20495550363125
19851220,276.99787983099594
19851221,275.46598320296386
19851222,276.4067414770033
19851223,277.35021855370337
19851224,277.68014358288434
19851225,280.2459119216279
19851226,279.32770636200445
19851227,276.22626623523865
19851228,272.04267525171764
19851229,269.41021005937597
19851230,268.44401741385104
19851231,263.3963157000719
19860101,265.4355256174625
19860102,275.30339618113385
19860103,275.99174999438543
19860104,271.4752123681476
19860105,273.25725594903014
19860106,273.3650656217479
19860107,271.26878895301314
19860108,271.8491970316128
19860109,271.8485842476197
19860110,273.1139644613986
19860111,277.45560797562933
19860112,275.23173341766216
19860113,277.5894213794015
19860114,278.7928566925549
19860115,275.53243518346864
19860116,273.85435969455307
19860117,272.0378047168173
19860118,274.92159278689957
19860119,280.44446189874526
19860120,276.41852705137046
19860121,276.3180077791265
19860122,276.62071824248375
19860123,278.45083099845533
19860124,273.6585158272341
19860125,272.4371373120367
19860126,270.59004241195913
19860127,268.6668745185934
19860128,272.1992829916095
19860129,271.62187513527584
19860130,271.5676197525259
19860131,273.5619837601301
19860201,273.44643768427676
19860202,272.4207818862962
19860203,273.22632029265174
19860204,271.92420107970344
19860205,270.82151880498026
19860206,269.6310120707837
19860207,267.8859686496269
19860208,263.65395459188585
19860209,260.8624468442205
19860210,265.7613081720653
19860211,268.2041087779159
19860212,266.7197904099983
19860213,266.32311415276
19860214,268.04722896951404
19860215,269.0065120789865
19860216,269.7289097365031
19860217,270.52372014518926
19860218,267.1125517294549
19860219,265.7160986625135
19860220,265.26618785988035
19860221,264.4700954627088
19860222,264.58413638940516
19860223,268.046813449135
19860224,265.9890795396342
19860225,266.08394599104207
19860226,265.36267534712874
19860227,266.4872998864735
19860228,269.70028412620104
19860301,271.7128109935946
19860302,270.9578559726235
19860303,271.2872955006821
19860304,271.5675596687259
19860305,276.34489492440326
19860306,276.9064988038917
19860307,274.4320483612102
19860308,274.0577128393948
19860309,274.60982617754917
19860310,274.39659032202
19860311,274.6687420616492
19860312,275.72028229298724
19860313,276.2232783455347
19860314,276.0051871846142
19860315,276.42951586777093
19860316,278.0412522689681
19860317,279.8549158050707
19860318,280.5497739162834
19860319,279.4737839451532
19860320,278.46460748082285
19860321,276.3941960715459
19860322,276.3179649628457
19860323,278.9232869031571
19860324,278.2433920125417
19860325,275.49975081089895
19860326,275.95753444630236
19860327,280.1580965305952
19860328,281.31590592070484
19860329,278.48155035737693
19860330,276.80035138722684
19860331,280.52299453766256
19860401,278.0490814653327
19860402,277.8882997370028
19860403,277.5108372625096
19860404,275.5282948200116
19860405,274.85666583078
19860406,275.8447849607064
19860407,280.69375242355176
19860408,282.0229284521651
19860409,279.9866699290515
19860410,274.96169632399415
19860411,271.8384840732695
19860412,271.0851336901107
19860413,273.43701502698383
19860414,276.9657509206193
19860415,280.44372158379355
19860416,280.66648921870274
19860417,280.03840484623447
19860418,277.9637923629263
19860419,277.19163760370384
19860420,277.34200554221997
19860421,281.16104059783237
19860422,278.672885075339
19860423,280.02077428131605
19860424,282.1358007588431
19860425,282.5362467904279
19860426,284.1071884635948
19860427,281.09953758836565
19860428,282.06657379194445
19860429,283.72660430781224
19860430,282.6641364631403
19860501,285.91274519316676
19860502,288.6457939572168
19860503,287.7684254256637
19860504,285.1706881191406
19860505,286.7498963080257
19860506,287.2374513311949
19860507,284.37506560729054
19860508,282.8984914616346
19860509,283.91037000874775
19860510,286.26343348081224
19860511,286.100150714937
19860512,286.7583136214728
19860513,287.1727629917757
19860514,285.59120448395515
19860515,283.34241589004887
19860516,283.23511871490484
19860517,287.07137089393217
19860518,289.93720899216703
19860519,288.1506380781112
19860520,291.4009902125535
19860521,288.9325617044611
19860522,287.12938123435373
19860523,289.21831243015873
19860524,285.82456162752453
19860525,286.28955474802757
19860526,290.36638597436746
19860527,289.9034503883738
19860528,284.201632283818
19860529,282.3485646109593
19860530,281.3979209975045
19860531,282.2818769290714
19860601,283.67747785476615
19860602,284.85842110009
19860603,285.64487513587085
19860604,282.9643784608693
19860605,281.4194138219493
19860606,281.01789340329026
19860607,281.49346226662357
19860608,284.04474724636975
19860609,287.235349512478
19860610,290.03417453381354
19860611,284.53466698203636
19860612,284.733805461526
19860613,286.43247267747626
19860614,290.3632055783549
19860615,293.34712530633607
19860616,293.8266683929249
19860617,292.49165843323607
19860618,290.9682408975981
19860619,292.64400616920915
19860620,293.5395285160175
19860621,294.0957218866583
19860622,295.039483168747
19860623,293.70426405584834
19860624,288.3739480352738
19860625,290.95175440962515
19860626,293.19485964122043
19860627,294.2483462677294
19860628,295.06634321741507
19860629,294.1962518408683
19860630,292.873667825823
19860701,293.675270360869
19860702,294.7465387652424
19860703,293.66024213567033
19860704,292.30377179448834
19860705,292.25822485344605
19860706,289.52001007585415
19860707,287.5749855285012
19860708,286.8996711010775
19860709,287.66555451321057
19860710,287.0354105169476
19860711,286.7945289599955
19860712,286.6961338890391
19860713,285.6881061566969
19860714,287.0583003030757
19860715,290.0235317284709
19860716,292.5337163440848
19860717,293.1025499101778
19860718,288.9235925539625
19860719,287.66794952347686
19860720,288.54662241579246
19860721,290.19159351104355
19860722,291.93421009859725
19860723,289.60019486222774
19860724,285.77698131988484
19860725,287.7043504797745
19860726,289.7371198065014
19860727,291.6048117707191
19860728,293.7762458373566
19860729,293.6535489656607
19860730,291.65330816758933
19860731,293.28488013776666
19860801,291.6211231990764
19860802,294.12282425383927
19860803,297.9042494685168
19860804,293.5353841824058
19860805,289.1953471707768
19860806,291.6144007579226
19860807,290.71653908631544
19860808,288.7863016913172
19860809,290.80076639058314
19860810,292.14778143700846
19860811,292.8518877163138
19860812,290.33024939292255
19860813,290.00197806662834
19860814,291.4580286872737
19860815,292.0603358190342
19860816,291.1145633385758
19860817,291.570754896647
19860818,290.7884143649175
19860819,288.1652177736546
19860820,286.1632799900896
19860821,287.5018860530264
19860822,289.75083239101986
19860823,287.81447611375893
19860824,285.66574966793917
19860825,285.8948051547405
19860826,288.40389378849426
19860827,285.61336058404
19860828,284.2716688844667
19860829,283.54656229916446
19860830,283.45201634349695
19860831,284.1435692467086
19860901,283.2847577155756
19860902,286.16636919684856
19860903,286.2621103664366
19860904,283.8931547298141
19860905,284.6256026949129
19860906,286.67711560675053
19860907,284.7657546876337
19860908,284.67624142721854
19860909,284.17916589405223
19860910,284.03563235014457
19860911,284.94936254438375
19860912,284.6958261136379
19860913,286.35704093613157
19860914,290.3106375149791
19860915,290.764588505886
19860916,284.1146056050681
19860917,284.2067083245249
19860918,282.51812487913224
19860919,282.59599525454274
19860920,283.74301740689475
19860921,284.5292223526287
19860922,284.32625400438565
19860923,284.6655731103978
19860924,286.9260099168413
19860925,284.37234043435063
19860926,283.25296490668643
19860927,284.16304852888936
19860928,284.30887231081095
19860929,285.3028087097843
19860930,286.4308324858619
19861001,286.4748137126184
19861002,287.46292336137384
19861003,287.36750462225444
19861004,286.66544330314395
19861005,287.57644058899433
19861006,287.3295646216605
19861007,285.8602024257719
19861008,285.93510491398337
19861009,285.1306882377689
19861010,284.04112050374226
19861011,285.32318494485133
19861012,285.2651097243252
19861013,285.4005561319805
19861014,288.4548547656453
19861015,287.95933847875307
19861016,287.20431474434963
19861017,286.3458298508297
19861018,284.4755173026146
19861019,283.1434806262871
19861020,282.43693615231456
19861021,281.43341945245453
19861022,286.03293151120874
19861023,280.41250978370186
19861024,278.5366310536611
19861025,281.12085242967
19861026,279.3983638320579
19861027,277.7350679312923
19861028,279.9971354704904
19861029,281.393649898469
19861030,276.86721809491377
19861031,279.2826295306622
19861101,282.8649492618548
19861102,278.96700048395775
19861103,276.3501448546319
19861104,277.0259693770967
19861105,277.7421796024907
19861106,278.85685455285085
19861107,277.47383097271876
19861108,277.9933798066668
19861109,276.12692333087233
19861110,280.4631456337269
19861111,282.5203975826511
19861112,282.796106603127
19861113,281.95649815910775
19861114,282.27378607911265
19861115,283.5222603389092
19861116,283.6975171012275
19861117,282.3583198385728
19861118,279.7412559535642
19861119,281.86699432774145
19861120,279.70204687738334
19861121,276.7682517148575
19861122,280.35992400187894
19861123,277.75688809737215
19861124,277.89856880494546
19861125,281.57577156786056
19861126,280.00300957043885
19861127,277.0679238042926
19861128,275.2621984917323
19861129,273.55225168376995
19861130,272.3929587384797
19861201,272.832583178575
19861202,275.2574609954253
19861203,276.2973231606301
19861204,276.4648733457447
19861205,276.8721555028205
19861206,279.00398072496307
19861207,279.02052792282353
19861208,281.3291880694741
19861209,279.7198309430785
19861210,276.08273045838877
19861211,275.0202032608065
19861212,274.4244677020972
19861213,275.14221368369164
19861214,275.7193734986353
19861215,274.36265334819427
19861216,276.027661825507
19861217,276.11238838713314
19861218,279.580977827995
19861219,275.5904641600503
19861220,273.9497257536867
19861221,273.2441647890899
19861222,271.13697140402974
19861223,270.27805745738146
19861224,268.838749998728
19861225,268.9434464650584
19861226,273.54619674088707
19861227,273.24354094063693
19861228,275.8081176881478
19861229,279.51101733594567
19861230,279.24087383212236
19861231,279.6649962548647
19870101,280.9783940324304
19870102,277.1282462361485
19870103,271.4571390353798
19870104,272.37764421796135
19870105,275.2247920124459
19870106,274.452193838975
19870107,269.5661492479506
19870108,268.19195282859414
19870109,268.45071184342123
19870110,268.50529918131554
19870111,260.7706492912362
19870112,259.3323412505144
19870113,261.16528223645054
19870114,265.38705269963106
19870115,262.50662208742676
19870116,262.2139435935613
19870117,264.09131765415094
19870118,265.99425291971875
19870119,266.3264555108213
19870120,268.3814171150489
19870121,268.37424272473794
19870122,268.933383504497
19870123,271.80089282784405
19870124,273.8337898733095
19870125,272.1594013003627
19870126,271.8439833476467
19870127,270.38797186206364
19870128,270.51930368176284
19870129,269.4212155867094
19870130,265.261347911055
19870131,266.254588604614
19870201,268.25506427264844
19870202,270.34419840282754
19870203,273.7742760968487
19870204,274.29433833609687
19870205,274.3834175682779
19870206,274.83735932939675
19870207,276.93481859917773
19870208,276.14101989175134
19870209,279.4050457291077
19870210,277.5952435927217
19870211,274.43669183604567
19870212,276.6997758394312
19870213,274.81907145500287
19870214,275.4933013990117
19870215,274.31746074735867
19870216,272.6330526924911
19870217,271.1039521290069
19870218,270.7616704801298
19870219,270.34828405628775
19870220,271.7439149567028
19870221,271.42109789662624
19870222,271.68047940766195
19870223,271.7132592206714
19870224,268.35545033422653
19870225,270.47459608030334
19870226,275.1892251807291
19870227,279.4281848786461
19870228,280.961838347967
19870301,280.8777716029808
19870302,279.75818370652206
19870303,269.1826320683921
19870304,268.69117088846514
19870305,269.8844679717264
19870306,270.90216358354417
19870307,270.5411062741817
19870308,271.30709545526474
19870309,271.5542911448786
19870310,272.63153158616996
19870311,272.9639997213009
19870312,272.12139016828047
19870313,272.5846748203556
19870314,272.59314449606774
19870315,273.15371941371245
19870316,272.92717207996736
19870317,273.6108176975831
19870318,275.59807069346175
19870319,273.30208428179174
19870320,271.91450725701145
19870321,274.4649389013485
19870322,275.4087817670235
19870323,277.9581446457761
19870324,280.7404283107808
19870325,282.60146466487265
19870326,280.428420647393
19870327,280.89356890031587
19870328,278.93502990082965
19870329,275.8417268729168
19870330,274.5466927188443
19870331,276.0375053189791
19870401,275.78230418620626
19870402,277.4464476336566
19870403,280.7460887980962
19870404,281.04596233432795
19870405,280.28454301031326
19870406,281.6609831001832
19870407,282.97800434371396
19870408,283.0596365942107
19870409,281.72415391052283
19870410,279.61291730930685
19870411,278.4114600435183
19870412,277.03728645494624
19870413,277.6756544057072
19870414,279.1130230963146
19870415,281.0025705037575
19870416,282.2035748769649
19870417,284.0088078906845
19870418,286.6980855481691
19870419,286.8789293963051
19870420,283.33886261678157
19870421,280.2469289105026
19870422,281.45508999602026
19870423,284.05387085744763
19870424,286.5035612194713
19870425,286.41772744964925
19870426,285.483294759496
19870427,285.1361979942766
19870428,286.4027967660595
19870429,288.4810470466521
19870430,287.37125505652085
19870501,286.8471023206685
19870502,285.59882313414795
19870503,279.4287172712803
19870504,277.12386209991575
19870505,280.45546795319166
19870506,280.70270566433175
19870507,280.3059592064639
19870508,283.08648902692914
19870509,285.5721586775613
19870510,285.14202633060756
19870511,281.45015003715463
19870512,281.37429750290545
19870513,279.1876260590234
19870514,278.86211564518936
19870515,280.98243251159505
19870516,279.80665671726837
19870517,281.25902423948145
19870518,282.7779107074986
19870519,283.2853189484062
19870520,280.0724943211197
19870521,278.9133978525578
19870522,280.37549985002994
19870523,281.51393615132883
19870524,284.671474686983
19870525,286.719496637561
19870526,288.1965790550731
19870527,286.0107487176926
19870528,285.08862552434937
19870529,284.3542432987352
19870530,284.61378150068487
19870531,285.5706844448152
19870601,285.75904439894094
19870602,286.32374260240573
19870603,287.27355593920424
19870604,285.7369909541237
19870605,286.03514559611307
19870606,287.54884997631245
19870607,287.47173409723956
19870608,284.4868364285395
19870609,283.8341685891209
19870610,285.103418465718
19870611,287.5904387006189
19870612,287.31757816923226
19870613,286.987555907167
19870614,286.02311448638545
19870615,284.50494406907416
19870616,283.13834748384005
19870617,282.8708867696178
19870618,284.3245378174286
19870619,284.21476151581834
19870620,285.6352274564097
19870621,285.5649598707972
19870622,286.7850734012865
19870623,287.5218189829165
19870624,287.12604794312574
19870625,286.9103111186281
19870626,287.4877302914173
19870627,289.1596779735548
19870628,291.83598339804865
19870629,294.9397616432786
19870630,295.88829171121466
19870701,293.2490406704042
19870702,291.1883612532411
19870703,291.9964579786925
19870704,292.37908508846846
19870705,292.25115515609093
19870706,293.391192425392
19870707,293.26124457919093
19870708,290.95634565015973
19870709,288.6429999674857
19870710,288.7248476407839
19870711,292.12479478536295
19870712,291.378979505963
19870713,290.1484104091597
19870714,292.75726465666446
19870715,294.1363221811269
19870716,293.3636319424561
19870717,290.2365390647029
19870718,288.56272763833766
19870719,288.50444668530946
19870720,287.47769121917514
19870721,287.5755655279013
19870722,288.01881439885426
19870723,288.90931484520536
19870724,289.4284470796633
19870725,286.787903605134
19870726,284.5455234864356
19870727,285.20515749457405
19870728,286.77363069555173
19870729,289.3597525883483
19870730,288.5020513215614
19870731,287.4061549200058
19870801,288.15020365459355
19870802,286.863422981993
19870803,288.76190640991086
19870804,287.0395779748095
19870805,284.09334692663333
19870806,283.88480285593806
19870807,285.9754113492088
19870808,287.6552221919797
19870809,287.0565578968838
19870810,286.81039572741366
19870811,287.56055819786457
19870812,289.65943921916437
19870813,291.0753648955428
19870814,291.9132700593578
19870815,289.04351099072494
19870816,290.19739059087885
19870817,293.856791050474
19870818,292.29494229345653
19870819,291.382064860923
19870820,291.71542625572766
19870821,293.921984240125
19870822,295.4568647093184
19870823,291.6937776835441
19870824,290.438612171938
19870825,287.01329742467004
19870826,286.8006898942595
19870827,287.08642273639293
19870828,286.6404086397771
19870829,288.79804978545377
19870830,290.2105914766174
19870831,290.3449019102382
19870901,291.36929714378374
19870902,291.85774031744313
19870903,291.742781723776
19870904,291.0942240971313
19870905,289.33597211745547
19870906,287.5446542802004
19870907,289.3252653536099
19870908,287.66152761558897
19870909,287.58975305442755
19870910,288.5186530435444
19870911,288.36665651748507
19870912,292.1489674985108
19870913,292.29232387618487
19870914,291.7699606484792
19870915,288.17710634605925
19870916,289.88437428968786
19870917,294.1713356702198
19870918,293.6880575392471
19870919,291.7505714324747
19870920,293.51822874791804
19870921,293.9043680650584
19870922,292.63508106625346
19870923,289.5601899441469
19870924,286.46375875636994
19870925,284.9614911084105
19870926,284.42527146887056
19870927,282.263931753938
19870928,280.67717118737534
19870929,280.81088373941645
19870930,281.4116131968246
19871001,282.65602219317515
19871002,283.0324609811941
19871003,283.3675220363206
19871004,286.6426501699815
19871005,287.27616762803797
19871006,287.17575025962475
19871007,284.62746579949373
19871008,283.7856586613514
19871009,282.8369942368074
19871010,286.9494186925487
19871011,282.4839495974087
19871012,280.3906308639891
19871013,282.21504554121924
19871014,283.18078731862323
19871015,287.3619845739368
19871016,286.9821115154928
19871017,282.91342934756216
19871018,281.8208055676451
19871019,283.1830873958981
19871020,283.98793809926553
19871021,284.185668736767
19871022,281.5189704146689
19871023,280.79857378870776
19871024,281.0637632368757
19871025,280.81379326577854
19871026,281.78845131321776
19871027,285.08354334833206
19871028,285.791963044067
19871029,285.3901635626726
19871030,283.23006626167927
19871031,283.50818791686777
19871101,283.8923162941498
19871102,282.46330210702473
19871103,281.1259263173458
19871104,279.1374853421734
19871105,278.06751662347574
19871106,277.8083045439709
19871107,276.1062362348378
19871108,276.9229492904377
19871109,280.10468500167065
19871110,279.90794444084094
19871111,280.02504578572314
19871112,280.40620659969784
19871113,279.96774012715366
19871114,277.491585580625
19871115,277.2859542013169
19871116,281.86812552747796
19871117,280.57770530292373
19871118,280.6297415078034
19871119,279.8865653187477
19871120,278.05862222284685
19871121,278.0696037377897
19871122,277.29668985346876
19871123,277.3539965683276
19871124,275.1381267803971
19871125,274.111232405914
19871126,273.5428675308787
19871127,274.61263485436655
19871128,274.48624363299524
19871129,274.22147289114395
19871130,274.07360463548133
19871201,274.14163012547255
19871202,273.59772840063283
19871203,272.8775324089601
19871204,273.41464175205414
19871205,275.54644205574795
19871206,275.403059316472
19871207,272.4623250383805
19871208,269.2553161492934
19871209,267.55853258102405
19871210,268.3062187170016
19871211,271.9822963142759
19871212,272.68073170602406
19871213,270.9800020447882
19871214,271.6995762729537
19871215,273.8911968293221
19871216,279.5029200065703
19871217,283.0311228579257
19871218,284.9214296203448
19871219,280.35247388964314
19871220,279.5341503291182
19871221,278.6796527610623
19871222,278.2933964050059
19871223,275.47387327482176
19871224,274.05444195951026
19871225,276.4126351470439
19871226,277.8532550981237
19871227,278.2450632198141
19871228,279.0235444585634
19871229,278.50894339594674
19871230,280.11663379701196
19871231,279.07732671557795
19880101,278.31046266190395
19880102,281.5666781392788
19880103,278.8596903519738
19880104,279.3469712799867
19880105,282.2093140452934
19880106,280.4664859747529
19880107,276.81324170242596
19880108,274.19319497678157
19880109,274.56597576207827
19880110,278.85798775808894
19880111,277.0741639667228
19880112,273.5318005884171
19880113,275.9774173904818
19880114,276.9888937989968
19880115,276.40797483659225
19880116,277.6245684198246
19880117,278.0268344840335
19880118,276.37701861040114
19880119,276.3407055732745
19880120,276.98435030679155
19880121,275.97494071805244
19880122,274.40756199856895
19880123,274.15265040847385
19880124,278.42611737558025
19880125,280.82963718050485
19880126,279.02416753034845
19880127,278.3532484547257
19880128,280.60357650050247
19880129,279.04629220194204
19880130,276.218687640808
19880131,274.74702827624924
19880201,277.81720921250866
19880202,278.1940535321318
19880203,278.9358132701992
19880204,278.56600314318166
19880205,278.41265519270274
19880206,278.54687030531505
19880207,274.77616793574805
19880208,274.099589122141
19880209,275.6673113771138
19880210,274.77970104582164
19880211,275.43817565279187
19880212,274.55560687799147
19880213,272.2808920071801
19880214,273.8639262727352
19880215,274.27708981218046
19880216,276.3191154157781
19880217,274.35775540700314
19880218,275.79673971262747
19880219,276.39239206554726
19880220,275.89240357052716
19880221,275.06731460636615
19880222,275.62983925858583
19880223,273.90840574516
19880224,273.2017736861401
19880225,271.8879953768372
19880226,271.92171445936106
19880227,272.4990024193678
19880228,272.5097502474704
19880229,272.9800006407917
19880301,272.59497807913067
19880302,272.00163803182903
19880303,272.11296030229636
19880304,273.76184556538277
19880305,271.9103385542382
19880306,272.88852316703833
19880307,275.31346567595784
19880308,272.7904788388137
19880309,272.459831868211
19880310,275.27381589188667
19880311,276.3925973054004
19880312,277.3370751217891
19880313,276.6464770048925
19880314,277.53961568065387
19880315,280.2200821471809
19880316,279.2564680356583
19880317,276.8952210616541
19880318,276.87341485383723
19880319,277.39668970707027
19880320,282.6684555002924
19880321,282.14949012888565
19880322,279.67615571179823
19880323,279.3301686838908
19880324,279.41012556636184
19880325,279.9490815867244
19880326,278.72078649170885
19880327,277.40340891182024
19880328,277.9037528707831
19880329,279.11447002157144
19880330,279.82453393984525
19880331,278.27456906156556
19880401,277.3444188678139
19880402,277.8014466584945
19880403,279.97614766769
19880404,281.2650876264695
19880405,280.1327204325041
19880406,282.71865108771004
19880407,284.10397995053336
19880408,282.6792734884692
19880409,279.5901787103095
19880410,276.5155371755198
19880411,280.04315990541517
19880412,282.1993396875909
19880413,279.13386287604254
19880414,278.6574648734314
19880415,282.1546938286539
19880416,285.80059193067876
19880417,285.11663928114694
19880418,286.6341721420512
19880419,288.27036662337593
19880420,283.868622147333
19880421,283.6364084528239
19880422,283.79058769227254
19880423,279.21686564558246
19880424,277.98221927002174
19880425,279.6617940787183
19880426,280.56299202110756
19880427,281.55604702088436
19880428,282.2509624184745
19880429,283.0253481877972
19880430,284.7632637909076
19880501,286.53278597851823
19880502,284.88331255086223
19880503,284.76703416788104
19880504,284.4498049856497
19880505,285.19643214986917
19880506,287.27502054760896
19880507,289.7916354665221
19880508,290.19698301356976
19880509,288.86204884353054
19880510,287.697560485264
19880511,287.65010022804444
19880512,287.86695107173756
19880513,289.1769139560322
19880514,289.9614933994959
19880515,290.7739334448467
19880516,289.62149698278273
19880517,288.83387962586727
19880518,285.71711043689135
19880519,285.6609917601747
19880520,282.8469985818469
19880521,281.9716769834353
19880522,283.75772977559205
19880523,287.06289806930374
19880524,288.97456404643157
19880525,291.01676528591355
19880526,290.96010637388446
19880527,287.8578630992788
19880528,285.2121324253076
19880529,285.03368713060803
19880530,285.0303538823451
19880531,284.3829789717109
19880601,285.06349481648186
19880602,285.5759951323394
19880603,287.9543978675999
19880604,286.0447378252891
19880605,283.9290512050449
19880606,283.15870116912305
19880607,283.43063514414
19880608,286.08704262651776
19880609,287.92620051664
19880610,288.980564528657
19880611,289.77296347013527
19880612,288.40784103762365
19880613,289.7206988543403
19880614,290.7146466333192
19880615,290.2487884328273
19880616,289.732970963966
19880617,290.02269161240866
19880618,290.2371276595672
19880619,288.9097871945148
19880620,286.95613786058544
19880621,288.7931031466623
19880622,289.8631715224889
19880623,286.08953114861083
19880624,287.27571677939244
19880625,287.9956321577732
19880626,288.71168053810055
19880627,290.4828918275063
19880628,290.54428450227846
19880629,291.02266684286633
19880630,292.4148671666249
19880701,289.985261540451
19880702,286.96381460867616
19880703,288.148277376219
19880704,290.19265255504155
19880705,289.9956603207816
19880706,289.83900053879273
19880707,289.26487572437105
19880708,288.98376108299857
19880709,287.91401075570843
19880710,290.35346932135525
19880711,291.7412055268081
19880712,288.5165100798561
19880713,289.40668222303367
19880714,287.1355606659161
19880715,286.020931545861
19880716,286.18575499168037
19880717,286.53123709547896
19880718,286.92493066215513
19880719,289.1535804629203
19880720,291.51601080289004
19880721,292.21693586290263
19880722,294.0874859853606
19880723,296.22348024139427
19880724,290.7169649051181
19880725,289.97558825958066
19880726,292.35069562385655
19880727,288.39767394022044
19880728,289.43942390498154
19880729,288.62582571542924
19880730,286.8073246403215
19880731,288.5696772467001
19880801,291.82457211793667
19880802,291.572658989705
19880803,288.3669512860284
19880804,288.19155769854524
19880805,289.5023343956751
19880806,291.81313367050114
19880807,294.0256793324857
19880808,294.55521502819664
19880809,293.97777068113425
19880810,294.8986068117294
19880811,293.12052355335396
19880812,292.9357023617437
19880813,291.2273124558304
19880814,293.93062290801214
19880815,293.59045274942497
19880816,291.80265564525484
19880817,291.5703006244691
19880818,293.27448350256185
19880819,292.67579517893756
19880820,289.2172269639996
19880821,287.19382232165435
19880822,286.91827221675595
19880823,287.09700873535854
19880824,287.423947867627
19880825,286.3980909036382
19880826,285.8994680341004
19880827,289.70138207121386
19880828,293.1136058018849
19880829,288.5284788928523
19880830,286.86187052690246
19880831,288.56966215476984
19880901,290.3544217729542
19880902,286.9404318965265
19880903,285.4985610162517
19880904,287.60824371720963
19880905,289.9917289281999
19880906,289.66422516676624
19880907,288.82480544727764
19880908,288.0653107062972
19880909,288.8825982816474
19880910,289.6515970876412
19880911,289.1363477769185
19880912,287.3014318247244
19880913,283.9855145224179
19880914,283.03518971497186
19880915,284.06738962200444
19880916,283.432004889516
19880917,284.3554388232621
19880918,285.2213766198268
19880919,286.47627247523195
19880920,286.0393052866091
19880921,285.08420762597854
19880922,286.02857913448315
19880923,285.54904125229206
19880924,285.2007639853682
19880925,286.2981981897379
19880926,287.8788346115428
19880927,287.72088255405646
19880928,288.75618784048226
19880929,284.7285032868837
19880930,282.5716775113688
19881001,283.23718034988474
19881002,284.9514150363486
19881003,285.63229266757287
19881004,285.1363786949648
19881005,284.4638342354974
19881006,283.7482017362636
19881007,282.0055984165899
19881008,281.62442136454405
19881009,287.2582568982286
19881010,283.3683968090724
19881011,282.78212428732064
19881012,284.4906289464572
19881013,284.6869807783126
19881014,285.63581755501076
19881015,285.7387644016069
19881016,286.2468421975209
19881017,287.76152214794655
19881018,288.93099530422137
19881019,287.0140044985058
19881020,283.85172930333437
19881021,282.608692168122
19881022,282.4022565329923
19881023,282.53272128377523
19881024,283.5570711860052
19881025,283.557994460958
19881026,283.3471846018694
19881027,287.04193985497153
19881028,286.4068569284129
19881029,281.6724830932942
19881030,276.676188626739
19881031,275.87257899379244
19881101,276.75700203973616
19881102,276.5602299436226
19881103,274.0433394777223
19881104,273.03523211445264
19881105,273.9856920827884
19881106,275.0394458928235
19881107,275.4472395410922
19881108,276.5550559829344
19881109,280.58276025159836
19881110,282.8873634838607
19881111,283.9499549171018
19881112,283.0182668444183
19881113,280.89520304543896
19881114,278.08181251024024
19881115,280.1523336860774
19881116,280.1885717197144
19881117,278.89597891673435
19881118,280.72342551607426
19881119,276.89194636315574
19881120,274.78354574715394
19881121,268.83363411025886
19881122,265.72238928205275
19881123,272.82574654785736
19881124,273.97094387709734
19881125,275.0782281889129
19881126,274.9529213014318
19881127,275.65151757313185
19881128,274.0177938077401
19881129,277.696546146782
19881130,281.2903931304008
19881201,280.25685325876356
19881202,277.5194901395968
19881203,277.31109555610357
19881204,280.84513817018745
19881205,277.34309564986444
19881206,275.4920826445732
19881207,275.3300917626473
19881208,275.8746850597191
19881209,278.27330138538963
19881210,280.5634726124094
19881211,279.5289103582045
19881212,277.78980256565944
19881213,277.0244071941114
19881214,276.8768241005675
19881215,276.6826041915689
19881216,271.3202489693836
19881217,273.2123512048575
19881218,275.4824333320715
19881219,277.82607567332656
19881220,275.0543744448178
19881221,274.56332226010744
19881222,278.1352655268697
19881223,279.07565551498675
19881224,280.8269669634163
19881225,280.9349569152364
19881226,278.55579668919404
19881227,279.20765056509015
19881228,279.96987262050703
19881229,278.6576023406798
19881230,275.0228385511548
19881231,274.9676408617102
19890101,276.5555614115537
19890102,277.0157597189817
19890103,274.16631133002215
19890104,275.2119707975226
19890105,276.2496455881092
19890106,278.3487626294701
19890107,278.2437242962042
19890108,279.52991818598906
19890109,279.7981379204305
19890110,278.6614095874676
19890111,277.755702328606
19890112,279.06015550481857
19890113,277.3316615914202
19890114,277.59495190460683
19890115,275.3719962467671
19890116,275.25094598338075
19890117,274.12019583574323
19890118,275.5410258054662
19890119,274.21436756190525
19890120,272.912411493314
19890121,276.3082021963536
19890122,277.0057738739531
19890123,275.64239017882915
19890124,272.8055793972399
19890125,272.9657423259509
19890126,273.74448495005464
19890127,273.34584885600236
19890128,272.9009073047759
19890129,273.0355465077119
19890130,274.0982410316409
19890131,273.3375506982068
19890201,273.33736645916787
19890202,272.09499333036797
19890203,271.2772540162175
19890204,271.7478728201443
19890205,273.92324660154446
19890206,277.44989340260724
19890207,276.8572652955664
19890208,275.62488945191143
19890209,275.2483164767004
19890210,276.24055345866384
19890211,276.10013306905375
19890212,276.4931676908838
19890213,275.6524176053681
19890214,276.09173717680187
19890215,276.4325159158403
19890216,276.47214887258843
19890217,276.067168176316
19890218,280.49628155599635
19890219,283.6147150690735
19890220,282.07724436520533
19890221,277.6827469632058
19890222,277.60591940424337
19890223,277.1787693911443
19890224,277.1378374790896
19890225,277.7360709838647
19890226,275.2081102800955
19890227,275.51710871997466
19890228,275.6848775521723
19890301,276.9255880199572
19890302,277.9234243073743
19890303,279.4790359554886
19890304,279.81296164596125
19890305,281.5466493201489
19890306,282.2436829778747
19890307,281.93447744223107
19890308,276.9649432045297
19890309,277.35759470394584
19890310,280.5015732588462
19890311,281.7435924527658
19890312,282.98316161575866
19890313,281.31328531065316
19890314,277.9941133577433
19890315,279.4887973419504
19890316,281.6821295912335
19890317,279.5306259709661
19890318,276.3565125217073
19890319,276.85019619957114
19890320,278.32280079381593
19890321,278.26649453728015
19890322,281.74391715033954
19890323,277.6107175765481
19890324,278.4529033157541
19890325,281.15598740966044
19890326,281.6640357888716
19890327,285.51882212528506
19890328,286.83622067018047
19890329,286.0273753096486
19890330,287.2472593942543
19890331,286.63089530561143
19890401,284.1391060582794
19890402,280.29920472447037
19890403,278.2638692499671
19890404,278.70023065503494
19890405,277.2795413998587
19890406,278.42319134995523
19890407,279.87533737509443
19890408,280.0738792221476
19890409,281.7585675643988
19890410,284.623957471943
19890411,284.7358363735694
19890412,282.54566135185644
19890413,280.69224567119466
19890414,279.5165034507778
19890415,280.7172493829834
19890416,281.0150715618255
19890417,280.21981297411526
19890418,279.70231019442514
19890419,279.12305323645563
19890420,279.0914657137053
19890421,278.9047025202331
19890422,278.0171790693458
19890423,279.63621083900154
19890424,282.456834820333
19890425,283.7447960598244
19890426,278.23502205856556
19890427,277.6361614641484
19890428,277.5731347003844
19890429,278.58595594677655
19890430,279.7170755520895
19890501,281.72489123891427
19890502,284.3506537370211
19890503,287.1279782238792
19890504,287.84840043507756
19890505,288.40383752078316
19890506,284.04432087273807
19890507,281.175684054408
19890508,283.3715064065881
19890509,287.56690877560317
19890510,286.7272026632248
19890511,285.7182956300265
19890512,283.95593526232636
19890513,283.1663813597459
19890514,283.17017312640445
19890515,284.5845169022329
19890516,286.4748609052138
19890517,288.0586372942205
19890518,289.692150821909
19890519,290.9067387290009
19890520,291.52021501431756
19890521,291.29107184719845
19890522,291.09717692428694
19890523,290.1697408463174
19890524,290.97174919868337
19890525,291.22400642343075
19890526,291.85168558053357
19890527,290.2482501327583
19890528,290.47939243683226
19890529,289.71721764663613
19890530,288.5026048640565
19890531,284.5041425283093
19890601,285.0646541686167
19890602,284.9749568501984
19890603,283.6177140666285
19890604,282.52887926918226
19890605,281.6045210287153
19890606,282.6170302079434
19890607,282.61042535872684
19890608,283.84941416750945
19890609,286.08020919211947
19890610,287.8848917711808
19890611,288.751792250818
19890612,289.1036542073966
19890613,290.87200143547346
19890614,291.2188337074059
19890615,291.3569528509192
19890616,291.0585902656904
19890617,290.78425613082715
19890618,291.9590243323177
19890619,293.4556646518402
19890620,294.1393411963972
19890621,294.4504630897149
19890622,287.61717722801814
19890623,289.3014515090185
19890624,290.59695872622257
19890625,292.76091977980553
19890626,294.4708352502907
19890627,291.3072203330624
19890628,287.30041876156423
19890629,287.29638891165325
19890630,288.40083795484446
19890701,290.44753908564115
19890702,288.64199606182484
19890703,289.0684733113795
19890704,288.42416848432066
19890705,293.34773636796393
19890706,295.8331288792219
19890707,295.64593705504467
19890708,292.42009510138485
19890709,291.3651135938431
19890710,291.1249787383265
19890711,290.0329270258852
19890712,291.1087939661711
19890713,290.6414748105227
19890714,287.3056806062438
19890715,287.8981551919125
19890716,289.4800782774165
19890717,288.52580961701955
19890718,289.34095318329054
19890719,288.2144377335156
19890720,291.12433630538015
19890721,294.57890928559505
19890722,297.8076170774298
19890723,296.2259620189171
19890724,295.48962733760015
19890725,293.6554467183283
19890726,293.29592599012454
19890727,292.58515165659117
19890728,291.2178061025666
19890729,292.5406733242092
19890730,291.35850522587106
19890731,288.08039868515294
19890801,286.16942060441346
19890802,286.86627071139816
19890803,287.04552627123184
19890804,290.60256147841295
19890805,292.0521315007857
19890806,291.24992778572494
19890807,292.16614416821454
19890808,291.3296164527446
19890809,290.80062628107606
19890810,292.18299507107815
19890811,291.45883570644065
19890812,291.2878900147101
19890813,291.30107107804224
19890814,292.74226822372464
19890815,295.51426038865384
19890816,295.91056507858076
19890817,291.502732874415
19890818,290.60770386845127
19890819,292.86048207462466
19890820,294.6899675381936
19890821,295.41564965806066
19890822,294.56270679387035
19890823,291.0801891528909
19890824,291.06292904885913
19890825,289.3974277935596
19890826,289.02898645982805
19890827,287.67406140847635
19890828,285.5062124210802
19890829,285.29291224683595
19890830,286.75502926265085
19890831,288.98573005118027
19890901,287.5328030257991
19890902,286.6557913969622
19890903,285.1423298981335
19890904,284.73032710816346
19890905,285.9399532262893
19890906,286.78037375473565
19890907,288.4714723978033
19890908,289.1523726196337
19890909,289.265686505867
19890910,290.0632833409513
19890911,290.54833798604125
19890912,288.8357879716487
19890913,287.56614664181257
19890914,287.4121142414632
19890915,287.3468479854044
19890916,289.5247425537946
19890917,290.35201443694865
19890918,292.6988491986638
19890919,290.33858895496417
19890920,289.33237019902793
19890921,291.7984067848616
19890922,292.06877218319363
19890923,285.506643895489
19890924,284.7262759367515
19890925,285.2383695676363
19890926,285.6125564276619
19890927,284.8019293406243
19890928,283.090251086331
19890929,283.95524816449205
19890930,284.13392551265935
19891001,285.54172708732034
19891002,283.7248093806517
19891003,283.09369178615407
19891004,282.36430749727606
19891005,284.7147643907195
19891006,283.72049511614495
19891007,282.78261435413214
19891008,281.2312176216916
19891009,281.2783657074854
19891010,281.01096053175417
19891011,281.0919888020714
19891012,283.4874590722415
19891013,284.16867517940784
19891014,282.7372053419397
19891015,280.39097758310913
19891016,280.231870642455
19891017,282.22235098620996
19891018,283.5923657038567
19891019,284.79377639338776
19891020,284.569692172259
19891021,289.0667167189894
19891022,288.27651968644085
19891023,287.92471363214275
19891024,286.9038960417588
19891025,286.51046321983216
19891026,286.67903499374916
19891027,286.30698011532917
19891028,284.8013489691479
19891029,283.55281106342744
19891030,285.9772652770612
19891031,285.33838615881723
19891101,285.34629807863627
19891102,284.88532898359136
19891103,282.80183574703716
19891104,280.5187665199148
19891105,278.92610674321196
19891106,277.4406266639822
19891107,277.8437476456749
19891108,279.2178071367086
19891109,278.15231627155623
19891110,277.845447335589
19891111,279.2225404386572
19891112,278.0359236808954
19891113,277.12597874951774
19891114,275.8883671695881
19891115,275.7370186135903
19891116,275.54475409729565
19891117,274.3617876438688
19891118,273.91129588710936
19891119,275.34521012663384
19891120,277.14673061338914
19891121,279.7740046214167
19891122,277.4959440168822
19891123,272.86176317516055
19891124,273.1831978733737
19891125,270.84568887725226
19891126,270.0224132201947
19891127,272.38703006847584
19891128,274.94573223900545
19891129,272.10146225119814
19891130,272.0915547807817
19891201,272.57733859946734
19891202,272.7426442269712
19891203,272.63838609694056
19891204,272.39013896483704
19891205,273.2436569939178
19891206,273.74538531050786
19891207,274.99751745799466
19891208,272.8246466276709
19891209,273.0628004354907
19891210,271.7381107815133
19891211,270.40399488739325
19891212,274.42420502339695
19891213,278.81404022976125
19891214,282.2385457276266
19891215,282.59936316458055
19891216,286.037824057722
19891217,284.12351427564846
19891218,283.03591604431455
19891219,280.3873234420207
19891220,281.51127239383374
19891221,284.27764579450553
19891222,281.44053723592054
19891223,276.8448869829435
19891224,279.2523389662546
19891225,277.9488145550152
19891226,274.69203018610057
19891227,272.9995682279219
19891228,272.3226963382182
19891229,272.69509180866766
19891230,272.1262327805129
19891231,272.01342492594904
19900101,272.608735206928
19900102,272.36259711530886
19900103,272.17585324057774
19900104,272.05597118572774
19900105,274.1816573649422
19900106,273.84920776685345
19900107,272.70767183614237
19900108,274.4023394431672
19900109,275.72921148961706
19900110,274.69434803136454
19900111,273.429321172464
19900112,272.0919486270141
19900113,273.4408705220442
19900114,274.1031003030957
19900115,275.7239818363211
19900116,279.0804235968538
19900117,278.9919024265145
19900118,273.5367862232122
19900119,273.28280751124123
19900120,275.6590477527106
19900121,277.74330495940654
19900122,276.51777731563567
19900123,278.36249479374766
19900124,277.76777304307353
19900125,280.1135074174384
19900126,276.5795124588418
19900127,277.5770829369224
19900128,278.4233094081775
19900129,276.21562222356255
19900130,278.4201890571024
19900131,281.1474539561196
19900201,280.0621670082751
19900202,279.3075002098908
19900203,279.57259884518294
19900204,277.60011104151647
19900205,277.55951001768966
19900206,279.8577033977741
19900207,281.96089932802744
19900208,282.3525537581533
19900209,276.07491041482655
19900210,276.39311397550347
19900211,277.17483692526577
19900212,275.5638447475419
19900213,275.80958326119645
19900214,279.1430952136564
19900215,278.420679589544
19900216,275.08115052210076
19900217,276.7375658654251
19900218,281.4032516044382
19900219,282.0089925852522
19900220,283.02906952280733
19900221,282.42458746369726
19900222,280.57362665050306
19900223,281.68476212981193
19900224,283.1808339294126
19900225,283.51029734264733
19900226,280.75736925432153
19900227,277.90192088198006
19900228,278.5154037265845
19900301,276.1397619589963
19900302,273.930388944561
19900303,273.85460957322977
19900304,275.9344444748678
19900305,276.7008825676022
19900306,278.6568273475445
19900307,279.675679284056
19900308,280.563353328887
19900309,280.86594251800346
19900310,280.6174862586873
19900311,283.3958383198457
19900312,282.1586228896552
19900313,280.96136893023925
19900314,281.5075650938856
19900315,280.76426949654484
19900316,282.1779173343738
19900317,283.05207140097986
19900318,283.36707420221484
19900319,283.6027695873698
19900320,284.3738501152348
19900321,285.63022489685136
19900322,285.0258308484406
19900323,280.14419346428616
19900324,280.33446295502876
19900325,277.34817791263526
19900326,276.7296750608172
19900327,277.72596996782556
19900328,276.63528770901377
19900329,279.2142099502734
19900330,280.90808767935766
19900331,282.6799274507193
19900401,283.9663451675959
19900402,284.1909214184571
19900403,280.45992669697824
19900404,276.75382844586466
19900405,276.3748235347731
19900406,278.498081498735
19900407,279.82852035912117
19900408,278.29943010579103
19900409,277.9080418347608
19900410,278.6882625211027
19900411,280.499786990451
19900412,279.0630473828299
19900413,282.14095886077047
19900414,279.8190185277561
19900415,279.08045339100215
19900416,278.72897286616615
19900417,278.42742237148303
19900418,277.48923642889895
19900419,277.497739543211
19900420,278.9151823246202
19900421,282.22427885360605
19900422,281.6378742598829
19900423,281.9926663118007
19900424,282.0990235484439
19900425,282.08480959532557
19900426,283.02253277209763
19900427,281.6579637767268
19900428,279.7590210502132
19900429,282.43423473315306
19900430,286.18452528687743
19900501,288.54391436655163
19900502,290.1197407108217
19900503,289.1423460765224
19900504,289.13835294769996
19900505,290.4202835559357
19900506,290.10325859632195
19900507,288.4976534771918
19900508,288.36900837663677
19900509,288.0523519189469
19900510,286.7324325102059
19900511,284.3287180957491
19900512,283.7011154894185
19900513,284.1092376292077
19900514,284.74777031653764
19900515,287.1345175983144
19900516,288.51247740175376
19900517,288.14164585434406
19900518,287.12614424781725
19900519,287.39219641342874
19900520,289.2629758791786
19900521,288.04160646014714
19900522,288.6279054510613
19900523,289.2942325857588
19900524,288.87762631952535
19900525,284.7451457707436
19900526,284.38477324867614
19900527,285.5025366583021
19900528,284.4371340214902
19900529,284.6018489700402
19900530,286.7467035764201
19900531,289.40009844236243
19900601,291.5914291788433
19900602,287.86061742101225
19900603,285.9831498899047
19900604,284.99430031461276
19900605,285.8051236901977
19900606,286.8384225027923
19900607,285.66636771663565
19900608,284.805015770349
19900609,283.7271166220982
19900610,284.62524919846265
19900611,286.05090043054275
19900612,286.70714008009776
19900613,285.88857143957085
19900614,286.0366704592821
19900615,286.7651330420839
19900616,288.13779234078476
19900617,290.2143969517781
19900618,289.0714599614512
19900619,290.46738818241835
19900620,288.45944269113244
19900621,287.7572251501271
19900622,287.1636768248642
19900623,286.85486475096826
19900624,288.29252650484284
19900625,290.98785808115593
19900626,294.4925597944715
19900627,293.1156907816547
19900628,291.38667230381617
19900629,292.3873890734805
19900630,292.6431336834925
19900701,287.7997203136875
19900702,286.7051728175134
19900703,285.9763587643101
19900704,286.81175900703016
19900705,287.5904405951887
19900706,285.681975449954
19900707,284.73666689531
19900708,289.9376510847662
19900709,289.4418104518563
19900710,286.29971781926366
19900711,287.04008857983854
19900712,290.486769881931
19900713,293.21356750697515
19900714,290.8001935540881
19900715,292.17091186211155
19900716,294.1661713145057
19900717,291.2034796421986
19900718,288.35299113231304
19900719,289.4247398879786
19900720,292.3198364729574
19900721,295.1195755957388
19900722,294.60306033501763
19900723,290.99929681566715
19900724,289.2611066556563
19900725,289.9009963101448
19900726,292.6952943966577
19900727,295.6624756973765
19900728,298.0287770580291
19900729,294.34366596978066
19900730,294.44877204247666
19900731,295.7942400352174
19900801,297.33966265104885
19900802,298.3936633699279
19900803,298.4051877410082
19900804,298.92264219632096
19900805,297.575719028023
19900806,290.99831256041267
19900807,288.1256716267003
19900808,289.34913170373056
19900809,291.42308274113503
19900810,293.62627566275364
19900811,295.2680027965234
19900812,297.71765591479533
19900813,296.28541407477053
19900814,292.5762497629314
19900815,292.0029767612462
19900816,290.7445355594083
19900817,287.2618151854144
19900818,288.2777292677227
19900819,289.942105955549
19900820,290.61336134973163
19900821,287.5265532566821
19900822,287.8815075606271
19900823,291.3594391791027
19900824,294.35105693579624
19900825,292.96169449890584
19900826,292.3849592405053
19900827,292.87312555371153
19900828,293.6660498680714
19900829,294.7059351671309
19900830,291.87616958653115
19900831,285.7888840519289
19900901,286.3895586155807
19900902,287.9921377551845
19900903,289.29823318031333
19900904,287.5189710626676
19900905,285.46129920606785
19900906,286.22202049012884
19900907,284.22388337737146
19900908,285.49627985590763
19900909,285.2759707212069
19900910,285.118999337072
19900911,285.2453948770822
19900912,285.58427007686794
19900913,286.8649960187214
19900914,287.75546266755424
19900915,286.22356557766744
19900916,284.35849984553994
19900917,284.52277719018235
19900918,285.45379459370935
19900919,287.55802054968103
19900920,284.1713999855721
19900921,284.31094794266164
19900922,285.6126102696984
19900923,286.0511315787516
19900924,283.4601663910818
19900925,283.6406449446507
19900926,283.2679823902815
19900927,281.906880987218
19900928,282.68667725682934
19900929,285.94001881716866
19900930,289.53068439253883
19901001,287.93565285605257
19901002,286.7771026307877
19901003,288.98526626700226
19901004,284.8148897133091
19901005,283.52305264739874
19901006,286.6282574493005
19901007,284.63807135443915
19901008,280.2351918408871
19901009,280.43523580101436
19901010,281.5067044873272
19901011,282.96295738781157
19901012,286.80999547664743
19901013,288.1711936340712
19901014,289.44660321775444
19901015,289.91784602122067
19901016,288.8713952552231
19901017,288.6260336724405
19901018,286.32436948714434
19901019,285.8311509292776
19901020,285.747283525765
19901021,283.4269895936878
19901022,279.86766807295623
19901023,280.1693962158874
19901024,283.0345258159393
19901025,282.94294773310384
19901026,281.7922626595362
19901027,280.7252838595354
19901028,282.28868588163124
19901029,280.9891165201695
19901030,281.0342739243602
19901031,282.3244438363121
19901101,281.0350096058898
19901102,279.1206730242121
19901103,277.99066743478505
19901104,277.27724829329105
19901105,276.70315905104525
19901106,275.1281650526797
19901107,275.21250391755035
19901108,275.32227875799543
19901109,275.1853203257487
19901110,278.67869656798945
19901111,281.39040479359903
19901112,280.88517818840245
19901113,279.96894392321184
19901114,281.5612135514337
19901115,280.7203382957121
19901116,280.4742328028536
19901117,283.33349145083963
19901118,281.6978614323165
19901119,279.25584295564107
19901120,280.3470699141066
19901121,277.16910379070504
19901122,276.42413187679466
19901123,275.1257900946069
19901124,276.242713719479
19901125,276.4524882437127
19901126,276.6533869339712
19901127,276.1185700818641
19901128,275.24957289199125
19901129,275.3248465517634
19901130,274.5654895120693
19901201,271.37904902608483
19901202,274.8732370852262
19901203,275.0475849092265
19901204,276.1635860614485
19901205,274.4963317618413
19901206,270.81089208512117
19901207,270.33034300600895
19901208,272.1814542093994
19901209,272.54094808248425
19901210,271.4030309556367
19901211,270.90406387065656
19901212,273.569141431822
19901213,274.1481727414931
19901214,272.99164387532676
19901215,271.19214194929424
19901216,269.7598679724514
19901217,270.0647260971757
19901218,269.2231576810498
19901219,270.65312643064334
19901220,272.713455553185
19901221,274.68784239353556
19901222,276.4202279539002
19901223,276.4245891769211
19901224,274.86414984919105
19901225,275.8411306258642
19901226,276.34391379330685
19901227,276.8707264786866
19901228,275.0959638210052
19901229,281.7312518838021
19901230,280.59547286629044
19901231,278.72074244715174
19910101,276.791608203792
19910102,278.9486823412055
19910103,281.3851328059139
19910104,278.67170879185346
19910105,276.6693829100213
19910106,277.2401820664691
19910107,279.0030410680466
19910108,278.59821011517994
19910109,280.8524729424758
19910110,283.10356886792727
19910111,280.7791278181947
19910112,276.607140955117
19910113,274.04178862093204
19910114,273.15630536855525
19910115,273.12645801932314
19910116,271.0399604296695
19910117,271.90021666405715
19910118,271.8542888816085
19910119,273.33178109211684
19910120,272.409735030665
19910121,273.5404593875771
19910122,274.1334860116769
19910123,272.6143204244019
19910124,272.100005127844
19910125,272.22409794231265
19910126,271.4415942342502
19910127,272.07822744276086
19910128,271.8150100066035
19910129,270.87471907738217
19910130,270.5994646762418
19910131,269.5633691543197
19910201,269.25343321735835
19910202,269.69513597420615
19910203,271.11842155548396
19910204,271.0557867873326
19910205,268.9686500091278
19910206,264.5246626232699
19910207,265.0264299426014
19910208,267.7010116819125
19910209,268.3613635913957
19910210,268.14852416327363
19910211,268.3225502100759
19910212,268.2869280808709
19910213,267.233072641191
19910214,267.77378817139214
19910215,270.1698576568844
19910216,272.83261933437603
19910217,269.41105447400633
19910218,269.74469806603037
19910219,273.9967903354341
19910220,272.90972295257563
19910221,274.9802849949899
19910222,276.2920844889124
19910223,278.13704974629985
19910224,278.645341929889
19910225,278.61517616509576
19910226,278.9260644057097
19910227,277.41593272601756
19910228,276.9406359231925
19910301,277.0816952471109
19910302,278.3668916793677
19910303,278.90578975104665
19910304,279.30534621015823
19910305,283.12425965062624
19910306,284.15129523353966
19910307,283.7092455478401
19910308,283.2590782531743
19910309,281.82562690194953
19910310,281.71930878253795
19910311,281.27442352725774
19910312,280.6999015321166
19910313,281.6166425645774
19910314,282.3521113040377
19910315,282.67580626384614
19910316,283.33515916808716
19910317,281.58394394554045
19910318,280.5882201540215
19910319,280.9505583870816
19910320,284.4174930062117
19910321,284.2826388528902
19910322,279.5907368408313
19910323,279.48314277988305
19910324,280.5880404800722
19910325,279.76209197244356
19910326,279.3927919216225
19910327,278.79885343745195
19910328,277.05962604566867
19910329,274.87894022121355
19910330,275.72737281750193
19910331,277.51945455653816
19910401,280.64493992505976
19910402,282.77990690129224
19910403,281.5227147589299
19910404,280.291571640361
19910405,279.827078266228
19910406,279.1428903023144
19910407,280.8319750518299
19910408,281.6181050736299
19910409,281.8207800889267
19910410,283.05449342493534
19910411,284.38258396020115
19910412,284.35814240071585
19910413,284.90105775596686
19910414,284.8597059791238
19910415,285.3471339369776
19910416,281.69939310223924
19910417,276.64872337166184
19910418,275.7203205907006
19910419,276.0164090299298
19910420,275.1279321979337
19910421,275.0007590402704
19910422,275.9394949517021
19910423,276.73942046644873
19910424,277.23065776023003
19910425,278.7828598977258
19910426,280.9181663609749
19910427,281.5911905086804
19910428,281.7602719184274
19910429,280.9532003386003
19910430,281.4987710473291
19910501,280.25352785701597
19910502,279.76162836373135
19910503,278.5465801324289
19910504,278.15129126141215
19910505,278.8746585505888
19910506,279.6315576161802
19910507,280.5313741632807
19910508,281.94069821880794
19910509,282.90013485833344
19910510,283.6846067956548
19910511,284.42978639169047
19910512,283.1626640511295
19910513,284.1957362661821
19910514,284.09523858488666
19910515,280.59310511895285
19910516,279.86056725272084
19910517,279.86711849866884
19910518,280.9511271493552
19910519,282.6604018316272
19910520,285.32402955209125
19910521,288.0536874033209
19910522,288.36206650009177
19910523,282.7753198393004
19910524,281.87122916346306
19910525,283.6590521357368
19910526,284.00615927513337
19910527,285.2993191348476
19910528,286.89252063797886
19910529,288.0786648656716
19910530,289.26047420400016
19910531,290.42802710445363
19910601,287.2069904855122
19910602,287.19993348166685
19910603,283.88934250125607
19910604,282.082754445039
19910605,284.07088604728943
19910606,284.8491041890378
19910607,285.282584517853
19910608,286.1815846822597
19910609,286.403125790923
19910610,285.9139017099274
19910611,285.93904346153164
19910612,289.04743783122035
19910613,286.3470105573872
19910614,285.3051240191094
19910615,288.5814010578195
19910616,285.3351537764673
19910617,284.45051543413433
19910618,283.96116288202273
19910619,284.28860206530334
19910620,284.0417765342352
19910621,288.15391221413773
19910622,290.28908520497856
19910623,290.3989391010233
19910624,290.432455121191
19910625,291.88752444482185
19910626,290.00167269680236
19910627,285.59553878709033
19910628,285.0825827446404
19910629,285.3595323042388
19910630,288.1660004767211
19910701,292.0364010224851
19910702,293.9740824046577
19910703,294.53167330840284
19910704,295.4152172739453
19910705,297.08297040997485
19910706,296.6460285099267
19910707,297.0604517568457
19910708,295.05184954732096
19910709,292.8161320901252
19910710,294.5731878853458
19910711,298.5796192826295
19910712,295.56661402555
19910713,293.2218548617455
19910714,290.121049083185
19910715,289.7227153600757
19910716,290.0570790132657
19910717,290.09161593222893
19910718,290.2551662645587
19910719,290.10257157213783
19910720,288.7872718993439
19910721,289.46365749953065
19910722,291.54509043423
19910723,294.7318383485365
19910724,291.44180169182977
19910725,287.084854229845
19910726,288.25404624101634
19910727,289.6630387153429
19910728,291.7668697164112
19910729,294.2363715925552
19910730,294.9434677520085
19910731,290.1382964144147
19910801,290.62198788386615
19910802,291.70670443885246
19910803,292.7216986807642
19910804,293.44310099050364
19910805,294.7746158039437
19910806,296.82625215123386
19910807,297.25518237866396
19910808,292.36475145629856
19910809,291.3802968862131
19910810,292.756564538086
19910811,294.5953582442638
19910812,292.4736169451705
19910813,292.27548326357766
19910814,292.5262746159752
19910815,293.75572899872174
19910816,293.1744608274861
19910817,291.58797571737415
19910818,289.4715080227573
19910819,288.1061336497166
19910820,290.6212251504795
19910821,293.39205076137716
19910822,296.5182755444761
19910823,293.18503260383903
19910824,292.008217434791
19910825,291.7584735611288
19910826,292.49340064659486
19910827,292.03698316034223
19910828,291.8634795863459
19910829,290.89962770218847
19910830,291.1231016718871
19910831,293.0369089365719
19910901,293.5311324899306
19910902,292.66356446923794
19910903,294.04440132266467
19910904,294.1918170644911
19910905,293.44769025654335
19910906,288.9755311628304
19910907,286.75637401178693
19910908,287.61805026414
19910909,289.3555055010646
19910910,292.0072787791974
19910911,290.9413759945231
19910912,288.71703832371816
19910913,288.7265997785133
19910914,289.6943420489785
19910915,290.04452087482423
19910916,291.72096849312896
19910917,289.6040058654245
19910918,288.50962575838605
19910919,289.28441865490913
19910920,288.70748643430176
19910921,291.0003847370607
19910922,290.4627545237218
19910923,286.4172738972214
19910924,290.1535378382319
19910925,291.0529058899721
19910926,287.1521026602946
19910927,283.90088276073965
19910928,284.1405994400042
19910929,285.27528647274744
19910930,284.6305605760727
19911001,283.30106221060055
19911002,283.41155441926475
19911003,283.3034309044474
19911004,284.6271980557396
19911005,285.3800582320909
19911006,284.3254259981547
19911007,285.3132671853319
19911008,285.6596762100467
19911009,285.8348203650833
19911010,287.90606937934257
19911011,287.52135040572546
19911012,284.8939259089252
19911013,283.5473277716074
19911014,284.0857667048138
19911015,284.3936243413937
19911016,284.91263022713855
19911017,282.83823618204013
19911018,279.63668784507115
19911019,278.11857334261026
19911020,278.1477722327887
19911021,277.538399662709
19911022,277.01867195402957
19911023,279.04070650400905
19911024,280.3193149313997
19911025,280.83906806309415
19911026,279.25280461959954
19911027,278.7387553343012
19911028,280.4253916951796
19911029,278.1321556161417
19911030,277.4573176384817
19911031,279.2302616967089
19911101,280.56492197047265
19911102,283.3877224806878
19911103,284.539048622577
19911104,280.0434109343676
19911105,277.8316420846902
19911106,276.80817028528014
19911107,279.2389442085974
19911108,281.62819784440734
19911109,278.33663769580016
19911110,276.0438741909052
19911111,277.5671544703607
19911112,280.41096956971273
19911113,280.04555830819044
19911114,277.8028681926458
19911115,277.6260759223614
19911116,275.3324185587398
19911117,275.7389760749159
19911118,278.46806972543567
19911119,278.6399869655522
19911120,275.9111046364147
19911121,275.1150705962298
19911122,273.754650912384
19911123,273.7403255499674
19911124,273.2701100379103
19911125,273.26285403254815
19911126,274.8673280159716
19911127,275.87336596787736
19911128,275.47842177097283
19911129,275.08216726697657
19911130,274.65004171498646
19911201,272.94166519969224
19911202,273.1144007715562
19911203,272.44685715872316
19911204,272.3764070616963
19911205,274.3399441674571
19911206,271.4504271155431
19911207,272.397382472425
19911208,273.51003133843574
19911209,272.5583005303052
19911210,268.87111441764176
19911211,270.11001921697533
19911212,270.57696677119014
19911213,270.4318202872317
19911214,269.97829443002314
19911215,270.82530604583206
19911216,273.9672123948773
19911217,277.15415777845743
19911218,277.00563478663577
19911219,278.9227580335758
19911220,275.29898401265757
19911221,277.78523741887903
19911222,282.8236292530677
19911223,280.7636183243585
19911224,276.0534398883214
19911225,273.99101282210074
19911226,274.23065944742217
19911227,276.1557417564415
19911228,273.6340705511756
19911229,273.33128705816813
19911230,275.1633097478979
19911231,274.144295813629
19920101,273.0689952989903
19920102,273.02680818429525
19920103,273.14886029201693
19920104,276.00490896404443
19920105,279.17951853109764
19920106,277.7698594539751
19920107,275.454755547513
19920108,279.4827658669844
19920109,281.0158339942829
19920110,276.6752082595002
19920111,275.7365500422462
19920112,275.16422445279534
19920113,274.4592232476809
19920114,273.60263824929973
19920115,275.3612582857252
19920116,274.8733876495733
19920117,275.024471108284
19920118,273.038128700251
19920119,273.58452500378604
19920120,274.46579620680313
19920121,268.6350722160475
19920122,268.27766264059017
19920123,269.41372414959733
19920124,270.82286443741543
19920125,271.5008203803109
19920126,271.3547796530757
19920127,272.51538027079306
19920128,272.05748630669143
19920129,273.5404836101778
19920130,274.425946856766
19920131,274.5293272651964
19920201,273.347133412453
19920202,273.49063112325024
19920203,273.4637666249071
19920204,275.7504880525629
19920205,277.77840024188873
19920206,276.7678875973652
19920207,275.3478158573922
19920208,274.7941209927133
19920209,277.5187985005111
19920210,277.09971888248555
19920211,277.9799887087331
19920212,281.3900955776876
19920213,279.6150844323061
19920214,277.2062020029275
19920215,279.1083187664126
19920216,274.7568859301163
19920217,271.92894566609783
19920218,268.9506376669886
19920219,270.09244653662523
19920220,271.9569142634729
19920221,273.1515782531041
19920222,274.7030059434096
19920223,275.94103079702785
19920224,277.9611186698454
19920225,278.3636735569394
19920226,279.1298222327479
19920227,278.2726276526349
19920228,278.9806590311941
19920229,279.4436826589918
19920301,280.08334238524543
19920302,278.45254708728106
19920303,278.1191619421665
19920304,280.467358886488
19920305,281.59062067595295
19920306,280.5065799508622
19920307,278.52168118920764
19920308,279.235806059131
19920309,279.4622013914274
19920310,280.2693639594517
19920311,277.03993415991755
19920312,278.1953193337186
19920313,280.164252235954
19920314,277.859160685419
19920315,277.6986952319426
19920316,275.85010391847374
19920317,277.9158861747497
19920318,279.91390179577814
19920319,278.9672414285999
19920320,282.27147232895965
19920321,281.4832322712322
19920322,278.3936705371932
19920323,276.80329571802037
19920324,275.5631319824604
19920325,275.8657889500014
19920326,275.9107894841617
19920327,277.02416478318014
19920328,275.37606774104273
19920329,276.56719337333215
19920330,280.1003416242312
19920331,278.7473988517077
19920401,277.99914170477564
19920402,278.20129941267504
19920403,279.25910226134096
19920404,278.53475892695093
19920405,277.27693127946264
19920406,278.0078711568441
19920407,279.40946814124464
19920408,280.7030543936017
19920409,280.71110028549305
19920410,281.5704853886036
19920411,282.26539867012974
19920412,283.0466337224795
19920413,279.80270534028676
19920414,281.81266270849443
19920415,279.5445159321516
19920416,276.2832182223787
19920417,276.5953459013169
19920418,280.9810132025081
19920419,283.01436525135324
19920420,279.40122793069315
19920421,282.45039183330465
19920422,283.1618195615145
19920423,282.66602532426845
19920424,285.4873796336776
19920425,287.03576320253825
19920426,288.00359824446576
19920427,284.39798264639126
19920428,282.6519406952137
19920429,280.86493873924195
19920430,280.9846277684094
19920501,281.7164772669502
19920502,281.15022331911484
19920503,281.030589173931
19920504,282.615939530213
19920505,284.5413627794597
19920506,284.99283889324204
19920507,285.7571405567972
19920508,284.4395734337501
19920509,282.3934962949863
19920510,283.8840775982261
19920511,283.1817827460513
19920512,283.73835195806987
19920513,287.8617000582246
19920514,291.7884435886195
19920515,292.4610898791605
19920516,291.17927369306665
19920517,286.84582594323035
19920518,288.23436829436804
19920519,288.73650087728026
19920520,289.04646661277974
19920521,288.2211229067115
19920522,288.98760217471664
19920523,291.0157467593044
19920524,290.8720416055225
19920525,291.14838305250566
19920526,290.90610971757155
19920527,290.6223132241398
19920528,292.2391145834733
19920529,288.7139997235479
19920530,289.8582304292301
19920531,290.48092895542896
19920601,291.1138135782723
19920602,290.01223733132673
19920603,288.0803155718924
19920604,287.4153023144467
19920605,285.6032507800175
19920606,285.79133608380903
19920607,287.2558898329914
19920608,287.7074026218337
19920609,287.843258164049
19920610,288.54615367495506
19920611,287.6489347310599
19920612,287.28191209096065
19920613,289.44751118058474
19920614,291.3013377750153
19920615,292.77908367870253
19920616,293.0787995384067
19920617,290.22069662023256
19920618,287.4939215647325
19920619,284.57052082969864
19920620,287.32903169117174
19920621,287.55770638766813
19920622,289.2268074646642
19920623,290.61100818558293
19920624,290.32034701815206
19920625,289.54253053884435
19920626,290.8444786422211
19920627,291.66672184116317
19920628,292.10373924760535
19920629,292.94494558628463
19920630,293.7971691186071
19920701,290.54328276106475
19920702,291.0092994312537
19920703,291.8227385957881
19920704,289.44809533844534
19920705,288.70771523816165
19920706,287.05853869454916
19920707,288.50631203789044
19920708,290.16725921921824
19920709,291.6772006574741
19920710,290.00408790866874
19920711,288.372669163421
19920712,288.26258361914694
19920713,289.097714798754
19920714,290.4135355802452
19920715,291.33994662737933
19920716,293.11709821138476
19920717,292.86130281529546
19920718,290.961693838859
19920719,293.9100251852235
19920720,296.40509134245343
19920721,295.05916984965603
19920722,290.7418156541016
19920723,292.10976399296175
19920724,293.90790633624266
19920725,291.79685887735053
19920726,293.04887640568853
19920727,292.4762548990105
19920728,289.8170117397364
19920729,293.27886708378054
19920730,296.85254859578316
19920731,296.3766073580917
19920801,296.4004711891064
19920802,295.5863495118368
19920803,294.93533066885857
19920804,291.0628858596034
19920805,292.5995195639722
19920806,295.06460667682245
19920807,297.73315849789384
19920808,300.1239521123399
19920809,299.48036894706337
19920810,291.40200658989426
19920811,289.4711410013616
19920812,290.5677723713507
19920813,288.6537039258706
19920814,288.3307211387385
19920815,287.3269509490895
19920816,289.9042251058857
19920817,291.34275423631954
19920818,294.38856245278447
19920819,295.7853558124692
19920820,293.8154229001937
19920821,292.25208005404005
19920822,292.1653496547273
19920823,289.33522145233144
19920824,289.78675719647396
19920825,293.75520191477295
19920826,293.1358836386586
19920827,293.78152124420046
19920828,295.2444256171967
19920829,289.94827085329695
19920830,288.5816279073496
19920831,286.0018393378273
19920901,284.3476043471073
19920902,286.3605108985849
19920903,287.3883582617785
19920904,283.56396095307485
19920905,283.32454447516085
19920906,283.81858061670397
19920907,286.9683646949416
19920908,285.0014756608088
19920909,285.5608835637541
19920910,287.374631836113
19920911,289.5182413170127
19920912,286.13455304345365
19920913,287.62256080996366
19920914,285.872578704842
19920915,287.51542047357924
19920916,287.16757622879487
19920917,288.81747845025023
19920918,288.6662386733827
19920919,287.7753856234527
19920920,287.4608819859281
19920921,290.1164748602023
19920922,289.9865496951799
19920923,286.2554264114337
19920924,285.65916758631835
19920925,287.36398543075865
19920926,289.2014672534218
19920927,290.6458717710008
19920928,287.02738898395893
19920929,286.7347368742211
19920930,286.29561437169605
19921001,285.35726500824006
19921002,284.5249615275044
19921003,285.1929080417679
19921004,285.95745577554516
19921005,284.6074097861721
19921006,281.8758538317612
19921007,283.91200686886185
19921008,285.2691085211114
19921009,283.59024303058817
19921010,281.3530792171678
19921011,281.28156530417175
19921012,281.2330161410803
19921013,278.6333927902667
19921014,279.15910277021186
19921015,279.0689031613258
19921016,276.42646263250066
19921017,276.2559069452852
19921018,276.4270534555574
19921019,279.0970886721736
19921020,280.0229448703744
19921021,278.66888363563555
19921022,277.8249986382403
19921023,278.51146079654154
19921024,278.1145885950737
19921025,281.0350708086957
19921026,279.0293698384251
19921027,278.9406971121438
19921028,279.9760644625381
19921029,278.9488290780544
19921030,277.26499484530456
19921031,276.7847597667088
19921101,274.8673535547208
19921102,276.7392046575355
19921103,279.7802314560368
19921104,280.0428923153634
19921105,280.42350672527135
19921106,280.88701238152845
19921107,279.65383945626445
19921108,280.65318924667685
19921109,280.76598145109045
19921110,281.9619468208163
19921111,280.9664614620034
19921112,277.329423987498
19921113,276.0337839373785
19921114,275.7064674816235
19921115,280.18373536081657
19921116,279.80557805817534
19921117,276.27617173225883
19921118,275.57524271753573
19921119,279.4422434868804
19921120,276.8372263122213
19921121,279.26056204233464
19921122,284.4261983685996
19921123,282.0541423228712
19921124,280.23295017978296
19921125,282.6568168440264
19921126,281.8651927210239
19921127,278.62134149418387
19921128,281.21393734524605
19921129,281.3434359464457
19921130,282.21564572066313
19921201,280.82476484283035
19921202,282.65914896472793
19921203,280.09365777214515
19921204,277.08755041941737
19921205,276.1860973144561
19921206,275.74257815175605
19921207,278.2368432571175
19921208,277.92537535559245
19921209,275.3964622957759
19921210,274.44313573783984
19921211,274.0188047335586
19921212,276.4233817926115
19921213,275.6881907370752
19921214,277.2740808912413
19921215,276.49035228105
19921216,276.86865678899596
19921217,275.8049047339475
19921218,276.7784026533462
19921219,279.94171060339283
19921220,279.4303315952075
19921221,279.2606212534399
19921222,279.20461153204536
19921223,276.9466260916112
19921224,275.94593458630254
19921225,272.8668286186407
19921226,270.7003767602384
19921227,270.85921177790556
19921228,270.2490517289024
19921229,270.1112575920472
19921230,270.3098465943694
19921231,269.9091557918719
19930101,269.09207037330475
19930102,267.59825509084766
19930103,265.7711741418415
19930104,266.62648358874793
19930105,271.77713225567476
19930106,277.4622177293714
19930107,279.1446403779095
19930108,277.57024945187226
19930109,277.6380582882421
19930110,280.7856665874993
19930111,281.62905367508625
19930112,279.5743008933078
19930113,278.6656252243527
19930114,279.2144896001216
19930115,279.27940126365297
19930116,282.15400710250987
19930117,280.03869608688035
19930118,278.12055916294656
19930119,278.1425529961304
19930120,280.30474295617734
19930121,281.6167141399143
19930122,281.4146993091795
19930123,280.2945504927375
19930124,281.26191263494604
19930125,275.8321684789601
19930126,272.928697059357
19930127,276.2629844360957
19930128,277.8480377471355
19930129,278.4389205505366
19930130,275.2052373336266
19930131,273.0931058612057
19930201,272.6885653751771
19930202,272.95991723640435
19930203,272.77109122825635
19930204,273.35759176978326
19930205,272.1704267703994
19930206,272.50786673845363
19930207,274.8716814305122
19930208,275.4600962256162
19930209,274.3819950826418
19930210,273.8624419755617
19930211,274.20526899705624
19930212,273.8825273762478
19930213,273.26988704115604
19930214,273.4808171155632
19930215,272.58964899544475
19930216,272.88882601430015
19930217,275.01054724047845
19930218,276.13140226039883
19930219,276.26725932707274
19930220,275.7544437209653
19930221,274.6745771680601
19930222,272.2130024614178
19930223,268.7188914092175
19930224,267.967954184912
19930225,269.63765782512945
19930226,272.09052046618166
19930227,273.0358935996554
19930228,270.4447059351754
19930301,273.07864798408724
19930302,275.3977929662008
19930303,272.05811404328335
19930304,270.30871448958334
19930305,272.01977901026567
19930306,275.73257637188124
19930307,276.64831775738986
19930308,274.75320259618167
19930309,275.02177889062614
19930310,277.776586162838
19930311,279.0238837261181
19930312,279.224188660461
19930313,279.45122789229816
19930314,280.25888146373194
19930315,281.4700519233756
19930316,282.4617667300068
19930317,282.6694990663548
19930318,282.28997945987334
19930319,280.5233279541928
19930320,280.36908879778713
19930321,282.4411171577718
19930322,283.1039860135574
19930323,279.9003246184174
19930324,277.69623634194625
19930325,275.85248241465564
19930326,275.26630603168104
19930327,273.67704205605656
19930328,272.8314981065851
19930329,273.8160916484483
19930330,277.3545648047066
19930331,282.71551782648663
19930401,282.2375497725402
19930402,278.41887908196253
19930403,278.4635464425782
19930404,276.7931577058991
19930405,278.0303771457658
19930406,280.47139841234247
19930407,279.83214508585144
19930408,279.8359043051358
19930409,281.3423143352853
19930410,283.004006417134
19930411,281.48481644167293
19930412,280.39222388280297
19930413,279.4846125709519
19930414,280.5404104471828
19930415,281.0168822208293
19930416,281.4555961074199
19930417,281.6420513357911
19930418,283.5664903661604
19930419,283.81858590396854
19930420,285.79366077110495
19930421,286.98465213643163
19930422,286.2833194270158
19930423,286.56706342539945
19930424,287.8574012856582
19930425,287.5452115565154
19930426,287.41466059504506
19930427,291.312721706739
19930428,291.13202882200244
19930429,289.729768185111
19930430,288.8166966895265
19930501,286.97290259041256
19930502,285.6797568013605
19930503,284.28797324432804
19930504,284.16190926115297
19930505,283.818154911892
19930506,282.38731742908624
19930507,284.5348542240775
19930508,287.43630094445115
19930509,287.9374222207348
19930510,289.4431990243408
19930511,290.6365068388406
19930512,288.31841203481235
19930513,286.0421460171545
19930514,285.2130154076314
19930515,284.4118705887991
19930516,283.77821436729425
19930517,288.5108169579186
19930518,290.2062211856067
19930519,289.4030791026381
19930520,288.32537537036495
19930521,283.8105424319695
19930522,285.4331525884464
19930523,288.684825307669
19930524,291.20423972805753
19930525,293.4162697726408
19930526,294.66645921056335
19930527,290.28287358783695
19930528,285.99632585224344
19930529,287.3723208197673
19930530,287.62464056771313
19930531,286.52019327843703
19930601,288.7499926925471
19930602,287.78537226732925
19930603,287.3904868283418
19930604,288.8224341280428
19930605,292.007098574621
19930606,293.890377725529
19930607,293.3202287123169
19930608,294.0010914533785
19930609,295.38603721637753
19930610,294.1758932806061
19930611,289.63466779616334
19930612,285.02537360688865
19930613,284.7071311222454
19930614,285.2684928928765
19930615,286.63599464760335
19930616,287.7406574745403
19930617,287.7952967484806
19930618,289.98700039485004
19930619,292.4348136610862
19930620,290.63117243256187
19930621,289.5114401774637
19930622,289.760928351707
19930623,289.31190843661346
19930624,286.29052116267354
19930625,287.3449384258757
19930626,288.33142266369146
19930627,289.9707943142675
19930628,287.0398906150153
19930629,290.6473757874557
19930630,292.433685678137
19930701,294.17623685911263
19930702,293.3674170190084
19930703,293.7681831872148
19930704,295.0401164305306
19930705,292.83215390901415
19930706,286.6257620526901
19930707,288.19644254386697
19930708,288.71819380035595
19930709,291.8042113589651
19930710,288.8233522806229
19930711,286.8049771373739
19930712,285.2040386094287
19930713,286.03313842874405
19930714,286.8734453363448
19930715,289.8522666158104
19930716,293.3851090799647
19930717,292.0025285685492
19930718,290.6656806539999
19930719,288.18160522972875
19930720,286.93422720278255
19930721,286.98768389709136
19930722,287.0708813427936
19930723,288.4859529960885
19930724,292.6394239348789
19930725,289.67449683190216
19930726,287.20477950818764
19930727,287.9422444363375
19930728,289.75683617238894
19930729,292.79649780436904
19930730,292.90242140606887
19930731,288.30284540172903
19930801,288.5407571850065
19930802,291.14188515422927
19930803,291.4331059763151
19930804,292.495091805006
19930805,292.83362120043915
19930806,288.5496354589986
19930807,289.49910672612447
19930808,291.1150631092317
19930809,290.30677572864226
19930810,289.0365876856974
19930811,289.2522853814592
19930812,291.67635267106374
19930813,288.5197333482943
19930814,293.3995459781374
19930815,292.2236900062715
19930816,292.6487474562415
19930817,291.4566463262757
19930818,291.7551192853047
19930819,292.33385478815507
19930820,292.4798479683211
19930821,294.1064586158403
19930822,293.7152043970603
19930823,286.0384449126534
19930824,285.8148181566635
19930825,286.15204288915106
19930826,286.95317635386147
19930827,286.72433902392703
19930828,286.365763131586
19930829,286.5708315998845
19930830,287.4404354658857
19930831,286.55991771364506
19930901,286.62940099386157
19930902,287.2092962737921
19930903,286.79369998747774
19930904,285.08668948191377
19930905,284.4379735809702
19930906,285.2908385410429
19930907,288.0503692429378
19930908,290.0218350143117
19930909,289.0173526713161
19930910,287.3919961173196
19930911,286.0109714704053
19930912,286.52890778771257
19930913,284.0915138833895
19930914,285.2062932434522
19930915,285.8005015852532
19930916,285.1134699920703
19930917,284.445540846433
19930918,284.4047318200074
19930919,286.95074056512374
19930920,290.20085107134395
19930921,290.1607932328175
19930922,289.3075047499858
19930923,286.8566379223153
19930924,285.5068715139523
19930925,283.5117293730198
19930926,282.85960308157877
19930927,282.2909356388648
19930928,281.55043655784976
19930929,283.01206919095677
19930930,284.0827451565876
19931001,285.42621866723397
19931002,283.92459963380685
19931003,283.0787457841589
19931004,284.62319034458375
19931005,287.5820179628857
19931006,286.429530304076
19931007,285.2847800255146
19931008,284.8658133503223
19931009,283.38670423311925
19931010,284.3752831999846
19931011,287.76665673030044
19931012,285.65814220032246
19931013,286.32218606620654
19931014,285.2659812726344
19931015,281.0362915205512
19931016,279.2547396797981
19931017,278.7798767099487
19931018,278.40715438462223
19931019,279.3844919787267
19931020,279.7895305483324
19931021,277.5075340024311
19931022,277.9317749977585
19931023,277.3712541031036
19931024,277.55855442588177
19931025,277.80683905142746
19931026,278.98071895878473
19931027,278.405606490441
19931028,278.1784007024887
19931029,277.5073479386521
19931030,277.06482265391253
19931031,276.3259153906734
19931101,276.24936883563413
19931102,279.094790069333
19931103,281.18772041060805
19931104,280.0294551729591
19931105,278.200831141979
19931106,279.12187466685845
19931107,278.9968258274211
19931108,278.4450187879992
19931109,277.9693592967435
19931110,278.70163189912404
19931111,279.1925625994859
19931112,277.08197437450605
19931113,276.52170459622306
19931114,279.3726289705739
19931115,276.62532883674896
19931116,274.311058032667
19931117,272.9092238063146
19931118,272.0730428740938
19931119,270.77558260486506
19931120,269.99885544256887
19931121,269.1482840951514
19931122,268.8950399411007
19931123,268.6880703819518
19931124,271.1496642198177
19931125,272.5164589860717
19931126,272.0700436836752
19931127,270.1409061513543
19931128,268.89102742435193
19931129,269.81305695169414
19931130,269.64324646428065
19931201,271.55571712704506
19931202,275.90620259505766
19931203,278.33909763266826
19931204,278.7289609789209
19931205,275.9148451486695
19931206,275.16446541206227
19931207,274.90104749108247
19931208,278.41157057864444
19931209,280.10342739665913
19931210,279.4781075506364
19931211,275.30067870976126
19931212,275.3678493305951
19931213,279.94759733737624
19931214,276.1391186087134
19931215,274.54252553527454
19931216,275.9722528423952
19931217,277.5510876140479
19931218,280.2468702954886
19931219,282.67596400264307
19931220,282.60694483229776
19931221,277.95672827477307
19931222,274.87950284275695
19931223,276.32501713342805
19931224,274.439764358559
19931225,272.7988531675811
19931226,272.1601561942675
19931227,272.79182668823825
19931228,273.49444387181734
19931229,276.37015044643795
19931230,279.81862677706374
19931231,280.6527505304476
19940101,275.3377243136088
19940102,277.0474918152692
19940103,279.00530386508274
19940104,278.04767369884695
19940105,277.762032081346
19940106,278.8533525975733
19940107,275.5940976788423
19940108,274.42099643159753
19940109,273.75921486591784
19940110,275.3875492927513
19940111,276.1249535282538
19940112,279.3343756672764
19940113,281.7204513196321
19940114,278.48396031196995
19940115,276.01376428591976
19940116,274.2514526503117
19940117,271.76861022643027
19940118,270.25332393314716
19940119,271.0934788002303
19940120,272.299515733327
19940121,271.87566379463806
19940122,273.8680271129139
19940123,277.39467496470576
19940124,277.987500046848
19940125,280.9291886914604
19940126,277.1934320219827
19940127,278.5139515739187
19940128,275.55323135202315
19940129,273.5140595873658
19940130,276.7975468528648
19940131,275.0970380236486
19940201,274.7448345298494
19940202,277.182993451992
19940203,277.87028732651135
19940204,279.254054390506
19940205,277.41798909454377
19940206,277.2773450794094
19940207,276.2600592267021
19940208,275.3431522433594
19940209,274.6283520842119
19940210,275.679381224789
19940211,274.2818999932549
19940212,272.55352217591167
19940213,269.8829405771314
19940214,268.80940265043716
19940215,271.8585163015479
19940216,271.46135544325017
19940217,271.1168151120262
19940218,272.5322296932441
19940219,270.7819888577446
19940220,270.71603716659064
19940221,269.08594906734146
19940222,274.68524502592555
19940223,277.5250411390577
19940224,277.0118568357841
19940225,277.8828353054343
19940226,280.71111188133074
19940227,282.64907860279294
19940228,281.60411891332734
19940301,279.7156610434413
19940302,277.59864765021786
19940303,279.2841580046938
19940304,277.54064658988176
19940305,279.9892473758253
19940306,279.714409738112
19940307,278.86191838939175
19940308,281.5542147246679
19940309,284.2809922937475
19940310,280.4400848442352
19940311,280.5155434034278
19940312,279.6165619578423
19940313,279.09985144027115
19940314,280.2150740758648
19940315,280.89824128758437
19940316,278.0113774152649
19940317,276.6535200434001
19940318,276.9147628962534
19940319,278.97858839042783
19940320,277.1070412212358
19940321,279.15126239636857
19940322,280.1997639691906
19940323,282.36767969823603
19940324,283.739511198867
19940325,284.4632713306875
19940326,278.96977353263327
19940327,276.6769398198379
19940328,281.0743730857968
19940329,283.6365898099639
19940330,285.1609043603766
19940331,283.80195125072504
19940401,282.43951919435636
19940402,276.5936458058523
19940403,276.33066628974586
19940404,276.57275989349085
19940405,275.81307089617036
19940406,276.3041057009479
19940407,277.11755528333805
19940408,277.8301804172739
19940409,276.726321468738
19940410,276.7482952975916
19940411,277.91528979690537
19940412,279.6197742311006
19940413,279.6392209420172
19940414,276.9566233473174
19940415,277.52964587060075
19940416,281.4902379506761
19940417,280.6393378616453
19940418,278.27759488447356
19940419,279.1300104240115
19940420,281.88629648979554
19940421,282.9364598234411
19940422,284.38956122480096
19940423,285.3442589915347
19940424,285.6975175114443
19940425,283.0339364707591
19940426,282.35512427374186
19940427,284.8600579459705
19940428,286.5056042710873
19940429,288.52038976508345
19940430,289.49955839472074
19940501,283.31899268945205
19940502,282.49210756433826
19940503,286.4794842824272
19940504,284.85588563597105
19940505,281.36665790917874
19940506,283.110574621036
19940507,287.53603665170294
19940508,284.81295061409753
19940509,282.8657700951032
19940510,284.237713854359
19940511,286.3414456903973
19940512,285.64878876909887
19940513,287.251275157517
19940514,287.7011868651262
19940515,288.17330400567585
19940516,289.1665902439627
19940517,287.84038624541927
19940518,287.3289453271581
19940519,285.53829333084815
19940520,285.0001117673947
19940521,285.42095680858455
19940522,287.0142544204829
19940523,286.63594613878155
19940524,287.2016814947595
19940525,286.41518637245537
19940526,285.4967204138875
19940527,283.69743296787465
19940528,284.19608904631235
19940529,284.20410183104576
19940530,283.9124429593597
19940531,285.86365289278405
19940601,290.2143014044163
19940602,290.15974452061687
19940603,286.7143722762507
19940604,283.3865795512907
19940605,283.37876500378724
19940606,283.52346340486844
19940607,288.8037029807896
19940608,288.6201671607991
19940609,283.46958278770774
19940610,283.56059117790375
19940611,283.0756020955327
19940612,286.1165063971063
19940613,287.90307413179676
19940614,288.52811553352956
19940615,288.1496087054792
19940616,287.9244272027844
19940617,288.38137398312307
19940618,291.16326123183967
19940619,290.8217293311881
19940620,289.8465031488464
19940621,290.3306854375014
19940622,290.46640299753506
19940623,290.52366571702186
19940624,293.5571985428522
19940625,294.89440782061394
19940626,294.7139962779135
19940627,294.358822859177
19940628,295.6257267309563
19940629,294.79373276782877
19940630,293.02496037448697
19940701,294.8154350730425
19940702,296.7442716066511
19940703,298.5139428274146
19940704,297.18628672792664
19940705,292.87616530740814
19940706,291.7159549539687
19940707,289.00795765401466
19940708,288.00641739422804
19940709,288.9814129936535
19940710,291.7673886270095
19940711,294.41590131486595
19940712,296.03461457256924
19940713,296.9582849808621
19940714,294.760381248986
19940715,293.72704882667375
19940716,295.03086488120357
19940717,295.95672156636954
19940718,293.4748078225372
19940719,291.792060506976
19940720,291.3729791411767
19940721,293.8477251925041
19940722,295.78341898057084
19940723,296.5077973418193
19940724,296.52578545984306
19940725,295.902376698675
19940726,297.0656150485239
19940727,298.10914684566245
19940728,297.13498849604986
19940729,295.5523519048658
19940730,296.34120669794925
19940731,296.5244404467948
19940801,292.70386199801044
19940802,293.2760115774674
19940803,296.4444651198301
19940804,299.2012915722708
19940805,299.5947724340308
19940806,296.9000980264375
19940807,294.4687417042542
19940808,291.97725396934544
19940809,293.42555691056054
19940810,294.1608444669737
19940811,289.5539437576804
19940812,289.25468941601656
19940813,287.984924516364
19940814,286.5220864195219
19940815,287.52978877591545
19940816,290.0094270692599
19940817,288.53586713399085
19940818,287.1098971984579
19940819,287.9193609029416
19940820,288.75688500599233
19940821,291.1687152839549
19940822,293.7943593613051
19940823,293.86805332248497
19940824,289.8462376184654
19940825,288.461044870146
19940826,288.79101084736527
19940827,290.3599949820801
19940828,288.7284757749706
19940829,286.23376151826307
19940830,287.6987878100506
19940831,289.6762908680427
19940901,289.99568707420303
19940902,287.8638484948949
19940903,287.0781904109981
19940904,288.2224024523327
19940905,288.74524804225643
19940906,288.3393382599931
19940907,287.64020671884384
19940908,286.39419313067384
19940909,285.6050937927592
19940910,286.3288918786809
19940911,287.1393290094588
19940912,289.14881235283013
19940913,286.6795285291343
19940914,285.85928187193684
19940915,283.832425792041
19940916,282.7889291207724
19940917,281.62042447989984
19940918,282.6928485380695
19940919,283.1994533664999
19940920,283.31371973829147
19940921,285.3363044637994
19940922,286.29253928526765
19940923,288.9654363783299
19940924,288.74527089451493
19940925,289.1192916397912
19940926,288.3236693376514
19940927,287.077831100228
19940928,285.67235085401325
19940929,285.7379027499491
19940930,286.0052801470111
19941001,286.41671982567277
19941002,287.401460555989
19941003,285.52475998179074
19941004,279.1815689354524
19941005,278.1323609945257
19941006,278.0907329683811
19941007,278.0551289810559
19941008,278.782531808069
19941009,279.99382216894986
19941010,281.38342887429303
19941011,282.9143775792442
19941012,283.8974896350498
19941013,283.3231547054398
19941014,284.34794752739236
19941015,285.6629901891067
19941016,283.90469505311404
19941017,279.4951029603496
19941018,278.571176420865
19941019,281.2733104478158
19941020,281.2925262308416
19941021,281.66668044115005
19941022,284.6964635847531
19941023,285.0215308687176
19941024,282.53761546775564
19941025,281.9788795891704
19941026,280.5024681809991
19941027,280.98794999160106
19941028,280.4648051781798
19941029,279.72303682107133
19941030,284.6964455310828
19941031,287.1898231914018
19941101,282.58172581192355
19941102,280.6853046502793
19941103,283.56768284230503
19941104,284.15868821668954
19941105,283.85003213829765
19941106,283.3512982879069
19941107,283.3390378121309
19941108,281.615647675698
19941109,282.04318109585154
19941110,282.04001305424333
19941111,280.61343484652593
19941112,281.42007821224144
19941113,281.6334517693303
19941114,282.792335131515
19941115,283.5572817389122
19941116,281.0885975337122
19941117,279.68040489498213
19941118,280.0445495736332
19941119,282.37760175980384
19941120,284.83944841260796
19941121,283.6243006562045
19941122,282.8975402530718
19941123,281.69133670435167
19941124,281.41866399223125
19941125,280.50253308324335
19941126,279.91117253070854
19941127,281.31788629986335
19941128,279.50185810658735
19941129,278.2339004266287
19941130,276.3697726600479
19941201,275.15999485405183
19941202,277.35978385399716
19941203,281.0930387161184
19941204,283.3633589449658
19941205,281.8683399544647
19941206,278.50777156820305
19941207,277.96975227421234
19941208,279.7509227054956
19941209,280.70290633055555
19941210,280.0994867380803
19941211,282.8068576663837
19941212,282.00595976847245
19941213,281.2605962702259
19941214,276.9211040321857
19941215,273.0676870889008
19941216,273.3477961886882
19941217,275.431777628675
19941218,275.8008635380341
19941219,276.94886674819674
19941220,275.1301301350113
19941221,273.1794068634486
19941222,273.0195672419666
19941223,272.769300640441
19941224,270.85713921401344
19941225,270.6865880817195
19941226,272.3944058441108
19941227,279.6190302403954
19941228,282.8217083597634
19941229,281.78718998420396
19941230,278.573950745948
19941231,276.7128338813716
19950101,273.4444867120987
19950102,272.1055712152417
19950103,270.9039683697793
19950104,267.6072350577825
19950105,265.54208520316274
19950106,268.0551630888303
19950107,271.15368522914656
19950108,269.2140511900675
19950109,273.53753998659033
19950110,276.41428621111606
19950111,274.7971106534725
19950112,272.6564033861707
19950113,271.535058236573
19950114,273.2233683397944
19950115,274.92798001291845
19950116,273.367138913388
19950117,275.76844433957524
19950118,278.1702408006112
19950119,276.6244195840198
19950120,278.600035801117
19950121,276.9228370336759
19950122,281.0039541202423
19950123,279.00007197883826
19950124,276.5941309228905
19950125,280.935048418028
19950126,280.47541204493
19950127,274.1983730545449
19950128,278.8611642791647
19950129,279.48707872230176
19950130,276.838087672603
19950131,273.2121814467565
19950201,279.594867658327
19950202,277.6003793274576
19950203,274.83614668595857
19950204,277.45285257535335
19950205,279.3430387662584
19950206,280.60984612019894
19950207,278.9171945806166
19950208,279.9491634815744
19950209,276.8848999303888
19950210,277.2039989683951
19950211,279.4768924271939
19950212,280.0170287697077
19950213,281.09506132956216
19950214,279.4680450816481
19950215,281.6379619360469
19950216,279.6179729243848
19950217,279.54483030204636
19950218,276.5358500246807
19950219,278.0091469361292
19950220,281.29834953428605
19950221,280.026134042799
19950222,275.10144954094966
19950223,275.4243884282166
19950224,275.9465583718225
19950225,277.42392566116524
19950226,275.28602373012205
19950227,275.0984540151074
19950228,278.09347677799684
19950301,279.7504905110049
19950302,277.15076562196407
19950303,276.46863322626405
19950304,273.23238071038537
19950305,273.72279520144775
19950306,275.12859604314633
19950307,274.43541542976396
19950308,276.04050703644594
19950309,274.6544056258488
19950310,276.74372035075726
19950311,279.08737703271873
19950312,280.1122402933319
19950313,278.5590573537664
19950314,276.4877130914099
19950315,276.9725190070655
19950316,276.04885363695
19950317,279.1201547603066
19950318,279.75022438422
19950319,278.50337113465304
19950320,274.9756315497415
19950321,274.8673200242972
19950322,275.09230617126144
19950323,278.4114886016957
19950324,279.9347381566462
19950325,279.01374122630403
19950326,280.3601246825558
19950327,276.55705514040005
19950328,273.0601209927085
19950329,274.0303336923579
19950330,273.73648811347846
19950331,273.68586801860056
19950401,280.8810411837698
19950402,284.0195864331951
19950403,284.5745194873761
19950404,283.22287301215783
19950405,283.30106219878456
19950406,281.9308517025284
19950407,283.62157738178456
19950408,277.9252756590009
19950409,276.3276790933574
19950410,278.1593649506313
19950411,280.21492585667596
19950412,280.7671513742436
19950413,279.9181119814621
19950414,279.3524740651733
19950415,279.7704663065978
19950416,279.05606868890965
19950417,279.4394998700897
19950418,280.31928459078927
19950419,278.08820403220045
19950420,277.26191632655446
19950421,279.71718550472025
19950422,281.8776290597303
19950423,284.50471805030526
19950424,286.8171299478928
19950425,286.5252170010501
19950426,284.2965982683941
19950427,283.4489401020286
19950428,282.34399305691613
19950429,284.15298528018644
19950430,283.92885424984934
19950501,285.38677889397826
19950502,285.7539104055498
19950503,286.3327774256622
19950504,287.95170085717547
19950505,289.47599918508337
19950506,290.3532460773132
19950507,289.6496600673844
19950508,288.2457134340802
19950509,283.39112283913613
19950510,281.7895132143665
19950511,282.7325235225363
19950512,284.00599593280543
19950513,281.0362051715834
19950514,279.1521529009423
19950515,280.8486774964216
19950516,283.03156813039794
19950517,284.11021220627043
19950518,280.6060166157073
19950519,280.55903459079263
19950520,281.6372562247179
19950521,283.0839064154116
19950522,284.87232802478155
19950523,287.1714789824135
19950524,289.40269206262275
19950525,290.3222016759816
19950526,288.2801503877798
19950527,288.32919183134527
19950528,291.10859547370546
19950529,288.755313981261
19950530,286.9103735914242
19950531,285.42358573504004
19950601,285.9925884700684
19950602,285.11015068069565
19950603,285.82741900359616
19950604,285.8402010649184
19950605,285.13457773381737
19950606,285.4733010149701
19950607,285.8152170895408
19950608,283.76537722931613
19950609,283.44389149881
19950610,283.11682170102205
19950611,283.5047527868108
19950612,284.2123544052004
19950613,284.1940113450988
19950614,284.54002795120437
19950615,284.1089155488671
19950616,285.1778394479374
19950617,286.9490203624741
19950618,286.231967309182
19950619,289.3790908010098
19950620,292.6479125242927
19950621,292.3621852088393
19950622,286.1293458428099
19950623,285.1494962710202
19950624,286.86796591664415
19950625,289.2240226838591
19950626,291.9336022287793
19950627,293.46884186500455
19950628,293.9233200410304
19950629,293.0547618366447
19950630,294.63106568113005
19950701,295.6009862713221
19950702,292.8675653365725
19950703,290.84717921470894
19950704,288.48849516845024
19950705,289.3470298228148
19950706,291.11849567514196
19950707,293.08905065063186
19950708,295.41881821583644
19950709,296.71070132758524
19950710,298.00324396010365
19950711,296.03371365917417
19950712,294.2175055320996
19950713,295.29133051231935
19950714,294.1281915309478
19950715,292.11444955386736
19950716,290.7040394827285
19950717,290.7381122724201
19950718,292.34113596720715
19950719,294.0773236480242
19950720,297.01497999875704
19950721,299.4120081542524
19950722,293.4962508059095
19950723,289.26322433954925
19950724,291.3621701117167
19950725,293.5865918172206
19950726,296.3407458022472
19950727,293.2243153693384
19950728,291.74592264254903
19950729,292.729064784777
19950730,294.58025950789255
19950731,295.5910921735737
19950801,296.55780382440525
19950802,295.57215247968946
19950803,294.33894282627153
19950804,294.71463231955374
19950805,296.0111452461853
19950806,296.2145826113586
19950807,291.95747511044846
19950808,288.62116796488107
19950809,291.62402210718733
19950810,292.62511357688004
19950811,294.55852297342693
19950812,294.9898530049072
19950813,293.20222069739975
19950814,290.74925140477916
19950815,290.7473760499029
19950816,291.468425710733
19950817,291.91765045230613
19950818,293.56764456905177
19950819,294.863743756436
19950820,294.2694309173646
19950821,294.38946723038254
19950822,294.9407324454044
19950823,293.44469393928335
19950824,291.0780117093728
19950825,289.9174715190697
19950826,289.59875325905864
19950827,288.129859755248
19950828,285.1825556366967
19950829,283.98505815250684
19950830,284.4019804940836
19950831,284.3385728395834
19950901,285.51052139496113
19950902,286.25212357997265
19950903,285.5856177604023
19950904,284.84486841055747
19950905,285.9781292904015
19950906,286.953542045546
19950907,288.4720035807009
19950908,287.664357699219
19950909,286.7338486160824
19950910,288.50990172766274
19950911,288.2529869037086
19950912,286.37460730455666
19950913,285.66792316458856
19950914,285.2513136150567
19950915,285.1376099079792
19950916,285.5784650785319
19950917,286.7827774299246
19950918,287.3700161049097
19950919,287.8102658650068
19950920,284.6444264096562
19950921,284.4026805554246
19950922,285.3513003392223
19950923,286.08384782998627
19950924,285.1042341940546
19950925,284.10652576235475
19950926,284.62907412177543
19950927,284.7071187842567
19950928,280.62853853404164
19950929,280.024715807017
19950930,281.34909600737717
19951001,284.06720479543327
19951002,286.5527679995189
19951003,288.42554507935205
19951004,290.05323759504796
19951005,286.8950917691655
19951006,284.91600036712117
19951007,287.0008717304632
19951008,287.5963905941018
19951009,288.59669932057074
19951010,288.0761367008666
19951011,287.9531021270854
19951012,288.05828512795887
19951013,287.6362806181663
19951014,286.9796597685575
19951015,287.4239098589705
19951016,287.34393359466577
19951017,286.0607325775283
19951018,286.32585686348006
19951019,283.9619246771357
19951020,283.01408592143656
19951021,281.3744457070878
19951022,279.8330156407069
19951023,283.42433276702576
19951024,285.3050918110666
19951025,285.27160510084894
19951026,285.63780963849104
19951027,287.6593169189751
19951028,286.38439640935155
19951029,285.67788075975267
19951030,284.01411118281004
19951031,282.2340907820989
19951101,279.7250319195879
19951102,278.90402955989447
19951103,278.80655632194254
19951104,273.165861448105
19951105,271.15696381642863
19951106,271.86924256093886
19951107,274.1586576391629
19951108,278.047666889779
19951109,279.8864314900897
19951110,281.32138689150935
19951111,283.27402368429745
19951112,281.967663784385
19951113,280.0487827673044
19951114,281.03927235703435
19951115,280.8446008553344
19951116,282.68733709660205
19951117,277.9532684321951
19951118,273.24218286799487
19951119,275.0217636247022
19951120,275.97341310856433
19951121,273.40357241150406
19951122,277.93915071599196
19951123,279.3489273266021
19951124,279.86659377216193
19951125,280.2231110958262
19951126,278.8742669400816
19951127,277.761663132402
19951128,277.1718543102134
19951129,276.313237816049
19951130,275.0762878741347
19951201,274.49475280041884
19951202,277.2712616971796
19951203,275.95056744762996
19951204,272.7241288783308
19951205,270.31509196159635
19951206,269.8559267914339
19951207,270.9928712542292
19951208,272.8280832853046
19951209,274.15214702216224
19951210,273.2249542636386
19951211,272.81400826963204
19951212,273.5056388423508
19951213,271.5738918283252
19951214,271.1738987092101
19951215,271.0552182251198
19951216,271.96889207209364
19951217,272.87184316176564
19951218,275.19217978352793
19951219,275.43437128085736
19951220,275.469995571394
19951221,275.03738939037856
19951222,281.39504529983833
19951223,282.3958607400712
19951224,278.1529554415821
19951225,275.42676492659155
19951226,271.5825637506674
19951227,270.332502953129
19951228,267.9810545559397
19951229,268.1823185976414
19951230,270.92780844642124
19951231,274.3889882244031
19960101,274.1151791003878
19960102,272.5123831982762
19960103,272.7250406841831
19960104,272.2880789805448
19960105,272.1267195650915
19960106,271.8953427181562
19960107,277.4440954317898
19960108,276.82322225477634
19960109,277.2642386269672
19960110,276.2915669565616
19960111,278.0528529942065
19960112,279.44210526863475
19960113,277.4785184027855
19960114,275.25368173660246
19960115,274.7809474525287
19960116,273.7846726182375
19960117,272.5753346593544
19960118,272.1330647573485
19960119,271.1181313123119
19960120,270.96480780663217
19960121,272.4925383143605
19960122,271.8570152341836
19960123,271.6071947359305
19960124,271.48770159646057
19960125,269.03424339297834
19960126,269.7735598267736
19960127,272.4750974167624
19960128,270.30982200846427
19960129,270.6801861431083
19960130,271.66999440934796
19960131,271.48286833265337
19960201,271.40399324084694
19960202,272.79362163390425
19960203,272.2853965314786
19960204,269.51228917332634
19960205,269.1433027641066
19960206,269.46862085663463
19960207,270.2358442465238
19960208,269.81451664587814
19960209,271.54984451225016
19960210,274.2621754717551
19960211,275.3223111521792
19960212,275.06080579745105
19960213,273.5443595032931
19960214,272.28155294082876
19960215,271.345416521612
19960216,273.96285280284513
19960217,275.97293451460376
19960218,275.0131870872211
19960219,273.76365417856147
19960220,271.3708156336448
19960221,267.61161093984975
19960222,266.0850843436221
19960223,267.6138169964636
19960224,272.1641120000299
19960225,277.49194606859027
19960226,278.72126744013366
19960227,277.96968614631163
19960228,277.55552758768494
19960229,276.5909812704692
19960301,274.29025797856156
19960302,272.2294956714613
19960303,272.2930404735883
19960304,271.924889957975
19960305,274.5882767146813
19960306,274.029424190712
19960307,274.7630335493238
19960308,275.11087552905565
19960309,274.92628662710837
19960310,273.68719345713316
19960311,271.77003212343965
19960312,269.60910072138074
19960313,270.49882186101706
19960314,274.28017599674484
19960315,276.6482773739913
19960316,277.1473203531088
19960317,277.35089019405655
19960318,277.9829876005537
19960319,278.6631869658132
19960320,279.13015587230865
19960321,279.6397854298915
19960322,279.7950144145132
19960323,282.85791755486485
19960324,282.6170813830118
19960325,282.0922784268705
19960326,281.37607945459854
19960327,274.14389765408924
19960328,274.5570648344065
19960329,274.91603468810973
19960330,273.6857878708599
19960331,272.853959233296
19960401,273.545507466047
19960402,273.5631607096948
19960403,274.1497896261476
19960404,274.92775938895755
19960405,276.9589934517499
19960406,280.2823363853325
19960407,282.00724509199244
19960408,280.028884549392
19960409,281.2640698077085
19960410,282.42708199335004
19960411,281.773934163197
19960412,277.7282737343462
19960413,277.6413546570097
19960414,278.4129115281234
19960415,279.428468737609
19960416,281.55794404139215
19960417,282.8648119745797
19960418,283.27748908336775
19960419,285.28784550594656
19960420,287.24322565624476
19960421,287.8760573496919
19960422,289.56166797131203
19960423,286.4152399357702
19960424,283.433637318944
19960425,282.30312607756406
19960426,283.9379171862977
19960427,286.39619332994056
19960428,286.02377311612275
19960429,283.8029408745948
19960430,283.0983667053281
19960501,283.9151314896928
19960502,283.7840371066953
19960503,282.10913139993653
19960504,279.8577307205595
19960505,279.8535791769554
19960506,283.4204630524038
19960507,284.82186224345384
19960508,283.73779944786213
19960509,280.2001368980977
19960510,279.58323761653594
19960511,281.80098074942333
19960512,282.93867279965684
19960513,281.0890127338474
19960514,283.1141455471914
19960515,282.2143327885721
19960516,283.8366382887212
19960517,287.4422246975958
19960518,286.5486086643521
19960519,284.0669322408616
19960520,283.0849459223273
19960521,282.85573804829687
19960522,283.16522975625094
19960523,285.32709822848074
19960524,288.7887564487282
19960525,285.20893886123054
19960526,284.9106859012622
19960527,284.091934599933
19960528,281.70219990302917
19960529,285.95310589249993
19960530,290.18705200927394
19960531,291.12792548482656
19960601,286.5327052331192
19960602,285.3136687958258
19960603,286.6831843147156
19960604,288.6632818254727
19960605,290.8907553030686
19960606,294.07424661916565
19960607,296.0236156942442
19960608,294.72520752958445
19960609,291.9587893444229
19960610,293.4793254533333
19960611,295.34130746696206
19960612,292.33168987002136
19960613,287.42255989645986
19960614,287.4685010597035
19960615,288.53958232665235
19960616,289.3812946411117
19960617,291.3428526061246
19960618,291.96127671170507
19960619,287.1701152396618
19960620,285.7982691964607
19960621,284.9128292088989
19960622,283.70809813342476
19960623,284.29152607802405
19960624,283.73995482237757
19960625,285.1365424450203
19960626,287.3129752875288
19960627,288.91244139516243
19960628,290.69191515362456
19960629,287.43296381032343
19960630,285.9950179278418
19960701,286.74301087842065
19960702,286.1827963253641
19960703,288.4966817989221
19960704,289.4366777149043
19960705,288.18858588202414
19960706,285.8399588900559
19960707,285.3150904356391
19960708,285.4024694737335
19960709,285.5142497954641
19960710,286.9942046061837
19960711,288.65862000103425
19960712,290.7805886881913
19960713,290.4806757681219
19960714,291.76803637929174
19960715,291.7081215658762
19960716,288.3794523017542
19960717,288.5169442456957
19960718,288.6058544653012
19960719,288.5367697443972
19960720,289.3889577719073
19960721,290.38549116253057
19960722,292.16078472524595
19960723,293.67941895043737
19960724,289.9207383299303
19960725,288.0256743536327
19960726,290.5515271398046
19960727,292.76791227180223
19960728,292.90107300347864
19960729,293.2396021508886
19960730,291.4618050017887
19960731,292.3496274881023
19960801,293.24795842841826
19960802,291.50929323059717
19960803,290.47359587558674
19960804,290.4871971504939
19960805,291.6513523639804
19960806,291.89176242367347
19960807,290.9077831896873
19960808,290.86426409850174
19960809,293.366739417513
19960810,293.2010774418272
19960811,290.1945879587853
19960812,288.19141306556645
19960813,286.674967679458
19960814,289.51989158492387
19960815,289.7221192412909
19960816,289.84433127258643
19960817,290.86587059850984
19960818,292.21736597362735
19960819,293.39316115788756
19960820,293.6978137937328
19960821,291.15429562291234
19960822,290.5645202295744
19960823,291.2869313863162
19960824,289.74044821621163
19960825,288.44819553516135
19960826,288.09225655914344
19960827,288.00688227079877
19960828,286.2201569927317
19960829,285.2693294161318
19960830,285.3214271100338
19960831,285.7159480356882
19960901,284.71607638283183
19960902,285.3629287465927
19960903,287.5392906434201
19960904,289.2800214573596
19960905,287.50406950230206
19960906,285.6897603608588
19960907,284.3946171917248
19960908,283.9389822966363
19960909,284.293022952966
19960910,284.4708302888329
19960911,284.73413158415156
19960912,282.7191545672582
19960913,282.5465493576388
19960914,284.2735242522146
19960915,283.7002209074329
19960916,283.645196096235
19960917,283.2374238249576
19960918,282.6900014661472
19960919,284.91811205900774
19960920,283.31460977643394
19960921,282.91830855731223
19960922,282.9850459151551
19960923,282.7794275808728
19960924,281.87069117919054
19960925,283.48491659472614
19960926,284.5657724015112
19960927,285.1102711031611
19960928,284.42000493805284
19960929,285.38769210062725
19960930,287.79559914077663
19961001,284.8840735085345
19961002,282.299925166056
19961003,281.3856760091109
19961004,282.2905862384301
19961005,280.62119517699733
19961006,281.09018936901737
19961007,282.82611751857684
19961008,284.485076659041
19961009,284.276816174855
19961010,283.6647286684409
19961011,283.5523614493483
19961012,284.45593873560676
19961013,285.8117702101543
19961014,285.4432228001341
19961015,285.25864517467494
19961016,282.1041667957019
19961017,281.27982036643317
19961018,280.99539401729197
19961019,282.822985668343
19961020,283.67876166583625
19961021,285.2269322744471
19961022,281.4627207094698
19961023,281.0170395101721
19961024,281.49697670935143
19961025,283.37143283133304
19961026,283.2534703049786
19961027,283.78594349126257
19961028,285.45309334254677
19961029,282.019553804294
19961030,278.78409350997947
19961031,279.68578574376653
19961101,283.34039406835603
19961102,283.83928050822726
19961103,282.8298324759054
19961104,284.219207315714
19961105,281.9053708855835
19961106,281.4752978332149
19961107,282.2915306758047
19961108,279.38334337368724
19961109,279.2115507791398
19961110,279.6517788779076
19961111,281.57825214299083
19961112,282.2857232531507
19961113,279.3337162580524
19961114,275.2879481549291
19961115,275.1599858152858
19961116,276.33696363961525
19961117,275.2489491520654
19961118,273.71921704795625
19961119,274.63998131408715
19961120,276.7193436060226
19961121,274.3137204166342
19961122,272.40366368015685
19961123,271.9250927209281
19961124,272.51856010766886
19961125,275.20394682070605
19961126,276.28473367072013
19961127,273.63972629289407
19961128,272.7751158040059
19961129,274.004971398756
19961130,275.81297323161596
19961201,274.90962900095263
19961202,277.10781068715613
19961203,276.8487795637986
19961204,279.95968076769856
19961205,279.2871378787401
19961206,276.06236200763095
19961207,273.3728767337233
19961208,272.3736782592502
19961209,271.86382195863735
19961210,272.20992939878187
19961211,272.0336400553304
19961212,274.8946321156522
19961213,276.9078493383056
19961214,271.68424863655747
19961215,272.70000542536053
19961216,274.3876194306534
19961217,276.0574544658284
19961218,278.99412842771443
19961219,279.9808172317972
19961220,278.26946285021796
19961221,273.8381246674539
19961222,272.9771002055811
19961223,270.7690938206325
19961224,268.2294350908697
19961225,266.83427372304294
19961226,266.45974445580407
19961227,265.2535254251032
19961228,263.7889883459831
19961229,264.2954937714042
19961230,265.78206496700926
19961231,260.8317025960467
19970101,259.72726682792916
19970102,261.23663212920866
19970103,267.1479716213273
19970104,267.97827021423524
19970105,267.4481615638257
19970106,265.750459074412
19970107,266.29364603922124
19970108,265.2036872894474
19970109,267.95708601956335
19970110,265.0145320124237
19970111,265.2722131690819
19970112,266.65725739241833
19970113,267.71324377903983
19970114,267.6546769756626
19970115,269.3343010713695
19970116,270.43994257354075
19970117,272.0035910001057
19970118,275.2012175123878
19970119,275.875278583043
19970120,275.60809089212495
19970121,275.11923076040847
19970122,277.2156088599016
19970123,279.0938958449831
19970124,277.3801130119022
19970125,276.2489859498731
19970126,274.4685033160656
19970127,272.87745683470735
19970128,272.56516071203424
19970129,273.2819254039027
19970130,272.95225124903413
19970131,272.9558947029089
19970201,273.05866439243914
19970202,272.01614982596334
19970203,272.7853907757209
19970204,274.1405242903456
19970205,275.6680882436359
19970206,273.25796458048654
19970207,274.78020098602013
19970208,276.1948344433634
19970209,276.4412474737245
19970210,279.141636725032
19970211,277.3844876505388
19970212,281.1038189867012
19970213,277.8888935092322
19970214,275.84524442021814
19970215,274.8584132415676
19970216,274.40430508391415
19970217,276.28559523273753
19970218,278.36604889680876
19970219,276.6062310244103
19970220,279.4538290043448
19970221,279.8182596220588
19970222,280.70998496182324
19970223,281.0155228137007
19970224,282.241636019759
19970225,283.2104985067296
19970226,280.5151799399798
19970227,277.75667557509564
19970228,279.85338013549017
19970301,282.20216519832536
19970302,283.142870534948
19970303,281.4896111156122
19970304,284.00707084389165
19970305,281.2616963513463
19970306,279.65979721390244
19970307,280.5948532735137
19970308,279.80990948790503
19970309,280.70494602097386
19970310,281.55070186887855
19970311,281.78171864294615
19970312,282.38905900251035
19970313,281.3717609749414
19970314,279.3279174208679
19970315,280.5688791338287
19970316,282.5216314299467
19970317,282.0154146921343
19970318,281.18791367359256
19970319,278.094041633857
19970320,276.21139302209866
19970321,277.5759515353384
19970322,275.863532324456
19970323,276.99407195443945
19970324,278.9268791639613
19970325,279.1828032939513
19970326,280.1183217462941
19970327,283.0641334001245
19970328,280.24255844158915
19970329,277.0444457419643
19970330,278.7373749636243
19970331,280.54928724851595
19970401,282.67811871846476
19970402,283.3850055342137
19970403,281.4861287060151
19970404,277.5749459857404
19970405,278.80503751618943
19970406,278.5855245591234
19970407,276.68807914813584
19970408,278.6073950782473
19970409,281.7056747275469
19970410,283.06193058464646
19970411,280.6386510243661
19970412,276.67837026337895
19970413,277.58212496712656
19970414,280.02366561346355
19970415,278.06486167439056
19970416,277.4176652822193
19970417,278.04037651730476
19970418,280.027745646956
19970419,278.9386549899671
19970420,277.1274213593594
19970421,276.90378295215476
19970422,277.49085617874
19970423,278.65264543418886
19970424,281.5008946677137
19970425,283.4674323895837
19970426,283.6036934642912
19970427,283.3317903358823
19970428,283.1123728391846
19970429,282.5485289110133
19970430,282.8012061338711
19970501,283.50386899378844
19970502,286.3295506401999
19970503,288.9109197314119
19970504,289.2513382921874
19970505,286.4569324466761
19970506,281.91417786474
19970507,278.09968425433874
19970508,279.08174865447
19970509,281.41375029619536
19970510,283.56891835639095
19970511,285.2899867136194
19970512,283.997846805904
19970513,286.189720009676
19970514,287.55947358740474
19970515,288.9658941051735
19970516,291.3601947163842
19970517,291.7549246458086
19970518,288.0721361928261
19970519,288.94654574620796
19970520,287.07532000720147
19970521,284.6883125161763
19970522,283.47535349591675
19970523,284.0760496084255
19970524,283.9423550473109
19970525,284.4249215575306
19970526,285.58843505984896
19970527,284.8167140510611
19970528,282.76559252725343
19970529,285.8344329666547
19970530,286.11377256647387
19970531,285.08573874536773
19970601,284.20638143740877
19970602,287.20652813895396
19970603,288.16630865827784
19970604,289.3301610115122
19970605,291.1763910875858
19970606,291.7649653573017
19970607,293.9214599941416
19970608,291.02635114971537
19970609,290.4139877255323
19970610,293.3899851777799
19970611,293.62984583435735
19970612,291.45675182074774
19970613,290.6228104465834
19970614,288.6692951138005
19970615,287.6027939295213
19970616,288.3847646870035
19970617,287.07572767522703
19970618,286.3481216447005
19970619,287.3012699353516
19970620,286.5205402092925
19970621,286.7836005862319
19970622,286.0983366350508
19970623,285.7097276239604
19970624,285.3734226975109
19970625,285.4783945686834
19970626,285.889345883041
19970627,286.56502161312983
19970628,287.7974954512294
19970629,288.7037111332459
19970630,286.4634335416099
19970701,286.8873530366922
19970702,288.4633915166405
19970703,286.97790481734455
19970704,287.43756556581064
19970705,287.3511518389625
19970706,287.28183946496387
19970707,288.75651884531857
19970708,289.33842033356296
19970709,289.9230515551986
19970710,290.89245961992776
19970711,291.8216934588572
19970712,292.7078626497927
19970713,292.9763769218091
19970714,291.87316728266575
19970715,290.37049600098754
19970716,291.26961325600706
19970717,290.6791453440189
19970718,287.845954099331
19970719,288.7651006382306
19970720,288.11152220816604
19970721,289.16888952244443
19970722,290.5277220080194
19970723,291.76073498393134
19970724,292.16155107241843
19970725,289.453013698321
19970726,289.5199780237018
19970727,291.14535385413876
19970728,290.17210906072734
19970729,291.87412798418114
19970730,293.0826784652834
19970731,287.77165719627783
19970801,286.41770667751604
19970802,289.1864467401206
19970803,291.66674271344374
19970804,294.1975178704914
19970805,295.151375986694
19970806,294.03254607067817
19970807,293.9416863099314
19970808,293.8002886939048
19970809,294.21936885663985
19970810,295.06856539323
19970811,295.9468585511713
19970812,295.8134104131338
19970813,295.43913665192514
19970814,294.6295637154166
19970815,293.2219554170759
19970816,293.6783524511565
19970817,294.1784004977573
19970818,294.17667038105236
19970819,294.0193311738462
19970820,293.9801507288965
19970821,294.70207688936904
19970822,295.17972237561065
19970823,295.64925019125866
19970824,296.64754548633897
19970825,297.3225118538069
19970826,293.15077149027053
19970827,293.10424902422955
19970828,288.56454773122306
19970829,287.5392693825728
19970830,288.00188809571097
19970831,292.6229356661346
19970901,293.4142277718065
19970902,289.9164544310724
19970903,290.62259192579205
19970904,291.6184925052417
19970905,291.40597059510293
19970906,288.54129820926045
19970907,286.3371178072526
19970908,287.55804709424706
19970909,287.3822653140703
19970910,285.33658718022235
19970911,288.4115924367787
19970912,289.8849541323295
19970913,285.28965145917
19970914,282.9994872851274
19970915,284.9198657015989
19970916,287.35767748286383
19970917,289.6162936404333
19970918,290.27708192701556
19970919,288.90505363420925
19970920,285.40318530918677
19970921,284.8886337059398
19970922,285.9318468748424
19970923,286.6777269494195
19970924,286.1538917227572
19970925,286.986281486333
19970926,288.12447696252025
19970927,287.898864445072
19970928,287.9612650740258
19970929,288.59576807030015
19970930,288.3798037214936
19971001,289.64586046431674
19971002,287.51191109533676
19971003,283.64302223075
19971004,284.35451870129106
19971005,285.0425483582635
19971006,288.9125898559469
19971007,289.17765274436925
19971008,288.6244884300472
19971009,290.7212225885514
19971010,287.28541933205554
19971011,283.81955408710445
19971012,283.0714594495559
19971013,279.29717380219466
19971014,279.9639442338663
19971015,278.9021066685586
19971016,280.75856959504074
19971017,282.8153845316607
19971018,284.75986306810296
19971019,285.2668628933606
19971020,284.45377516497996
19971021,279.8744431145043
19971022,278.3709471874016
19971023,277.4931791388066
19971024,277.2842192215555
19971025,277.07033380158344
19971026,278.5854221218758
19971027,276.6273886090688
19971028,273.68176777158834
19971029,273.9034390604101
19971030,275.42726582157417
19971031,274.52687507428635
19971101,274.6425872613087
19971102,275.24016164509226
19971103,275.9640377924832
19971104,277.8677960139585
19971105,282.6751115442986
19971106,283.5497291915266
19971107,282.69840006930855
19971108,281.4349311692126
19971109,281.25513939697913
19971110,280.51373971130874
19971111,279.3311471680673
19971112,278.9298745667044
19971113,278.262758212689
19971114,277.8860832632126
19971115,279.1129791363566
19971116,280.9634495197678
19971117,277.93159036096625
19971118,276.1909114308687
19971119,274.41941248275685
19971120,277.9403434722438
19971121,278.76875745487183
19971122,277.1842265263382
19971123,275.3085898495429
19971124,274.9185627633911
19971125,276.67453186936257
19971126,277.026132636962
19971127,276.1197414916085
19971128,279.54631398879593
19971129,280.6636176426252
19971130,279.3103561588642
19971201,275.89007243713587
19971202,272.8292079524413
19971203,271.7399950859399
19971204,272.28206650935516
19971205,272.1944265466389
19971206,270.7009436099415
19971207,271.5856217359305
19971208,274.0632597732961
19971209,277.7486948449926
19971210,280.60358311159183
19971211,282.94764903519985
19971212,279.0495335504543
19971213,276.38775509546525
19971214,275.5520618849614
19971215,272.94655905999224
19971216,269.61917148254
19971217,271.3506490733238
19971218,275.6442289498537
19971219,277.50506795871587
19971220,276.50727469205236
19971221,275.54723345601684
19971222,274.0758411678075
19971223,275.1198326791844
19971224,280.4265602145006
19971225,282.9097241926412
19971226,279.60254102110656
19971227,277.3616883580827
19971228,275.977689341218
19971229,274.9689160730417
19971230,275.77391237345904
19971231,280.6138783844706
19980101,278.93781485588596
19980102,279.09247039883127
19980103,279.2657506753906
19980104,278.3563527786093
19980105,278.06042110228253
19980106,277.46865534653426
19980107,281.07364070459613
19980108,280.6569580657053
19980109,279.9081976886636
19980110,277.06109398466856
19980111,277.4460838923495
19980112,278.5922979442857
19980113,279.6001759203316
19980114,279.14258864307345
19980115,276.7818092213519
19980116,279.01822124533356
19980117,275.8889405914449
19980118,275.75631716212365
19980119,276.2753848586085
19980120,273.91671602224875
19980121,273.052983174412
19980122,271.3007361032743
19980123,273.29001613053595
19980124,272.52383334726824
19980125,271.76133546978986
19980126,269.60596554442367
19980127,268.4744702500149
19980128,268.9379975833387
19980129,271.880204420175
19980130,270.9718465283824
19980131,271.02819767972
19980201,266.96572064321214
19980202,267.391818330235
19980203,270.9061260833121
19980204,270.206251709805
19980205,272.2253039328127
19980206,273.2673329753655
19980207,273.02012443873144
19980208,273.4070738019456
19980209,275.008346551475
19980210,276.7137244539849
19980211,276.94504450064835
19980212,278.0642506612802
19980213,279.63790171307556
19980214,280.1989614039546
19980215,278.52890828741005
19980216,280.0406876730702
19980217,278.59896030600925
19980218,278.0370869774102
19980219,278.20386894258576
19980220,280.4808465419363
19980221,282.523055381994
19980222,279.4304243952283
19980223,277.41130445994867
19980224,278.22630678412594
19980225,281.0026830729923
19980226,281.2767899760037
19980227,279.5303533160156
19980228,277.77634590698193
19980301,275.5970031373476
19980302,278.2808073319987
19980303,281.986564095487
19980304,285.002260242677
19980305,278.3345165063914
19980306,278.9527635416238
19980307,280.56096818916893
19980308,278.9482597037858
19980309,273.6879130050266
19980310,274.21009233712806
19980311,275.438407545992
19980312,275.5076148942527
19980313,274.54470976339206
19980314,278.1996330011263
19980315,278.9917604462762
19980316,280.22398613948366
19980317,279.8507189693033
19980318,280.7077162053319
19980319,277.91503020386085
19980320,277.0680975556607
19980321,276.8144293435549
19980322,276.21576748609135
19980323,275.9889462339232
19980324,274.79800185710604
19980325,274.894814768556
19980326,276.6567831678683
19980327,279.29242738907527
19980328,282.7917904744805
19980329,285.6430357950286
19980330,285.5866755318356
19980331,285.76962849428264
19980401,284.3525174454033
19980402,283.06672249215256
19980403,284.2342617374441
19980404,280.72061592532003
19980405,281.2071126708344
19980406,280.80405188321544
19980407,279.4976983211437
19980408,279.5230057554073
19980409,279.7737403801012
19980410,278.75789735566957
19980411,278.7966068039464
19980412,277.0384013238952
19980413,275.5848112102429
19980414,275.7436316311617
19980415,277.94429572826147
19980416,278.01852406504713
19980417,278.6545727825266
19980418,278.1042674054705
19980419,278.60877039287016
19980420,280.58940224684545
19980421,282.51861275438563
19980422,285.52026024298226
19980423,285.8866977941478
19980424,283.5137142222224
19980425,285.08578043750066
19980426,284.6819290850489
19980427,282.39082142119076
19980428,281.6797437717821
19980429,282.65348201116586
19980430,285.12382682110257
19980501,285.0851433190845
19980502,283.9479125956088
19980503,283.28778440869894
19980504,281.39271744053946
19980505,281.72052447711457
19980506,283.04004385999116
19980507,284.61903505805043
19980508,287.57196305696084
19980509,289.37486069054165
19980510,291.20831835169207
19980511,292.6875194399782
19980512,293.1672180435913
19980513,293.11994511183804
19980514,291.4927902785342
19980515,289.1379775516682
19980516,287.2028003305904
19980517,286.93596993716704
19980518,287.3945556305806
19980519,288.5127214690911
19980520,288.68667010362344
19980521,286.98056945457785
19980522,282.598475545085
19980523,282.60057878920287
19980524,284.1802401221359
19980525,285.0348381785054
19980526,285.7324242764833
19980527,286.703139761303
19980528,287.88731257386013
19980529,286.8832951164247
19980530,288.2574797556037
19980531,287.5296207834902
19980601,287.55911923604464
19980602,289.85460569548985
19980603,288.76445963144585
19980604,289.6614282850714
19980605,293.92021686860835
19980606,294.5675983922603
19980607,289.6996248780046
19980608,287.71167558064116
19980609,289.71168191777116
19980610,289.0871451404677
19980611,285.69124379923966
19980612,283.29458254700944
19980613,283.82421728063656
19980614,285.08007465862676
19980615,285.5516300710774
19980616,285.29381989898343
19980617,285.7256607163366
19980618,287.38092690912487
19980619,290.6367850491085
19980620,293.42344600547176
19980621,295.2959949206889
19980622,289.80717803871624
19980623,288.9975140319849
19980624,291.26545919249025
19980625,291.3154818000985
19980626,290.18776658549353
19980627,290.8724780925838
19980628,288.35588449580354
19980629,288.4416284240369
19980630,288.28645208523636
19980701,289.11209282577255
19980702,288.4132384139684
19980703,288.76679998520103
19980704,287.37889466267796
19980705,288.6651616609012
19980706,288.5889628438022
19980707,286.0323531241913
19980708,285.4775986997956
19980709,286.5404206208372
19980710,288.0583151646029
19980711,288.8653818751457
19980712,289.7062374189064
19980713,288.82492318474823
19980714,286.27724260560746
19980715,286.5772206812077
19980716,285.79756700954704
19980717,288.97739582448816
19980718,289.03561713225173
19980719,291.22830493993234
19980720,297.22995402868276
19980721,294.36093003441846
19980722,291.8675115479888
19980723,291.98063551890976
19980724,290.742106616851
19980725,290.0272353281585
19980726,291.8131747389277
19980727,291.55937714444
19980728,289.5017134220044
19980729,289.7959771986814
19980730,289.0488783394607
19980731,288.82795230649344
19980801,288.6241975230719
19980802,288.54942828459497
19980803,289.4220178001694
19980804,289.45571227395027
19980805,289.4070037199472
19980806,291.3729858204507
19980807,293.47191248584494
19980808,296.1754237896474
19980809,296.31866470461586
19980810,298.05784260798947
19980811,299.90224641164843
19980812,298.2333233994181
19980813,291.39984194403456
19980814,291.11133378050494
19980815,293.73670758093493
19980816,294.2714042755496
19980817,294.38955444017637
19980818,293.1297190879117
19980819,292.0889365063882
19980820,292.64604448174197
19980821,288.1872130917502
19980822,287.14590751174956
19980823,287.05182352038827
19980824,287.9885268351195
19980825,286.409353282656
19980826,288.05824898950226
19980827,284.72818396096005
19980828,284.0830998707401
19980829,284.486357232382
19980830,285.8119702853066
19980831,287.903319819434
19980901,289.1853609607785
19980902,290.55728087741
19980903,289.54162929934034
19980904,288.9162157954283
19980905,288.2589041509409
19980906,287.6405342048841
19980907,287.2481169677224
19980908,288.3869106704654
19980909,291.6475371880603
19980910,289.8185665581894
19980911,287.14556654404134
19980912,283.96870175338483
19980913,281.0369844793942
19980914,281.76591517120625
19980915,284.1342958934138
19980916,285.2260488405475
19980917,284.0498778158792
19980918,284.1642763368706
19980919,285.2867060802317
19980920,286.8011266507632
19980921,285.7048747933566
19980922,285.0987348589091
19980923,285.8694660306674
19980924,286.8336581194982
19980925,288.56712817736894
19980926,288.5211570201106
19980927,287.44135009327516
19980928,285.87453108353475
19980929,286.5176641205561
19980930,285.38046171915477
19981001,284.31342597185164
19981002,282.61895699965356
19981003,279.7765356656148
19981004,279.74671060467284
19981005,281.96427666587914
19981006,281.042979593992
19981007,281.12015472054503
19981008,280.87007427405507
19981009,282.5622963110902
19981010,282.5337284113477
19981011,282.5624957719006
19981012,282.62595645893043
19981013,281.6903156302787
19981014,284.569461219972
19981015,285.3589184540268
19981016,284.5028555855551
19981017,286.1026025241986
19981018,280.8626001626807
19981019,279.08653890282244
19981020,279.06259070337603
19981021,282.26064350788835
19981022,284.60796395834103
19981023,286.01320982753134
19981024,283.4457134042852
19981025,282.69235481248876
19981026,279.7336307774328
19981027,281.26639888516536
19981028,284.9869699961348
19981029,281.50541785490117
19981030,278.6691296788563
19981031,279.3356088266252
19981101,280.11955945455344
19981102,278.7798152439128
19981103,281.2209111777241
19981104,278.52164864863215
19981105,275.9855025943707
19981106,278.2106346103826
19981107,276.9195136816265
19981108,279.21301243876104
19981109,284.42507115287646
19981110,282.18630161538994
19981111,277.03110482307835
19981112,275.1950164872347
19981113,277.2968948381725
19981114,275.622280395979
19981115,276.48560808931956
19981116,275.2730648335198
19981117,272.4728182562084
19981118,271.67532934902374
19981119,271.98412408061654
19981120,269.6838281433374
19981121,268.7971418207015
19981122,266.9274093204065
19981123,267.31995326459844
19981124,269.11463965888953
19981125,270.82148223735174
19981126,272.63846474821213
19981127,275.4227244818363
19981128,273.5904367816267
19981129,272.9969804389037
19981130,272.102663129329
19981201,271.62745465847655
19981202,269.2681541542975
19981203,269.81383619707356
19981204,271.2734684615679
19981205,272.0497075498404
19981206,271.3559128957167
19981207,271.5060093125878
19981208,270.7963517394614
19981209,272.0215661729218
19981210,274.2807101841798
19981211,275.86402609747495
19981212,278.6261046565344
19981213,280.41383024456064
19981214,279.2441805118491
19981215,278.5123257427651
19981216,278.16275106000916
19981217,275.8765146883317
19981218,276.6673306074162
19981219,278.0710709049572
19981220,274.8864009575772
19981221,272.6726604913917
19981222,272.8256705258612
19981223,273.1570533955241
19981224,273.77955178648125
19981225,274.57214864446314
19981226,278.61540493640484
19981227,281.09737405073156
19981228,280.1518340375188
19981229,276.61151522558515
19981230,276.53470688932646
19981231,275.8111926243566
19990101,274.8365509641834
19990102,277.67595232357695
19990103,277.73606010203326
19990104,281.0974479644055
19990105,282.7782870850135
19990106,280.2744786812283
19990107,279.84372605309653
19990108,277.8645467637927
19990109,274.79015093873807
19990110,273.10239694228784
19990111,271.9906231103399
19990112,270.00060075891844
19990113,273.2291688402157
19990114,275.686389758571
19990115,277.04145097600843
19990116,280.0242209834165
19990117,279.575066073815
19990118,277.55445939653714
19990119,277.11102910582997
19990120,278.6097371983074
19990121,277.9732376020283
19990122,275.750663035182
19990123,274.9882168108247
19990124,277.4576128166898
19990125,280.8652687355422
19990126,277.3710916485625
19990127,275.70651826501233
19990128,276.1545970697457
19990129,272.0584894500284
19990130,268.9830289885377
19990131,270.03865567975777
19990201,272.39034937698756
19990202,275.29731676796615
19990203,275.9834756248117
19990204,278.43186999841254
19990205,277.2434419552051
19990206,274.73706206674944
19990207,273.5890579104734
19990208,271.5204705924688
19990209,270.5536703699151
19990210,269.6838886838468
19990211,269.8190903717147
19990212,267.08637856473297
19990213,267.269484843361
19990214,269.7996883726334
19990215,271.9795684184505
19990216,274.32117858484884
19990217,273.4210711994741
19990218,275.18166421092656
19990219,278.9084774268742
19990220,279.4774231377586
19990221,277.6600337532277
19990222,274.5268933495019
19990223,273.7770436751493
19990224,272.98838138183925
19990225,272.20794325162234
19990226,275.3956900526522
19990227,277.68468819649985
19990228,277.9832136285764
19990301,278.6898596260664
19990302,281.14860339627256
19990303,280.7411838050901
19990304,277.8161996041941
19990305,276.19014342504215
19990306,275.10241493357347
19990307,274.51982808612735
19990308,275.94052248962083
19990309,278.8216903163797
19990310,278.1797894460986
19990311,277.3743930175047
19990312,282.1536246167713
19990313,283.1688126242231
19990314,282.17365367862976
19990315,281.24732169962977
19990316,279.03073257002876
19990317,277.63370197710896
19990318,277.64026854065344
19990319,277.84263094297
19990320,276.87869873985557
19990321,277.36021716779516
19990322,276.87751623988527
19990323,276.94432379811747
19990324,281.44417967719215
19990325,282.5188215695297
19990326,281.86353570478633
19990327,278.212312467474
19990328,277.246770439851
19990329,279.1015917251496
19990330,280.7669477188943
19990331,282.1201409469035
19990401,283.71188666833535
19990402,283.58913293137454
19990403,283.2036588895794
19990404,283.61995828535845
19990405,283.81314737154145
19990406,285.458466171627
19990407,281.5868280119379
19990408,280.758344491414
19990409,280.7687308180366
19990410,282.81258113741137
19990411,281.5241423445241
19990412,279.2040907651771
19990413,278.79266669263063
19990414,276.874253498075
19990415,276.3690007046338
19990416,277.284285340827
19990417,277.9132162814664
19990418,277.05893848270756
19990419,277.0312611032955
19990420,279.581808476698
19990421,284.14282934649435
19990422,282.9401078750003
19990423,282.898589987619
19990424,281.2669970539908
19990425,282.6374528691929
19990426,285.24721378781516
19990427,285.36465389859774
19990428,285.0557754006041
19990429,286.3165004276652
19990430,286.1622141937942
19990501,286.7937490238223
19990502,286.2927037849965
19990503,287.24616866495234
19990504,287.3551176358685
19990505,286.7407818419697
19990506,287.28179505843576
19990507,287.86968010732164
19990508,286.67806049590325
19990509,286.358057100075
19990510,287.1519684661634
19990511,285.7537438868079
19990512,285.67594119367766
19990513,284.6141518102952
19990514,284.70909693481735
19990515,283.73338280392517
19990516,282.0438962680307
19990517,284.70294319891866
19990518,286.0564963518531
19990519,285.31381157349296
19990520,285.2826790682861
19990521,286.45080776043443
19990522,284.7242398543926
19990523,284.967982397679
19990524,287.0671829202128
19990525,286.7825117522348
19990526,287.63897611833954
19990527,291.739603978771
19990528,290.87405774934706
19990529,292.95602687441294
19990530,293.05684857568974
19990531,290.56453866565863
19990601,292.3750114982992
19990602,292.43897983264725
19990603,288.9983650071177
19990604,286.7117448027487
19990605,285.4175655806343
19990606,285.2969750278142
19990607,286.531893599723
19990608,285.3880127294595
19990609,285.30994639689544
19990610,286.76190793141905
19990611,286.25960056213535
19990612,286.81454957364053
19990613,288.3222927514795
19990614,289.2179427262397
19990615,290.1190648459931
19990616,290.28495434330927
19990617,291.01852411354747
19990618,287.34908497295794
19990619,287.3310118674448
19990620,287.7187057036311
19990621,285.0904173879414
19990622,284.7451790252117
19990623,286.53266755918423
19990624,288.286934443419
19990625,290.0051117574058
19990626,290.50612523640297
19990627,290.3329786231688
19990628,287.4565159539159
19990629,290.1220188572514
19990630,289.71734989747017
19990701,290.14825076937666
19990702,292.2690411828491
19990703,295.08624073641363
19990704,295.36312649699784
19990705,292.3724262550552
19990706,289.1465515394349
19990707,289.69065141699235
19990708,290.39049101935024
19990709,291.0072110711803
19990710,292.15794339309144
19990711,294.06829047178326
19990712,293.6477316807607
19990713,292.7883227765123
19990714,289.8746982866871
19990715,288.681499433707
19990716,289.40262135972733
19990717,291.76510687561426
19990718,294.6351617853144
19990719,294.68604613359713
19990720,293.7011046532949
19990721,290.99060718170125
19990722,287.7742391189075
19990723,286.6437562563122
19990724,289.1804433671786
19990725,292.6148320510196
19990726,293.7495227497996
19990727,293.66972771136295
19990728,293.7864230161744
19990729,293.8225933438493
19990730,294.21521134184434
19990731,294.2825626904035
19990801,294.7630403729827
19990802,295.1265556595688
19990803,292.0916470977768
19990804,293.7348811493969
19990805,294.13411721885603
19990806,294.8150407871282
19990807,293.2468963416076
19990808,292.6372229180417
19990809,292.2176373792068
19990810,290.68682809884234
19990811,288.86316268706145
19990812,287.7557942924164
19990813,288.26634513460476
19990814,289.05512003570726
19990815,288.31156638460845
19990816,287.64813606549404
19990817,287.25950598541493
19990818,288.4762855824295
19990819,288.06729075908925
19990820,287.54490732741476
19990821,287.3871431665738
19990822,287.45723611063187
19990823,289.41407568005144
19990824,291.8920913754078
19990825,295.360787636618
19990826,293.0116169449056
19990827,291.14878977663756
19990828,290.38642378950914
19990829,289.6407910412008
19990830,290.42084959568496
19990831,290.272907327919
19990901,289.60452121693294
19990902,289.5061353245282
19990903,289.7445556816978
19990904,291.62431283834604
19990905,291.84542506637524
19990906,290.34151954258965
19990907,290.59173854696775
19990908,291.3600344352838
19990909,292.83935639002465
19990910,293.81351860828516
19990911,293.73653712472554
19990912,294.4403366709315
19990913,294.7765237075378
19990914,293.22164091677536
19990915,290.7133789551563
19990916,287.63912423807983
19990917,286.1571692233044
19990918,286.9640778458294
19990919,290.70189494020343
19990920,288.5530038217318
19990921,287.83721711280054
19990922,289.4126785287532
19990923,290.69516380262934
19990924,290.4687375867414
19990925,289.2185194046098
19990926,287.77689272417734
19990927,287.8005278778375
19990928,286.7156663903822
19990929,287.25391663569803
19990930,286.73295548439415
19991001,285.8212760041684
19991002,286.8445919239427
19991003,282.86228414224206
19991004,281.43857311720177
19991005,280.94968758086276
19991006,280.0910327717265
19991007,280.6600599914253
19991008,281.99402913860695
19991009,284.5973669858708
19991010,285.31753812925973
19991011,285.3755881924368
19991012,284.07933573715155
19991013,282.63510769414546
19991014,281.69864836735366
19991015,282.3902092032569
19991016,280.71609307733826
19991017,279.01110124768513
19991018,277.69184477584946
19991019,277.4638600280875
19991020,279.7234669888165
19991021,281.0001802924039
19991022,283.73139727211054
19991023,285.33102018926644
19991024,283.30653859764203
19991025,283.51181528523085
19991026,283.51547372390746
19991027,281.6971271896643
19991028,282.43130723316307
19991029,283.4061998919576
19991030,287.3314840250959
19991031,283.081841260311
19991101,283.9467692988815
19991102,285.09693465305855
19991103,279.63176576620657
19991104,278.7042997273265
19991105,281.44459179426593
19991106,279.7753018497219
19991107,277.8255266036158
19991108,278.6097788843611
19991109,279.83781750851887
19991110,278.7037414716431
19991111,277.22088409471513
19991112,275.8146270542355
19991113,275.1229649507883
19991114,276.93455662959286
19991115,273.24048961372534
19991116,271.8383242483457
19991117,273.81563374122794
19991118,272.97255619004596
19991119,272.89164152012876
19991120,271.4171702909637
19991121,269.97579066065833
19991122,270.81132782737365
19991123,273.64179353687007
19991124,275.0957670706576
19991125,276.5221657353829
19991126,276.1862404786884
19991127,277.91520947178867
19991128,279.2811081437211
19991129,277.417058285193
19991130,276.5016491537751
19991201,278.2220590323392
19991202,278.7854564755112
19991203,278.4306873184415
19991204,276.43498216393806
19991205,273.9828918394209
19991206,274.74392207726805
19991207,277.8012228664999
19991208,279.3604894852409
19991209,279.51400298645893
19991210,277.1447384989611
19991211,278.56801690886215
19991212,280.20533432784197
19991213,276.5022305439067
19991214,275.41725255164835
19991215,272.36381016164245
19991216,270.9526175376227
19991217,272.9183921136472
19991218,275.56210472034314
19991219,271.7242469848563
19991220,269.5018980816192
19991221,270.3064203215177
19991222,267.3374989626981
19991223,273.8160599330935
19991224,277.2997490919574
19991225,278.6871015095442
19991226,277.5295084920782
19991227,275.64831469751203
19991228,273.7001376855192
19991229,273.5003376080962
19991230,273.39248357116827
19991231,274.2657953379785
20000101,275.9450816500082
20000102,276.11249131047265
20000103,274.5509324609596
20000104,277.7825874470573
20000105,278.0970878622214
20000106,277.24176210973064
20000107,277.94825969376967
20000108,277.1128065195492
20000109,277.00495501687806
20000110,274.115591076981
20000111,272.9190984997446
20000112,273.0117850645286
20000113,273.26406715922917
20000114,273.9154608033203
20000115,272.93158193619155
20000116,272.78717146538366
20000117,276.14856277491356
20000118,276.92189684032127
20000119,274.04331860620124
20000120,274.06134178955114
20000121,275.3690343537564
20000122,274.61786387804926
20000123,273.5372650867077
20000124,267.3125660578442
20000125,267.28422738136845
20000126,268.42645943160306
20000127,269.5691997622863
20000128,272.31673985361596
20000129,277.4414990442751
20000130,280.626263664281
20000131,279.57107502386185
20000201,279.243753727132
20000202,278.05836901688656
20000203,276.08875833821907
20000204,276.66530180698027
20000205,278.3480236301861
20000206,279.485396316256
20000207,279.63155966285336
20000208,281.15140545837767
20000209,276.80197710721023
20000210,277.1772818791099
20000211,274.9746813291879
20000212,274.1775571048062
20000213,276.7036674723
20000214,275.4361268020541
20000215,279.35764182740036
20000216,275.4735791416514
20000217,273.7628484913442
20000218,275.6912003500479
20000219,276.5835650074377
20000220,273.99268684589117
20000221,273.1613321073732
20000222,274.2309165636186
20000223,275.48328686856354
20000224,278.32689507556546
20000225,279.0550215624731
20000226,276.0981793015353
20000227,279.09143308633855
20000228,281.5364628140952
20000229,278.6986778823741
20000301,277.1881595778423
20000302,275.52227275818325
20000303,278.1390846928626
20000304,274.50324764882953
20000305,273.2588640439911
20000306,275.095905449477
20000307,277.5589439591117
20000308,281.2773824923127
20000309,281.82525917084604
20000310,281.73733670182685
20000311,280.0371433114686
20000312,278.1759413115859
20000313,279.21844899798947
20000314,280.83012421722736
20000315,276.3601298276607
20000316,278.64028298283654
20000317,279.7460893857249
20000318,278.4523973584206
20000319,276.9589140951164
20000320,277.6402927161182
20000321,279.38434294617826
20000322,280.9383954018797
20000323,282.3644058967747
20000324,281.7698357875822
20000325,281.48191819937614
20000326,279.027211509188
20000327,277.6264220548182
20000328,277.1222324629247
20000329,277.43115764898187
20000330,276.9694641798161
20000331,278.3226460955264
20000401,277.92612316727997
20000402,280.6266346553244
20000403,283.0195323776247
20000404,281.92997603258755
20000405,278.8097401363048
20000406,276.44983231276143
20000407,278.27660893052683
20000408,279.8993921491914
20000409,281.4947937809449
20000410,280.8013953944779
20000411,280.55334080028285
20000412,278.76872181452023
20000413,279.5255608447132
20000414,279.93445487835965
20000415,281.28288571096846
20000416,280.5509623212406
20000417,282.3028472141943
20000418,281.54279244890705
20000419,281.69388967445155
20000420,283.75618981842143
20000421,285.2789882197124
20000422,287.93376019898636
20000423,285.91512936958503
20000424,283.28102309938004
20000425,284.55543544907147
20000426,287.5966824664224
20000427,289.3691394680291
20000428,287.8227511524143
20000429,284.55584231241363
20000430,287.08681727031006
20000501,287.48696426202304
20000502,288.12003467673577
20000503,287.4895448759637
20000504,287.8438321331086
20000505,289.1796136228276
20000506,289.3481080748412
20000507,289.4753504570066
20000508,289.40213349021275
20000509,290.62592991134755
20000510,291.64819782827163
20000511,291.62280082890464
20000512,288.8083723407908
20000513,289.52965175823346
20000514,290.26671489622305
20000515,291.41025443977856
20000516,292.67912012349973
20000517,288.01374888760955
20000518,284.1590008838253
20000519,282.35077782578844
20000520,282.77514793657764
20000521,282.66180639529483
20000522,282.83112463451596
20000523,284.89928491439247
20000524,287.2476832889725
20000525,286.12560109500356
20000526,286.71946491566797
20000527,284.6961760900728
20000528,284.3896783894335
20000529,282.76035099917357
20000530,282.77353752244204
20000531,284.98631664586173
20000601,288.21830746380596
20000602,291.808000619372
20000603,293.8976831675155
20000604,292.0533790998664
20000605,290.66371448056105
20000606,286.18473823543064
20000607,285.74214076496474
20000608,288.34586103005023
20000609,293.92611276544477
20000610,292.75724778132775
20000611,288.23388052959035
20000612,288.1462359030256
20000613,291.744035535065
20000614,291.6137915029587
20000615,289.23547677850996
20000616,287.24545466991793
20000617,287.2734079638466
20000618,291.6488474947915
20000619,295.1110356564017
20000620,296.31245479241693
20000621,295.1097516726464
20000622,291.0935097624756
20000623,288.7769544594807
20000624,286.14275236343536
20000625,285.9090533587983
20000626,285.17946633540913
20000627,286.0005354475818
20000628,286.91331620179443
20000629,287.1116997790152
20000630,289.42758006495893
20000701,292.6081828556939
20000702,293.5826214013522
20000703,291.8536042302823
20000704,289.1103732456835
20000705,288.8609666530362
20000706,290.52445587222195
20000707,289.7368056699391
20000708,285.48245889432826
20000709,285.29409106951357
20000710,287.0659612128599
20000711,284.5853546809985
20000712,284.6045613627886
20000713,284.6573327322591
20000714,285.3105851286706
20000715,284.427952199338
20000716,284.52830420758465
20000717,285.9205219867844
20000718,286.5387717324063
20000719,286.20937976134684
20000720,288.1914645221399
20000721,288.23993038469786
20000722,288.3110575569095
20000723,290.1907692049869
20000724,290.6309792500575
20000725,289.3187513465957
20000726,287.9800829343167
20000727,289.0434975285309
20000728,288.0544778159879
20000729,287.6187942631452
20000730,288.74517218817954
20000731,290.11071134065514
20000801,292.42818776903806
20000802,290.32539833881725
20000803,288.91134556694084
20000804,288.26423108198594
20000805,289.46139017290886
20000806,289.8508465644123
20000807,290.3814651789385
20000808,290.08006792947435
20000809,290.5765011569128
20000810,292.10962871826473
20000811,291.7209695037994
20000812,293.0216751360446
20000813,294.02349283048954
20000814,294.2122336556608
20000815,292.51784024320114
20000816,292.56978371469285
20000817,292.34353126829564
20000818,292.75264473450983
20000819,293.9115260248398
20000820,293.2932763177465
20000821,289.7047819269198
20000822,288.7165507588
20000823,290.54354543173866
20000824,291.39717022305456
20000825,291.556872152583
20000826,293.59151739722785
20000827,289.79355121466807
20000828,288.28829799717363
20000829,288.64408603084087
20000830,289.0888443213556
20000831,289.0975998044975
20000901,287.9845627297048
20000902,285.7954921660631
20000903,285.7992638521196
20000904,284.6986475652172
20000905,284.9109755460533
20000906,285.9607339258071
20000907,285.9793502794376
20000908,287.47556035282236
20000909,289.7682231224879
20000910,290.81954148497204
20000911,291.76517011719477
20000912,292.20366509621016
20000913,289.4818476375821
20000914,289.06667099573065
20000915,290.8030237123648
20000916,286.61312733732365
20000917,286.14856246990183
20000918,287.1081986257425
20000919,289.0077359125969
20000920,286.6795780762568
20000921,285.7250171280374
20000922,286.6698627036212
20000923,286.3590059472237
20000924,287.56891204643426
20000925,287.6269423714826
20000926,288.42225876525896
20000927,288.3604423798035
20000928,289.49857342632754
20000929,289.8401523744832
20000930,286.26728218691636
20001001,285.70042122112216
20001002,283.8008309750591
20001003,284.2633003785464
20001004,284.41519002999485
20001005,284.73962618384854
20001006,281.0483285789245
20001007,279.2656987151466
20001008,280.50483130553715
20001009,282.1083965599781
20001010,281.6816314207495
20001011,282.85111179328095
20001012,283.5628929810096
20001013,282.5037030079081
20001014,283.31325225338793
20001015,285.49070855749943
20001016,285.30085226111186
20001017,282.4155013695956
20001018,281.7140812168719
20001019,283.77009969498283
20001020,285.08996855896163
20001021,286.0966119200845
20001022,284.64879610228627
20001023,285.5407436775352
20001024,284.4533340593001
20001025,285.4110476663557
20001026,283.2176553538528
20001027,282.1972376349958
20001028,283.9044472547834
20001029,283.36265387307617
20001030,283.6183394251235
20001031,280.6862674475251
20001101,280.9714383962237
20001102,282.1530917676142
20001103,280.04150051687526
20001104,278.7953512315266
20001105,279.0822807556652
20001106,280.4454562404329
20001107,280.1276512403522
20001108,279.4337928610728
20001109,279.0139692766077
20001110,277.3412619888141
20001111,278.20051516302516
20001112,281.65692206233035
20001113,281.8166383818043
20001114,279.3358752449928
20001115,278.2590384882242
20001116,278.0340181808995
20001117,277.2536931243666
20001118,276.950332863112
20001119,278.95888335750004
20001120,277.49562494518824
20001121,277.5926812045389
20001122,280.97486475823524
20001123,281.18227721022157
20001124,278.38340240671954
20001125,277.21717300739397
20001126,278.7838527332769
20001127,278.46434885986974
20001128,282.40885007829615
20001129,282.99782827329744
20001130,282.9057210380557
20001201,282.68710269686295
20001202,282.81619268129924
20001203,280.2618153669642
20001204,278.6861400858561
20001205,280.7855853988379
20001206,282.1308444573758
20001207,281.8078382883695
20001208,283.2936697968558
20001209,280.4135887119125
20001210,280.87918811022
20001211,282.4247507410342
20001212,284.0558469312288
20001213,282.56910697200783
20001214,280.28949976793626
20001215,276.37197617746125
20001216,274.5327677942526
20001217,274.68515652802574
20001218,275.78060097095016
20001219,278.1460126289491
20001220,274.89630448621966
20001221,272.42093553017435
20001222,270.9007986895075
20001223,272.2043198365158
20001224,273.8581248578232
20001225,275.7417799903138
20001226,276.8860549801688
20001227,277.95983187472274
20001228,274.5267383364326
20001229,273.13241708435504
20001230,272.28700172475834
20001231,272.3325318377744
20010101,275.79043780066195
20010102,280.22466789912477
20010103,277.9429379489397
20010104,278.77557798783295
20010105,280.6974111977399
20010106,279.4052822837214
20010107,277.54154065086004
20010108,275.68795895566285
20010109,275.2255071431384
20010110,276.9663520960966
20010111,277.4756318022056
20010112,273.45724068542773
20010113,271.4015093778437
20010114,270.9831494488626
20010115,270.2567517420735
20010116,270.1546320832102
20010117,271.7064270114893
20010118,273.6500973383534
20010119,272.96965261894803
20010120,273.0279577821711
20010121,272.4421844672226
20010122,277.5464719119014
20010123,280.0311822053865
20010124,280.8474502809806
20010125,277.48963367632916
20010126,276.7608636356319
20010127,275.39272193210115
20010128,274.9867643772604
20010129,274.16740157980047
20010130,273.39546575642987
20010131,272.7870775059383
20010201,271.5638197068988
20010202,271.6244942302615
20010203,275.89453225219444
20010204,279.59384204731083
20010205,280.40759108645807
20010206,282.7641403062856
20010207,282.9772638961456
20010208,282.3244723262787
20010209,277.10954982483867
20010210,275.00416090433094
20010211,277.70720103250545
20010212,280.8142201997594
20010213,278.76215535488325
20010214,276.40751493610054
20010215,277.3307819785211
20010216,276.8205373445384
20010217,275.5511746347743
20010218,274.9685272884222
20010219,275.35051821649523
20010220,275.6351441861789
20010221,275.5469939165865
20010222,277.5764578919659
20010223,275.26472953970284
20010224,271.4627114301911
20010225,270.485423005855
20010226,271.43984011915285
20010227,273.01657248637986
20010228,274.2496781661246
20010301,273.29095833744856
20010302,273.9710338259094
20010303,274.5261745212167
20010304,276.90727171590976
20010305,275.2389941676445
20010306,276.37256171834787
20010307,280.6577403511943
20010308,281.3988477268179
20010309,280.6854160889003
20010310,281.4564162319665
20010311,282.9107621386457
20010312,281.72011022549776
20010313,278.3856006525961
20010314,278.0506615798396
20010315,281.1112227676261
20010316,283.49051741071327
20010317,282.19336831939444
20010318,281.03720986175165
20010319,276.01863945296947
20010320,273.94039258279116
20010321,280.6502678486763
20010322,281.2696591456138
20010323,282.98618640818927
20010324,284.07673725478287
20010325,280.1221807567163
20010326,276.39628834422336
20010327,277.4990634715745
20010328,280.00468346900135
20010329,280.21244750928247
20010330,278.57969580575593
20010331,279.76867187503046
20010401,282.69132521792
20010402,284.70451828639864
20010403,283.6607735203465
20010404,281.3595585409617
20010405,278.67447738596763
20010406,282.4546453152773
20010407,280.86565357271735
20010408,280.1722578779436
20010409,279.54861550132705
20010410,280.730500523019
20010411,280.16616953764424
20010412,277.92934562632996
20010413,275.13434690620585
20010414,274.4836342300957
20010415,277.7334132770092
20010416,277.9525811480273
20010417,278.05775114049385
20010418,276.6218898968662
20010419,275.16019977638797
20010420,275.4018126337053
20010421,276.3660653925138
20010422,277.70672672713147
20010423,279.2505415944694
20010424,282.25773416030626
20010425,281.94405719171317
20010426,281.2705218262589
20010427,282.16415778048554
20010428,282.21980388029755
20010429,283.99495183685843
20010430,286.34824630359736
20010501,286.0297569247646
20010502,288.42565606123054
20010503,287.2146498052526
20010504,284.4314555424738
20010505,282.29855475014426
20010506,280.44908304727323
20010507,281.7153895971243
20010508,284.35125157308045
20010509,287.93624381479844
20010510,288.94822803639374
20010511,289.0070529702892
20010512,288.63350867062167
20010513,289.51942328023733
20010514,288.3754818923897
20010515,286.268249201572
20010516,286.78012731517737
20010517,286.1117552292663
20010518,282.6814794691566
20010519,283.7743118980375
20010520,285.94254198044786
20010521,287.4724749784609
20010522,286.49787360277327
20010523,288.4297759787746
20010524,290.137972295156
20010525,290.2568532648613
20010526,291.0197230054766
20010527,290.6854249963936
20010528,291.7361705907685
20010529,292.14823874457585
20010530,290.8173099583419
20010531,288.30829376044403
20010601,285.6833185458119
20010602,284.22543663026204
20010603,281.63243374418283
20010604,282.78598314107967
20010605,286.964671522041
20010606,287.8353740501579
20010607,286.96681597281776
20010608,284.3592667533807
20010609,283.99620326756883
20010610,284.8626781293923
20010611,283.58921660504916
20010612,286.23547578704523
20010613,288.0008783646406
20010614,288.33372432351274
20010615,289.020210858017
20010616,288.19611919783864
20010617,286.79673749348143
20010618,285.08284418841424
20010619,285.1698919020568
20010620,287.4887495935896
20010621,289.17518884839694
20010622,285.9495344588225
20010623,287.9294122643691
20010624,291.40089829307846
20010625,293.78952572871333
20010626,295.53329787006925
20010627,292.78596010043776
20010628,291.07475052201124
20010629,292.11787621184965
20010630,292.2691274618572
20010701,290.28178169250936
20010702,291.3191213625603
20010703,292.7543157038808
20010704,293.95772204441425
20010705,296.23858683222204
20010706,296.323773350553
20010707,290.779216885765
20010708,290.1124468436679
20010709,290.19462212972735
20010710,291.64035181909156
20010711,288.9155443832885
20010712,287.7537355928603
20010713,288.2278543636044
20010714,289.99177056801375
20010715,286.2955085308846
20010716,287.2296757105123
20010717,288.2435527470788
20010718,288.7756356199405
20010719,287.5353838396985
20010720,286.61689976249704
20010721,288.84259350752154
20010722,292.35485020365684
20010723,293.23570132525697
20010724,293.0236969137556
20010725,294.3543502281504
20010726,295.07344863842917
20010727,295.99948509288697
20010728,295.8658044227933
20010729,294.30733950456573
20010730,294.8162236521826
20010731,295.9616277876589
20010801,293.5679056219398
20010802,296.33225965023684
20010803,293.06211613616233
20010804,289.7781936271985
20010805,288.87076704247664
20010806,289.59483615867885
20010807,290.1267219811946
20010808,290.06543333330154
20010809,289.19680426132425
20010810,287.00390877808064
20010811,287.08198147617526
20010812,289.5583184677137
20010813,292.436258910196
20010814,295.0433164484092
20010815,296.59545332161326
20010816,293.2756776291612
20010817,291.445849153793
20010818,293.77145803943813
20010819,292.66251780125606
20010820,291.37672828062597
20010821,292.2400041789883
20010822,293.3401574223296
20010823,294.15667068886586
20010824,295.4768051499162
20010825,296.498817113044
20010826,297.64419065657745
20010827,293.50741553782944
20010828,289.5649192317049
20010829,289.9938776232614
20010830,289.1048654752488
20010831,287.12541909794504
20010901,287.053732819763
20010902,287.43706773597273
20010903,288.6560381061383
20010904,285.2274645124016
20010905,284.86770592749934
20010906,284.11887187652815
20010907,285.925336621741
20010908,285.6389224786192
20010909,282.6332705867808
20010910,283.06153597299243
20010911,283.6405068158246
20010912,285.8523141242909
20010913,285.3562263671641
20010914,284.10323737423886
20010915,283.5030526941586
20010916,282.64647093363584
20010917,282.3261753821203
20010918,282.140235913367
20010919,282.9715965581697
20010920,284.5575541574013
20010921,283.97507460001145
20010922,282.6385422210315
20010923,282.9309707359101
20010924,284.3263512055274
20010925,283.10720572622984
20010926,283.7378574715332
20010927,286.2622768229033
20010928,285.72804262615364
20010929,286.24914855513185
20010930,287.4435033234636
20011001,288.64243731942906
20011002,292.0186983348473
20011003,288.4480476559492
20011004,285.2171913816843
20011005,285.8801027427787
20011006,289.11215532056764
20011007,287.9149686761951
20011008,285.2163904125898
20011009,284.66296993712575
20011010,284.5346269702183
20011011,284.74111801283095
20011012,285.7390425632189
20011013,288.54624679988734
20011014,287.53492441604664
20011015,288.33548825929023
20011016,286.1947303862921
20011017,286.63270013933817
20011018,287.1913740873802
20011019,288.27887789148144
20011020,287.27276684629436
20011021,285.97137136045734
20011022,285.16623422115066
20011023,284.1579337703246
20011024,284.3074870088724
20011025,284.6090182590441
20011026,284.2904459082168
20011027,284.7985359043982
20011028,285.0230226396277
20011029,284.44241921402295
20011030,285.9124555012147
20011031,284.6773782886914
20011101,279.26972901128744
20011102,278.8655258923668
20011103,279.55084515803213
20011104,278.9425540753936
20011105,279.3772336958329
20011106,278.663064608487
20011107,281.87804863511644
20011108,279.29757108238095
20011109,274.39365814250533
20011110,271.8934372238886
20011111,273.04135348507066
20011112,276.4867586925255
20011113,277.03473435247935
20011114,274.85840338926164
20011115,272.7991817170437
20011116,274.9909972049735
20011117,275.21940996963747
20011118,273.92965026206747
20011119,274.58949663452285
20011120,276.9934329306108
20011121,276.43069082646286
20011122,275.60131946703933
20011123,273.5718138353439
20011124,274.9823116293502
20011125,278.637183273641
20011126,279.22584743344595
20011127,277.1152165771977
20011128,276.8005287134982
20011129,276.87383845987546
20011130,281.64598236128023
20011201,282.73579159494153
20011202,281.7808309630478
20011203,280.93457127243045
20011204,280.47812218746685
20011205,280.05787158740367
20011206,278.8631894675636
20011207,275.0242332601403
20011208,273.63609055083253
20011209,272.15305900284926
20011210,272.05246978358076
20011211,273.539372559556
20011212,274.38987562277254
20011213,272.11732567484063
20011214,266.68172282898286
20011215,268.5916728405642
20011216,270.5401657468172
20011217,270.7937114962392
20011218,272.046888112502
20011219,272.8765752151039
20011220,271.8948040563792
20011221,271.09206410140195
20011222,272.21438260388027
20011223,266.9515801743466
20011224,266.57806252757337
20011225,273.8153635811877
20011226,271.4076140349143
20011227,270.7194699935504
20011228,277.20830516303346
20011229,274.68852332170354
20011230,270.6426398228586
20011231,267.83257747793033
20020101,267.3812433115618
20020102,265.4272032247007
20020103,267.6168935672261
20020104,264.94613925517035
20020105,265.057957682431
20020106,267.14718779902773
20020107,272.3384713251774
20020108,270.6296880663501
20020109,268.72085487257885
20020110,268.28681002084585
20020111,272.32887458529694
20020112,272.86810381781373
20020113,271.93803577810877
20020114,270.1599007993213
20020115,271.7921919210906
20020116,272.87004861501293
20020117,272.46761118142797
20020118,273.0836183944555
20020119,276.1045173861092
20020120,277.3480276172305
20020121,278.01184614544707
20020122,277.73987902989194
20020123,278.2649259997347
20020124,280.28376825684416
20020125,278.10961057562344
20020126,281.1647632126347
20020127,282.4518433231713
20020128,282.6078709150022
20020129,279.8889021742812
20020130,280.9910674008631
20020131,281.0230881170373
20020201,280.8901580230012
20020202,282.3046250245016
20020203,282.716601200612
20020204,281.0708928909083
20020205,282.76443053046995
20020206,278.81557634806194
20020207,276.823806483585
20020208,278.26814532018693
20020209,281.01831967720614
20020210,278.9191007683207
20020211,280.7344836083626
20020212,282.1979145507435
20020213,280.7595949478093
20020214,276.3246618939972
20020215,274.6494556131344
20020216,275.1083981460576
20020217,275.2784058568938
20020218,274.6679334304733
20020219,275.36080996624963
20020220,277.55461222587564
20020221,273.45653580018796
20020222,275.0533986739014
20020223,276.5176945081662
20020224,274.68610293145315
20020225,279.3429642855836
20020226,280.9932677217609
20020227,279.37259984683317
20020228,277.29842860632436
20020301,277.5914657413202
20020302,274.47335077185306
20020303,273.9229861577499
20020304,276.36526426502945
20020305,276.8817097284251
20020306,276.9653366469652
20020307,280.4867169423048
20020308,279.26881555287315
20020309,279.0248375224355
20020310,277.61743801083253
20020311,280.2593654337622
20020312,283.53502187018665
20020313,283.4101203904001
20020314,278.2142414772254
20020315,279.38491583106264
20020316,281.62706311301
20020317,283.18767468648406
20020318,282.8205938154784
20020319,281.77041452277945
20020320,283.3746332268157
20020321,283.0563211940719
20020322,280.58236510794785
20020323,276.91769330816845
20020324,275.5609580334258
20020325,274.59347897342445
20020326,274.8515250054664
20020327,275.0574203788828
20020328,277.4724305618357
20020329,280.07637256308374
20020330,281.6663510912579
20020331,281.58691903403775
20020401,282.74761001966607
20020402,283.8932023442049
20020403,284.8899507949989
20020404,284.1693209308501
20020405,281.4663429736286
20020406,278.10068724141667
20020407,278.0775222563059
20020408,279.1042579640925
20020409,279.4413104612289
20020410,279.354593933504
20020411,280.38745046733897
20020412,282.3920366985447
20020413,280.33526967606883
20020414,278.2107939429007
20020415,278.23476765069387
20020416,277.8625722325269
20020417,279.90770934008486
20020418,280.38446145105047
20020419,278.9484470111942
20020420,279.6783408850072
20020421,282.2372732775732
20020422,284.34257720986864
20020423,285.2648662483317
20020424,286.0069393028402
20020425,286.70899254901593
20020426,282.50615709588203
20020427,280.6719799039019
20020428,281.9588130570667
20020429,282.4006604069238
20020430,284.02009768658087
20020501,283.380196645864
20020502,282.2448345159352
20020503,280.4783680241921
20020504,279.96133792930766
20020505,278.52332884279434
20020506,281.0423527585834
20020507,284.3760734067224
20020508,288.40953486831535
20020509,289.52282584959505
20020510,287.8558574576859
20020511,286.1186906941429
20020512,285.42101321596147
20020513,286.701405270684
20020514,285.44609427676926
20020515,286.6491421711237
20020516,289.94284498539656
20020517,291.9889634234367
20020518,287.2004964579991
20020519,286.17281552095176
20020520,287.7405860978941
20020521,289.9648375097134
20020522,288.9194793503261
20020523,285.10257534470884
20020524,285.41365701851504
20020525,284.42806877511515
20020526,284.5099876085797
20020527,284.53243678036273
20020528,284.6148804365486
20020529,285.0138856831962
20020530,285.3843196625314
20020531,287.05038625847567
20020601,288.16126017535385
20020602,289.68596792215175
20020603,289.9938351331778
20020604,291.2808778460489
20020605,290.1103318734242
20020606,287.82999806578454
20020607,286.77846783710584
20020608,287.2664889725056
20020609,288.14871812347957
20020610,285.5049738992583
20020611,285.9188872746214
20020612,289.0136872325825
20020613,289.34283521052765
20020614,292.393755944046
20020615,293.262342554222
20020616,293.18877571658976
20020617,297.1905724512469
20020618,298.1159005273932
20020619,295.16069556090264
20020620,293.16772966432995
20020621,291.81676321477164
20020622,293.91282710061733
20020623,291.9891403220617
20020624,290.58968310216534
20020625,290.3390873117905
20020626,291.90161582789716
20020627,290.2210631775252
20020628,286.81483119512336
20020629,286.84785319577117
20020630,289.0907839902488
20020701,288.5772848835144
20020702,287.26231835641994
20020703,287.4692221002719
20020704,286.9256448412484
20020705,288.89872972743905
20020706,289.2359289069791
20020707,289.9858779517206
20020708,293.49500931022953
20020709,294.51035593458414
20020710,288.4077797354212
20020711,288.35153793003605
20020712,290.90654955970786
20020713,290.41268821218415
20020714,289.89087169149656
20020715,292.23437009170084
20020716,291.5219862342315
20020717,290.12498844593017
20020718,288.67007876886237
20020719,288.51031042007975
20020720,291.33188445909735
20020721,290.09023735107763
20020722,288.0489655741355
20020723,290.5102549385445
20020724,289.4477758252215
20020725,288.9910077775061
20020726,290.031823847238
20020727,293.77379765731126
20020728,294.76741516395526
20020729,296.36838380444055
20020730,296.41571964419535
20020731,293.0665802757156
20020801,290.7443836752144
20020802,290.47291939576235
20020803,290.3008766413046
20020804,290.02336376092825
20020805,289.5306542343741
20020806,289.235907113323
20020807,289.7227735510264
20020808,290.0698050150299
20020809,289.43320401146656
20020810,288.1730403431928
20020811,289.448182811805
20020812,288.88020168386697
20020813,289.5601146970754
20020814,291.56981697274205
20020815,293.0780914452778
20020816,293.72162238738747
20020817,294.52534407492357
20020818,295.26961626346485
20020819,295.6335705107043
20020820,293.19429662592677
20020821,289.6031850040793
20020822,289.19922030399863
20020823,290.9268034047663
20020824,290.97559068652805
20020825,289.58266545087906
20020826,292.75913686977555
20020827,290.9889052653245
20020828,291.0315692890613
20020829,291.93646660985746
20020830,292.4043221465742
20020831,291.27638872981265
20020901,288.54251789771575
20020902,289.7622269943247
20020903,288.8724080089032
20020904,289.5070464867786
20020905,288.99902637438424
20020906,288.65478739856775
20020907,288.9510558304757
20020908,290.42184836773316
20020909,290.3352262881014
20020910,286.9613943080839
20020911,286.17416767806037
20020912,289.1379438059834
20020913,287.6717985261384
20020914,287.55443942391366
20020915,287.0051897428329
20020916,285.5528700686752
20020917,285.7008919682352
20020918,287.23535865273806
20020919,288.6478628779073
20020920,287.68921930002256
20020921,285.92990482547077
20020922,283.8561171308588
20020923,282.29659320976754
20020924,282.187717198548
20020925,281.39279870722214
20020926,282.46734855464507
20020927,283.1013701528465
20020928,282.2659185600582
20020929,283.2535271798128
20020930,283.61166798103426
20021001,284.96456466014064
20021002,285.62604543564123
20021003,287.03797955346
20021004,285.6057212870471
20021005,283.8843980786913
20021006,283.82111665093134
20021007,281.15540441667287
20021008,280.7152697006546
20021009,282.1378907100115
20021010,282.3361283427476
20021011,281.09562715527375
20021012,281.29034982828557
20021013,282.2895402897595
20021014,284.0439763154901
20021015,284.8932497387633
20021016,286.11509279201994
20021017,282.84502115522224
20021018,279.8545674461952
20021019,278.4950953531137
20021020,278.5299407355912
20021021,284.9337265772704
20021022,286.15377356963853
20021023,282.6154626780761
20021024,280.3756392141974
20021025,284.0771130624866
20021026,283.37015605409806
20021027,284.24191890489425
20021028,280.3286069486014
20021029,280.1041573234335
20021030,283.56289713475877
20021031,284.055485176149
20021101,284.3818262470153
20021102,284.7490155168893
20021103,284.0939507868385
20021104,280.8382265802703
20021105,280.32256367507136
20021106,279.32143581189035
20021107,278.12725899649917
20021108,277.169022628008
20021109,280.07088669281717
20021110,279.028343283977
20021111,282.7941522303578
20021112,281.2504622998892
20021113,281.43948865618387
20021114,280.5900247184775
20021115,280.6028319455086
20021116,281.4440601458132
20021117,280.8738249087583
20021118,279.7393242628142
20021119,279.65655035257817
20021120,279.7957811065225
20021121,280.4546547021574
20021122,279.70682445159144
20021123,279.6562235676554
20021124,279.73499116191186
20021125,280.0824759370392
20021126,280.2647059488434
20021127,279.5452214074668
20021128,280.45857178682695
20021129,279.78326595874796
20021130,277.79932799299013
20021201,278.3672380333228
20021202,278.21939945336686
20021203,277.81871058623415
20021204,276.29579153336766
20021205,277.07924630087854
20021206,275.12290560368314
20021207,273.8033411823089
20021208,272.94084286866706
20021209,270.00387304043767
20021210,269.7556849456219
20021211,268.94276020948064
20021212,271.3416439930858
20021213,274.2827382024844
20021214,274.4971134972247
20021215,277.64929115475417
20021216,278.39809825647023
20021217,276.0663949303602
20021218,272.82547283579135
20021219,271.8738323144718
20021220,274.7085547322766
20021221,278.7106419393555
20021222,281.54295188622814
20021223,280.70426280552016
20021224,281.40859793786655
20021225,280.561196577057
20021226,280.86003208163345
20021227,282.45046481458974
20021228,280.76515315322473
20021229,279.91701504294355
20021230,282.37801119859705
20021231,278.2814048225449
20030101,278.53442997258446
20030102,282.56099597553515
20030103,279.2808746549052
20030104,274.27624281888006
20030105,268.1324348668301
20030106,267.13705516933845
20030107,266.2719403303472
20030108,263.1687760094393
20030109,264.7819546125252
20030110,263.3186294385121
20030111,266.77047422967985
20030112,266.08598399149264
20030113,269.65384907457076
20030114,274.545792535533
20030115,274.1633133016898
20030116,274.989175255679
20030117,272.9849720023729
20030118,274.23270799245057
20030119,275.60132315030273
20030120,278.15955550437997
20030121,278.2257141953904
20030122,277.6903183535716
20030123,276.8025401611836
20030124,272.8815041164323
20030125,272.4609731749973
20030126,274.7766351978879
20030127,278.6056268894154
20030128,277.50055147747264
20030129,274.29443675612947
20030130,271.7248233539579
20030131,267.8025574868116
20030201,268.03680063744275
20030202,273.3026904579471
20030203,274.7970929841394
20030204,271.8194062759937
20030205,272.57389856725166
20030206,272.18260538410095
20030207,272.2973152404937
20030208,274.35456439754256
20030209,274.8610041581547
20030210,271.27530694825634
20030211,271.161993622273
20030212,269.4097724573201
20030213,268.99736743933505
20030214,269.5114812761681
20030215,270.04946994345295
20030216,269.9837259018402
20030217,269.5697462600761
20030218,269.98743882426385
20030219,271.3715466384293
20030220,272.08288885036853
20030221,272.69884498370345
20030222,273.34394936412906
20030223,275.0608400416333
20030224,275.4212896975035
20030225,274.8921441679469
20030226,277.16450614265847
20030227,278.2365804469428
20030228,278.9009429421149
20030301,280.2696393633136
20030302,279.4234959567517
20030303,277.2128965290977
20030304,277.94293714667265
20030305,281.3624715315593
20030306,278.9695764931496
20030307,276.36130733703243
20030308,278.6437980207767
20030309,280.7410719398088
20030310,281.3627017168769
20030311,284.1361783764651
20030312,280.9903287024091
20030313,277.9433369528902
20030314,275.965073810359
20030315,275.9203743191169
20030316,276.71539611768435
20030317,278.2218445629439
20030318,277.2909781631041
20030319,278.50538960672066
20030320,277.66024238078614
20030321,277.0172914854006
20030322,277.71545156257866
20030323,278.8721807116096
20030324,282.2339857851604
20030325,283.7292123749416
20030326,283.3928437990891
20030327,283.34186798820065
20030328,284.3400036218068
20030329,284.9232441712409
20030330,284.6595831677961
20030331,280.69080147759104
20030401,281.9101408961629
20030402,277.99626331311384
20030403,276.52995726297826
20030404,277.0466703083131
20030405,279.63562367240826
20030406,276.5890235730513
20030407,273.35365648444133
20030408,273.5385100035957
20030409,274.3703242922248
20030410,273.9122285749235
20030411,275.53432212230206
20030412,279.3296948568052
20030413,282.54882452387017
20030414,285.14351730781897
20030415,286.8600751961827
20030416,287.6883544943915
20030417,286.9420246518733
20030418,285.01246859631146
20030419,279.9213915440608
20030420,283.56280393969223
20030421,285.97009341272474
20030422,284.7997556371779
20030423,285.4082613224143
20030424,287.28790919381964
20030425,289.40272699311896
20030426,285.96338052633945
20030427,284.56240243070573
20030428,288.7840042468293
20030429,287.3937675442566
20030430,285.73483012499554
20030501,284.2220573942265
20030502,285.40024713993427
20030503,283.96713936331986
20030504,288.04748738138306
20030505,291.059321513342
20030506,288.0627694322772
20030507,288.5534786241747
20030508,290.06973303012006
20030509,287.49513898222995
20030510,285.5899663243661
20030511,286.6906490012978
20030512,286.56812182342867
20030513,282.6582195572398
20030514,280.72250511710746
20030515,281.2867118431133
20030516,284.04390046405507
20030517,285.6292479918509
20030518,286.7041768280886
20030519,286.2807367014057
20030520,283.7829472292213
20030521,283.6016259688777
20030522,285.3292205778486
20030523,289.0364539467398
20030524,289.6345304338768
20030525,285.41541940717246
20030526,286.22140167318923
20030527,289.03938681609566
20030528,290.4349464414885
20030529,291.3453556519011
20030530,292.78157493688985
20030531,292.4829396818993
20030601,293.1256217196094
20030602,292.2445434928622
20030603,292.6331930287168
20030604,294.79886949378005
20030605,292.72585272798676
20030606,292.74533137101895
20030607,294.72699299915973
20030608,293.9558601911396
20030609,290.7319134635205
20030610,295.07153290457245
20030611,294.24260774176554
20030612,295.8157031477447
20030613,294.67765602790683
20030614,293.739408292219
20030615,293.32910978725056
20030616,293.1051873765657
20030617,293.93454221044504
20030618,290.66084277530007
20030619,291.08677859716977
20030620,291.05953836455814
20030621,289.4935000903802
20030622,294.6128591526688
20030623,295.9840204347973
20030624,292.5347544850719
20030625,292.78470051204914
20030626,294.55377909296175
20030627,292.9045482020887
20030628,292.2909336207818
20030629,293.89465895350753
20030630,294.4435937006403
20030701,289.55431230399137
20030702,288.7045622301029
20030703,287.85513587678855
20030704,287.71023011686395
20030705,288.4620656256642
20030706,290.19355814579177
20030707,291.20377053858607
20030708,292.1399587625627
20030709,292.36982607143494
20030710,292.6780915521943
20030711,294.301106469043
20030712,292.27115273668
20030713,293.2894429658697
20030714,294.92735054253245
20030715,297.4348079354688
20030716,297.26838777833296
20030717,292.01105131818855
20030718,293.0658674968848
20030719,295.99136554706627
20030720,297.78032674211374
20030721,295.2984914918513
20030722,294.448339956579
20030723,294.60225214712096
20030724,292.70822110050295
20030725,293.21351585432006
20030726,292.2897052899222
20030727,292.2035674734458
20030728,290.2930295838404
20030729,291.656550867374
20030730,291.04517894730196
20030731,291.4834004028409
20030801,294.0115340317637
20030802,296.5356822776553
20030803,298.3132621423131
20030804,299.59877763759806
20030805,300.479583972922
20030806,300.7985085539456
20030807,300.70249223228006
20030808,301.40145186785224
20030809,301.10889501966136
20030810,299.47839048018903
20030811,299.3258455921754
20030812,301.90484664405386
20030813,300.64175295025115
20030814,296.69819999967274
20030815,293.0856102449789
20030816,294.69075440660987
20030817,296.33454434324614
20030818,292.05387758186765
20030819,292.39805040641176
20030820,292.14336017381817
20030821,292.3823132758749
20030822,291.63957396412917
20030823,292.7552004440326
20030824,292.83207970216006
20030825,292.35361365804135
20030826,293.0860580993826
20030827,291.53238828716786
20030828,293.2747124004186
20030829,290.0720070741257
20030830,287.28162984682945
20030831,285.7239897895101
20030901,285.3798639276767
20030902,285.3477371539038
20030903,286.44232669696174
20030904,288.22340961521803
20030905,289.66994484758783
20030906,289.7108249547677
20030907,288.8052710179652
20030908,287.7031028113834
20030909,287.78743616688394
20030910,286.8336525437031
20030911,286.4358115777629
20030912,286.41654941732196
20030913,287.26071007526224
20030914,287.3070776143564
20030915,288.2734243110809
20030916,288.9018436071057
20030917,289.7970863878945
20030918,290.75465252139367
20030919,291.7470069398554
20030920,292.67501352237036
20030921,292.1391615427672
20030922,291.2358274593476
20030923,285.8238909204434
20030924,283.05608047892855
20030925,285.4699169844269
20030926,286.92878209263944
20030927,286.8046003418361
20030928,287.0493877968165
20030929,283.82139060412305
20030930,284.3519617254616
20031001,285.46751532890886
20031002,289.16654306084234
20031003,289.2311728527988
20031004,284.87157474432007
20031005,280.8725123208035
20031006,280.0183087120832
20031007,280.4870718682858
20031008,280.3492150876677
20031009,285.14102504529023
20031010,285.31133211075127
20031011,285.52161476702094
20031012,283.36582459161764
20031013,282.52265221846153
20031014,281.62999258798953
20031015,279.9657193166366
20031016,279.80489454964663
20031017,279.11975308120765
20031018,278.27926131005864
20031019,278.5836396325794
20031020,278.6959617581711
20031021,277.25763280032817
20031022,276.54861359766886
20031023,275.5439239176275
20031024,273.59706526562786
20031025,275.6046584864567
20031026,276.7533613906786
20031027,276.1847192492274
20031028,276.0451093191845
20031029,278.776293445515
20031030,278.02459878421627
20031031,280.919928936031
20031101,280.53786646683915
20031102,280.8707075439014
20031103,283.42099317667174
20031104,281.69220105902906
20031105,280.6554218554781
20031106,279.04283550120175
20031107,278.12263541610486
20031108,277.78648683407056
20031109,280.12910007309233
20031110,280.39877322526974
20031111,276.55343768544253
20031112,277.2605238501503
20031113,279.23947245895226
20031114,278.0367745776994
20031115,279.7466169152672
20031116,279.25266829114736
20031117,277.7015164892726
20031118,279.7170892144996
20031119,281.7375731680857
20031120,280.94157493073436
20031121,281.06374731469845
20031122,283.9155658608826
20031123,283.3952728133756
20031124,283.6029730154734
20031125,281.9539143717528
20031126,280.34452639499153
20031127,279.59201483110047
20031128,277.0270735340287
20031129,274.9194105716351
20031130,279.54577247885675
20031201,280.7723654487728
20031202,278.407520396699
20031203,277.90661179306124
20031204,277.26438466757014
20031205,275.78119447087846
20031206,275.32391304399516
20031207,271.71201342902964
20031208,271.2932026421086
20031209,271.5713719634902
20031210,271.5918622727891
20031211,273.478952273747
20031212,277.9674028680315
20031213,281.82292665503263
20031214,278.9264820715108
20031215,274.4996295240971
20031216,273.9786420319593
20031217,273.8928424235775
20031218,273.7383157230343
20031219,277.44834499294143
20031220,279.9659900559834
20031221,277.493573648224
20031222,273.14278889097596
20031223,272.1294196334528
20031224,272.5930419919283
20031225,274.77182628525435
20031226,276.3639953950781
20031227,277.9725375520091
20031228,278.0044741073412
20031229,273.2716052640673
20031230,272.45227775146253
20031231,272.4243819675074
20040101,271.2830113440782
20040102,270.9501508166283
20040103,268.1559046645526
20040104,269.4435521296489
20040105,272.96421270902044
20040106,275.20354356071715
20040107,275.59911126763467
20040108,275.0366868317008
20040109,277.8838735121365
20040110,277.261753355304
20040111,280.8387829998812
20040112,278.6781172913698
20040113,280.23740506354187
20040114,276.98192414260353
20040115,275.07706427831766
20040116,276.8914475431845
20040117,275.8631090164631
20040118,274.03846768741954
20040119,272.52788339958914
20040120,276.3892148886818
20040121,271.55228443925665
20040122,271.2873091047725
20040123,272.22763184493164
20040124,273.1450747387675
20040125,273.6746296888528
20040126,272.157630588828
20040127,271.8235854261731
20040128,271.0989842901227
20040129,270.71769060469245
20040130,270.5340057300248
20040131,277.2994912618553
20040201,281.1148341574751
20040202,281.56108703271576
20040203,280.9255301922006
20040204,280.9595000625133
20040205,281.7814588130587
20040206,283.28360765349754
20040207,279.3752491690312
20040208,275.87337748322034
20040209,273.4661479070226
20040210,272.97983565971424
20040211,276.812201432589
20040212,275.7048182477885
20040213,276.2555669971572
20040214,276.93213561167056
20040215,276.9804486193903
20040216,276.3528445004851
20040217,275.0008574318877
20040218,275.00834609736694
20040219,272.9904778176368
20040220,273.45224539400806
20040221,274.8187338095628
20040222,275.0577501132306
20040223,272.3494823753943
20040224,271.4759545554144
20040225,272.577290736918
20040226,270.896376013866
20040227,270.33252408117374
20040228,270.93387480833525
20040229,270.39422108952584
20040301,270.45956934550657
20040302,272.4224379415159
20040303,273.11129583883474
20040304,275.4021628414756
20040305,276.17958930847834
20040306,275.76612206002045
20040307,275.0560435782119
20040308,274.294470378771
20040309,272.4475455806515
20040310,271.68340676758635
20040311,271.8872257796091
20040312,275.4400706773158
20040313,279.7194409888825
20040314,279.6833306251614
20040315,281.6111181517695
20040316,282.618862286631
20040317,284.0745516004374
20040318,285.0704255310102
20040319,282.4378787795792
20040320,282.9378095527584
20040321,281.25526563999074
20040322,277.6411997421102
20040323,276.27289568252263
20040324,276.61274682898113
20040325,275.1229751331271
20040326,274.5000595130561
20040327,274.0243026616888
20040328,275.89581581408396
20040329,278.16782720218185
20040330,280.9303687183235
20040331,282.6863849186714
20040401,283.9908275028769
20040402,283.87306895669064
20040403,282.82877447603823
20040404,282.2509606516591
20040405,279.83014066172626
20040406,278.22722427498127
20040407,276.8707514650529
20040408,277.2640096592548
20040409,277.1877077122567
20040410,279.13771217326763
20040411,278.6401871261108
20040412,279.53499012908173
20040413,280.13099729055676
20040414,280.55077344713493
20040415,281.97525517660233
20040416,284.34023837595106
20040417,283.92405959125495
20040418,281.6938287078787
20040419,279.9597634705454
20040420,281.54652402887797
20040421,285.20966079304276
20040422,286.49508756540814
20040423,283.54443805672423
20040424,282.60521766109605
20040425,282.720191127933
20040426,284.35112907061574
20040427,285.82029099565835
20040428,286.1098696622927
20040429,285.8368748175249
20040430,287.27292247281565
20040501,284.4399367889775
20040502,284.5877637705062
20040503,285.17103011457556
20040504,284.23212385288593
20040505,282.0008982231909
20040506,280.9909915493512
20040507,280.75673931611465
20040508,279.9909934128
20040509,281.6814411543173
20040510,283.32246449863356
20040511,284.8021727247993
20040512,283.5779689092066
20040513,282.1705451482129
20040514,283.8933077285663
20040515,285.3023063275425
20040516,285.82605186023596
20040517,287.81703405187756
20040518,289.0394276393272
20040519,289.3921590637554
20040520,289.4484878135897
20040521,285.6666778074015
20040522,281.7793092228407
20040523,281.38588037183064
20040524,282.8280556053334
20040525,284.9029549063317
20040526,285.26174490057696
20040527,284.7905455185149
20040528,285.29459836963986
20040529,287.47464560126576
20040530,288.83626751723415
20040531,287.07165873207697
20040601,286.22273675141264
20040602,286.02651129413556
20040603,286.9002806598696
20040604,285.7595522049699
20040605,286.6614522019812
20040606,287.13904747137656
20040607,290.74243806473197
20040608,294.114288612342
20040609,295.21390260219044
20040610,294.2161487163701
20040611,290.22256192442177
20040612,286.91619665672494
20040613,286.2865770234721
20040614,288.24949744256946
20040615,290.6985489213434
20040616,287.78637720800936
20040617,289.45566074963216
20040618,287.36704476198474
20040619,285.3822755335389
20040620,285.40959183150295
20040621,286.43607814101114
20040622,288.2966913654412
20040623,290.6842693233252
20040624,286.90276819537587
20040625,286.39189981931736
20040626,288.9260629784878
20040627,292.4583995608232
20040628,289.47311396843105
20040629,288.8717274788038
20040630,291.16801190775806
20040701,288.7491293729769
20040702,287.49881556518886
20040703,287.7000842223291
20040704,288.80125468470084
20040705,289.4299034372162
20040706,289.81575325153574
20040707,290.8543092769135
20040708,289.35016543261526
20040709,286.61865244366476
20040710,285.9837524152143
20040711,285.621732490468
20040712,285.87467344124093
20040713,286.2798895244578
20040714,288.3622690092105
20040715,290.3343139839556
20040716,292.29239317596927
20040717,294.0869811873851
20040718,292.68507224305864
20040719,292.23622483102145
20040720,292.26228951788636
20040721,293.8633574462134
20040722,295.03914477956306
20040723,295.2259479803001
20040724,291.8786279607139
20040725,290.1449752522305
20040726,288.1367204009783
20040727,288.7751050634883
20040728,290.74120906511644
20040729,292.81770065962337
20040730,294.69856106391035
20040731,295.18247254589284
20040801,294.79975466235084
20040802,295.3602317578448
20040803,296.3729673563733
20040804,294.94803722055804
20040805,296.6589066326177
20040806,294.70829121991096
20040807,294.2532419174152
20040808,295.94397387118283
20040809,297.10864315353274
20040810,294.4190374467754
20040811,293.8065740979834
20040812,291.74189126069336
20040813,289.1282097331316
20040814,289.43297932735584
20040815,290.8056456738774
20040816,291.6695778466797
20040817,291.8381507463111
20040818,294.13096193845774
20040819,292.38644847203483
20040820,289.9010553608569
20040821,286.79366424798206
20040822,286.8372913639073
20040823,291.0681714825384
20040824,290.2200210595517
20040825,287.3226313873321
20040826,287.60224244394686
20040827,288.51864750307845
20040828,288.3648809856808
20040829,289.6010861440258
20040830,287.83653566979933
20040831,286.4099060294492
20040901,287.0271356369721
20040902,289.7611368853151
20040903,291.8044643480545
20040904,292.6320708302415
20040905,293.073958951117
20040906,292.04374023406575
20040907,292.2254145130764
20040908,291.44087800999586
20040909,290.2542603645413
20040910,292.3185219077188
20040911,292.12777593134507
20040912,288.1083167883459
20040913,289.34476230209856
20040914,289.0117557866158
20040915,285.7744846439744
20040916,284.22132004323777
20040917,285.8558440703527
20040918,287.7883030626046
20040919,287.11148092379705
20040920,286.31756562928337
20040921,286.0338093004241
20040922,284.8417233661231
20040923,285.9011124732277
20040924,282.98696850059156
20040925,283.589324509855
20040926,284.2996782578147
20040927,285.43611109646724
20040928,287.37394060500543
20040929,286.21650700985833
20040930,286.0032265137999
20041001,287.17161766686684
20041002,286.2887220088665
20041003,285.4533777147138
20041004,289.6272125421537
20041005,290.6397972103723
20041006,285.90091872731665
20041007,283.61951797656315
20041008,282.971457900753
20041009,282.8700421526698
20041010,282.3870125684967
20041011,282.1086083802066
20041012,282.4002090906629
20041013,282.95833885694805
20041014,283.6313648168446
20041015,281.0606189098691
20041016,279.5820742978455
20041017,280.027741097979
20041018,281.12749527614534
20041019,281.6320430879057
20041020,286.8829289467027
20041021,285.3520774020362
20041022,284.54930630513076
20041023,287.6769899750701
20041024,288.40495592132834
20041025,286.45281305570427
20041026,282.56545387462205
20041027,282.0154668742919
20041028,284.5752801279145
20041029,284.30473268405615
20041030,282.24736019001756
20041031,281.8583105158025
20041101,282.39721511604336
20041102,282.3471159588225
20041103,282.88914693096046
20041104,283.78907026347764
20041105,281.2008643394462
20041106,279.46836913075646
20041107,278.95230443633284
20041108,277.078506181953
20041109,274.48334950266394
20041110,274.39667489834943
20041111,274.5165993638879
20041112,276.06064047720673
20041113,276.5578516141393
20041114,274.3100609663852
20041115,274.1914840522934
20041116,276.9681917767116
20041117,279.8268603887711
20041118,280.0770565494349
20041119,275.88219060686055
20041120,272.70188814736713
20041121,274.08458225654607
20041122,280.63229670006973
20041123,280.5528363916688
20041124,274.869723282352
20041125,273.6651225272298
20041126,276.40795629652195
20041127,279.2548685893983
20041128,278.2000621000871
20041129,278.08675937711286
20041130,276.5038421004777
20041201,276.16752332756215
20041202,276.287964009312
20041203,277.11029086860725
20041204,275.6615962448871
20041205,273.8597332442273
20041206,275.3124968617824
20041207,273.912251320788
20041208,274.2827463419197
20041209,273.6664226220882
20041210,272.39036559538766
20041211,271.2322715475554
20041212,270.97863050770866
20041213,271.11666022583745
20041214,271.5000221730359
20041215,271.9582716413576
20041216,275.1638213957578
20041217,276.3928255555917
20041218,274.81108020663163
20041219,273.2412861926224
20041220,268.5579003665625
20041221,267.804939026021
20041222,270.1376832270787
20041223,276.67202732437613
20041224,279.27095965559505
20041225,276.7180602043111
20041226,273.7416730102563
20041227,272.0279746372893
20041228,272.215300736054
20041229,273.097609544817
20041230,274.01668037635187
20041231,277.5227927162129
20050101,278.9650284351598
20050102,277.3729940807003
20050103,275.7098207718534
20050104,276.1476930284373
20050105,276.8010733152839
20050106,279.1624821179189
20050107,279.65216888653964
20050108,279.72742511579673
20050109,278.9119921679117
20050110,280.3419976700454
20050111,279.9147327082491
20050112,279.51320457788285
20050113,275.9478160541911
20050114,274.0556938860639
20050115,272.32556277882696
20050116,272.49161077835896
20050117,274.25729114688687
20050118,275.88879174509094
20050119,274.5729324189258
20050120,279.24235776819165
20050121,277.4203894915445
20050122,274.33242020585925
20050123,273.03707492499757
20050124,271.33275755022265
20050125,269.8376727127178
20050126,269.61607719881505
20050127,268.91938529038373
20050128,270.26866295128303
20050129,268.1311671851822
20050130,270.03258033413914
20050131,274.16558223491785
20050201,274.72874150973036
20050202,275.0835828384448
20050203,275.62210012366774
20050204,273.9717485931625
20050205,272.36993176399517
20050206,272.9335307552508
20050207,272.80814513750875
20050208,273.93819097545236
20050209,275.0212293289226
20050210,277.2214160946575
20050211,278.695731074785
20050212,280.7071364342779
20050213,274.4940996767176
20050214,273.6705925115885
20050215,271.8009967160327
20050216,270.5483432688802
20050217,270.40157896082644
20050218,270.28546543376285
20050219,272.47578142976323
20050220,271.4889176754968
20050221,270.7805255829597
20050222,270.2659698098826
20050223,268.1633585325238
20050224,268.17202723215877
20050225,267.50045413665634
20050226,269.0646053380466
20050227,267.70660369090604
20050228,263.9825257336802
20050301,264.82971005202984
20050302,267.5918218469441
20050303,270.33670482026184
20050304,269.96659528798733
20050305,270.7237375428957
20050306,268.20413856779595
20050307,271.2862878369535
20050308,274.63237445721853
20050309,274.9686083186736
20050310,274.01388897285966
20050311,274.38733804838853
20050312,274.51280902369604
20050313,273.95899451209056
20050314,275.6797966999935
20050315,277.93789722727223
20050316,282.69197212209735
20050317,284.0185839499057
20050318,283.0430019166212
20050319,283.366200535249
20050320,282.258136830375
20050321,281.7838288509301
20050322,283.1292787922417
20050323,284.22726039935634
20050324,284.529408007651
20050325,283.361005417268
20050326,282.58461498525645
20050327,283.36358640242184
20050328,282.33454490903165
20050329,282.7743165938967
20050330,282.10120612194163
20050331,282.18808425914574
20050401,281.72489422096106
20050402,282.3541844992466
20050403,283.88215488288967
20050404,283.79995609303023
20050405,282.0057148520984
20050406,282.23364041677456
20050407,282.1555188598016
20050408,279.0937159776581
20050409,276.1593096322404
20050410,277.9314199450643
20050411,280.6442528452243
20050412,282.26931413176766
20050413,283.1037516735586
20050414,283.9688650298235
20050415,282.4526673800025
20050416,282.1731318409334
20050417,283.8341376210108
20050418,283.46751573638124
20050419,281.5924768732613
20050420,280.07106565154584
20050421,279.6781183448366
20050422,280.792494131727
20050423,282.1775255089763
20050424,283.8652032640249
20050425,282.79062967893435
20050426,283.6442947339485
20050427,283.71294159259037
20050428,284.69015390006524
20050429,287.7869831934064
20050430,289.6023705438974
20050501,291.33429153874073
20050502,290.95020318331746
20050503,287.8811946739624
20050504,284.3464019961916
20050505,283.02910164870457
20050506,282.84170389025417
20050507,281.1673380385874
20050508,280.0759179648439
20050509,280.0299071956386
20050510,279.7349357625455
20050511,280.3633345095834
20050512,282.8102707021016
20050513,284.13056664170205
20050514,284.5941759335988
20050515,283.24871259739786
20050516,283.55942516109036
20050517,282.3695793209611
20050518,280.70482364747255
20050519,283.8468370737116
20050520,288.43687752458686
20050521,288.1635552713414
20050522,286.8026250723347
20050523,284.78898569585925
20050524,285.9036423956239
20050525,289.5100739149419
20050526,292.9190277440894
20050527,294.9209463729483
20050528,294.57546637427316
20050529,293.3291049172902
20050530,286.67662949213496
20050531,284.7185953020478
20050601,286.1388552389329
20050602,288.94269455372336
20050603,291.39365072848125
20050604,286.8400119201971
20050605,285.7592133094683
20050606,284.77928702078043
20050607,282.50117978637815
20050608,283.51099143430343
20050609,284.9040730565684
20050610,285.79032070227703
20050611,284.27331330240594
20050612,284.52434115043843
20050613,286.8035878098512
20050614,288.23952148154575
20050615,289.63100670935665
20050616,290.39068032042024
20050617,292.2463360377049
20050618,293.41594211395585
20050619,293.39075957567906
20050620,295.765106406284
20050621,296.84339694175225
20050622,295.2255834631843
20050623,296.52417770685037
20050624,297.34845443205575
20050625,294.6011196351178
20050626,294.3492186781679
20050627,295.9970507775694
20050628,297.26304588232557
20050629,294.06474525017234
20050630,291.0081679605009
20050701,289.1169206121359
20050702,289.24178858984305
20050703,293.3672287812754
20050704,290.92703746141643
20050705,287.2667022958508
20050706,288.06208385881985
20050707,285.5975016413529
20050708,286.4937693247264
20050709,288.2756962998616
20050710,291.3488171656463
20050711,292.82389764899386
20050712,293.5073052778266
20050713,294.7372607093478
20050714,295.3889433246446
20050715,295.5545759115086
20050716,294.737633555941
20050717,293.6358718733384
20050718,293.2656101636417
20050719,290.56951020826085
20050720,289.634706303585
20050721,288.8773657293435
20050722,288.87817463823205
20050723,289.1403314830108
20050724,290.169100992432
20050725,291.63258022890926
20050726,291.636663779303
20050727,295.85128439400427
20050728,297.6822318937765
20050729,294.7118139990423
20050730,290.915356857211
20050731,289.6864567495899
20050801,290.25609299986513
20050802,289.6773082509838
20050803,289.5009288223432
20050804,288.9529223005989
20050805,289.295398872316
20050806,287.9718946563411
20050807,286.061797537965
20050808,286.0280262751668
20050809,287.2995316469572
20050810,287.5942337709093
20050811,288.1779578043649
20050812,289.4827622520034
20050813,288.94309263597387
20050814,287.32523079509343
20050815,286.4686806616458
20050816,289.4145237898057
20050817,290.93382180147347
20050818,292.79183458940184
20050819,291.50091457843905
20050820,288.7024224070478
20050821,288.623923458099
20050822,290.2893927001762
20050823,289.20604624581966
20050824,289.3891633511477
20050825,287.6108865857855
20050826,286.46747866516307
20050827,287.6989539763224
20050828,289.18711775142083
20050829,291.0057283606058
20050830,293.25005142739457
20050831,294.58051119990057
20050901,293.08206414645275
20050902,292.60235652765004
20050903,293.22991352957587
20050904,292.8591949493537
20050905,292.9790237303934
20050906,293.16315000528573
20050907,293.802996499158
20050908,294.3031282414454
20050909,291.95997372539597
20050910,291.5062363015813
20050911,289.22110996964693
20050912,288.7812149369847
20050913,289.2861652960378
20050914,289.61435057194643
20050915,290.4982269105124
20050916,286.5348329864817
20050917,282.66168714436213
20050918,283.432183011246
20050919,284.1394102527477
20050920,284.09496525932303
20050921,284.89757561444884
20050922,285.7618124653922
20050923,287.4463197721146
20050924,288.14941772733715
20050925,288.49119285803766
20050926,287.6807349174432
20050927,288.6763500414878
20050928,286.8197520728838
20050929,284.138277339138
20050930,282.6673803495264
20051001,284.6503995061967
20051002,282.60077324261766
20051003,283.2487216355461
20051004,285.9515929666667
20051005,287.9902161492112
20051006,287.7778154278219
20051007,287.3881989067256
20051008,286.2719951268907
20051009,286.1917450756752
20051010,286.4880082213104
20051011,286.5722317595075
20051012,287.05744545386864
20051013,286.0120452938134
20051014,285.352106980568
20051015,284.61526758359986
20051016,284.6482820292442
20051017,282.1658432083313
20051018,281.6711876728628
20051019,283.1708303432498
20051020,284.70036891507186
20051021,287.03745970334944
20051022,287.07455663141894
20051023,284.8659000636573
20051024,284.8441705020548
20051025,287.412875251725
20051026,287.2872294143117
20051027,287.05710615417
20051028,287.5682437033709
20051029,288.09245034478846
20051030,287.54724308058456
20051031,287.9245538998686
20051101,284.7853945382203
20051102,284.15134494670264
20051103,286.5205737484254
20051104,284.863984724795
20051105,281.35686305469915
20051106,281.8069883944554
20051107,281.10696826616044
20051108,283.2440219692451
20051109,283.1979473329662
20051110,281.2486450918536
20051111,280.62938830550894
20051112,280.57042648252735
20051113,281.9816926628566
20051114,279.3055471886681
20051115,277.1688526436863
20051116,277.4744465179648
20051117,275.12346294748863
20051118,274.7635062131081
20051119,273.0608053860599
20051120,272.7657561295549
20051121,275.61434960309936
20051122,272.4204880714498
20051123,273.0970876903523
20051124,273.34263912723236
20051125,272.0044721463092
20051126,272.1463203356313
20051127,273.2180527915571
20051128,273.7628496842201
20051129,273.10826984845124
20051130,272.36221601757796
20051201,271.3686774176621
20051202,274.57060709765614
20051203,278.02955580414584
20051204,279.0780229391657
20051205,277.51098011419214
20051206,275.681962488376
20051207,275.82067265573147
20051208,275.5001044868997
20051209,274.98831610272094
20051210,272.3482955795229
20051211,271.9727352169328
20051212,274.32946572711876
20051213,274.62046966731856
20051214,275.5910073740612
20051215,276.5948712803779
20051216,277.44737171388624
20051217,272.9739812542404
20051218,272.3460850221179
20051219,272.8078307154437
20051220,274.00588382061864
20051221,273.7314496605753
20051222,274.25545423265095
20051223,276.03071701066636
20051224,275.9464205894063
20051225,275.62061226246436
20051226,272.66622941946054
20051227,269.5105370150605
20051228,267.3726006582052
20051229,267.0735466093636
20051230,267.77346247787756
20051231,276.57166585608354
20060101,275.2573334849528
20060102,275.2147131478154
20060103,274.0442927951447
20060104,272.4899040634987
20060105,272.430996181632
20060106,271.8091306038634
20060107,272.23501420006846
20060108,272.2774605102639
20060109,271.1532854502488
20060110,271.0576400613134
20060111,272.052211613579
20060112,273.51355027125527
20060113,271.7434745309381
20060114,271.2588096511873
20060115,269.9116438406901
20060116,272.2051963536414
20060117,275.09523985202856
20060118,275.8377916741776
20060119,275.35822598502796
20060120,277.6470793217165
20060121,275.3472329060921
20060122,273.1816995387882
20060123,269.0904327191837
20060124,269.0207658760296
20060125,271.0743178108457
20060126,270.7481457130759
20060127,267.561268018333
20060128,271.13672659577037
20060129,273.0124191821468
20060130,272.3736163581739
20060131,272.5301641633893
20060201,272.1280071126918
20060202,270.723286118325
20060203,269.59939422037434
20060204,271.18768497323543
20060205,271.8949081944566
20060206,274.46042919662887
20060207,275.26051043831234
20060208,274.74454929694167
20060209,273.03336605018643
20060210,272.8593613163199
20060211,272.0724618676199
20060212,271.7369814565374
20060213,272.8274288179318
20060214,275.7639020911076
20060215,277.3520747283905
20060216,278.89899368881146
20060217,276.7386046649998
20060218,277.0231333534626
20060219,277.6209983204685
20060220,276.2447967828967
20060221,275.71906340281504
20060222,274.33892582093887
20060223,272.9653871101329
20060224,273.6657909625954
20060225,273.08433495917114
20060226,270.9575535023084
20060227,271.1592054050362
20060228,272.2682804397308
20060301,270.3465658720342
20060302,270.16648314469063
20060303,272.15983147972634
20060304,269.8731832479805
20060305,269.3746250966303
20060306,270.4322198148324
20060307,271.58452927645027
20060308,275.26052293803946
20060309,279.23031462960984
20060310,276.2425944697355
20060311,274.0317817079845
20060312,268.8290470790869
20060313,270.1137972081026
20060314,271.6990652259194
20060315,273.4263672149649
20060316,272.87441708630723
20060317,273.8896127959199
20060318,274.8537213095282
20060319,276.3173951752673
20060320,278.1729204891047
20060321,277.84919487142884
20060322,275.6526708678315
20060323,276.33195676865887
20060324,279.87148489385504
20060325,282.903699439061
20060326,286.01779073645827
20060327,286.28358396636924
20060328,281.3694169613918
20060329,280.073382810962
20060330,282.73465044522635
20060331,283.55352549805167
20060401,282.9813484195343
20060402,281.875022933612
20060403,279.9606012963767
20060404,278.4043595431021
20060405,276.08557258191536
20060406,276.2363562552218
20060407,278.09451682438475
20060408,279.3511492642046
20060409,279.1256300566035
20060410,277.42897246508204
20060411,276.8346582680763
20060412,278.6243386266204
20060413,279.00274303449817
20060414,282.05215118830364
20060415,282.9471685070545
20060416,283.1158752726323
20060417,282.87810979923034
20060418,281.1802935735737
20060419,281.5658992574926
20060420,282.882683710217
20060421,285.5265214451844
20060422,284.4946349013417
20060423,282.3105827103521
20060424,285.4747667030736
20060425,286.73461547667745
20060426,285.4870887918806
20060427,284.1141390092368
20060428,282.78290449715075
20060429,278.47194174461623
20060430,278.00418687536677
20060501,280.9838924492528
20060502,284.59889197990856
20060503,288.6906355771569
20060504,289.62936321221
20060505,289.1256455318242
20060506,288.2004062204829
20060507,287.72684824846965
20060508,285.84519705365125
20060509,284.2847928177717
20060510,285.13405639949707
20060511,287.71895390784715
20060512,288.4097308307039
20060513,286.5900786556722
20060514,285.6553312922244
20060515,288.0046042644961
20060516,288.65456973327457
20060517,288.7199585906873
20060518,288.611156929076
20060519,285.4157032921475
20060520,284.1791975641999
20060521,286.1993242162509
20060522,287.1073884137882
20060523,283.29218715980994
20060524,282.76588030540864
20060525,283.17243217697853
20060526,286.31546219984
20060527,287.95655314228713
20060528,287.2067780079406
20060529,283.2130177757937
20060530,280.3153022897642
20060531,280.69757901687143
20060601,280.3463826104867
20060602,282.1625662122663
20060603,284.82033603216377
20060604,284.88206187085933
20060605,284.704896147682
20060606,284.15112492819816
20060607,285.64452455852563
20060608,287.628417012686
20060609,289.1533259740511
20060610,290.85428154420896
20060611,291.649553041548
20060612,292.2928950585345
20060613,294.4973438297566
20060614,295.3741258116028
20060615,293.2633522022622
20060616,290.0276331877167
20060617,290.2192126251246
20060618,293.5944915108104
20060619,293.2926706296197
20060620,292.48602391742827
20060621,291.78277633317623
20060622,288.65778253774073
20060623,288.65566117380354
20060624,292.53501185603574
20060625,294.6115913086628
20060626,291.8646591914049
20060627,291.5679111901789
20060628,291.17886265916474
20060629,292.0443979363724
20060630,293.2650011503885
20060701,294.1032352614564
20060702,294.4378327608806
20060703,294.9628083950014
20060704,296.87053830914004
20060705,295.670921823333
20060706,292.3995913042095
20060707,291.8855375095386
20060708,292.3872017716463
20060709,293.70093159239883
20060710,294.47009290416395
20060711,296.3375427551904
20060712,296.0905775117794
20060713,296.7203871414938
20060714,295.05304325957405
20060715,294.1235045040749
20060716,295.305372163629
20060717,295.9047241832189
20060718,297.7169944167627
20060719,299.63375005805983
20060720,298.74143631587805
20060721,298.78046616275395
20060722,298.29378252744283
20060723,296.6047402951003
20060724,297.56155867773083
20060725,299.6930702365615
20060726,300.42365763752946
20060727,299.11575399380337
20060728,294.6429522725478
20060729,294.75241474886843
20060730,294.9794186435412
20060731,293.10957517797584
20060801,290.95243262339056
20060802,289.40457275630666
20060803,288.8134544667121
20060804,288.23054481578384
20060805,289.9545523992255
20060806,290.79780303985535
20060807,291.788700134253
20060808,290.21297976164163
20060809,289.4601474380889
20060810,287.97742492215815
20060811,285.9872327786599
20060812,285.16339085145427
20060813,285.68074446619056
20060814,286.5019601012987
20060815,288.662185944621
20060816,288.74367907546394
20060817,291.57111540094996
20060818,290.4656972051083
20060819,290.72940727924714
20060820,289.29746619339994
20060821,288.3352998722169
20060822,288.3603476827868
20060823,289.07818345412767
20060824,287.8911727978884
20060825,287.1223559239638
20060826,287.3176034983219
20060827,287.416817188806
20060828,285.77165965049306
20060829,284.28992425594794
20060830,285.04327307957465
20060831,286.2078358674817
20060901,289.58607097096814
20060902,291.4156166966524
20060903,292.1115486820777
20060904,292.2288266415156
20060905,291.42974116248934
20060906,292.81343263872924
20060907,291.0219492599528
20060908,286.807809957254
20060909,288.3789518668532
20060910,291.08804244522
20060911,292.70721566504625
20060912,292.54246629712935
20060913,292.8540153485994
20060914,292.3994125260863
20060915,291.2454233183922
20060916,290.40008097576526
20060917,290.00257153751835
20060918,288.6060065087117
20060919,287.79961753090123
20060920,287.6459681897962
20060921,290.415242629205
20060922,291.68497766553185
20060923,291.8848823174556
20060924,291.1034672841462
20060925,287.6680407393714
20060926,287.440690927502
20060927,287.02408302201394
20060928,287.42880398146116
20060929,288.7869029072719
20060930,289.2918881027602
20061001,289.35854100627836
20061002,286.9255264215811
20061003,286.0844562598251
20061004,283.86128164786214
20061005,283.6952401933129
20061006,286.6803950308138
20061007,284.96731536885017
20061008,283.0431204365829
20061009,285.8860725147352
20061010,287.48009197219386
20061011,287.1348411999159
20061012,287.34167795779524
20061013,287.7201459990235
20061014,286.7278732394564
20061015,284.86633253722465
20061016,283.69929810930597
20061017,283.98465855137505
20061018,285.98461183839737
20061019,286.5379809902008
20061020,286.92087308444997
20061021,286.75882599432697
20061022,287.7232708563739
20061023,288.056016684717
20061024,285.87109598872655
20061025,284.98948867772634
20061026,289.5919964637384
20061027,288.4976032050561
20061028,287.4361302665079
20061029,286.45428136783937
20061030,282.3123631731249
20061031,282.9958166164189
20061101,279.1668254013794
20061102,275.643814432929
20061103,276.04281421703456
20061104,277.7709779479947
20061105,278.1327543974051
20061106,278.53299465245044
20061107,278.29054002401796
20061108,281.3497328268924
20061109,281.8338073490891
20061110,277.6628437949336
20061111,279.3160846475823
20061112,279.68756610822567
20061113,280.69916622180756
20061114,283.88665812468196
20061115,284.4091630706245
20061116,286.58693048970366
20061117,283.66690628527914
20061118,281.2126134913362
20061119,280.4273023839762
20061120,278.7905829296896
20061121,280.18505623595513
20061122,277.4152209053846
20061123,282.3431202915898
20061124,283.7943623089259
20061125,286.74759566451974
20061126,282.7174151867801
20061127,282.96987157038325
20061128,283.04346433002036
20061129,280.969157728874
20061130,278.7363294870068
20061201,279.76758457072305
20061202,281.0404019841248
20061203,282.3462965176718
20061204,281.44292821989296
20061205,284.850994165191
20061206,280.83320557733566
20061207,279.38823187876415
20061208,281.5006917898976
20061209,277.9336232713225
20061210,276.141648124958
20061211,276.2714655158106
20061212,277.64921364526464
20061213,277.6349698914296
20061214,277.1569689104646
20061215,275.8973439261723
20061216,279.2153631441837
20061217,276.48786977903205
20061218,275.50204696131976
20061219,274.12175575040294
20061220,273.4687509049493
20061221,275.86354649259215
20061222,275.09308854983004
20061223,274.5312732324755
20061224,274.4993151619919
20061225,272.89191752610446
20061226,272.65936919905886
20061227,271.41425250696074
20061228,272.18201138103285
20061229,273.6520653860735
20061230,278.21194303066574
20061231,280.52696008183347
20070101,280.04723945081224
20070102,275.8755042058687
20070103,277.0650947501103
20070104,278.5466144607039
20070105,279.1470064580355
20070106,280.8717620019022
20070107,279.3695225236069
20070108,280.82563669575563
20070109,282.96353956802346
20070110,281.7269334861429
20070111,278.9489064901281
20070112,279.97071126842695
20070113,282.029683896015
20070114,279.2655664209752
20070115,273.7755834620331
20070116,277.546566851011
20070117,281.2997358646829
20070118,283.267238479569
20070119,283.5854744897271
20070120,282.506361627818
20070121,278.14180655479646
20070122,275.72112677922615
20070123,271.07473859111764
20070124,269.7774484254198
20070125,269.5137300704426
20070126,269.1343712807174
20070127,273.8053174120401
20070128,274.92269575158264
20070129,276.9572412435529
20070130,277.32430379989836
20070131,276.81673050429634
20070201,277.6716459859184
20070202,279.48255982454907
20070203,277.41543177469595
20070204,276.77832213193557
20070205,275.38111716873436
20070206,274.76628906789523
20070207,274.2576995136083
20070208,276.12125833844937
20070209,277.44343219991424
20070210,278.12797984855814
20070211,279.6389431554249
20070212,279.8903758690724
20070213,278.5556589335844
20070214,278.13621409623437
20070215,277.8091190067755
20070216,278.1809041646766
20070217,278.7088143576266
20070218,278.31143075011136
20070219,277.031061964867
20070220,278.0080869605852
20070221,278.33740954387923
20070222,278.92746378100026
20070223,280.57009453856915
20070224,280.4011954211264
20070225,279.39065260076785
20070226,278.50516376435394
20070227,277.9784193839231
20070228,281.36887736434886
20070301,280.1795078451127
20070302,278.52170429294085
20070303,280.37339165231936
20070304,280.1662983269878
20070305,281.29532273995306
20070306,280.805887196524
20070307,280.218235856814
20070308,278.2701703850904
20070309,278.61212106148486
20070310,277.6308874055223
20070311,278.6073774456133
20070312,279.50668640975596
20070313,280.1475412261221
20070314,280.8842059876125
20070315,280.95584909820803
20070316,280.2315089029872
20070317,279.50728115271477
20070318,278.76432986133943
20070319,274.6956388777742
20070320,274.9201519343524
20070321,274.93420505890657
20070322,274.18098989494285
20070323,274.7992531271886
20070324,275.59391117716274
20070325,278.36766464885983
20070326,281.36107687834414
20070327,281.1492830497375
20070328,280.97417791596007
20070329,280.24975358780557
20070330,279.83317446810446
20070331,278.6347957811405
20070401,281.3755172150814
20070402,282.8757332947757
20070403,280.698304723866
20070404,278.40656813634877
20070405,280.11029129632897
20070406,282.77483913131124
20070407,281.9801827225088
20070408,281.59127559166774
20070409,282.7931302994585
20070410,283.05534706828865
20070411,284.5397488318138
20070412,286.7317947419162
20070413,288.69600336178405
20070414,289.83939170474986
20070415,289.83764174816775
20070416,289.2032591623915
20070417,287.43058358084386
20070418,282.0538003868102
20070419,282.8671146248832
20070420,283.1960194936383
20070421,283.4675970771112
20070422,286.1429935825391
20070423,288.6059821371227
20070424,290.0103558237056
20070425,291.0046766525891
20070426,290.5490373309629
20070427,290.3634752872344
20070428,290.6827036268799
20070429,290.17025395172647
20070430,287.88360336105876
20070501,287.31254491496276
20070502,286.458522048222
20070503,286.382026105434
20070504,287.9907358583652
20070505,287.97583898233603
20070506,287.9546311912686
20070507,286.1277142662647
20070508,285.7283761935262
20070509,285.2644751398008
20070510,288.7801993696074
20070511,286.284323534834
20070512,286.0578754242246
20070513,288.9411353652844
20070514,285.857979411714
20070515,283.4907851180802
20070516,283.03240400671706
20070517,283.49347334429325
20070518,285.1038612635209
20070519,288.4225803360607
20070520,290.73576178523723
20070521,292.499716979795
20070522,292.0030195804182
20070523,291.14028599340253
20070524,293.2135937629503
20070525,293.7063722451415
20070526,291.49177181274155
20070527,287.16515448619623
20070528,283.6205213204867
20070529,282.8000283516032
20070530,284.55833399658417
20070531,286.8088831298151
20070601,285.76342210992914
20070602,288.80341844738314
20070603,289.69988380850947
20070604,290.67880976151974
20070605,291.07251681550616
20070606,291.91987391056
20070607,293.72377237993913
20070608,293.7380917971075
20070609,292.2729241978995
20070610,292.32679458834303
20070611,291.93516149117784
20070612,290.804915257344
20070613,290.85501424679336
20070614,292.2732052059757
20070615,289.60994529485305
20070616,288.630748264465
20070617,290.6101351182537
20070618,291.7023499306899
20070619,294.06800312698226
20070620,292.7236691870521
20070621,289.86149092000244
20070622,287.7859921253037
20070623,287.7558510491056
20070624,290.05094012533846
20070625,289.0500259435519
20070626,285.283540566314
20070627,285.02674102705333
20070628,286.18015844427714
20070629,287.0393684040031
20070630,289.03800776806935
20070701,290.6293421594218
20070702,288.976061315984
20070703,286.8914812506156
20070704,285.97477742499046
20070705,286.12316391324
20070706,287.40917768996127
20070707,287.7457863780709
20070708,289.4590224140022
20070709,286.86502416623273
20070710,285.2417025624361
20070711,285.9801700369213
20070712,288.02581802342223
20070713,292.1094114703156
20070714,294.8777294098622
20070715,296.44543460120883
20070716,296.12250351443026
20070717,292.42845562338533
20070718,292.72302958137954
20070719,290.9886273043984
20070720,291.6422317512837
20070721,289.48252374543154
20070722,288.9504720770116
20070723,289.0800126669886
20070724,288.2979477110967
20070725,289.62948387379475
20070726,291.93490232483015
20070727,290.82836347783007
20070728,290.4205232915331
20070729,288.0050319009944
20070730,286.047021258278
20070731,285.9468888120722
20070801,289.21971489864916
20070802,290.2486478775705
20070803,289.486644945102
20070804,291.18809355429465
20070805,293.7974274591749
20070806,294.2259279199315
20070807,289.3242262407378
20070808,287.74766980530126
20070809,285.84403623101014
20070810,289.14766464004043
20070811,290.61605094375176
20070812,290.7403468946035
20070813,290.2019304431074
20070814,292.0687767198801
20070815,294.26691679880383
20070816,289.21353408076635
20070817,287.4353182785981
20070818,287.8761748759013
20070819,288.65195909842464
20070820,286.4792198722475
20070821,287.05803438616874
20070822,287.22838004435545
20070823,289.78586297292344
20070824,290.86451730698803
20070825,291.9270428976949
20070826,291.68543644021605
20070827,289.99326553878836
20070828,287.86568414210103
20070829,287.5934705070959
20070830,286.8770124484464
20070831,287.78970769446556
20070901,288.3465769628329
20070902,288.46677775498205
20070903,286.0588733535153
20070904,283.55066433603906
20070905,283.49198152678775
20070906,286.2693179732941
20070907,286.6056116465046
20070908,287.13031542139123
20070909,286.94693762486816
20070910,285.16877131144906
20070911,285.31256325689446
20070912,285.6386907802534
20070913,286.4728689351125
20070914,287.5485521329952
20070915,287.3368618300705
20070916,288.2126247337044
20070917,288.60955895088813
20070918,283.89794434504336
20070919,282.23314193903474
20070920,284.18326736603063
20070921,285.6428342314181
20070922,288.1606263364028
20070923,289.06734840750295
20070924,287.93436296071343
20070925,284.037369989137
20070926,282.42349084901156
20070927,281.72497277128326
20070928,283.4631095956793
20070929,284.4386831964711
20070930,285.155484664775
20071001,287.9142506970625
20071002,288.8106099075051
20071003,289.41004577325225
20071004,289.0184269275064
20071005,287.10272790480275
20071006,284.3399380432615
20071007,283.81154307205827
20071008,283.5856890095432
20071009,284.0012853131558
20071010,284.78563677982675
20071011,283.49903105933487
20071012,283.5246595699501
20071013,284.3237055743691
20071014,282.95825944312963
20071015,284.98837799926883
20071016,285.52835693756253
20071017,285.21699459504083
20071018,281.0133072434532
20071019,278.7941334160973
20071020,277.1170572941455
20071021,276.9013626421612
20071022,276.1728319010564
20071023,276.6689814291456
20071024,278.00394028115437
20071025,280.23828049967125
20071026,280.62521506749596
20071027,280.4547974120059
20071028,280.0766072398318
20071029,280.8237254441726
20071030,280.29430876669403
20071031,277.94105116525407
20071101,278.74073965054407
20071102,281.4471367204921
20071103,283.3820828897433
20071104,281.261034331453
20071105,279.03126278467533
20071106,279.39437518775424
20071107,279.3058964270413
20071108,281.0843714311595
20071109,276.6393349489196
20071110,277.8441279986511
20071111,279.70547514954666
20071112,275.89832035486296
20071113,275.4683881971711
20071114,274.453652298476
20071115,272.4062098520242
20071116,271.95627623559665
20071117,273.31533338190854
20071118,273.65699520415825
20071119,275.37508640263144
20071120,278.69378465117467
20071121,280.5073336140407
20071122,281.12205281151853
20071123,279.3322380798307
20071124,274.89503626241157
20071125,275.9346247608989
20071126,275.40741645687734
20071127,275.21467660191803
20071128,272.495422814206
20071129,273.4573662823026
20071130,277.110421322171
20071201,278.6090071650087
20071202,279.7950239192054
20071203,278.3912379633269
20071204,277.83452515749326
20071205,281.166798862996
20071206,281.0423316883218
20071207,281.1305346670304
20071208,276.5801173896437
20071209,278.6194049298105
20071210,277.60830174052523
20071211,276.31372413668726
20071212,275.57790109622243
20071213,275.71263560607343
20071214,272.15759944465117
20071215,271.32549290091544
20071216,271.0241743584757
20071217,270.8925454080319
20071218,270.5352848304106
20071219,271.1068755074642
20071220,271.30430517982853
20071221,270.25973625282586
20071222,270.8042389871663
20071223,270.64520958305275
20071224,270.39469134807746
20071225,270.3307834835526
20071226,272.83233367789495
20071227,273.9660434124192
20071228,274.43369110770345
20071229,274.97788574395383
20071230,275.4641592703006
20071231,274.4668182251151
20080101,273.09308245796376
20080102,270.6853804282004
20080103,272.37359969151754
20080104,273.5815252793031
20080105,278.2635351330893
20080106,276.91512846673953
20080107,278.8284047846304
20080108,276.5350691399163
20080109,277.1214759396617
20080110,278.5303619855509
20080111,281.23562156819713
20080112,276.4740537802497
20080113,273.41179029417617
20080114,276.9597801738487
20080115,278.6278254381827
20080116,278.90792357683847
20080117,278.56761626906126
20080118,280.71031049331043
20080119,282.30467316411983
20080120,281.7148835797357
20080121,279.95575704022053
20080122,277.07262481331276
20080123,274.15411059100717
20080124,276.4496973305879
20080125,274.0656103921789
20080126,274.64456762688866
20080127,275.84916895673973
20080128,275.9409560765295
20080129,275.45676224423977
20080130,273.88241969395534
20080131,273.44624346367175
20080201,275.71810398787164
20080202,272.6505411045793
20080203,272.37526734071986
20080204,275.92692418825317
20080205,277.3538667757238
20080206,279.93128370515404
20080207,274.980600333022
20080208,275.5973224415094
20080209,276.2302381403201
20080210,276.48318791244054
20080211,277.5485449758707
20080212,277.16355659762934
20080213,275.0550847781802
20080214,273.7922852736493
20080215,273.51272053483996
20080216,271.7797543420331
20080217,272.6807829621501
20080218,273.9997819280422
20080219,274.0976232628171
20080220,276.2614313670679
20080221,278.9408420887859
20080222,280.61460163944383
20080223,280.4937066509831
20080224,280.2392235795594
20080225,281.08039286349936
20080226,281.58705915434115
20080227,278.58732758183675
20080228,278.3972942106444
20080229,281.7229567811466
20080301,281.2822219167262
20080302,280.68429904706824
20080303,278.74403107394863
20080304,273.8953384166768
20080305,272.3511775213602
20080306,273.614627182757
20080307,276.7394849004932
20080308,277.93872950689337
20080309,279.12414404104203
20080310,278.3516042041678
20080311,279.50143217957753
20080312,280.44996082240897
20080313,278.4461421531057
20080314,280.94042256563125
20080315,282.6917677434481
20080316,280.8187756030523
20080317,277.9510142945032
20080318,275.16806597278963
20080319,274.4667692456427
20080320,274.7794297057397
20080321,275.42008459973556
20080322,274.57005939096246
20080323,272.1483493666415
20080324,271.73218375043604
20080325,272.5820840469575
20080326,275.50570929761125
20080327,276.3097963498372
20080328,277.8448378453989
20080329,279.6358044243374
20080330,282.75354729699956
20080331,281.03837208872943
20080401,281.2290705613772
20080402,280.6008735152183
20080403,278.89707462759355
20080404,278.7466543468155
20080405,278.8366871450366
20080406,276.33654592960164
20080407,274.10542319931204
20080408,275.73511381193975
20080409,277.6248554955188
20080410,278.756928903218
20080411,279.33190740191156
20080412,279.42271288643775
20080413,280.0931773624753
20080414,278.7821445967119
20080415,278.0105187787866
20080416,276.6292529984603
20080417,277.4493500422803
20080418,281.87844429585067
20080419,281.1549972235722
20080420,282.9465563289347
20080421,283.30461190794824
20080422,283.5990880172282
20080423,283.8321062236014
20080424,283.99743507562334
20080425,283.08773085682117
20080426,283.99474842730274
20080427,285.87262924193277
20080428,284.29133417698944
20080429,282.59552361514096
20080430,282.51093987872366
20080501,282.0044204148818
20080502,282.9819093852584
20080503,285.15432325944465
20080504,286.17508742279733
20080505,286.0135389709774
20080506,287.72734548612374
20080507,287.75132753190843
20080508,288.0870333171815
20080509,289.18557370597557
20080510,289.7254771631419
20080511,288.9577910578591
20080512,289.2621741956886
20080513,289.8783552873658
20080514,290.01794451067684
20080515,288.54736809832144
20080516,288.69664342067364
20080517,287.14296438318013
20080518,285.14573223409724
20080519,284.7282389498869
20080520,285.1804201067509
20080521,285.1855684959059
20080522,285.1921805295528
20080523,287.3743583893542
20080524,288.21071361047234
20080525,290.5683419841334
20080526,292.0084905705242
20080527,293.5250990284585
20080528,292.3079314585605
20080529,291.5231348972929
20080530,290.8419459711131
20080531,289.35757725329194
20080601,290.6089287324878
20080602,291.9126686829856
20080603,289.50256839495756
20080604,288.46385781063043
20080605,288.69831659281795
20080606,288.46887980658875
20080607,286.7316921902877
20080608,289.5778406781892
20080609,291.58745461463474
20080610,292.03117611840975
20080611,288.45648764765457
20080612,284.872440226738
20080613,283.67528578770794
20080614,284.49351203147825
20080615,284.47564948732924
20080616,285.4358099335558
20080617,287.0919046779296
20080618,288.8925655735307
20080619,289.34146482704915
20080620,289.60100477932815
20080621,291.76320818339565
20080622,294.1827643363112
20080623,291.20479513780634
20080624,293.28387691149163
20080625,293.06629943345484
20080626,290.17626390602635
20080627,289.43220168296983
20080628,290.52691114372476
20080629,291.6041501188159
20080630,291.0613310181481
20080701,293.63033391362984
20080702,295.6150951431999
20080703,289.96943016647623
20080704,288.25455866306453
20080705,290.70415000010826
20080706,289.6153261035328
20080707,288.343693490489
20080708,287.47454282170776
20080709,288.8226475473797
20080710,293.0992573441906
20080711,290.9738342126937
20080712,288.68929262790283
20080713,287.69743985012707
20080714,288.2045944058509
20080715,290.56261033876433
20080716,290.3295296065818
20080717,288.7262842875699
20080718,288.92888338401553
20080719,290.299363609125
20080720,287.5047189861204
20080721,285.5401482212682
20080722,286.4650305459641
20080723,288.92862941477154
20080724,291.7946561318875
20080725,293.8680947293113
20080726,294.4197865783886
20080727,294.7851439484164
20080728,295.721656149167
20080729,294.7372000457113
20080730,294.81951699596794
20080731,296.80152671612615
20080801,293.0186943194776
20080802,291.46538515499884
20080803,292.47205806871796
20080804,290.8029610392193
20080805,290.72692687681143
20080806,294.15799941279795
20080807,293.68237416582343
20080808,289.14237551167815
20080809,289.5779887431207
20080810,291.30807681438415
20080811,290.58220515098
20080812,290.42134807107556
20080813,289.202695781062
20080814,288.6168107938474
20080815,287.99919512295986
20080816,288.33558586213786
20080817,289.56165530029904
20080818,292.0044062062696
20080819,290.5126500341445
20080820,288.98471228755744
20080821,289.41138238215797
20080822,288.32814866437974
20080823,286.7334690757497
20080824,287.15705257085466
20080825,288.21392290532856
20080826,289.3755426346041
20080827,290.11092423545125
20080828,289.17419899947964
20080829,289.80034193687317
20080830,291.5431349770803
20080831,292.6224783754343
20080901,290.4039651032618
20080902,290.2520018116103
20080903,286.63975986164996
20080904,285.93621801167893
20080905,289.8884481201016
20080906,288.9154657862816
20080907,286.77977353571634
20080908,287.0158849434301
20080909,289.7487860682432
20080910,290.9960881131803
20080911,290.9698542223203
20080912,287.19257326375566
20080913,284.9725388997404
20080914,283.4723531924806
20080915,282.1583017555923
20080916,282.5178307818541
20080917,281.6432995885753
20080918,282.4863557290533
20080919,283.7119181504162
20080920,283.13386115797556
20080921,283.41495807637517
20080922,282.8921372081921
20080923,282.8506906193807
20080924,283.9332554067577
20080925,284.0648140216238
20080926,283.83976248274695
20080927,283.85522828083566
20080928,283.76307637856814
20080929,283.08678322409656
20080930,282.17248778099673
20081001,283.81722558983824
20081002,282.04718068125754
20081003,279.4519137412097
20081004,280.1946557423624
20081005,282.77169416457906
20081006,285.9135042773326
20081007,286.76172943534556
20081008,285.6666843830307
20081009,284.53649631202467
20081010,285.8358818931613
20081011,285.12787654873534
20081012,286.2137488035543
20081013,287.3730666683216
20081014,286.6275762068263
20081015,286.0314288184716
20081016,283.29834567426803
20081017,279.5567377504113
20081018,279.4512214783081
20081019,280.0851775541277
20081020,284.40244971697626
20081021,285.07965264800333
20081022,279.9412696373965
20081023,278.1830003374026
20081024,278.8926037304355
20081025,281.4684914786401
20081026,281.70024765919214
20081027,281.9083705767771
20081028,278.6274115397983
20081029,277.22936219281905
20081030,276.6370605382784
20081031,278.64651785412383
20081101,280.6415919493343
20081102,282.0027967571951
20081103,282.94174110349815
20081104,282.54153852315744
20081105,282.5712530615787
20081106,281.2511045434206
20081107,281.6821514603494
20081108,280.923781358329
20081109,282.75871732367995
20081110,285.00035282399085
20081111,282.7314910265138
20081112,279.7560299824782
20081113,277.82400358595436
20081114,277.45311720105343
20081115,280.2295589024388
20081116,281.8101730282367
20081117,277.3518455564301
20081118,277.4510277362737
20081119,279.39539374269094
20081120,280.2360175171274
20081121,277.65341146833765
20081122,272.8581435309089
20081123,272.09679894651606
20081124,274.22754206259157
20081125,271.8914100028035
20081126,272.54913305419296
20081127,272.52365648650056
20081128,271.4356679390537
20081129,272.3031706590014
20081130,275.13377380883975
20081201,274.4527658537333
20081202,274.2621529894262
20081203,274.28155658267093
20081204,275.5886286126594
20081205,277.293653962575
20081206,276.1982589751596
20081207,275.1247554242561
20081208,272.26442905851997
20081209,272.90190463230067
20081210,273.4886548974505
20081211,272.67895701551146
20081212,271.453277781842
20081213,271.48303146826294
20081214,273.9249750723958
20081215,274.1026137548749
20081216,273.29527115588246
20081217,272.24352149282225
20081218,273.97126129832805
20081219,276.3505883476311
20081220,278.08244289838575
20081221,280.1957854855355
20081222,279.28662257253353
20081223,277.2944502317683
20081224,274.466856551492
20081225,275.7013967718827
20081226,271.84536249845615
20081227,270.74109008884244
20081228,270.22750102274046
20081229,269.73419242313463
20081230,270.28881586174043
20081231,273.0007348076406
20090101,271.5962236230129
20090102,271.03408749308363
20090103,269.5858486439317
20090104,269.5895459171279
20090105,270.12724170199846
20090106,267.1744188206333
20090107,267.2146510815082
20090108,268.1024975367621
20090109,267.0523276303116
20090110,267.929486851492
20090111,269.14393534904855
20090112,271.4010780279257
20090113,273.6270135940792
20090114,273.0147432700363
20090115,272.82243779817856
20090116,272.9824020962346
20090117,275.78095196995815
20090118,276.01218181386054
20090119,277.5769769558865
20090120,274.3893822777399
20090121,272.99046597251044
20090122,274.46691577477577
20090123,277.3239133212242
20090124,273.85841221075157
20090125,273.39432940774566
20090126,272.3869048509277
20090127,272.35184159355634
20090128,272.0631268199217
20090129,272.27625622189566
20090130,272.2089847262111
20090131,271.48720565855155
20090201,271.0396354436843
20090202,273.439367858498
20090203,273.98869773606083
20090204,274.3897720957496
20090205,276.87016725188255
20090206,276.695800364829
20090207,275.4458481304585
20090208,273.2780739037967
20090209,274.3445402377268
20090210,276.71948093922373
20090211,273.48471514961085
20090212,272.05997366586536
20090213,271.91249083775074
20090214,271.19298619307455
20090215,270.094975379572
20090216,273.753469704946
20090217,275.64900759161566
20090218,270.00461612047536
20090219,271.3803831376468
20090220,274.7320892863617
20090221,275.4257020715541
20090222,276.1201864340601
20090223,276.4934406546976
20090224,275.0718513578609
20090225,275.0161833636751
20090226,276.69579837941893
20090227,277.2950273960611
20090228,279.7406450624799
20090301,279.81019592867875
20090302,279.0064106991539
20090303,276.2849858878304
20090304,277.76178787750223
20090305,275.65600171847683
20090306,274.90511443129964
20090307,275.49187861560216
20090308,278.09523996279705
20090309,276.23393350975266
20090310,276.30974422862016
20090311,276.58492400556383
20090312,276.6182368965761
20090313,279.61880567243924
20090314,280.63007464643357
20090315,279.8488383484542
20090316,278.9354518494977
20090317,279.1519324642206
20090318,277.94412807438624
20090319,277.250807795643
20090320,274.85454718807557
20090321,274.9392948929128
20090322,276.1155417300649
20090323,278.58503134886007
20090324,276.07468300421
20090325,275.38286339017503
20090326,277.42783982849363
20090327,278.88585924822604
20090328,278.527891598774
20090329,277.3842545983227
20090330,277.9981849832332
20090331,279.6050956052235
20090401,281.40357967705296
20090402,284.2511876346452
20090403,284.57610734895826
20090404,283.9174045036523
20090405,283.42620723134297
20090406,284.77730815089916
20090407,284.3567625469318
20090408,283.4441179678469
20090409,285.59520978135725
20090410,287.00922943539604
20090411,286.6251753932013
20090412,287.4252667416743
20090413,287.13763813513134
20090414,287.22063706467475
20090415,287.75810885909397
20090416,283.71139913123505
20090417,281.76747476979955
20090418,281.5861523746109
20090419,284.1033567617211
20090420,286.002077657534
20090421,286.2879279055795
20090422,284.1982148051699
20090423,281.0841805052898
20090424,282.3741807798043
20090425,284.80273979165577
20090426,285.6644425983005
20090427,283.58129986300156
20090428,281.4647448807452
20090429,281.47766718534274
20090430,282.7333064781473
20090501,285.55295602615814
20090502,286.2962553383127
20090503,284.6764487046629
20090504,281.9237962863884
20090505,281.3599610339723
20090506,283.78881444486393
20090507,286.51317267807923
20090508,286.55384098311936
20090509,286.1932947507525
20090510,287.4914375143024
20090511,287.18429902033046
20090512,286.23895519654013
20090513,287.9508400610088
20090514,288.11651196368854
20090515,285.5270001366255
20090516,284.4662779660668
20090517,286.8714363463767
20090518,285.84899589048
20090519,287.5741263746072
20090520,289.5601153086173
20090521,289.59900275538183
20090522,286.990113171211
20090523,288.35722272115896
20090524,293.06629836187466
20090525,295.2707953660872
20090526,289.8445763957939
20090527,284.6310303346476
20090528,286.6531534611767
20090529,286.769391004204
20090530,287.2895427583101
20090531,287.8573428399329
20090601,289.60683968230626
20090602,290.22190112308004
20090603,287.1227098558581
20090604,283.9770765466545
20090605,284.1921402481857
20090606,283.6613013844283
20090607,285.43981133074936
20090608,286.8309263769608
20090609,288.2216485692524
20090610,287.6216675485303
20090611,286.59515963730036
20090612,286.5146448471468
20090613,288.4311640909222
20090614,291.3861711488673
20090615,288.89778436832074
20090616,287.54972155553247
20090617,289.33239800837504
20090618,290.77579902280047
20090619,287.53702651930877
20090620,285.803220382891
20090621,285.1713887381165
20090622,285.0305758209084
20090623,287.87303023462886
20090624,290.30275461428835
20090625,292.32841629802857
20090626,292.49070283549673
20090627,291.2227798009329
20090628,292.3751706849252
20090629,293.7838632350769
20090630,294.05482294559715
20090701,294.74506597733506
20090702,295.65114831558003
20090703,294.12339572181173
20090704,293.06529158128126
20090705,293.4619768613621
20090706,291.51952251531736
20090707,289.02479906652
20090708,287.5170273181807
20090709,287.2310120325209
20090710,286.9796924735106
20090711,288.07208180084507
20090712,290.09070218429486
20090713,291.8009094949037
20090714,292.33724299627374
20090715,292.61922971652297
20090716,293.8417459309134
20090717,290.75412016943915
20090718,287.7333760863389
20090719,288.5259705698974
20090720,289.4798250386757
20090721,294.43954916338606
20090722,295.2322506865617
20090723,292.21064140831044
20090724,289.82752502259535
20090725,288.41129206910233
20090726,290.269943615626
20090727,291.82794259701797
20090728,289.56674385855143
20090729,292.71298240886307
20090730,290.157689565735
20090731,289.83358891887633
20090801,292.94620452443445
20090802,290.8351514572384
20090803,289.310454191648
20090804,290.1642072658747
20090805,292.5053874845294
20090806,294.45315159898064
20090807,295.1936555890068
20090808,292.27044526258356
20090809,292.276555893193
20090810,292.29642744939594
20090811,291.0210353928093
20090812,291.9728651751591
20090813,290.81443555143636
20090814,290.2873505100204
20090815,292.7348560393344
20090816,295.139878606015
20090817,294.0809229193164
20090818,292.64206307181263
20090819,295.6245483929756
20090820,298.2877961232576
20090821,291.51614025658847
20090822,290.4318421951027
20090823,291.2920222929385
20090824,294.2004122848385
20090825,292.6524591987395
20090826,291.8422099571688
20090827,293.6949861287216
20090828,291.19380994496055
20090829,287.56748695752816
20090830,288.0258078283931
20090831,291.3368570999813
20090901,293.15974772377734
20090902,289.7052640184683
20090903,289.0923576447455
20090904,285.96247534926914
20090905,285.31607337627923
20090906,285.8996670526316
20090907,288.88589625871884
20090908,291.3642058141575
20090909,291.5390343640781
20090910,289.40608903653197
20090911,287.9938059772019
20090912,287.7781937419845
20090913,285.9669327980483
20090914,284.64638907756233
20090915,285.6927725250301
20090916,288.7411033893182
20090917,288.82786969050966
20090918,289.9142055984899
20090919,289.9152673877915
20090920,289.7116752306896
20090921,289.4841301623815
20090922,289.09147541305896
20090923,288.59642408339965
20090924,288.47630831061724
20090925,287.3938343848984
20090926,287.04491547434293
20090927,287.43247390537204
20090928,287.10962810647607
20090929,286.71733669203724
20090930,288.06116070932563
20091001,286.67888496090615
20091002,284.0905469187987
20091003,284.70304883916657
20091004,285.17989896338145
20091005,285.23081747467455
20091006,289.4740237794595
20091007,291.72187447114345
20091008,288.9175661466514
20091009,286.01554109758735
20091010,286.15051858509645
20091011,283.96217421623265
20091012,282.3358494291084
20091013,280.52923251559713
20091014,277.09920990762333
20091015,275.6776013340425
20091016,277.80479212355823
20091017,278.8226093431729
20091018,277.40223970948625
20091019,276.5379724426025
20091020,279.3886979429459
20091021,282.4403177782173
20091022,282.5664164331585
20091023,281.28256563714393
20091024,282.4822389901736
20091025,284.75171775370154
20091026,283.4759905153123
20091027,282.7123409679252
20091028,281.62290126549993
20091029,280.6756288276429
20091030,282.11928040360385
20091031,280.4095503187435
20091101,282.84086462847563
20091102,281.6435909766611
20091103,279.8135513834713
20091104,280.6616246316329
20091105,279.67259205669694
20091106,279.60069213548064
20091107,278.6983850356432
20091108,278.107077609566
20091109,277.9348758190452
20091110,277.95347436592556
20091111,277.406472172018
20091112,278.7553276832821
20091113,283.5769584176078
20091114,284.07075852291626
20091115,282.40072579463157
20091116,284.06087920789736
20091117,282.92134865255656
20091118,280.3097584675223
20091119,280.50216305157875
20091120,283.304857740419
20091121,283.7012407461212
20091122,283.423113075009
20091123,281.2466169012929
20091124,282.8687155468083
20091125,282.4893325261032
20091126,280.3438210944561
20091127,279.73749351860823
20091128,279.7873353035364
20091129,280.94493991078724
20091130,277.448701516598
20091201,276.19313699174194
20091202,277.082863534295
20091203,279.6998280977714
20091204,275.461335432222
20091205,277.1219436511331
20091206,281.26204045604027
20091207,279.9515596292356
20091208,278.25072300048106
20091209,277.7336437105657
20091210,280.45632566829005
20091211,277.97619572659323
20091212,274.3899982631187
20091213,272.00512086612747
20091214,269.86645860202515
20091215,270.2913433369494
20091216,270.05994373702555
20091217,269.2342357212671
20091218,268.5121950143442
20091219,262.1545815285588
20091220,265.65086880624307
20091221,271.42435675735794
20091222,276.0512092936193
20091223,272.756160720981
20091224,275.191802167927
20091225,276.56117127540045
20091226,272.6607196087215
20091227,273.11900889488646
20091228,273.90234531948414
20091229,277.22363541563783
20091230,280.3829165972066
20091231,278.04256783246234
20100101,273.19479855795083
20100102,270.56036366625636
20100103,271.03523922322034
20100104,268.1496913243032
20100105,267.5398211615121
20100106,267.82049849634274
20100107,269.347754981681
20100108,268.97038469232547
20100109,268.4814945918257
20100110,268.72221410385504
20100111,269.4048042610794
20100112,270.2012697219555
20100113,272.29160669758755
20100114,273.3754437269677
20100115,270.5868732821072
20100116,272.5461827291745
20100117,277.0805530314176
20100118,274.5154449421657
20100119,273.6369934670591
20100120,273.3559370066828
20100121,274.47552296791395
20100122,274.50715719423846
20100123,272.2864191835147
20100124,273.4274283737818
20100125,272.60333171675967
20100126,269.1896469868553
20100127,267.89150222808627
20100128,272.46077991919316
20100129,273.1230614830685
20100130,269.19509717066705
20100131,268.28360973371576
20100201,269.40774024079354
20100202,272.62314329273426
20100203,275.58925585249136
20100204,275.4716400198733
20100205,276.51689675567013
20100206,275.7122766738153
20100207,275.29915501889155
20100208,271.9341329583503
20100209,270.40649102304127
20100210,267.20554595278867
20100211,267.30854601328286
20100212,269.325701778731
20100213,268.32558410727813
20100214,268.71994394585613
20100215,270.25869888032616
20100216,269.87910751786137
20100217,273.6217314993176
20100218,276.63111182040166
20100219,274.7093778215917
20100220,272.43566732646235
20100221,274.4008261645128
20100222,279.3291024323133
20100223,280.10272089987376
20100224,280.05094807218376
20100225,280.43848397092563
20100226,278.506762732481
20100227,278.8718427052275
20100228,279.7727352669461
20100301,276.9118752166001
20100302,275.8059993974161
20100303,274.62929659465743
20100304,274.0643339986044
20100305,272.0800278529136
20100306,272.02828583112995
20100307,269.4443023983742
20100308,270.0801933587042
20100309,270.2093305231086
20100310,272.2357472409598
20100311,272.2903039858583
20100312,272.69415706123675
20100313,274.4136413040931
20100314,275.18668346786666
20100315,276.690217067309
20100316,277.3931702905592
20100317,277.8416927349501
20100318,280.780648934516
20100319,284.1593752125461
20100320,284.84733740334485
20100321,282.18384595668135
20100322,281.1648483503463
20100323,280.99374406395305
20100324,283.50024241412285
20100325,285.2996562248419
20100326,280.68536791332417
20100327,279.45509959872123
20100328,280.5016445570641
20100329,283.5856584731296
20100330,281.7506629502788
20100331,278.82408811826286
20100401,276.8422100144034
20100402,277.88230092914006
20100403,279.84292488855357
20100404,279.25092426653134
20100405,277.9371191172558
20100406,280.8372157671234
20100407,283.50378641450567
20100408,282.9151465994709
20100409,282.51756229155745
20100410,280.9317673224443
20100411,278.37810852801607
20100412,278.04800301917925
20100413,279.6872517852948
20100414,280.86884922449434
20100415,280.4488675887042
20100416,280.9837537516866
20100417,281.2245778523095
20100418,283.2354233170334
20100419,283.2904096461689
20100420,282.60580870698067
20100421,279.98829169592443
20100422,279.6964808579998
20100423,282.20990787140056
20100424,284.710628285783
20100425,287.2292379835059
20100426,284.6771331384937
20100427,284.7868442736346
20100428,287.2243797485921
20100429,289.6191670825918
20100430,286.67001608822176
20100501,284.2352954835254
20100502,283.2479700625476
20100503,281.0121949677266
20100504,281.2277074464606
20100505,279.9711562377328
20100506,278.4295849285188
20100507,280.16728473291784
20100508,282.30683414795806
20100509,283.51992932083004
20100510,283.2347608855854
20100511,283.23314903392094
20100512,280.47579881184265
20100513,279.9079173616404
20100514,280.3179045888699
20100515,281.18920352042204
20100516,282.1360237815409
20100517,282.20434403851095
20100518,281.5812580047891
20100519,281.6167749488887
20100520,284.2815952651593
20100521,286.4865663633184
20100522,287.6978578902111
20100523,289.2560703218039
20100524,290.75485184899435
20100525,290.80770176021616
20100526,287.9379786043764
20100527,286.1374828704595
20100528,286.4589698060931
20100529,286.6387332354681
20100530,285.61318639558414
20100531,283.65098732937764
20100601,285.686853917027
20100602,287.03123539183537
20100603,288.2592798357423
20100604,290.09704455893643
20100605,292.0734335677605
20100606,291.7895904295791
20100607,288.61101928403707
20100608,290.06073197703677
20100609,291.94190108383333
20100610,293.3565240474658
20100611,292.78416000553415
20100612,289.7731655129896
20100613,287.56014009298036
20100614,288.80084769299447
20100615,288.64931800047015
20100616,288.3026009145368
20100617,286.94956661925625
20100618,288.6937390087789
20100619,284.61400641096253
20100620,283.842042790902
20100621,284.332776929659
20100622,286.31500144790283
20100623,288.7975659126849
20100624,291.32121589212255
20100625,292.3558887745631
20100626,292.5889445715478
20100627,293.8182350201241
20100628,294.9386381042062
20100629,294.33755219397386
20100630,294.1053754450658
20100701,295.6187360757285
20100702,297.61826806613595
20100703,296.2933086085196
20100704,294.2206639056432
20100705,292.18292717248977
20100706,290.7369610369064
20100707,292.2889841854904
20100708,296.0964258542244
20100709,297.7007861470454
20100710,299.35873315027476
20100711,298.39465305363217
20100712,296.6893514314219
20100713,294.42634190072454
20100714,296.77526381594515
20100715,292.46713239949923
20100716,294.82824304038456
20100717,291.6406593276272
20100718,291.00139325694335
20100719,293.8725338397869
20100720,295.840628233811
20100721,295.8094268054127
20100722,291.1562319323473
20100723,290.01243394302503
20100724,288.4137603654014
20100725,288.0594920587077
20100726,288.7476629545268
20100727,289.5685991286927
20100728,290.359636321931
20100729,288.18971001321694
20100730,288.810107254171
20100731,291.21093217727105
20100801,293.08869309561976
20100802,291.57840813323634
20100803,289.5407550217805
20100804,289.82534930988146
20100805,288.4229335872175
20100806,288.132141019749
20100807,290.85413953775884
20100808,290.24698674120117
20100809,290.522173601874
20100810,292.8752377005241
20100811,291.2313955551596
20100812,290.4613454166236
20100813,289.1331934391766
20100814,289.945029925058
20100815,287.87831885191525
20100816,286.3127226069143
20100817,287.51899331991785
20100818,288.63642541258963
20100819,289.10615841068847
20100820,292.3608841266688
20100821,294.3435431290717
20100822,293.61754390531655
20100823,292.2792222103214
20100824,288.9831785352089
20100825,289.04965784048824
20100826,293.34197575413043
20100827,290.6766238585168
20100828,286.34676252303547
20100829,285.2264877572604
20100830,284.45407905337737
20100831,285.03459381279424
20100901,285.55070426424146
20100902,286.856318867828
20100903,287.24985513090155
20100904,287.4647862291028
20100905,286.7114237583003
20100906,287.396326262518
20100907,287.0387855875634
20100908,287.9324106598441
20100909,287.11416216037526
20100910,287.14468270726485
20100911,288.6852149769116
20100912,288.4023599332356
20100913,286.2484273078292
20100914,287.67592994162436
20100915,286.70928263635847
20100916,285.3722697236406
20100917,284.25318112606584
20100918,282.04453843178095
20100919,283.03998610416795
20100920,285.1924934455707
20100921,286.55565561257606
20100922,288.0637191996721
20100923,289.02122506071265
20100924,286.2918633209298
20100925,283.0011591629215
20100926,281.6540935595312
20100927,282.03827950179635
20100928,282.3154484098649
20100929,284.22811301499155
20100930,284.4288453509278
20101001,284.6323141035382
20101002,286.28620931277914
20101003,289.9382924732766
20101004,289.2630654547282
20101005,287.2614510721537
20101006,287.99358767725124
20101007,287.60529014724807
20101008,287.5167468995197
20101009,286.4725450349336
20101010,284.6355896926793
20101011,283.75359050452636
20101012,282.0660350764832
20101013,280.1119425941019
20101014,279.828192223673
20101015,281.40313207426874
20101016,280.38607379765807
20101017,278.9723424987245
20101018,278.6915234689548
20101019,279.4607746599263
20101020,278.1182331825226
20101021,276.344064981014
20101022,275.1238104538177
20101023,277.623973740973
20101024,279.1394148756721
20101025,277.0526785253024
20101026,276.7271837218353
20101027,278.8679964524307
20101028,279.87174986983206
20101029,282.9592586521601
20101030,283.56986823189897
20101031,283.2002641164642
20101101,282.80588984513923
20101102,282.2510906970686
20101103,283.92574256934375
20101104,286.2210913494613
20101105,284.2375946586298
20101106,282.6686189395736
20101107,279.46966835364657
20101108,277.4076453449239
20101109,278.9537053056535
20101110,278.8266720405319
20101111,278.08005879585016
20101112,282.9891681229454
20101113,285.5639628374277
20101114,285.7876133108023
20101115,280.1982851628805
20101116,278.0280834247092
20101117,277.06214625581026
20101118,277.72069777634016
20101119,278.1743684320875
20101120,278.01734837119994
20101121,275.95549663380945
20101122,275.9934777219882
20101123,275.3515635173062
20101124,274.7904016128819
20101125,273.3016710844833
20101126,272.02742122727733
20101127,270.54040932301785
20101128,271.1029407147519
20101129,270.7080718547103
20101130,268.71046033335364
20101201,267.7872920478422
20101202,266.9644163752629
20101203,266.8755975769414
20101204,268.39163680483256
20101205,272.78422507170075
20101206,272.78649238016266
20101207,273.3299170415503
20101208,274.16868867184775
20101209,271.77770697782324
20101210,273.29690018088655
20101211,275.22741759944205
20101212,274.4284836354594
20101213,268.47371602151793
20101214,268.7431806639083
20101215,268.656471658707
20101216,269.0458860322181
20101217,268.41169780138586
20101218,268.0743171474251
20101219,273.527725467229
20101220,271.7875820342288
20101221,274.9315366374593
20101222,275.2188421976059
20101223,274.65024053372207
20101224,270.5601528986727
20101225,265.7507737236996
20101226,265.1489228063608
20101227,268.26424352087935
20101228,269.72144511871994
20101229,273.13704880575614
20101230,272.0822124168599
20101231,270.6079854955416
20110101,271.91364288233194
20110102,271.6545961643562
20110103,270.16113824738204
20110104,269.03792491028565
20110105,270.38224982280997
20110106,278.9358728262613
20110107,281.26381059681074
20110108,282.49553625179004
20110109,277.91331456051927
20110110,273.2811798300507
20110111,275.6069613126523
20110112,277.18723782677165
20110113,282.3510233726059
20110114,281.4956466483355
20110115,279.4166146821991
20110116,277.73744511997376
20110117,277.2046506082614
20110118,278.93942203642536
20110119,274.69958101134995
20110120,273.1001422397359
20110121,271.4737853331054
20110122,271.723008463613
20110123,272.3067972655717
20110124,274.21037769255935
20110125,273.6044046021703
20110126,273.9879726112984
20110127,272.06165492582676
20110128,271.5219516404416
20110129,270.1742779275261
20110130,269.81163581153396
20110131,269.4729978578658
20110201,269.0702358541202
20110202,270.9725208238522
20110203,273.3812667009456
20110204,276.95868019522345
20110205,279.0099245397784
20110206,277.4686666200618
20110207,277.17134488065875
20110208,277.8764475044508
20110209,275.5962355285418
20110210,277.20540512091327
20110211,280.5960744923293
20110212,279.41004152269215
20110213,278.1244203971955
20110214,279.14858401610536
20110215,277.5832578242027
20110216,277.6534358277585
20110217,275.60051006211404
20110218,274.7870816031678
20110219,275.54022883924296
20110220,274.33400769546193
20110221,272.4488604513852
20110222,271.1587971384593
20110223,271.62151331873383
20110224,274.45427039750683
20110225,277.2332025061237
20110226,277.6935858380897
20110227,276.9419510323956
20110228,275.65729574626494
20110301,277.5434800860998
20110302,276.36472557816165
20110303,274.7662040223141
20110304,275.64168236423785
20110305,275.8459751544018
20110306,273.84923707075114
20110307,274.4719733034712
20110308,276.7504101225784
20110309,279.11693033134173
20110310,278.9612210290406
20110311,279.5566978836377
20110312,279.7524343815058
20110313,281.1455854936769
20110314,281.8890926004439
20110315,283.1766145124696
20110316,282.1706734752605
20110317,279.0284907004195
20110318,278.14215711362675
20110319,278.0095116526891
20110320,276.663144046512
20110321,277.8910222823688
20110322,279.85020468132444
20110323,281.5282336269721
20110324,282.6706010514824
20110325,283.0561375063604
20110326,281.0366941105479
20110327,281.50838892776136
20110328,281.01157548558007
20110329,281.3779709039654
20110330,281.9092727013395
20110331,282.9869611937777
20110401,284.9101791535438
20110402,286.731321666823
20110403,285.5829542629062
20110404,282.2998616955878
20110405,281.7681811315983
20110406,286.1873264740392
20110407,287.2641822564037
20110408,284.6821908978492
20110409,284.2508956832543
20110410,285.80195955589124
20110411,287.25240284318437
20110412,281.52786690163066
20110413,279.5189850171134
20110414,280.2532694562933
20110415,280.59920255746897
20110416,281.3148192311841
20110417,282.9300741008051
20110418,284.89243158614494
20110419,286.56163867154544
20110420,287.5690615220772
20110421,288.7410664295265
20110422,289.5162168527879
20110423,289.85841427770623
20110424,288.95122150391046
20110425,288.60395435376864
20110426,286.7449238462843
20110427,284.6197013885789
20110428,284.7784622753945
20110429,286.6664572278175
20110430,287.1986739085493
20110501,286.72829680808917
20110502,285.7348886881179
20110503,282.4004409655482
20110504,282.2344438757163
20110505,284.080116677637
20110506,287.93642202200823
20110507,291.5032269626386
20110508,292.5533541167376
20110509,291.95831865254166
20110510,291.5893086591034
20110511,290.3906226734351
20110512,287.8535472647124
20110513,286.66676976905103
20110514,285.7998677220185
20110515,283.7505373419362
20110516,284.38244130875006
20110517,287.377837118082
20110518,288.90771840494415
20110519,290.19282913123067
20110520,290.1620408949773
20110521,290.3569788955128
20110522,289.9170134719075
20110523,288.52337470209045
20110524,287.72969272740403
20110525,288.3460093498102
20110526,289.64801519091185
20110527,285.79920086228185
20110528,286.01115658264627
20110529,289.1842657489576
20110530,293.30777963667293
20110531,286.2027803704336
20110601,285.11310047165654
20110602,290.06706266125
20110603,292.44155434859226
20110604,293.90299155378136
20110605,292.89251221617604
20110606,290.919461913765
20110607,290.93156332495863
20110608,287.0718935138388
20110609,286.58185268928395
20110610,287.05340247676537
20110611,285.8543817635097
20110612,287.62479808658196
20110613,288.52613598828293
20110614,289.9953348639464
20110615,291.2989104500735
20110616,289.4078506959398
20110617,288.8143647329563
20110618,286.6563101680963
20110619,285.6969316866171
20110620,286.4305537347809
20110621,291.1619156515471
20110622,290.0399870789001
20110623,287.4007388786976
20110624,285.92733116981464
20110625,287.0170534353018
20110626,292.54714522294006
20110627,296.2406978540271
20110628,297.9379501704145
20110629,291.771427178098
20110630,287.9784232234993
20110701,287.0646155617407
20110702,286.1155548843096
20110703,287.21567669832507
20110704,290.2166684311337
20110705,293.1074149448011
20110706,291.6694796851968
20110707,291.0352930338038
20110708,290.35234283637084
20110709,292.0004110667585
20110710,290.1484318427407
20110711,291.1125972439276
20110712,294.2211030623636
20110713,288.9927965479177
20110714,286.3685728012868
20110715,288.7118098372782
20110716,291.2080561445704
20110717,288.38402252590976
20110718,287.10464995810764
20110719,287.8842942784933
20110720,287.6549614513909
20110721,288.04850101641637
20110722,287.69376904414725
20110723,285.7642676243757
20110724,285.12971047590787
20110725,287.58555957633945
20110726,288.7818236857924
20110727,289.0478748073997
20110728,289.39521970813223
20110729,289.68590180085266
20110730,287.54091152446824
20110731,287.4800204874596
20110801,290.09276908288007
20110802,293.3545321622168
20110803,292.4393209019009
20110804,292.5504713972585
20110805,291.9381387482477
20110806,291.93896405117295
20110807,288.7887748850823
20110808,287.24769585956903
20110809,286.2901460346502
20110810,286.16709377023983
20110811,289.86226619974656
20110812,289.8196463428858
20110813,291.30760261789993
20110814,291.1417138070868
20110815,289.931460924016
20110816,290.5045685696351
20110817,292.54151229002474
20110818,294.95976059005073
20110819,292.5409981031327
20110820,292.3765746158184
20110821,295.4385557806415
20110822,296.2534073090358
20110823,296.9273686115918
20110824,293.28630868680364
20110825,292.3173879000463
20110826,292.09775547877996
20110827,286.52268532603136
20110828,287.1857405725725
20110829,286.91497660425466
20110830,286.5081277020259
20110831,287.62441330366624
20110901,290.15416380408266
20110902,292.3594395344096
20110903,294.5675294945106
20110904,292.6344517010447
20110905,288.5945491696523
20110906,288.6963509549441
20110907,287.99105677769285
20110908,287.5299806749143
20110909,290.49755699769804
20110910,294.13481026026176
20110911,290.91785787035485
20110912,289.9470941382617
20110913,290.0094040245607
20110914,286.1231797607671
20110915,286.1322639891948
20110916,288.7088006360778
20110917,289.3152857387602
20110918,285.18871237585296
20110919,284.79045158965755
20110920,285.29431253136937
20110921,286.178925598735
20110922,286.5545997879554
20110923,286.1394430215026
20110924,287.8710295926408
20110925,289.25403609307267
20110926,290.24401858373875
20110927,290.65102713708706
20110928,291.03533235348317
20110929,290.4179675500215
20110930,289.73019646514086
20111001,289.73750458363173
20111002,289.89674592628563
20111003,289.2274564550579
20111004,288.870457010158
20111005,288.87276550814516
20111006,286.10947830371623
20111007,282.07241057426535
20111008,280.7044564528344
20111009,282.18041272306715
20111010,287.21535034775144
20111011,286.5831883925165
20111012,285.9746298787954
20111013,284.55962118341205
20111014,281.939256100626
20111015,280.45109002587407
20111016,281.24562299670026
20111017,282.65548967622993
20111018,283.97591253297634
20111019,279.1986411352232
20111020,277.59121156791963
20111021,276.65739353104664
20111022,277.55021663400595
20111023,278.9488209755538
20111024,280.2953220982547
20111025,282.13117739459335
20111026,281.55213560780334
20111027,281.620339624618
20111028,283.3113587106929
20111029,284.6373305235906
20111030,284.74436620221303
20111031,283.6442690567532
20111101,284.66031584252073
20111102,285.1628329785678
20111103,285.9071944011552
20111104,285.4333347252511
20111105,284.6238412097525
20111106,284.12892027357924
20111107,282.1198986509272
20111108,282.0036118224228
20111109,280.45664471009707
20111110,279.0828896695364
20111111,278.94686906435203
20111112,279.3844254634544
20111113,277.63011926729604
20111114,275.8808753438597
20111115,274.64410017333927
20111116,274.35906507268214
20111117,277.1335532519004
20111118,279.7083236746151
20111119,278.22031244192175
20111120,279.21821984702814
20111121,278.6908655933127
20111122,278.1198176360238
20111123,276.74093017793075
20111124,275.88672777607246
20111125,275.42696963668453
20111126,278.0825850111859
20111127,278.10121198326533
20111128,276.85979680200757
20111129,278.151981357799
20111130,279.60041996575427
20111201,281.55014397365426
20111202,280.36522016166947
20111203,278.1527880112017
20111204,281.2998134316412
20111205,277.0269475259856
20111206,276.1206071872032
20111207,278.0272566427122
20111208,277.6751805299736
20111209,279.0801033963025
20111210,275.56838457753304
20111211,275.17383064617235
20111212,278.22829163183803
20111213,278.71593951023726
20111214,278.41706345463945
20111215,276.97134941158305
20111216,277.68228754439986
20111217,274.2091384750533
20111218,272.9709803466286
20111219,272.2854181549082
20111220,274.2937946736162
20111221,275.06352252883084
20111222,279.0207810462457
20111223,279.2652500752902
20111224,276.0402731724716
20111225,276.1381779235674
20111226,278.0544316545513
20111227,278.4471410114692
20111228,276.54195316536436
20111229,276.19711371989604
20111230,275.1816470029279
20111231,278.5944404969566
20120101,282.8315535290399
20120102,280.1690852794365
20120103,278.22193715087695
20120104,277.79517773388403
20120105,278.0463774982284
20120106,275.88920652230496
20120107,276.77801893816127
20120108,276.81281619728173
20120109,277.59657349683744
20120110,278.7755581435402
20120111,277.6483239109399
20120112,276.98362798237775
20120113,275.02230441020396
20120114,272.0676891695387
20120115,272.38800858727546
20120116,271.58069147277143
20120117,271.6794050024464
20120118,272.50388387342326
20120119,278.1840958605838
20120120,276.34693112082465
20120121,278.68690925321687
20120122,277.9633093204629
20120123,276.78261451922316
20120124,274.7869934829858
20120125,274.73833997990175
20120126,276.6371218863482
20120127,276.4747190803001
20120128,274.5626155919861
20120129,272.61633788623
20120130,271.8410327958583
20120131,270.49147387769455
20120201,267.28950659451704
20120202,264.8447554109095
20120203,263.91931959431093
20120204,264.22914900096515
20120205,264.2025474562954
20120206,264.32683759952755
20120207,262.61860347649406
20120208,265.60720361174066
20120209,266.4058742640943
20120210,265.59756119257946
20120211,263.40603099716503
20120212,265.06335608449325
20120213,269.8735374369168
20120214,272.9092484257554
20120215,275.1342929530634
20120216,274.9284896608563
20120217,275.6078758863378
20120218,276.2650455144754
20120219,274.4116727549324
20120220,271.96338227376515
20120221,272.79285691915965
20120222,274.7238802580293
20120223,276.0792489540764
20120224,279.0500786615907
20120225,278.87436236973036
20120226,276.27787518237034
20120227,276.0774124177181
20120228,278.6301822687997
20120229,280.523388345651
20120301,281.83246063745787
20120302,281.0249068455162
20120303,279.990950099931
20120304,280.35927782548555
20120305,276.12305937496063
20120306,276.1539550038713
20120307,275.6021074620911
20120308,276.34867788135233
20120309,276.29566265866805
20120310,278.751383078387
20120311,280.60820527981815
20120312,280.16456590560995
20120313,280.081366065395
20120314,279.79918527194815
20120315,281.0964600401059
20120316,283.4004094530222
20120317,282.86387037539646
20120318,279.66451874357415
20120319,278.03957678899366
20120320,278.1138048149861
20120321,280.2796543176327
20120322,283.0377286211653
20120323,283.7351338415855
20120324,283.8196186384835
20120325,284.37218586455884
20120326,283.6027327424167
20120327,283.72906291650116
20120328,284.2825909924747
20120329,282.6432004495518
20120330,280.8316374051524
20120331,280.28879998130395
20120401,277.4770388160308
20120402,279.6347210361494
20120403,282.4891875393206
20120404,281.5514433873781
20120405,281.192767034774
20120406,280.3241245061543
20120407,278.36348047081515
20120408,276.38632955823374
20120409,279.55859367908096
20120410,282.4151702251212
20120411,280.1011515917205
20120412,279.1188366348703
20120413,279.0555585370473
20120414,280.22090973353625
20120415,279.8882323733888
20120416,277.01097925649896
20120417,277.8391921342837
20120418,280.09593895995243
20120419,280.50795794920697
20120420,279.62446142661776
20120421,279.8213564527783
20120422,279.5222689930509
20120423,279.94206566240683
20120424,279.82501424201934
20120425,281.6510789594831
20120426,283.3275540384708
20120427,284.9699290911387
20120428,290.9521477681508
20120429,288.03768526432395
20120430,287.20807912459486
20120501,286.19802974090953
20120502,285.7336396564778
20120503,284.7945423693527
20120504,286.02567794374437
20120505,284.64264118848297
20120506,283.2079161006342
20120507,282.9860190232799
20120508,285.57128719044454
20120509,287.7430526624145
20120510,291.95883083173896
20120511,291.61188716787245
20120512,283.82530389275945
20120513,281.7125473862498
20120514,283.2680516964759
20120515,280.711907940622
20120516,280.0350881763542
20120517,282.23044285407065
20120518,285.53769272117336
20120519,288.11596118708513
20120520,289.67088865023203
20120521,289.5635368358727
20120522,290.6723467229523
20120523,291.4734970633701
20120524,293.0588635259667
20120525,290.7231263030195
20120526,290.08203760112013
20120527,289.8613703573913
20120528,290.3534668142908
20120529,290.19277079148003
20120530,290.1608991604592
20120531,289.2929967511363
20120601,287.7891591089544
20120602,288.7412910805843
20120603,287.9639969511914
20120604,285.452798814743
20120605,283.51883126287754
20120606,286.941439787486
20120607,289.78821113045944
20120608,288.2735718480742
20120609,285.99909239076715
20120610,286.58465472842516
20120611,285.8991508943223
20120612,285.7002664838142
20120613,284.7119784210625
20120614,286.50884693154904
20120615,289.4200193032304
20120616,289.3249699365501
20120617,288.0840841988045
20120618,291.0234212178507
20120619,290.11028995556813
20120620,290.2188119547776
20120621,291.07151794748063
20120622,287.67411581608286
20120623,288.09608794127075
20120624,287.470389116062
20120625,286.89739911300154
20120626,288.7426009159406
20120627,291.32095241397013
20120628,294.51413849362865
20120629,294.2575609347917
20120630,292.12769394352193
20120701,289.25914078249434
20120702,288.75237724541597
20120703,290.3652549723576
20120704,292.41081629582885
20120705,292.7918469712079
20120706,290.66894127268245
20120707,290.75590098812944
20120708,290.08915882251557
20120709,289.7177405827512
20120710,290.0331193815946
20120711,287.5822836926368
20120712,287.05778279068426
20120713,287.4934463391953
20120714,288.0327268885429
20120715,286.6714630692615
20120716,286.8846245884071
20120717,288.7460339287565
20120718,291.24407026625636
20120719,289.0399032063233
20120720,287.332834443863
20120721,286.7286496284947
20120722,287.1138216118994
20120723,289.38240489764127
20120724,292.51663746341245
20120725,294.77685602263836
20120726,295.95198103731974
20120727,296.82026767672
20120728,292.49393010674436
20120729,289.19272871518336
20120730,288.0909130097468
20120731,289.68958338888405
20120801,293.8842223031525
20120802,292.3461044658427
20120803,290.8945911176638
20120804,291.6838725950552
20120805,292.08839313998607
20120806,289.87261695968175
20120807,288.9472947253515
20120808,289.7534038974522
20120809,291.0136852514832
20120810,290.04926788885274
20120811,290.1976689803181
20120812,291.6598475205303
20120813,292.2085625886203
20120814,293.7655899029483
20120815,296.03238565767225
20120816,291.6733338936555
20120817,293.1975481826567
20120818,296.57704590058273
20120819,299.0875002099603
20120820,297.59354301929346
20120821,296.73684579647323
20120822,292.0549579152189
20120823,291.4515319170284
20120824,292.5702770146465
20120825,291.39972549733466
20120826,288.7850140097729
20120827,289.80220782371225
20120828,291.7596905107334
20120829,292.6702577350436
20120830,290.366628205254
20120831,285.62033393009
20120901,286.30207050880097
20120902,288.49723204420536
20120903,290.0017271899715
20120904,291.08598659007276
20120905,289.91759526849086
20120906,287.83977067133816
20120907,288.4632013017775
20120908,291.07912988387636
20120909,292.7331868716613
20120910,293.2334154074279
20120911,290.4816780752137
20120912,284.6922307965708
20120913,284.2780124355859
20120914,285.3284316165096
20120915,287.13698089434166
20120916,287.9308804020961
20120917,288.9028339929946
20120918,288.1090557404032
20120919,284.10462881510114
20120920,283.1935268698739
20120921,286.1215079045179
20120922,284.5446363899943
20120923,286.96649512572884
20120924,289.0415151895548
20120925,285.85344163072494
20120926,284.5486782648502
20120927,284.0904932825865
20120928,284.8762548538179
20120929,284.22455467217236
20120930,283.11545828414705
20121001,283.4465216651128
20121002,284.9813403454462
20121003,286.409110299125
20121004,284.4740059366623
20121005,287.09880103304954
20121006,287.91498058496074
20121007,284.1925280421273
20121008,282.62540269464563
20121009,284.7143792513978
20121010,282.47743392494016
20121011,283.4990857484225
20121012,284.06700946674835
20121013,281.9211082982488
20121014,280.8473123034688
20121015,279.91125819813055
20121016,280.1163075205389
20121017,285.40248012952117
20121018,288.04723514072305
20121019,288.20980205891186
20121020,288.9778192744506
20121021,288.02348111703867
20121022,286.58403497703284
20121023,283.5477809223308
20121024,282.89483463232347
20121025,282.9647797214512
20121026,280.3242515396433
20121027,274.8212782605657
20121028,273.70315455350277
20121029,273.96638705870606
20121030,277.5688792026888
20121031,278.1351547412977
20121101,279.4018745647905
20121102,279.55466648954143
20121103,281.0940471521551
20121104,280.8683004753145
20121105,279.0048681055721
20121106,277.97698298467395
20121107,279.15021406194336
20121108,279.89480858443125
20121109,279.45253162314003
20121110,283.12941726254786
20121111,280.5412763161144
20121112,278.4921914813436
20121113,277.2030757312835
20121114,276.6579998212051
20121115,276.8144669135298
20121116,277.6239129733508
20121117,279.32097542728167
20121118,280.7070523941754
20121119,280.43520918270804
20121120,277.2178731361569
20121121,278.2937180695829
20121122,279.1342570980264
20121123,279.870143937767
20121124,281.7295847968419
20121125,281.96519417175205
20121126,280.78537126483633
20121127,278.729927304045
20121128,277.3457176173724
20121129,275.18384723566584
20121130,273.36296770424065
20121201,271.9169949118603
20121202,273.0906209843369
20121203,273.4490969027732
20121204,275.362620992195
20121205,273.9681838496069
20121206,271.4371797321465
20121207,271.2430636475744
20121208,268.6516381534439
20121209,271.62130038616806
20121210,273.76083720034364
20121211,270.14361318551806
20121212,266.78449424645527
20121213,271.0558348458871
20121214,277.4402003484881
20121215,279.6770691657619
20121216,278.8180908481335
20121217,278.34861830263463
20121218,276.62661669997607
20121219,275.8572439371406
20121220,275.46114971187865
20121221,278.6062247311099
20121222,278.53794131721463
20121223,283.3198653974634
20121224,282.77847983167885
20121225,281.76465900512636
20121226,279.3087195567964
20121227,279.68091522351
20121228,278.33341292058884
20121229,281.23394415532
20121230,279.13449175992156
20121231,279.1741148489639
20130101,277.70517660941135
20130102,275.20595656231706
20130103,278.0096874817779
20130104,280.0347496077993
20130105,278.828290139648
20130106,278.9893457109348
20130107,278.1810544646792
20130108,275.62143180764025
20130109,274.72412819920436
20130110,275.19387718909064
20130111,274.33811286008
20130112,272.47098660978764
20130113,271.0976602820694
20130114,269.9567325990757
20130115,270.81477797566
20130116,267.81137285910285
20130117,267.65147993244216
20130118,268.74515798417076
20130119,269.9611683097399
20130120,271.48657849734184
20130121,270.9972533470058
20130122,271.82698980592266
20130123,270.6645963285627
20130124,269.1544484442036
20130125,268.3668032286633
20130126,268.4173039172534
20130127,273.8544873209818
20130128,275.2121759003218
20130129,279.37836337774655
20130130,281.8788337988148
20130131,278.2391441679955
20130201,278.7988011962938
20130202,274.53924595834417
20130203,273.93122388237657
20130204,277.6290536864363
20130205,275.37142310402703
20130206,273.0290580905346
20130207,272.36728190201444
20130208,271.27476781085073
20130209,269.2132346426714
20130210,268.25422297219075
20130211,270.9713583935739
20130212,268.3220045798949
20130213,267.7944468863021
20130214,268.3166077056567
20130215,273.69559581123406
20130216,273.8775121802695
20130217,272.86342075300786
20130218,272.53945421127474
20130219,273.42472780012764
20130220,272.1640846577282
20130221,269.87285609916086
20130222,268.73566848082356
20130223,268.6981120424141
20130224,270.4864035390796
20130225,271.5465840983157
20130226,272.8680300082198
20130227,274.1733435019075
20130228,274.2542764163585
20130301,274.01837654462656
20130302,273.5389619280885
20130303,273.3468073685292
20130304,275.868713021243
20130305,277.60080780098065
20130306,280.716563039997
20130307,281.4126512125187
20130308,281.4628147746026
20130309,281.58040294086027
20130310,277.9913963445494
20130311,274.32227917138647
20130312,272.08272561866
20130313,268.7276279876018
20130314,269.27892967315097
20130315,269.64411081813563
20130316,273.8920307266473
20130317,275.32387550141846
20130318,276.3670819037495
20130319,276.206331049863
20130320,275.8474267389195
20130321,275.43947724543887
20130322,276.21171446544184
20130323,275.00968829713247
20130324,274.4023629126193
20130325,272.92924681754357
20130326,272.1250387814994
20130327,273.0478030002501
20130328,274.07908272696255
20130329,273.3165537163476
20130330,274.36563286468896
20130331,273.18880038244214
20130401,273.60639994446115
20130402,274.92105363833804
20130403,275.43425496193385
20130404,276.8377325823781
20130405,276.1551819349792
20130406,276.0934241525825
20130407,276.08480893146447
20130408,276.9129903599705
20130409,278.2435990750402
20130410,280.4487006931253
20130411,283.38472907306266
20130412,281.8935466413893
20130413,282.0939598887433
20130414,287.30873422396934
20130415,287.2192177243067
20130416,286.912425680844
20130417,288.14255591762395
20130418,285.72290741793967
20130419,281.4153390129167
20130420,280.173698330321
20130421,282.08062904677973
20130422,282.7417164919573
20130423,282.668861252165
20130424,285.98335872967846
20130425,288.2671067026013
20130426,284.72658466652285
20130427,278.38521208174706
20130428,279.46965533147073
20130429,281.7107198989658
20130430,281.4147789133192
20130501,284.3898479905556
20130502,286.08695885578703
20130503,285.5648911582063
20130504,285.2965550602657
20130505,285.6594831404492
20130506,287.18378719872254
20130507,286.4991797947913
20130508,286.7244911839867
20130509,286.5909374057972
20130510,283.97396474266264
20130511,284.04775023029924
20130512,282.0614609946682
20130513,282.7808169319855
20130514,284.28291513574817
20130515,284.41629378878133
20130516,283.3714251602751
20130517,281.9475792558075
20130518,284.9476148331177
20130519,283.5294036173791
20130520,282.0812041357633
20130521,283.1736920846479
20130522,281.2656279761949
20130523,279.26565553096896
20130524,278.8725159934274
20130525,280.7878064069934
20130526,279.7595302251071
20130527,284.18442647693644
20130528,285.58466719843574
20130529,282.0691574704387
20130530,282.7797623838865
20130531,284.4887815940796
20130601,285.0140566563323
20130602,283.883206286396
20130603,283.08853542836823
20130604,285.30670523280804
20130605,288.75034879565936
20130606,290.2497630827852
20130607,290.70879078166087
20130608,291.129912684108
20130609,288.34374889033893
20130610,285.8521687341277
20130611,287.64875699277803
20130612,289.6622611084179
20130613,289.5798611248035
20130614,286.45710756563983
20130615,288.19450807963614
20130616,289.45542634938744
20130617,295.1588061197436
20130618,297.18982452054036
20130619,297.90683883189575
20130620,292.5375359894186
20130621,288.8719475108872
20130622,288.8485798344437
20130623,287.19420764097964
20130624,285.7599495937745
20130625,285.0427780684832
20130626,285.02774092526045
20130627,285.0867416911107
20130628,285.30626069388535
20130629,286.95506562862266
20130630,287.07568876983845
20130701,289.63670674372656
20130702,291.12736685889365
20130703,288.8967411548581
20130704,288.7933585859383
20130705,290.2737569610531
20130706,292.6432585947993
20130707,293.2906263454549
20130708,293.3066015565989
20130709,293.65614822959157
20130710,292.9109267210848
20130711,288.99637474094015
20130712,289.8539352418885
20130713,290.417078073788
20130714,291.4819531331796
20130715,292.10589906047204
20130716,293.59273069835746
20130717,294.2559683821185
20130718,294.94402719882834
20130719,295.196282193479
20130720,294.78093712297795
20130721,296.5057153571469
20130722,297.3250342210769
20130723,297.1482434208985
20130724,294.23114233514667
20130725,294.6163495404946
20130726,296.45422063009556
20130727,298.90011042856094
20130728,293.1592997081453
20130729,291.18891666912185
20130730,291.34990907495074
20130731,293.17268042910854
20130801,295.9208137830082
20130802,298.7589207275493
20130803,294.4097097728543
20130804,294.02739792432834
20130805,296.26265757279015
20130806,293.37371208638336
20130807,292.09929360258565
20130808,290.2444433985395
20130809,290.7496306974078
20130810,289.9286471682578
20130811,289.8774538833589
20130812,289.96539533766105
20130813,288.24431278075025
20130814,288.33680749222145
20130815,290.44931149597494
20130816,292.89893542197484
20130817,293.15783638358005
20130818,293.0589446662811
20130819,290.5851228972612
20130820,288.83425192540363
20130821,290.39842539431976
20130822,291.8481964284293
20130823,293.14739721143593
20130824,289.93509976004555
20130825,288.43619422003025
20130826,287.7664138312287
20130827,288.65411874779755
20130828,289.21580302075125
20130829,289.89038806217945
20130830,290.7681700458478
20130831,288.9011289793349
20130901,287.11977775211756
20130902,288.0258011884935
20130903,291.07208855558207
20130904,293.1592288524693
20130905,294.830967662433
20130906,294.6635786569335
20130907,290.6848870185707
20130908,288.39439972295537
20130909,286.35763319660913
20130910,285.1331758698984
20130911,284.68566961786354
20130912,285.2413108789562
20130913,286.13848282478165
20130914,287.41650107851564
20130915,286.23783586786107
20130916,283.9297935266839
20130917,282.5087623852566
20130918,285.47539562622745
20130919,283.90729868872154
20130920,285.8017548268864
20130921,285.4373946566296
20130922,287.3954269600198
20130923,287.6562128999945
20130924,286.93786217392125
20130925,287.63127625535816
20130926,288.3508373957405
20130927,286.9560327495381
20130928,286.7458966706618
20130929,286.8135382766291
20130930,284.44524272674033
20131001,284.9481067347822
20131002,284.5985005002005
20131003,285.95806880891814
20131004,289.1507377817506
20131005,287.49239915542995
20131006,285.93002131023627
20131007,285.9776005913274
20131008,286.14382147700786
20131009,286.07622540320784
20131010,281.02230354355163
20131011,279.3594374483773
20131012,279.00221059670906
20131013,280.3394047655935
20131014,283.17788511859175
20131015,283.3887279879475
20131016,282.578097483051
20131017,284.54503700386937
20131018,284.33722997287424
20131019,287.3307959943508
20131020,287.44647191906546
20131021,287.89085933155434
20131022,290.0294257049233
20131023,288.3079958882794
20131024,285.8102637486677
20131025,287.99574135664113
20131026,289.8369609441341
20131027,286.9497045959773
20131028,286.3569857488381
20131029,282.55376691783204
20131030,279.7060591039506
20131031,278.21895138546057
20131101,281.37440431800286
20131102,284.8901351535886
20131103,281.38173295513496
20131104,281.2147768400132
20131105,278.21686562598376
20131106,282.74387899154436
20131107,285.81657264052075
20131108,284.2359644644942
20131109,280.5528930202078
20131110,278.01042285368123
20131111,275.8851483556612
20131112,276.3411834160431
20131113,278.43913097094304
20131114,276.9274930880012
20131115,276.9415948459571
20131116,276.0834070322467
20131117,276.87765851265607
20131118,277.15864301690607
20131119,277.260355381607
20131120,275.77476139752144
20131121,274.6666150025497
20131122,274.70198526862515
20131123,276.4449385492665
20131124,276.9587645365206
20131125,273.86150224477643
20131126,272.5254815728109
20131127,271.4620691559491
20131128,274.10247288033787
20131129,276.1738496385162
20131130,275.6925543457559
20131201,276.09756375343665
20131202,276.75852435456267
20131203,272.8873035894724
20131204,274.22323102671197
20131205,276.03598883276857
20131206,274.54435068201326
20131207,275.04122724112614
20131208,277.07241694026396
20131209,275.39324971053026
20131210,274.1133489892447
20131211,274.4356367766666
20131212,273.80211799945545
20131213,272.97743992180284
20131214,275.15676053400347
20131215,275.5460858829649
20131216,277.52355661900765
20131217,277.21320097767915
20131218,278.83257148402106
20131219,279.62506105658923
20131220,276.05122372068223
20131221,275.7134163666193
20131222,280.1031427717698
20131223,280.1220913044138
20131224,283.07177927705396
20131225,279.4091621946612
20131226,276.92786607883795
20131227,278.4043612147464
20131228,280.1260424090389
20131229,276.2100945403536
20131230,274.78622654372185
20131231,276.1361833494279
20140101,278.9376696422211
20140102,279.87768157914456
20140103,280.60289814319066
20140104,279.46330870409594
20140105,277.5573399986709
20140106,281.35388918814243
20140107,282.232836679442
20140108,282.1721809241556
20140109,281.43874858849057
20140110,277.7240357982129
20140111,277.52412797442264
20140112,274.7640407519127
20140113,277.54002087576276
20140114,276.5732512050717
20140115,275.34059111882584
20140116,278.71461572086963
20140117,278.4092823819113
20140118,277.27439374478246
20140119,277.046618550246
20140120,276.29639922257536
20140121,276.13038078867436
20140122,275.06831944358726
20140123,275.21045525995123
20140124,274.3807755237892
20140125,273.5123229751941
20140126,275.79936784025017
20140127,275.3390950321965
20140128,274.54276117230177
20140129,273.64158248396325
20140130,274.98778679516266
20140131,274.35762312675735
20140201,276.47091416147373
20140202,275.72267488014285
20140203,274.9751881073219
20140204,276.90856879123436
20140205,276.59007246037953
20140206,278.9301007880811
20140207,280.0848652028607
20140208,277.7683971988222
20140209,276.6314151071116
20140210,275.3949361738956
20140211,276.8217923951018
20140212,276.72491616375305
20140213,277.1421209986889
20140214,277.3379776143003
20140215,280.97008413924823
20140216,277.90288596886006
20140217,276.5226804771879
20140218,277.4900513005232
20140219,278.3179832178973
20140220,279.13313362244077
20140221,278.36248447500014
20140222,275.6727990720999
20140223,277.9665156360077
20140224,278.75697284803965
20140225,279.97632627553986
20140226,278.50424683247826
20140227,276.4194830067002
20140228,276.9918518226397
20140301,276.2902114726673
20140302,276.55011032569297
20140303,277.2600718079199
20140304,276.9527606266413
20140305,276.6938366979119
20140306,277.0465701900195
20140307,278.44041307803093
20140308,280.2395470437645
20140309,281.6411306133905
20140310,281.43193671129916
20140311,282.1129577595671
20140312,281.9718621032493
20140313,282.22432696699894
20140314,281.8997905877549
20140315,279.25942948375706
20140316,281.796111057307
20140317,281.46130801111406
20140318,281.2449351870446
20140319,281.8137654335586
20140320,283.80919798253495
20140321,283.9070587372547
20140322,280.43164849289525
20140323,277.2233894368831
20140324,276.17946830722195
20140325,275.97914665862504
20140326,276.8738520691018
20140327,278.7530034801477
20140328,281.5259905449117
20140329,283.2882065468247
20140330,284.71446033077154
20140331,285.5874260658957
20140401,285.6381991174614
20140402,285.9025918057753
20140403,286.71810140070426
20140404,287.20670410994285
20140405,284.75141696571694
20140406,284.9917296759952
20140407,287.76382055424034
20140408,282.8918883483259
20140409,280.9432717235963
20140410,283.2216643083056
20140411,284.9072110763422
20140412,284.73831264554104
20140413,283.09431009484484
20140414,281.39010783679333
20140415,278.32526352870974
20140416,279.91163829634587
20140417,282.141163082084
20140418,281.37774740191406
20140419,280.79492293627237
20140420,285.0208439781233
20140421,284.0450144837253
20140422,284.95537040436994
20140423,286.6098438729896
20140424,287.4610825335789
20140425,288.2145806831755
20140426,285.45489584038677
20140427,283.93629724413023
20140428,283.6873481011393
20140429,284.44517984069034
20140430,284.89377016927875
20140501,285.1005708447222
20140502,283.79954105267575
20140503,281.6306628144354
20140504,282.3208356434424
20140505,284.91635148969823
20140506,286.7236763386279
20140507,285.12809402532315
20140508,284.5930071462746
20140509,286.06409741365263
20140510,284.66039351708673
20140511,282.5366784285613
20140512,281.88495797156287
20140513,281.65807312488147
20140514,282.0627689716087
20140515,281.3199908101157
20140516,283.84663938037164
20140517,285.50399740671565
20140518,286.80867811525985
20140519,288.98696838949184
20140520,290.7460469216741
20140521,291.946288414702
20140522,289.61840369108955
20140523,287.58865846944076
20140524,285.82976073444377
20140525,287.5542654596009
20140526,288.05439995025023
20140527,286.43183405816023
20140528,286.32203318240005
20140529,286.34857111494347
20140530,285.2285749835643
20140531,285.9939065167476
20140601,287.0389055412506
20140602,287.6001362835227
20140603,288.2677657468844
20140604,286.0662857317862
20140605,285.6647659051467
20140606,290.2833718894754
20140607,294.4839104706352
20140608,296.0733805084436
20140609,297.8181169809206
20140610,296.6898456792241
20140611,294.00727482825135
20140612,293.3331386455363
20140613,292.2430477944653
20140614,289.1832153129565
20140615,289.0885128381992
20140616,289.0317248207195
20140617,288.6835785242751
20140618,290.29285382279085
20140619,289.93992608366074
20140620,288.22497344340536
20140621,288.9855955941207
20140622,290.60777917931455
20140623,290.98775880542513
20140624,291.24526831160927
20140625,289.0092408776449
20140626,289.4540003022093
20140627,290.7403506556531
20140628,289.39134528047526
20140629,287.7156491586016
20140630,287.14290038189444
20140701,288.63165437887506
20140702,290.1742151012055
20140703,292.77508862954335
20140704,294.67562303501717
20140705,291.55426189225585
20140706,293.456113772396
20140707,290.1377825999901
20140708,286.86333350925673
20140709,284.88266297707605
20140710,289.36920960372237
20140711,290.6720858238887
20140712,290.2059930359364
20140713,289.51414177747824
20140714,289.87755303522385
20140715,290.8219239783643
20140716,292.795113513666
20140717,294.62890738041403
20140718,296.9283121468428
20140719,297.6958709433861
20140720,294.38590705325777
20140721,290.90828487836853
20140722,293.48166668104875
20140723,294.73152342410395
20140724,293.61300578651253
20140725,292.37424192554516
20140726,291.947799732643
20140727,292.92547428563495
20140728,291.7531218925266
20140729,291.34245864981483
20140730,291.80515995455175
20140731,292.0375394934875
20140801,293.6190176863157
20140802,292.4697579165592
20140803,291.82639515482316
20140804,290.19373525133943
20140805,290.14169667669427
20140806,290.4079852323499
20140807,291.6309729774611
20140808,292.3770417382089
20140809,291.957526823398
20140810,292.6345436949529
20140811,288.9430246083593
20140812,288.93827296371643
20140813,287.3643004275929
20140814,287.35596784558345
20140815,286.3425156361347
20140816,287.09323179075983
20140817,288.03423390796087
20140818,287.01764169827925
20140819,286.0044804968549
20140820,285.1748536447824
20140821,285.13524525224415
20140822,286.74111190369655
20140823,286.0532070457271
20140824,285.27077157398855
20140825,286.0941707377636
20140826,288.219718885927
20140827,288.6447668558092
20140828,289.9759216195071
20140829,290.2007110622847
20140830,288.9343831637009
20140831,287.0530506654986
20140901,286.37090637896796
20140902,287.7777625103624
20140903,287.80635836971084
20140904,289.6575789126966
20140905,290.8200773079363
20140906,290.98237251957704
20140907,290.0595918336806
20140908,290.5935342834739
20140909,289.4174201806829
20140910,287.41284756074464
20140911,286.4030320649561
20140912,286.64624676640807
20140913,288.5537720026717
20140914,289.03370651966327
20140915,288.87140799908326
20140916,289.6497088520827
20140917,290.7998547213214
20140918,291.5103595299524
20140919,290.82099157235365
20140920,290.3574104360138
20140921,287.4229016590395
20140922,284.2082688192259
20140923,282.82343859830445
20140924,283.91237645796906
20140925,284.939967618093
20140926,285.61533256023245
20140927,288.2086811975969
20140928,288.8010152674633
20140929,289.65200779221
20140930,288.81964834965004
20141001,287.73635669825086
20141002,288.0377014186675
20141003,287.7873132580773
20141004,287.08614107686014
20141005,286.74648469865525
20141006,286.52966394379376
20141007,286.7972851446971
20141008,288.30814354578905
20141009,288.2924671489853
20141010,286.61458130124106
20141011,286.2056104201902
20141012,285.6165449062355
20141013,288.22340868424857
20141014,285.7012338137427
20141015,285.32003239206364
20141016,287.077170146221
20141017,286.56484577843645
20141018,287.7229934749579
20141019,289.36628704672904
20141020,287.3823115840533
20141021,283.56242073439427
20141022,280.2517878970015
20141023,281.21629885762906
20141024,281.87355298849644
20141025,283.5917577797306
20141026,284.69101429214487
20141027,282.6869286773936
20141028,280.6474299852477
20141029,282.42553420301476
20141030,284.92830793402163
20141031,284.74886299754047
20141101,284.8407320493675
20141102,285.22086494478873
20141103,285.3004892491003
20141104,283.0177640195108
20141105,280.0469452570135
20141106,278.2086605453124
20141107,278.95301207414127
20141108,281.26923898533965
20141109,280.43453800046245
20141110,281.28207291706735
20141111,280.8975756646399
20141112,281.2396391185566
20141113,280.77537277897744
20141114,282.40644046324195
20141115,282.08451641412813
20141116,280.6352113864769
20141117,280.2588123232601
20141118,279.2521806428231
20141119,279.30065129601763
20141120,278.4151042787377
20141121,279.3829435576511
20141122,280.609486978384
20141123,282.49144327024936
20141124,281.5521275632309
20141125,279.66224601480866
20141126,279.4983035900461
20141127,279.6852761927839
20141128,278.9086465032792
20141129,276.14316194247124
20141130,275.1953417470996
20141201,275.53659462522825
20141202,274.48210548381604
20141203,273.86286527069507
20141204,274.82086791729785
20141205,275.3706631408869
20141206,276.1192359945496
20141207,275.7330569719164
20141208,275.20587323303647
20141209,274.3433973280687
20141210,275.26741954701345
20141211,277.5287044721828
20141212,279.7187276339602
20141213,279.4418856986301
20141214,277.41565642065484
20141215,276.91133032355765
20141216,276.97534711729696
20141217,276.88895231464994
20141218,281.8745215476104
20141219,281.1452712417127
20141220,277.0669227344892
20141221,277.3669797052898
20141222,278.5564961709104
20141223,278.33947513957077
20141224,278.0713194803632
20141225,276.00682379338167
20141226,274.3186698410503
20141227,273.38730879410235
20141228,268.21484352157535
20141229,268.9675170223853
20141230,271.5573436127401
20141231,272.7028321122307
20150101,271.9160271015483
20150102,274.1017361796805
20150103,275.90052835163993
20150104,273.9685211552932
20150105,271.35440845116506
20150106,272.0024562041118
20150107,274.0972690161264
20150108,278.15636537891993
20150109,279.91589632961995
20150110,282.16063857986813
20150111,276.0853929247691
20150112,277.071031311237
20150113,280.13453025840244
20150114,277.17483743974117
20150115,279.97486518637464
20150116,277.2369802930563
20150117,274.58847787438634
20150118,272.78123794107927
20150119,272.43252888005037
20150120,271.9235895244226
20150121,272.30682322285986
20150122,272.74808955412067
20150123,273.3057147783709
20150124,272.53933228393095
20150125,273.4718656772237
20150126,274.13708832388437
20150127,274.4429304709046
20150128,275.062745133008
20150129,273.9586956944224
20150130,272.65979955619747
20150131,272.6524554233533
20150201,272.64395873101313
20150202,271.7692650254647
20150203,269.2584175744133
20150204,269.91211142329456
20150205,269.28522298293905
20150206,270.21419913450717
20150207,270.0331803307695
20150208,272.8539471435226
20150209,273.25836819266
20150210,275.21460347035077
20150211,274.83338734513615
20150212,274.10285564417933
20150213,275.7603972605562
20150214,277.65535568430556
20150215,274.81930312823334
20150216,274.11533692675
20150217,274.96661407723093
20150218,275.10499381398375
20150219,273.9421009504203
20150220,278.00976744688256
20150221,276.1456854896389
20150222,274.5871661644483
20150223,275.6259029364566
20150224,275.38062204094416
20150225,275.23006286569404
20150226,277.8217729488547
20150227,276.2579010813999
20150228,274.61374406616557
20150301,278.9988063079183
20150302,277.8969001725632
20150303,277.06871190203043
20150304,275.28421443347577
20150305,275.53717204581886
20150306,276.08488552309797
20150307,276.78800050479106
20150308,279.24388500277905
20150309,279.9441745873958
20150310,279.3580841482929
20150311,277.76314824732293
20150312,276.7558773540022
20150313,276.14283303337135
20150314,276.4178491519121
20150315,276.8058901958603
20150316,278.43198604776495
20150317,280.752009904307
20150318,282.24197728243195
20150319,280.55392494330164
20150320,280.3824376041061
20150321,277.82977941642594
20150322,277.6417449845807
20150323,278.43723334483593
20150324,279.6699505196812
20150325,278.7992113165698
20150326,277.59065800418705
20150327,278.5476861701507
20150328,278.7738367704329
20150329,281.33692777419265
20150330,280.145148458291
20150331,280.9179834058788
20150401,277.4081372831251
20150402,277.35237385912046
20150403,277.03425225868733
20150404,277.0021393450158
20150405,276.37354399131704
20150406,276.6470750182941
20150407,278.1732521791998
20150408,280.3091208509466
20150409,283.26186759095714
20150410,284.78667471216187
20150411,283.2754080740233
20150412,283.6292685150251
20150413,283.0817326301435
20150414,285.0610606530053
20150415,287.67329919169896
20150416,286.95169839484214
20150417,284.21549857020057
20150418,281.30155960862663
20150419,281.9371608385952
20150420,283.7580504851282
20150421,285.5602497793986
20150422,283.7069200965954
20150423,283.15399218059974
20150424,285.33498396978933
20150425,284.778091619177
20150426,286.64378057140266
20150427,282.6181309256164
20150428,280.5932693768612
20150429,281.2350674444709
20150430,281.39929773970056
20150501,280.85046474250896
20150502,282.9112463704269
20150503,285.9072435415126
20150504,288.85896004169336
20150505,289.2541099833124
20150506,284.5929657565179
20150507,283.99389720797177
20150508,286.6684241862361
20150509,286.5489925785369
20150510,286.7178109768485
20150511,289.7510821803731
20150512,290.81280920113477
20150513,287.2415937324204
20150514,285.790708857337
20150515,284.2034013191496
20150516,284.0699403831198
20150517,285.7523592864861
20150518,286.78123099366434
20150519,283.76564513526176
20150520,281.8288244753085
20150521,282.68551878451694
20150522,285.1604852072407
20150523,286.95188075598
20150524,287.4093052063266
20150525,285.6534083042061
20150526,283.3663568860536
20150527,283.8512770048139
20150528,286.3752885177096
20150529,285.7671731640138
20150530,285.1277252559416
20150531,287.1689258011104
20150601,285.6216152133856
20150602,289.61512153285224
20150603,289.1633961836486
20150604,290.8520348947547
20150605,295.7302940026673
20150606,292.6040076891389
20150607,291.0426426059788
20150608,288.5905742962426
20150609,287.10724725765147
20150610,288.9631392756082
20150611,292.33455760995867
20150612,293.5721666291942
20150613,290.87430919150506
20150614,291.66648148851266
20150615,289.9993429730157
20150616,288.6853744391953
20150617,288.4000140552809
20150618,288.24952575397054
20150619,285.60417797301335
20150620,285.8120078721027
20150621,287.9241268920304
20150622,285.83883821607816
20150623,285.270067466567
20150624,286.53071057120786
20150625,290.4090912742235
20150626,292.80374751877827
20150627,291.7978572673731
20150628,291.89937525630097
20150629,293.4353327447811
20150630,295.0453111814865
20150701,298.67295561738007
20150702,300.97199438551166
20150703,299.91334870868445
20150704,301.59237822998904
20150705,299.3071789824355
20150706,294.5587164361311
20150707,296.49844894703915
20150708,290.2301379128609
20150709,288.9235650846768
20150710,290.6874566884403
20150711,295.1027591169155
20150712,292.0602549324308
20150713,291.3787462344025
20150714,292.7892636484041
20150715,294.31386180408583
20150716,297.46002054480215
20150717,299.1355475540692
20150718,295.90470369636233
20150719,294.6946020555609
20150720,294.4878420826428
20150721,296.60295073674956
20150722,296.1856289923165
20150723,293.51792272151687
20150724,295.72634067642247
20150725,289.4955535877964
20150726,288.48585265721596
20150727,289.8816365157066
20150728,288.3991460728383
20150729,287.13498050135985
20150730,286.94071459346054
20150731,288.08023109256703
20150801,291.32540466796485
20150802,293.462244670861
20150803,296.80610624407007
20150804,292.4386637387649
20150805,293.81461541208785
20150806,298.091339049953
20150807,299.81719662998506
20150808,296.57863354198753
20150809,294.32113246110765
20150810,293.05857274555547
20150811,294.63217726316014
20150812,296.9223886869806
20150813,297.96151642058396
20150814,293.89800013180815
20150815,290.4730217243606
20150816,288.51529457296436
20150817,287.80080382706865
20150818,288.3105323454616
20150819,289.13155319122274
20150820,291.0055534906394
20150821,292.4505297420057
20150822,293.2982589122083
20150823,291.85645661009147
20150824,290.2449798428823
20150825,289.06750013108626
20150826,293.78466739662514
20150827,292.6492120433531
20150828,290.77864099223126
20150829,294.8549864196526
20150830,297.61660507246444
20150831,296.9568403524121
20150901,290.0395829387506
20150902,287.6869073828323
20150903,286.78366544195626
20150904,285.5871928103433
20150905,284.7289800207531
20150906,284.26359903001844
20150907,284.82461835942576
20150908,286.5883103535236
20150909,287.2987459091964
20150910,286.9715000783411
20150911,287.37367258796615
20150912,289.66941949680705
20150913,289.36697023252754
20150914,287.54028792509075
20150915,286.0381598776965
20150916,288.94645324137343
20150917,286.64071426192305
20150918,286.236387730304
20150919,286.0631139537606
20150920,285.118964322608
20150921,285.4472827663263
20150922,284.7732227617052
20150923,283.7034781470929
20150924,285.23857491626785
20150925,285.8815671273233
20150926,285.5465458488685
20150927,285.2379230724761
20150928,284.36599700151754
20150929,284.83727231491565
20150930,284.2477716119306
20151001,283.04274532902986
20151002,284.11757637663504
20151003,286.02738257353195
20151004,285.0904283131959
20151005,286.9460769865695
20151006,288.64054589362735
20151007,285.7936861951583
20151008,284.36364201838995
20151009,284.0227245026386
20151010,284.4076995907044
20151011,282.8717736809139
20151012,280.5308818361127
20151013,278.58778040822716
20151014,276.73264435099884
20151015,277.01214136807744
20151016,277.83725213972406
20151017,278.8768218055124
20151018,279.52815029375006
20151019,279.80582240398445
20151020,281.09723990724723
20151021,280.95471952710295
20151022,282.01508391277355
20151023,283.1467144211445
20151024,283.33466834251925
20151025,284.5353738057234
20151026,282.769892938457
20151027,282.6292578993921
20151028,283.59057318790923
20151029,283.2745574956087
20151030,282.16784487118565
20151031,281.7974412470441
20151101,280.24589455793057
20151102,279.6740509082744
20151103,280.10329643448114
20151104,284.10735557376694
20151105,284.58012501262755
20151106,286.12350265615504
20151107,288.4389810184901
20151108,287.07039366626924
20151109,286.3060946473609
20151110,283.55661766500276
20151111,282.3507050341999
20151112,283.0072511033925
20151113,282.0709967615178
20151114,280.38564651819627
20151115,282.6488674881033
20151116,281.57735097838207
20151117,284.4877063266898
20151118,284.21362129474954
20151119,284.62267397793045
20151120,280.8925294140702
20151121,275.49348959566663
20151122,274.7361860770164
20151123,273.39511233623045
20151124,272.70160214685706
20151125,275.73874047748205
20151126,275.61978861395244
20151127,272.85401295517823
20151128,275.55530668309643
20151129,279.3064714442522
20151130,281.5083386550362
20151201,281.82240519705164
20151202,280.0564280564058
20151203,276.8974774485146
20151204,279.2259271241322
20151205,277.947234245725
20151206,280.0801594605702
20151207,280.9660654427192
20151208,279.76914878255866
20151209,278.8699060648123
20151210,275.6440852620795
20151211,277.02909053415266
20151212,280.05757945374063
20151213,278.94954289635615
20151214,277.9576936967259
20151215,279.6955538791295
20151216,282.453229666073
20151217,283.84921503275604
20151218,282.5093192519666
20151219,282.10921952567315
20151220,282.4857114562393
20151221,281.93058977917843
20151222,282.3574548912778
20151223,281.5165571232465
20151224,282.4905577129368
20151225,282.41472760670234
20151226,281.14779416392344
20151227,279.9937114845067
20151228,277.9018755935802
20151229,278.4547360951041
20151230,277.5210143084931
20151231,278.9335950366153
20160101,277.1341376131192
20160102,278.5052492472684
20160103,277.9092377002947
20160104,277.30216792114015
20160105,277.13366246883567
20160106,276.8493883992789
20160107,277.2236349548086
20160108,276.2205963069555
20160109,276.9673300041277
20160110,278.91931955280893
20160111,277.59132266942055
20160112,276.67356515088375
20160113,275.23772156000615
20160114,274.03585261321064
20160115,273.1076614326355
20160116,272.509864893985
20160117,269.70763107365286
20160118,266.51809527160447
20160119,268.74082047152007
20160120,268.7464991674383
20160121,270.9085460211286
20160122,271.13458176971886
20160123,275.8171921201037
20160124,275.7808924067289
20160125,278.63409160458133
20160126,279.96480846758624
20160127,281.7585150733728
20160128,279.88436758642405
20160129,276.907114726452
20160130,278.1507003445107
20160131,278.9939507713088
20160201,282.15616653867437
20160202,281.1657903148788
20160203,276.4217270284542
20160204,276.050170567693
20160205,279.12711994727925
20160206,280.6610687652543
20160207,279.7864562405241
20160208,279.0733930009894
20160209,278.5111666042444
20160210,275.00197179713587
20160211,274.8883618840014
20160212,274.87223249035645
20160213,276.1042107909521
20160214,276.9500064542899
20160215,274.1626066918421
20160216,272.3539499644956
20160217,273.366381721193
20160218,274.7806850558659
20160219,274.5197549312705
20160220,277.18890457840047
20160221,281.5460300549299
20160222,280.73499123130654
20160223,276.2184685360741
20160224,274.64129581661956
20160225,273.9348286363858
20160226,273.487435468641
20160227,274.4799366735795
20160228,274.4665959560961
20160229,274.66037032469444
20160301,273.8050147540222
20160302,277.14800626885176
20160303,274.3055875620807
20160304,275.261078370116
20160305,276.021248693705
20160306,274.2744065518569
20160307,273.6097575325511
20160308,272.8669474210622
20160309,274.31229004594917
20160310,276.0783566845469
20160311,276.24712181230785
20160312,276.27726778859295
20160313,276.76289797216594
20160314,276.33109982521177
20160315,276.1300639117873
20160316,276.4572587481071
20160317,277.2184308910643
20160318,278.03991702814136
20160319,277.10261940336335
20160320,277.24434631216735
20160321,278.06843449724585
20160322,277.93293198539067
20160323,278.62719458015704
20160324,278.19077218975684
20160325,278.2892786210194
20160326,280.4097190864988
20160327,280.85627443980553
20160328,280.3642427754983
20160329,280.08947680368186
20160330,281.26676320227574
20160331,281.0271804133184
20160401,278.0741219710013
20160402,282.55251902265314
20160403,285.4157443612973
20160404,284.75466220487743
20160405,283.04384688764344
20160406,282.0940932396402
20160407,279.6600803298881
20160408,278.653810659395
20160409,280.4173175657351
20160410,282.5644274086815
20160411,283.9435474073187
20160412,283.79837148528514
20160413,281.3411741482957
20160414,281.91393294710684
20160415,283.77256585027436
20160416,282.8252707236987
20160417,279.9506273150375
20160418,279.58767933095106
20160419,280.1805579065959
20160420,281.8616298792434
20160421,284.5173426814094
20160422,284.4958436219012
20160423,279.66923501512355
20160424,276.30491107561875
20160425,276.2244927180209
20160426,276.5825866107149
20160427,276.28412515094857
20160428,277.30667493624577
20160429,279.54234573652775
20160430,280.42332087553206
20160501,280.7806983581507
20160502,284.2253257628449
20160503,282.0254531735855
20160504,281.4087020566868
20160505,283.96361407825225
20160506,287.3339962407174
20160507,288.62797626613707
20160508,289.3628646508778
20160509,289.51397122164576
20160510,288.04455912215576
20160511,288.8835087153598
20160512,287.07141100755774
20160513,287.5694561359743
20160514,282.73689596984326
20160515,280.3216592835106
20160516,281.6092314518617
20160517,282.89434362761926
20160518,285.0379706651016
20160519,283.96324878226386
20160520,285.00116940255083
20160521,288.4487037111267
20160522,288.5335218916947
20160523,283.3682332920602
20160524,282.8918061629284
20160525,285.26361782721784
20160526,288.3443947774256
20160527,290.22022622511275
20160528,290.35227314353403
20160529,289.3075104809175
20160530,287.08852122397093
20160531,286.18773365918025
20160601,287.07518049810307
20160602,287.7924571934323
20160603,288.67534545440026
20160604,288.9942951299948
20160605,290.1038928300577
20160606,291.9337178058642
20160607,292.0305086995223
20160608,290.189869751848
20160609,288.6817928014795
20160610,289.10326797066153
20160611,288.5034759481317
20160612,288.4481751414116
20160613,287.65275085609875
20160614,286.96634449755396
20160615,286.3401122389085
20160616,286.77696900084646
20160617,286.77020885804745
20160618,286.88899433600056
20160619,286.13620543889186
20160620,287.4018009065239
20160621,289.0317643337465
20160622,293.51795280447385
20160623,296.92279486011705
20160624,294.94359966339357
20160625,290.00112869875403
20160626,287.5794063641653
20160627,287.577607653827
20160628,289.65906240387744
20160629,290.1955189575599
20160630,290.42921579390617
20160701,291.4072630532717
20160702,288.13991901789024
20160703,287.2283906460049
20160704,289.7694522004335
20160705,290.00167611203085
20160706,288.82009032384065
20160707,290.4666736942038
20160708,292.62092920476715
20160709,291.7677143943061
20160710,295.092382024743
20160711,292.5745167616439
20160712,290.1954053816916
20160713,286.9655625926518
20160714,286.169180918964
20160715,286.91848163803513
20160716,289.5983049745182
20160717,292.7241519562842
20160718,293.9036029237505
20160719,295.4663904064912
20160720,297.4448631005817
20160721,294.79489403931456
20160722,294.4745707068618
20160723,292.62122590189523
20160724,293.009064675081
20160725,293.6244774371642
20160726,292.64943656833225
20160727,291.60262343364167
20160728,291.21372245915416
20160729,292.01346643054427
20160730,292.8981593542845
20160731,290.74823232141273
20160801,289.94720374679486
20160802,289.63430637734405
20160803,292.1918481042428
20160804,290.4320734938979
20160805,289.0700704518901
20160806,289.62030758793867
20160807,291.6033635767532
20160808,291.3564382429272
20160809,288.67235358644643
20160810,286.0077644008455
20160811,285.54392074395463
20160812,290.4357199526235
20160813,292.547834122788
20160814,293.13296951238044
20160815,293.0040874077085
20160816,293.32912893862834
20160817,292.75115777273794
20160818,291.23924562386765
20160819,291.90283983537955
20160820,290.37257798920683
20160821,288.47371735551724
20160822,289.439203040909
20160823,293.1301224845428
20160824,295.57348194847265
20160825,296.59674407271706
20160826,298.45307601834844
20160827,298.61987325958836
20160828,296.4760956106499
20160829,292.40935798919526
20160830,291.9090834080418
20160831,293.02152662001396
20160901,292.7822409214103
20160902,292.818438813926
20160903,293.6874037141441
20160904,291.1515546685474
20160905,289.5015409274354
20160906,290.67017934416634
20160907,291.9023273761059
20160908,293.60204590327527
20160909,291.8820503479861
20160910,293.3894517312724
20160911,293.30388730749127
20160912,294.9770410461167
20160913,296.16495324506275
20160914,296.03827172077246
20160915,292.175921153004
20160916,288.76410385923526
20160917,288.5167202828023
20160918,288.52081656950367
20160919,287.7173092188755
20160920,286.63769757621793
20160921,287.1725288727018
20160922,286.9402277605456
20160923,288.36808126229346
20160924,288.5527016807473
20160925,289.5389982446875
20160926,288.0106232441413
20160927,287.78082972008184
20160928,288.36687629162265
20160929,290.4402954942569
20160930,288.5476796748494
20161001,286.84919827568933
20161002,284.65692911610364
20161003,284.0216772963116
20161004,283.7178316255028
20161005,282.1800052611321
20161006,281.1484210781783
20161007,283.2131996358275
20161008,281.6840439838244
20161009,280.15986415616743
20161010,279.2937009857797
20161011,279.4281200534075
20161012,279.82511785663775
20161013,280.76126077816065
20161014,282.7789249098182
20161015,283.927442113767
20161016,284.2430425847128
20161017,284.72612061824327
20161018,283.4534206854947
20161019,281.53076316102016
20161020,280.9994783035309
20161021,279.8091284673486
20161022,280.0205186011373
20161023,279.77890913678647
20161024,284.58641460879517
20161025,284.355634973888
20161026,282.54942734252757
20161027,281.15663901528706
20161028,282.4714281273936
20161029,283.54944516717416
20161030,281.86391069276664
20161031,281.4857377918384
20161101,281.42978932335546
20161102,280.2914350163183
20161103,277.6495033705832
20161104,278.0599702949964
20161105,279.80497203143017
20161106,276.62042127856574
20161107,275.1661929810497
20161108,274.5521573112497
20161109,275.71611939110386
20161110,278.3676456041312
20161111,277.1566908745752
20161112,275.73138720745715
20161113,275.9309582457417
20161114,273.18568491609904
20161115,276.86416938118884
20161116,281.4977961063462
20161117,282.55899608832436
20161118,281.4466588322594
20161119,277.7744061750447
20161120,282.3401295030305
20161121,282.85138529597475
20161122,281.5551004688015
20161123,281.8281819770753
20161124,281.2754416643173
20161125,280.02669213734606
20161126,279.7542488906128
20161127,278.0372165142601
20161128,273.60831938028576
20161129,271.43562013812306
20161130,271.93261682116855
20161201,272.7650356758941
20161202,276.021653516188
20161203,273.33052309654255
20161204,272.0644292574338
20161205,273.0903076280837
20161206,273.2270297160172
20161207,272.96036658629305
20161208,274.55209990027623
20161209,275.5302682965795
20161210,275.37370716051726
20161211,277.6473675459149
20161212,277.2683970099718
20161213,275.9092352550094
20161214,277.05025572650834
20161215,276.17020728417634
20161216,275.0538775889509
20161217,274.89041968328576
20161218,275.3120353231836
20161219,274.8692858562496
20161220,272.85621534634316
20161221,273.5042065412792
20161222,275.49722427433704
20161223,276.97999643949044
20161224,278.6445264446767
20161225,278.9578323221778
20161226,279.3915589814759
20161227,274.0304253448932
20161228,272.4747296699317
20161229,272.73534426309817
20161230,271.5620548009194
20161231,270.7282072731146
20170101,271.1742798527581
20170102,272.097533234405
20170103,272.4096856316703
20170104,273.28474365676834
20170105,270.89732931508695
20170106,266.78036723737546
20170107,268.02913814474834
20170108,272.55556602710004
20170109,273.36379706336055
20170110,274.0658489828706
20170111,275.5695697430729
20170112,276.3188866356216
20170113,273.29175242856246
20170114,272.57674663287963
20170115,271.382069993523
20170116,269.1133919198914
20170117,267.4448799714622
20170118,268.19823447454075
20170119,268.13386329296463
20170120,268.64611130112775
20170121,268.71556840248167
20170122,268.27833520121334
20170123,268.029483960484
20170124,269.61052651513995
20170125,267.9378969592135
20170126,268.23638832177767
20170127,270.9195153213454
20170128,273.32519172118845
20170129,275.5116029825359
20170130,277.16574259289797
20170131,276.08507374190725
20170201,276.6472381354275
20170202,280.5248134321036
20170203,279.88568862655524
20170204,277.45523127112716
20170205,276.5634432470512
20170206,276.9999800123223
20170207,276.4955836056506
20170208,275.7005264294941
20170209,272.96835250080704
20170210,273.353164911801
20170211,274.9333131316076
20170212,276.8587329469465
20170213,275.31265372935997
20170214,275.90786100680396
20170215,278.12139138251445
20170216,278.8282810218541
20170217,278.1517671109737
20170218,277.2574048147669
20170219,276.8018279528347
20170220,279.27717214546385
20170221,281.2810909513473
20170222,280.77984471561183
20170223,280.386652425599
20170224,276.5154110795019
20170225,275.3954930063341
20170226,279.7082882794835
20170227,281.6944350951354
20170228,277.01957070453534
20170301,277.67020910152104
20170302,278.91885316796987
20170303,279.48826902312845
20170304,280.7493821925857
20170305,277.9954013872261
20170306,277.88372825092097
20170307,277.46100541582786
20170308,277.9064279785263
20170309,282.33576657390955
20170310,278.86700449427616
20170311,279.516410159991
20170312,280.2512377779744
20170313,279.9915642367991
20170314,280.9024238126216
20170315,281.19496793610534
20170316,281.98401640409287
20170317,281.464554961366
20170318,280.2938218763526
20170319,282.60392267090094
20170320,282.30263641630495
20170321,280.42126962340296
20170322,278.5640808677099
20170323,281.6959644816124
20170324,282.0256379078772
20170325,281.8076841349877
20170326,281.6618155194306
20170327,282.1253725204661
20170328,284.03149749900064
20170329,284.0788688076753
20170330,285.7173867194244
20170331,286.16104163705376
20170401,283.6498139752584
20170402,282.7326619813807
20170403,283.59342356009995
20170404,282.7345949302214
20170405,282.1882170001511
20170406,279.633220419974
20170407,281.0994310378929
20170408,283.3114631181115
20170409,286.03167289596945
20170410,284.85317478322133
20170411,281.6478485153504
20170412,283.03077865277413
20170413,282.3282300986672
20170414,282.4385849518308
20170415,281.39248723500873
20170416,280.11670512333006
20170417,279.7655612433138
20170418,277.0665637012923
20170419,275.9097192586106
20170420,276.8458313234205
20170421,280.62761741079885
20170422,281.1209854642814
20170423,278.5510626224598
20170424,281.3906159123358
20170425,279.20404788014406
20170426,278.29582335912875
20170427,278.3724221308218
20170428,278.65533741450923
20170429,280.3489697940737
20170430,284.1292133557268
20170501,281.5145319037924
20170502,281.8772498811811
20170503,282.4550502239807
20170504,282.8640868854713
20170505,283.7757394261498
20170506,285.05496742983814
20170507,284.2782169206637
20170508,281.7396411974269
20170509,281.69327994963857
20170510,284.12216187455226
20170511,287.58945715232295
20170512,287.8228135711162
20170513,287.75263762960213
20170514,287.0019427353033
20170515,287.67311943932435
20170516,290.28361982750516
20170517,292.36692143384056
20170518,290.7742895337119
20170519,284.0533914981731
20170520,284.0470521074112
20170521,286.29304222010364
20170522,289.40383640072645
20170523,290.6118777824613
20170524,289.3268700480632
20170525,289.85519349324846
20170526,291.4698828468414
20170527,294.5777887021059
20170528,296.1087482997845
20170529,296.7715546965107
20170530,293.4366035007307
20170531,291.67485397710743
20170601,293.1781949184893
20170602,294.3467408728783
20170603,292.47107966537584
20170604,288.28706498573314
20170605,288.94885477707845
20170606,286.42417618890823
20170607,285.4233205575028
20170608,289.6808651755259
20170609,289.5980713181993
20170610,290.6310283088778
20170611,294.3404208510436
20170612,290.87746318235475
20170613,290.32922671380487
20170614,292.7838589205103
20170615,294.3073166865176
20170616,290.0587277432587
20170617,289.77458479107577
20170618,292.9374865484197
20170619,295.7248731297552
20170620,298.11834591177575
20170621,298.55945156337685
20170622,299.2355406013781
20170623,294.1764968374385
20170624,292.732224142442
20170625,292.9364931106814
20170626,294.95688903540093
20170627,294.43398391738475
20170628,291.6850066642102
20170629,289.6689865888977
20170630,288.8855215470115
20170701,287.278768454082
20170702,287.8515819469307
20170703,290.3480812812671
20170704,292.5077845316109
20170705,295.2216814785025
20170706,297.5161863921664
20170707,296.71287929410397
20170708,296.5156158285193
20170709,295.7708076639281
20170710,292.49971164997504
20170711,290.7353010077163
20170712,290.51368354615835
20170713,289.8167682240592
20170714,290.434359969887
20170715,289.04249052420954
20170716,291.66861585990176
20170717,294.20098634492234
20170718,295.98142262309494
20170719,297.8076316040236
20170720,293.95181445942353
20170721,293.3916120550022
20170722,293.72675186269265
20170723,290.57546034688784
20170724,288.1707779168613
20170725,287.61166486554947
20170726,289.7221347480759
20170727,290.5870750163937
20170728,290.1546686369457
20170729,293.80458611740204
20170730,294.3691859986779
20170731,293.76605724039524
20170801,293.66484796224637
20170802,294.25369409733935
20170803,295.18621072722243
20170804,292.50367813348356
20170805,291.72760597134425
20170806,289.4789401937887
20170807,291.69241705314096
20170808,291.07352242293996
20170809,289.8137139606011
20170810,287.4094240181006
20170811,287.3380460794421
20170812,288.14852512961016
20170813,290.4675784134329
20170814,291.93840432463526
20170815,293.9744511067316
20170816,292.66536185365527
20170817,293.16177808302837
20170818,290.9661925621194
20170819,288.5023340658111
20170820,287.8828839374186
20170821,289.081943963278
20170822,291.8407213176351
20170823,293.99070346367586
20170824,292.4518532407693
20170825,293.9816007546685
20170826,294.8961165384319
20170827,294.34390943591023
20170828,294.55758745705873
20170829,295.86007219677
20170830,295.0172683458573
20170831,289.0869428538276
20170901,287.6353927913925
20170902,286.148288002195
20170903,286.1884581073732
20170904,288.15953644399457
20170905,291.18531078524325
20170906,289.0300891105763
20170907,287.38533357382295
20170908,288.61542547207404
20170909,287.04646513159815
20170910,285.81117979280367
20170911,286.8276498547876
20170912,285.8285539633975
20170913,287.3413144505763
20170914,284.7648302405549
20170915,283.64840893154826
20170916,282.33609717307223
20170917,282.6634351842481
20170918,282.7820569478255
20170919,283.3018863676197
20170920,283.26142039445324
20170921,284.69007450186695
20170922,286.2276513242327
20170923,286.42592831234805
20170924,285.8661827820663
20170925,285.94554862402794
20170926,286.2065502517142
20170927,286.9252721796551
20170928,289.0425280971362
20170929,289.8290295311103
20170930,285.98028588760616
20171001,284.8123096403877
20171002,287.49988430107936
20171003,285.00814154395545
20171004,283.51092251083617
20171005,283.9215442490964
20171006,281.5254187314931
20171007,282.2614273678394
20171008,284.01836547825513
20171009,283.75293175556703
20171010,285.06706921945283
20171011,286.5948885977541
20171012,286.8021642994217
20171013,286.65659451572225
20171014,286.6752645328183
20171015,287.4160786081261
20171016,289.1170138400584
20171017,287.9704383250039
20171018,286.52353908602186
20171019,287.56384026584345
20171020,286.174302605346
20171021,285.4627485612838
20171022,281.6278491003496
20171023,281.94123538663115
20171024,284.9191520011876
20171025,287.1120647635215
20171026,285.96526192126913
20171027,283.8598010732459
20171028,281.0530694877502
20171029,281.88799213789866
20171030,278.10325542728
20171031,277.5380182814293
20171101,280.4504255888888
20171102,282.5299574963463
20171103,282.0157598532473
20171104,284.0462852633328
20171105,280.4292404350595
20171106,276.9471251444297
20171107,277.5581417612131
20171108,278.6841418743688
20171109,278.87668863666227
20171110,278.79491488062826
20171111,279.44147880931314
20171112,277.6986153422173
20171113,277.07344180121385
20171114,275.6416900868003
20171115,277.05810350542424
20171116,275.7809025837078
20171117,277.93976880279394
20171118,276.73201899778564
20171119,276.8671748438231
20171120,276.2635788131481
20171121,279.86184873793746
20171122,280.88373858695417
20171123,283.9685455587609
20171124,283.12405057244615
20171125,277.8075728487301
20171126,274.33123515048004
20171127,275.8579019717292
20171128,276.4749312879284
20171129,274.5476749156334
20171130,273.5650961790696
20171201,272.2272224222623
20171202,271.94962681805356
20171203,271.60090701736
20171204,274.38463214212106
20171205,275.65659958213763
20171206,276.03225756594117
20171207,276.0147986291227
20171208,274.83479118997604
20171209,271.5588483749913
20171210,275.10931608130517
20171211,279.0985911627965
20171212,274.0909092086426
20171213,274.96973658821975
20171214,276.3602000647539
20171215,275.06721465051777
20171216,274.24952263738015
20171217,273.158876007712
20171218,274.7288036407088
20171219,275.4042660825957
20171220,276.59618934001776
20171221,278.61521181847314
20171222,280.05408123792193
20171223,279.8418196965365
20171224,279.3577910585642
20171225,277.53331879868324
20171226,278.0299706464678
20171227,276.8846292361721
20171228,273.54880093826813
20171229,273.40445064109855
20171230,280.42714293067314
20171231,283.2368560191171
20180101,278.30415272757216
20180102,277.5306902878364
20180103,279.86291606942683
20180104,280.9391376738187
20180105,280.49096598934085
20180106,279.5658303556097
20180107,277.70071543332415
20180108,277.6819772048475
20180109,277.8211725220487
20180110,278.60830882097116
20180111,277.12836136125077
20180112,277.18108677718436
20180113,275.50682835013595
20180114,274.27384992212836
20180115,276.125962347467
20180116,278.01085838854425
20180117,274.798481544763
20180118,277.4331834214165
20180119,275.3691345535976
20180120,274.76213007811845
20180121,274.65410045492814
20180122,279.3498736624321
20180123,278.87706713743734
20180124,282.2161196687288
20180125,281.25208954866895
20180126,278.23612996544244
20180127,276.95306457996656
20180128,278.4377330817503
20180129,280.2711433527259
20180130,279.51932726686204
20180131,279.4501286509537
20180201,274.9047043792937
20180202,273.7896730858178
20180203,273.93707480796695
20180204,271.8625035960822
20180205,272.44720758767346
20180206,272.85097330460343
20180207,271.93133729199843
20180208,271.14484086252986
20180209,272.4991996668857
20180210,273.02148786155004
20180211,274.121551093139
20180212,271.88540538414156
20180213,270.8634582729905
20180214,271.9365569776518
20180215,276.1976518657559
20180216,276.46903039657474
20180217,273.49156412273356
20180218,272.3286383833948
20180219,272.74169244782735
20180220,272.8351912403114
20180221,272.4228501595299
20180222,271.7905844253339
20180223,271.3473151999579
20180224,271.5888456686837
20180225,268.9936610876819
20180226,267.24147539418703
20180227,265.65070331548975
20180228,266.27879417593846
20180301,269.47125974278964
20180302,271.0191396325208
20180303,273.8317772422956
20180304,278.16594024770706
20180305,278.4378495375447
20180306,277.14942254265196
20180307,276.2904592673621
20180308,278.01977217361247
20180309,279.5537203360788
20180310,282.6598403703191
20180311,282.97841218789364
20180312,281.5267629905307
20180313,278.5083696764303
20180314,278.9854885945551
20180315,278.4500720360871
20180316,279.7990584187283
20180317,274.4754010315101
20180318,270.87752953714755
20180319,272.02295876708007
20180320,272.7200246086947
20180321,273.482169665576
20180322,273.8582938535333
20180323,276.4833263000862
20180324,277.6343177423525
20180325,278.40854111384544
20180326,278.5449752600394
20180327,277.4460918094923
20180328,279.7903769458435
20180329,278.3430031417556
20180330,279.0072287388663
20180331,278.8898840408643
20180401,277.9471327876972
20180402,280.9488624543871
20180403,284.45311816370395
20180404,282.98566094383176
20180405,280.1470475004227
20180406,280.8985283016821
20180407,285.28292669445096
20180408,287.4984275525439
20180409,286.04852328859295
20180410,283.3678332243776
20180411,283.0262660968728
20180412,284.6229394953659
20180413,282.9134506049582
20180414,285.0644338305699
20180415,286.2024036892981
20180416,284.8433392161819
20180417,286.1155104897342
20180418,288.57837561317854
20180419,290.02213594737253
20180420,290.8920370492648
20180421,291.0937199879775
20180422,291.13653700014623
20180423,288.1050608243634
20180424,286.31630379106826
20180425,285.45276859854715
20180426,282.49878653491066
20180427,284.9667277011397
20180428,284.88381361469783
20180429,287.8564149866947
20180430,282.81399859171444
20180501,280.72455107958535
20180502,283.0076145893542
20180503,284.18518384661587
20180504,286.5347128384423
20180505,288.60056833878986
20180506,289.9317393351401
20180507,290.1647348509039
20180508,291.120504121578
20180509,291.0175347901506
20180510,286.08893095297657
20180511,287.41106818181845
20180512,290.2162861118901
20180513,285.23614557880927
20180514,287.1811935432914
20180515,288.38698328867196
20180516,287.1512417290332
20180517,285.84236582533066
20180518,285.1887036861862
20180519,286.0947274531862
20180520,287.3205539689177
20180521,289.5106096514628
20180522,290.13775486575514
20180523,289.5428129933644
20180524,289.97218875598577
20180525,291.22234441043275
20180526,293.5827532448011
20180527,293.42386051404054
20180528,293.3829754140199
20180529,291.95634159433024
20180530,292.7207674249326
20180531,292.76739108578914
20180601,290.47266982998246
20180602,290.5963787948106
20180603,291.83361575227394
20180604,293.60135942215754
20180605,293.62941745262384
20180606,293.66336267191866
20180607,291.83598241615647
20180608,292.4381608952203
20180609,292.99429066537976
20180610,293.5238720492419
20180611,292.1196094701035
20180612,289.0248756033938
20180613,287.36281275524
20180614,287.68680262690606
20180615,290.01748594147926
20180616,291.35769006478125
20180617,289.0727347838901
20180618,289.65094305785084
20180619,291.20431697189724
20180620,293.93783494927965
20180621,289.6063177176815
20180622,285.2877900133345
20180623,286.2515060786457
20180624,287.97043550600637
20180625,288.81208080840344
20180626,291.0299209786769
20180627,292.28728416306745
20180628,292.39699337637484
20180629,294.77840972076996
20180630,296.15284101227445
20180701,294.57428211156224
20180702,294.5847930063837
20180703,295.2304069713971
20180704,295.77381316718765
20180705,292.4488621947642
20180706,292.85840888242564
20180707,293.65900963045175
20180708,293.02278738711976
20180709,292.7112292505663
20180710,289.5806892222635
20180711,289.5260049979877
20180712,291.9858712786711
20180713,293.3860477762402
20180714,294.745135262656
20180715,294.36311969303944
20180716,294.7210692330372
20180717,294.773684028487
20180718,294.1801807777585
20180719,295.08871612945865
20180720,295.354209353287
20180721,293.4636953886624
20180722,293.89250305499377
20180723,294.98862778457675
20180724,297.2034689310859
20180725,298.9691829180403
20180726,299.8190868274251
20180727,299.5947904132565
20180728,295.8901407090312
20180729,296.14392807406756
20180730,297.71261522176763
20180731,298.23497252288456
20180801,297.5971042866098
20180802,298.0726695518289
20180803,300.25695893097054
20180804,300.24233409968485
20180805,297.79456993232
20180806,299.197508735505
20180807,300.2407041419779
20180808,296.5957033335271
20180809,294.027054708929
20180810,290.29896310667306
20180811,290.81102170274255
20180812,293.1662905243633
20180813,292.2634556118612
20180814,291.93837777504626
20180815,292.2742932734374
20180816,294.6195684087054
20180817,293.2614071428278
20180818,292.5355824372286
20180819,293.7032340852388
20180820,294.132575485507
20180821,295.25811007008554
20180822,296.83082449328435
20180823,295.59024310215193
20180824,290.1560697703721
20180825,287.0851192497371
20180826,287.7209342356936
20180827,288.9977279396757
20180828,291.3970291014012
20180829,292.3277804835498
20180830,289.46897059712813
20180831,288.85264887704255
20180901,288.46087889987433
20180902,288.76404430864983
20180903,290.4065779456663
20180904,291.58397397709587
20180905,292.65169213404437
20180906,291.1665854022388
20180907,288.66942538592576
20180908,288.0828580087061
20180909,290.75067290990154
20180910,291.84348214802856
20180911,292.1811577874359
20180912,293.65901994551393
20180913,290.2249862862474
20180914,289.5479085359897
20180915,288.1334171655215
20180916,289.8233506897593
20180917,292.194806942126
20180918,293.99584633424763
20180919,293.8520549995557
20180920,293.1910318847308
20180921,290.08326457094086
20180922,285.99683108059907
20180923,287.39294359799277
20180924,283.07578634146245
20180925,282.6933499281179
20180926,284.34481530684485
20180927,287.414831743999
20180928,286.3169791875118
20180929,283.9786626997083
20180930,284.8622120174733
20181001,282.38253981026554
20181002,281.0934430243961
20181003,285.02737019743614
20181004,284.38315362823954
20181005,286.90757094791803
20181006,289.1720055527364
20181007,287.1809683953912
20181008,286.20750091401203
20181009,287.3227526952024
20181010,288.21051301161333
20181011,288.49942076835595
20181012,291.27801925769955
20181013,290.9570338125893
20181014,290.71788863454066
20181015,289.53085484071323
20181016,288.6461755960821
20181017,288.2290716513017
20181018,287.6251138765693
20181019,286.1217884181546
20181020,284.5249392262685
20181021,282.9372514196524
20181022,282.709075398496
20181023,282.0598520621073
20181024,284.1853020857462
20181025,284.5011801465908
20181026,282.0366541592466
20181027,279.1377150405039
20181028,277.8384786672863
20181029,277.36768193363156
20181030,277.4318939508079
20181031,280.092756220491
20181101,280.71975467873955
20181102,280.6289341895042
20181103,279.2363713119844
20181104,280.896703946757
20181105,281.81653959542865
20181106,283.3064438339102
20181107,284.0255989279752
20181108,282.5616383489349
20181109,283.54341123064614
20181110,284.5850377356125
20181111,285.2764958719327
20181112,286.02009429040254
20181113,282.7335771915388
20181114,279.5638834648068
20181115,278.3739365613861
20181116,277.59288394495667
20181117,276.9782199293865
20181118,275.7224098798468
20181119,274.3895030294849
20181120,274.85392534575266
20181121,274.9358389721858
20181122,275.0955303881503
20181123,275.67348132522517
20181124,278.047995657521
20181125,277.581251670413
20181126,277.2686508216325
20181127,276.5116204445065
20181128,276.9440145122744
20181129,279.94499052300097
20181130,280.1356134807426
20181201,278.87975278281283
20181202,282.47496999427204
20181203,283.77459421127736
20181204,279.465916734561
20181205,278.82122782487164
20181206,282.15459161879977
20181207,281.7289933967418
20181208,279.0145164827023
20181209,279.22022532444237
20181210,276.92079316402334
20181211,274.72803010071806
20181212,272.88995222728664
20181213,272.420437056317
20181214,271.58886258432045
20181215,271.3699320498993
20181216,274.2435547386951
20181217,276.2638867969467
20181218,276.22357726979857
20181219,279.2384380948588
20181220,278.5000296649458
20181221,281.3222102422358
20181222,281.5849088418842
20181223,281.21491465185346
20181224,278.1968179370426
20181225,272.5646455198186
20181226,271.4517180388713
20181227,272.6750966245052
20181228,272.44876033360686
20181229,273.45375797607625
20181230,276.63673603843796
20181231,278.5186234053369
20190101,277.72964108178695
20190102,274.53847120454935
20190103,272.7737213978994
20190104,273.73024848684923
20190105,275.310137922679
20190106,275.25890857260646
20190107,275.53192881413
20190108,277.00455855542003
20190109,274.2273207748064
20190110,272.4541142931368
20190111,273.1891711963117
20190112,276.28907116990644
20190113,279.0184748739427
20190114,276.57623339146363
20190115,275.5445790602088
20190116,275.8567092048568
20190117,275.89036600856025
20190118,271.8776603116636
20190119,270.838798226043
20190120,270.99415448069277
20190121,269.567722605998
20190122,269.6889366816609
20190123,271.39344605799994
20190124,269.7601903839484
20190125,271.9229249204912
20190126,275.5087501117575
20190127,276.4354178882236
20190128,273.7966022939822
20190129,272.49820763525514
20190130,272.3740781224124
20190131,271.76046040402633
20190201,275.5084436662584
20190202,275.03947702706733
20190203,273.0234726655343
20190204,272.1137105835664
20190205,273.40542914674603
20190206,273.658571734779
20190207,276.71172609602
20190208,277.6001379875774
20190209,279.4612232380936
20190210,279.05390859833585
20190211,275.83216398884196
20190212,274.4627844885758
20190213,274.10079569646103
20190214,276.5012010194753
20190215,277.80486799895465
20190216,278.33466429524856
20190217,279.20945561575985
20190218,278.808539955442
20190219,278.720783701987
20190220,278.7262329250343
20190221,279.71830114067234
20190222,280.8255061192194
20190223,278.4282514713747
20190224,278.07873509041735
20190225,279.88215977579796
20190226,281.1930662808141
20190227,281.6662527644964
20190228,281.1280634263779
20190301,279.88376493970503
20190302,279.94073103391247
20190303,281.8125031187431
20190304,280.56358606489954
20190305,277.9427972624438
20190306,281.76753681045926
20190307,281.06113494986454
20190308,279.37700491777935
20190309,280.6695143083413
20190310,281.1096310004771
20190311,276.26890948924114
20190312,277.90096099921647
20190313,277.39564254409686
20190314,277.723433106939
20190315,281.0040141015363
20190316,281.80355690934505
20190317,279.0960910769115
20190318,276.8882058522039
20190319,276.41290947424636
20190320,278.1026618784785
20190321,279.76645881495534
20190322,281.60533012836817
20190323,281.3057057401282
20190324,280.42948828221654
20190325,277.7997527715806
20190326,277.8384206052399
20190327,278.6927958190595
20190328,280.31207249776554
20190329,282.326049932339
20190330,283.4957148463577
20190331,283.610331973682
20190401,283.09426425713053
20190402,283.47513403419276
20190403,279.17082581070963
20190404,277.57226609106385
20190405,278.16494510987
20190406,281.27306995457957
20190407,282.6520937428624
20190408,282.2628358896533
20190409,281.87069827012346
20190410,281.358015947679
20190411,279.11102422454036
20190412,277.1376740988871
20190413,275.5398429805286
20190414,276.5995924401163
20190415,280.56605530015065
20190416,281.90743819055405
20190417,284.42663512468675
20190418,285.8972833108961
20190419,287.18575858175046
20190420,287.6619138887722
20190421,287.64808895978666
20190422,288.0966507094918
20190423,287.70217245256157
20190424,285.9596870680104
20190425,284.31607737487394
20190426,282.623573669034
20190427,280.95077175060726
20190428,279.3834031071082
20190429,280.75704013598374
20190430,283.48805035161814
20190501,284.7365494470831
20190502,283.79182775274205
20190503,282.2293183399478
20190504,278.045266524326
20190505,278.1635448429416
20190506,279.1160566109628
20190507,281.0578900200576
20190508,282.53078334052606
20190509,282.46132502495163
20190510,283.814494905422
20190511,282.7363144137996
20190512,280.9758750622794
20190513,281.9429491152679
20190514,282.0525679205893
20190515,281.7447877325363
20190516,282.82882496669123
20190517,284.9974210867454
20190518,286.5753143767145
20190519,286.55096882759466
20190520,286.29992995862006
20190521,284.5026214793217
20190522,285.03372367902756
20190523,287.1939252425835
20190524,288.7398171613441
20190525,287.161750584189
20190526,287.3495453930357
20190527,286.66141993716883
20190528,284.96920517831035
20190529,284.9152190943799
20190530,286.8928604835252
20190531,289.47170308189675
20190601,291.9496848343584
20190602,294.17229613030463
20190603,293.055846050449
20190604,294.40102194458547
20190605,293.8647729923016
20190606,286.2205085908015
20190607,288.2340733419981
20190608,286.80043069445577
20190609,288.88272600396857
20190610,289.1771886341559
20190611,286.5749925150406
20190612,287.20699820368617
20190613,288.4412057596748
20190614,290.84863983319707
20190615,290.39871214173553
20190616,289.4945421672212
20190617,291.33250695092516
20190618,293.733770474717
20190619,293.89425217277324
20190620,290.74766858908566
20190621,289.90863870647576
20190622,291.31262275228374
20190623,293.3599374459048
20190624,296.4792066884258
20190625,298.89835519957614
20190626,300.0158766818196
20190627,297.84835627641473
20190628,295.41593927934474
20190629,297.1193061825949
20190630,298.81895218841044
20190701,294.72216861784517
20190702,292.7663225367658
20190703,292.5652879188961
20190704,292.82030112137414
20190705,294.52205383774316
20190706,295.6270879100986
20190707,291.84951853702205
20190708,289.3064894236901
20190709,289.07712002328026
20190710,290.75498555160465
20190711,290.85476260519835
20190712,291.5616931418367
20190713,290.08760332827234
20190714,289.37763943778873
20190715,289.6025141302252
20190716,290.27534184046993
20190717,292.2267318137625
20190718,293.91997584015695
20190719,293.21316909592434
20190720,295.06581356741896
20190721,294.22875628220504
20190722,295.45227229980793
20190723,298.4222431353669
20190724,301.6264795800985
20190725,302.81916297950494
20190726,300.85457000691434
20190727,294.31554578893656
20190728,290.8939016208366
20190729,292.7928701750063
20190730,293.96851864225385
20190731,291.92244291840075
20190801,292.3250892123874
20190802,292.98545536389565
20190803,292.2656686247814
20190804,294.5625215407337
20190805,295.94933684372694
20190806,293.986945566108
20190807,291.43399398638434
20190808,293.0598657058961
20190809,295.3778153986813
20190810,293.3279162651316
20190811,290.36872258284774
20190812,288.88084179862653
20190813,288.3076329385143
20190814,289.06979865035584
20190815,290.57109433283046
20190816,290.7874771631386
20190817,291.2777125578156
20190818,292.6634629478222
20190819,290.4498133659819
20190820,288.9654163058697
20190821,289.47868627261465
20190822,291.0733115354761
20190823,292.33745298559325
20190824,293.70001349069986
20190825,295.06530207840547
20190826,296.52094602460494
20190827,297.05684463824747
20190828,296.9176361619694
20190829,294.76160039920836
20190830,293.9559023406887
20190831,296.63324359881614
20190901,291.32841190269573
20190902,289.2006299604686
20190903,290.0232608988395
20190904,291.1627811353531
20190905,287.490195754551
20190906,287.04832805564087
20190907,286.25057831897306
20190908,284.5427225991942
20190909,285.1846336371004
20190910,286.79721740547205
20190911,288.00099201870063
20190912,290.571366993078
20190913,290.68404304797133
20190914,290.98072947690054
20190915,291.7196432429513
20190916,291.39541208943956
20190917,288.64168178520265
20190918,285.67800918582674
20190919,285.05887853469955
20190920,286.13492921319136
20190921,289.0499516808948
20190922,290.5235080045908
20190923,287.8523693074011
20190924,286.9159071478812
20190925,286.8545079649295
20190926,287.88413077017157
20190927,288.0086776840999
20190928,287.31772977677514
20190929,288.6911631700911
20190930,286.94278208811414
20191001,288.1515942768304
20191002,284.264538703934
20191003,281.9667511362372
20191004,283.42028718767716
20191005,284.0465580402105
20191006,283.43683117913156
20191007,283.47124621756615
20191008,285.1113997548008
20191009,283.7950547851327
20191010,283.8852848027873
20191011,286.35867368323153
20191012,288.94657230820553
20191013,291.18410159157696
20191014,290.70266926609594
20191015,286.63648131552753
20191016,285.1284521896294
20191017,286.4557860549731
20191018,285.8156168214826
20191019,285.70527665698387
20191020,286.89544345426464
20191021,285.6056655505327
20191022,284.32989235792894
20191023,286.05123054839595
20191024,286.49619218731624
20191025,285.89692491876946
20191026,286.36338218487145
20191027,284.80713773855564
20191028,280.11348549484563
20191029,279.67498296938294
20191030,279.20031152645123
20191031,279.07447931269957
20191101,282.5652560076075
20191102,285.3051746968786
20191103,283.8798443185524
20191104,282.42452555264987
20191105,280.8271616235239
20191106,279.691709866134
20191107,279.53539489890653
20191108,277.85039220431264
20191109,276.49762961307954
20191110,275.99111303664006
20191111,276.8810579443106
20191112,276.65603793157715
20191113,276.2235830129459
20191114,276.45232690854203
20191115,276.07107712117937
20191116,274.8255998000392
20191117,275.0118950441185
20191118,275.13907270883107
20191119,276.20035413375695
20191120,273.41223369794375
20191121,276.0504208568331
20191122,278.3357302052738
20191123,278.64454980612214
20191124,278.21658705358897
20191125,279.26247803356904
20191126,281.8098011643034
20191127,282.25466078470276
20191128,281.10639840548765
20191129,278.3417795276138
20191130,273.9699410348925
20191201,274.5648423729072
20191202,274.2584777546651
20191203,275.07146300889815
20191204,273.3482469359297
20191205,272.5259504569954
20191206,275.2074898789151
20191207,279.3306970361954
20191208,280.7826489284484
20191209,277.93443020692877
20191210,274.50283687982375
20191211,275.54258499669487
20191212,275.28189804231596
20191213,276.6660546503524
20191214,278.6022115773272
20191215,280.8255941947362
20191216,281.5171265505028
20191217,283.2822940069266
20191218,281.5725491973022
20191219,281.39027240434314
20191220,280.72771315956516
20191221,278.3650529828779
20191222,279.59578995077817
20191223,278.7505428829423
20191224,279.5228317706975
20191225,278.715426711216
20191226,276.4800822280186
20191227,278.63534764503635
20191228,273.84481807736995
20191229,272.76390740384153
20191230,273.7530614918108
20191231,273.7777124014495
20200101,273.31098699032253
20200102,274.6829183306889
20200103,278.4822454668476
20200104,276.78277778830596
20200105,276.28722699080623
20200106,274.4493279693898
20200107,276.70149402542177
20200108,279.4535454916964
20200109,281.86214832710516
20200110,279.6700444064733
20200111,276.19637070387193
20200112,275.83924433322113
20200113,278.8080084404385
20200114,280.74560334276157
20200115,282.0341162155118
20200116,280.97000015673797
20200117,279.1163727899437
20200118,275.4885982204242
20200119,273.9779328667009
20200120,274.3836937279635
20200121,272.56605258599694
20200122,272.2703138959636
20200123,273.23305707615174
20200124,273.6386634632766
20200125,274.37750116162476
20200126,276.49813915263036
20200127,278.1671191724332
20200128,276.7093212627308
20200129,275.8514054219138
20200130,279.2795358257893
20200131,283.19503567025816
20200201,282.68566885822014
20200202,282.7571541088469
20200203,282.68766436669716
20200204,276.6201122996417
20200205,275.8309593387202
20200206,274.3708175805503
20200207,274.23284066467824
20200208,277.0681241726589
20200209,281.32930729091424
20200210,280.3574541269494
20200211,276.6573933165432
20200212,275.74143221450527
20200213,277.3171038227193
20200214,278.7827400432424
20200215,280.13361743629446
20200216,285.0209917732375
20200217,280.17754758078047
20200218,277.9362066121109
20200219,277.5396515799867
20200220,279.1446406549308
20200221,276.8477517075615
20200222,279.07235544765297
20200223,281.7140303015531
20200224,280.8504509744677
20200225,279.11596277160317
20200226,274.9559747100462
20200227,274.34673603838354
20200228,275.7794921776315
20200229,280.6221472650579
20200301,278.9572205571269
20200302,278.12533059994547
20200303,276.0091055324486
20200304,276.44949370121554
20200305,279.1809840512448
20200306,277.36615372721667
20200307,276.93789615048365
20200308,279.905399465732
20200309,278.72229687303553
20200310,280.0768780601189
20200311,283.88333887067137
20200312,281.9545602601845
20200313,278.4565579751726
20200314,278.3004896826262
20200315,281.4039714808616
20200316,282.3463296609575
20200317,282.6881150104023
20200318,282.6377564111777
20200319,283.54438397217433
20200320,282.99515896804184
20200321,277.73948732651496
20200322,276.6905365848147
20200323,275.33442474935526
20200324,275.4517319867744
20200325,275.8086466674961
20200326,276.5738805349342
20200327,279.39820400425106
20200328,281.9170741485389
20200329,276.6314948826634
20200330,274.7103331583178
20200331,275.87241960092473
20200401,276.32660621191104
20200402,277.728095752064
20200403,278.99321863891623
20200404,279.7572860290306
20200405,283.4259819896799
20200406,284.848119521694
20200407,286.0037472775212
20200408,287.35267699837914
20200409,287.83842649263585
20200410,287.4562190729102
20200411,287.3839520320021
20200412,287.8565152962909
20200413,283.3488967919233
20200414,278.23548393009287
20200415,282.0762126961342
20200416,286.6099671463672
20200417,288.52267842714
20200418,287.9125754367296
20200419,286.6420499246386
20200420,286.02202313846806
20200421,286.81688210168613
20200422,287.32165856489127
20200423,287.7560665784858
20200424,287.93403448403376
20200425,285.4186663285961
20200426,285.814087829829
20200427,287.4524677722137
20200428,286.4963802918065
20200429,285.4857992436659
20200430,283.78606093670237
20200501,282.8837615146376
20200502,281.7626165434146
20200503,283.61879844703594
20200504,285.7719601452071
20200505,283.80230278527995
20200506,283.55544606936655
20200507,286.0716521642011
20200508,289.18274828095235
20200509,288.651104564499
20200510,289.4787279544087
20200511,280.2149190945808
20200512,280.65039898880195
20200513,282.068459153422
20200514,282.1627306634877
20200515,283.83261777988076
20200516,284.6858648103784
20200517,285.2187503447476
20200518,288.0180807251476
20200519,289.75006848653123
20200520,290.5795151269376
20200521,291.6938961015833
20200522,292.5344064280582
20200523,285.5316529503001
20200524,285.59748027290783
20200525,287.23298139521745
20200526,287.7815100184506
20200527,289.2549945123597
20200528,289.0609855120842
20200529,288.6897658074337
20200530,288.99509021405134
20200531,288.6263130053306
20200601,291.29490869663397
20200602,293.174602289137
20200603,292.5257206252186
20200604,287.2061136493451
20200605,283.91984358885185
20200606,285.45854506725055
20200607,285.5978453441765
20200608,286.5867339100021
20200609,286.992236886183
20200610,287.3482857067895
20200611,288.47036099297947
20200612,291.00990999836
20200613,290.5405415697183
20200614,289.2455253863531
20200615,289.7234061947705
20200616,290.0944969047695
20200617,287.9979877537057
20200618,288.72160001414363
20200619,288.5467121468835
20200620,289.29163009171526
20200621,290.88172826413773
20200622,289.9450327386374
20200623,292.31151902519963
20200624,293.9764635637056
20200625,294.45424814815505
20200626,294.3930712373716
20200627,294.21073055121485
20200628,290.55052036608396
20200629,289.06705092709325
20200630,289.53448301144675
20200701,292.47042028474635
20200702,290.91629321721126
20200703,289.5866638532722
20200704,291.51776237088023
20200705,293.2753370002882
20200706,288.11353376500557
20200707,288.5992437437559
20200708,290.2982876753377
20200709,294.3378341409926
20200710,291.5139649419562
20200711,289.3067594245276
20200712,290.6003601577614
20200713,292.5186788083765
20200714,292.5262424097845
20200715,289.7201894806373
20200716,288.00208405242773
20200717,289.90426254181494
20200718,292.33294201648204
20200719,294.3123780903003
20200720,293.1954134374367
20200721,292.0167605165114
20200722,292.4893962449373
20200723,293.02777589392514
20200724,293.23734522411365
20200725,293.8520968517387
20200726,292.47273812209613
20200727,295.5890333516135
20200728,293.68154304823594
20200729,291.4878208634327
20200730,294.9281450538049
20200731,299.31804108281136
20200801,298.19256153313876
20200802,293.55776045837825
20200803,290.2509055161191
20200804,290.2567992276699
20200805,292.82997925575035
20200806,295.0927541102855
20200807,298.09766046093404
20200808,300.3122264090985
20200809,300.46818528859166
20200810,300.0092538989007
20200811,299.9349970432148
20200812,299.73008209115886
20200813,298.32272725481215
20200814,295.20185567722484
20200815,295.1043074500613
20200816,295.5013674261392
20200817,293.4003073726885
20200818,292.2944148693725
20200819,293.78001057448915
20200820,297.97107555340796
20200821,297.4458648092912
20200822,293.59818902935825
20200823,291.3852197342388
20200824,290.22829411602476
20200825,292.3036005666486
20200826,291.2728924834885
20200827,291.15782643634554
20200828,290.60864370133936
20200829,288.9975925768788
20200830,288.11799952233645
20200831,287.39840399384246
20200901,287.9231205775373
20200902,288.445208484689
20200903,289.1274694719154
20200904,293.69980554323774
20200905,290.01338459896493
20200906,287.73812197353004
20200907,288.3140673545203
20200908,290.38168629063165
20200909,292.31610808693466
20200910,291.73308933464534
20200911,291.7942454112111
20200912,292.5598993717137
20200913,292.62460885281683
20200914,294.93463072314927
20200915,296.71174607653205
20200916,296.527180232891
20200917,291.58758110316904
20200918,291.86193614942914
20200919,292.4277124016213
20200920,291.6387675960568
20200921,291.0001783523535
20200922,291.9539653799047
20200923,291.00981093487684
20200924,288.3749012109193
20200925,283.118708995509
20200926,281.3758185510067
20200927,282.23241155274513
20200928,283.2282547546897
20200929,285.5645305583793
20200930,287.48827767280176
20201001,285.5711081950788
20201002,285.75578241109014
20201003,284.0813469821191
20201004,283.55939995019736
20201005,282.99939887355845
20201006,284.00793030444567
20201007,284.08429854923605
20201008,285.9548053556752
20201009,286.3057732044638
20201010,282.6884024074587
20201011,280.99248537763486
20201012,280.41707960587706
20201013,280.1876159087157
20201014,280.1722036870384
20201015,280.14473256195805
20201016,281.26266722445575
20201017,280.6403637445663
20201018,280.6784345627344
20201019,281.0437685594456
20201020,284.4909029814037
20201021,288.26287089369
20201022,288.515653690643
20201023,286.31376615054046
20201024,285.4848457205551
20201025,285.12099140775183
20201026,282.116064896002
20201027,281.76737942793716
20201028,284.05217226359105
20201029,283.0898446265693
20201030,284.9323724456022
20201031,284.3029477414345
20201101,287.05965309337756
20201102,289.39716644076674
20201103,282.4884365545416
20201104,278.67726707341774
20201105,278.1213512487113
20201106,278.6996247880133
20201107,281.6418852275238
20201108,283.20646780851297
20201109,283.27142078387305
20201110,282.7040658487487
20201111,282.6364672875263
20201112,281.59770907979674
20201113,283.18706873740354
20201114,284.40223468746706
20201115,285.09324009540154
20201116,282.0371159201149
20201117,281.67142359824715
20201118,282.05272219454315
20201119,281.1391019913959
20201120,276.4204892995655
20201121,275.07589750376746
20201122,276.49395775544605
20201123,277.9578861781363
20201124,277.2517068506675
20201125,277.3312544934091
20201126,277.41869336396206
20201127,277.22212527294886
20201128,275.8420849116568
20201129,273.1647849027085
20201130,271.9861797949246
20201201,275.220350667746
20201202,274.2633299712727
20201203,275.35416723008103
20201204,276.81554422012704
20201205,275.0127945463194
20201206,274.74860791993876
20201207,274.7534169152622
20201208,274.385635112452
20201209,273.6057702130875
20201210,273.4181573839084
20201211,275.4514451631001
20201212,278.4646011319067
20201213,277.7991172098573
20201214,279.62785238268367
20201215,280.90451217686683
20201216,281.03504378702627
20201217,280.610284696546
20201218,278.35726802146695
20201219,281.27791697828195
20201220,280.45855155014146
20201221,279.6662534422198
20201222,284.20500323325
20201223,283.82562215092304
20201224,277.89091286011865
20201225,274.6635572193383
20201226,273.7043036407744
20201227,274.99106543287695
20201228,274.8003374971716
20201229,274.77520375445926
20201230,274.64352819564397
20201231,274.26581162803603
20210101,273.6738644320382
20210102,272.58526056383675
20210103,272.77879949354286
20210104,273.18488503874596
20210105,273.3133540450269
20210106,273.10145446512814
20210107,272.3077678602679
20210108,272.50270910386376
20210109,271.62217724085497
20210110,270.87643426620986
20210111,270.5614129576063
20210112,274.6196069965235
20210113,274.5423277925426
20210114,273.4752593833948
20210115,270.68387269246927
20210116,269.0716360078948
20210117,273.3536107730668
20210118,274.1963018701019
20210119,274.6449698602982
20210120,278.6785212526203
20210121,280.966439692323
20210122,277.3022096631891
20210123,274.7121340573674
20210124,273.1146328389113
20210125,272.3616615892135
20210126,272.8223853474104
20210127,273.6898142601797
20210128,279.89227276687245
20210129,280.56558707558145
20210130,278.01112562882093
20210131,275.36256561231045
20210201,278.4913128218297
20210202,280.5512991035902
20210203,282.19317418544546
20210204,279.9806148403064
20210205,280.05390544397073
20210206,279.3801056186629
20210207,277.63666637631644
20210208,272.46497675881943
20210209,269.9087682414852
20210210,266.7464610858596
20210211,267.5297360902977
20210212,267.65945757541783
20210213,267.5971830210903
20210214,270.4696804463528
20210215,274.9790536183762
20210216,279.641797243125
20210217,279.1587217333088
20210218,279.4220728679192
20210219,279.57078213284035
20210220,282.70231312300865
20210221,282.4453429507188
20210222,281.71147350243155
20210223,284.27339415041666
20210224,284.44516773681033
20210225,283.2367016610453
20210226,279.26536369999087
20210227,276.9988203492965
20210228,277.4056868440642
20210301,278.1135241894049
20210302,279.66213018190575
20210303,280.93594881961843
20210304,279.35097816254415
20210305,276.02868437620003
20210306,274.16549825303764
20210307,274.58192367667914
20210308,274.2554169506197
20210309,275.41840481922105
20210310,278.45641785671677
20210311,280.3449423933303
20210312,278.5556926226076
20210313,278.3963295319944
20210314,276.23296419412026
20210315,277.2883449128297
20210316,276.60480368901307
20210317,275.92188750485724
20210318,274.72192749785575
20210319,274.9569899117137
20210320,274.1373954166052
20210321,275.69874153529196
20210322,276.0422609668166
20210323,277.6487371200931
20210324,279.6522251451626
20210325,280.016044392649
20210326,281.66736647703266
20210327,278.9977164772247
20210328,280.49985926559526
20210329,283.56969430530154
20210330,285.2944009712418
20210331,286.97686430984567
20210401,286.8973950601913
20210402,280.2219082820376
20210403,278.2560340458452
20210404,278.69107113769434
20210405,275.68859099831184
20210406,273.47064879870726
20210407,274.0397603843545
20210408,275.6830278195658
20210409,280.7610321632541
20210410,282.3410441568909
20210411,279.37026532032246
20210412,276.40186114655216
20210413,276.3168316408714
20210414,275.94950942145334
20210415,276.3363358696683
20210416,276.86224500689707
20210417,278.80465537458053
20210418,280.1860504242022
20210419,280.8403390951889
20210420,281.4346568292013
20210421,283.0401138257673
20210422,280.6781498978617
20210423,281.0076905160693
20210424,282.41813583137485
20210425,281.33325312350024
20210426,281.2680160419462
20210427,282.1056279350956
20210428,283.77698701160506
20210429,282.3770317814801
20210430,279.44658637125104
20210501,280.54726711011284
20210502,280.012636953908
20210503,280.61126961472286
20210504,282.07734475346433
20210505,279.72302225046786
20210506,279.51134340597497
20210507,280.30714637776566
20210508,283.24387030859
20210509,290.87516104488594
20210510,286.7306923156201
20210511,284.5229303401351
20210512,283.99653423334115
20210513,283.1678293668303
20210514,283.3255635185564
20210515,282.82047173501957
20210516,283.49953887405195
20210517,283.12026398925883
20210518,282.8708431872327
20210519,282.28299304960973
20210520,283.77548730447205
20210521,284.9007667986997
20210522,283.4456729410942
20210523,283.4429989049255
20210524,283.4783983304438
20210525,282.1881467318337
20210526,282.5481387239351
20210527,283.62817588933746
20210528,284.68704015583586
20210529,286.28462879084924
20210530,286.633184077241
20210531,287.47993712910596
20210601,289.1738251073413
20210602,291.00594958467036
20210603,291.8209518225185
20210604,291.9128601089964
20210605,288.88694696306317
20210606,288.0920699512058
20210607,288.9554746239862
20210608,290.1646934668633
20210609,291.572069078323
20210610,292.329741732054
20210611,292.9382477350196
20210612,291.4886829711215
20210613,289.843861606884
20210614,292.3692422080501
20210615,294.43130445627446
20210616,296.5016204442098
20210617,297.76099027998345
20210618,296.5617073677697
20210619,295.9750382884229
20210620,294.1724442128124
20210621,292.0953475446308
20210622,289.0557411979894
20210623,289.9054471627582
20210624,288.72062470894144
20210625,289.00316374714254
20210626,290.80597632682003
20210627,292.68148599671304
20210628,292.62069335323207
20210629,289.74713932317474
20210630,286.4701456798969
20210701,287.0078871309584
20210702,289.19074218099905
20210703,291.4541930212679
20210704,290.2745578007883
20210705,290.1810773924919
20210706,290.53048897712387
20210707,290.3540445227477
20210708,288.75631755591957
20210709,289.9022797747633
20210710,290.7318833294871
20210711,290.2195116728483
20210712,290.66176408913606
20210713,288.398220490763
20210714,287.59496371762594
20210715,289.91184068573716
20210716,290.1062963740448
20210717,291.57972799330946
20210718,292.4498446026006
20210719,292.4349694591554
20210720,290.8217386629635
20210721,291.3080449778443
20210722,292.12757868074647
20210723,293.06126828464534
20210724,292.3780661032131
20210725,292.00486217355586
20210726,291.16461223786024
20210727,290.3854219387942
20210728,290.59996227079176
20210729,290.00541872240046
20210730,290.97650694877206
20210731,289.48219138533193
20210801,288.616339678544
20210802,288.4715236624679
20210803,288.0697038695369
20210804,288.25264111933905
20210805,289.14686021622316
20210806,289.90873171773256
20210807,289.6224120985658
20210808,288.55568931882425
20210809,289.5028804721372
20210810,289.88588419094054
20210811,292.3005428153034
20210812,294.2582382307101
20210813,294.2762075983031
20210814,294.1839798608592
20210815,294.04639221419257
20210816,289.025616257615
20210817,286.7989373796641
20210818,288.5393572823237
20210819,290.1719196210368
20210820,290.72096407208267
20210821,292.718383606717
20210822,289.8449788534554
20210823,289.8716414346529
20210824,289.24290140464626
20210825,289.0443230766091
20210826,287.1272443451688
20210827,287.0339403520603
20210828,287.0953538546977
20210829,287.0979777529918
20210830,288.7598368275012
20210831,288.1078676283194
20210901,288.54686019541475
20210902,289.30356995029746
20210903,290.54717666805686
20210904,291.1662028568862
20210905,291.505614536971
20210906,291.96170598645836
20210907,292.2039266154391
20210908,292.6960097757358
20210909,292.1246975078102
20210910,290.3518878453894
20210911,290.165485090496
20210912,289.56665452999385
20210913,290.07180842623643
20210914,291.1132920492502
20210915,291.42612492636124
20210916,288.78388991599223
20210917,288.3046703739768
20210918,288.5162919651745
20210919,287.0305736770645
20210920,286.4867745110694
20210921,285.6074558586817
20210922,285.5197324337783
20210923,286.71439163621164
20210924,287.21129262495396
20210925,288.9606521108897
20210926,289.3803253706054
20210927,288.4795200372749
20210928,285.3070166536044
20210929,284.30592920674104
20210930,282.6641955562878
20211001,284.9748357021543
20211002,288.2864705599755
20211003,288.8676118342332
20211004,284.6253852494122
20211005,284.40851781488806
20211006,283.01066516920974
20211007,284.136411311314
20211008,284.4816872785484
20211009,283.8363477406873
20211010,282.12271148262107
20211011,281.5601055627557
20211012,281.82961208044884
20211013,280.395820386666
20211014,281.53812280399836
20211015,281.95197257435524
20211016,282.0333759586936
20211017,281.12738183691783
20211018,282.1524933739772
20211019,286.7858371385746
20211020,287.95670834322414
20211021,283.4185249741296
20211022,279.57005186109643
20211023,280.72539019802565
20211024,280.06527005438375
20211025,281.85359177203816
20211026,283.17935445154467
20211027,283.25275823365195
20211028,281.7516290101381
20211029,284.6484328942909
20211030,283.58152704765945
20211031,286.8896818551974
20211101,282.7610454692298
20211102,279.87745085432925
20211103,279.60919896023466
20211104,278.5942579888085
20211105,279.1837195985658
20211106,278.1735107504
20211107,279.0370710444898
20211108,278.20344582227017
20211109,277.30010355948156
20211110,276.53991906197933
20211111,275.7649417045687
20211112,276.43528536507273
20211113,280.368159374817
20211114,280.682646379958
20211115,279.58556753414746
20211116,278.3729870250606
20211117,278.50999787902026
20211118,279.0675852952429
20211119,279.82592652763066
20211120,279.3548235360044
20211121,277.5580316199355
20211122,276.8102486453333
20211123,274.83495196918983
20211124,274.6388095193098
20211125,273.4897977014064
20211126,274.51171961429276
20211127,274.406412963681
20211128,273.9009305756776
20211129,273.1332106111209
20211130,275.46722702688663
20211201,278.2487712153431
20211202,274.96757455967605
20211203,273.74914298300706
20211204,277.58338570744303
20211205,274.74952371692547
20211206,274.36362478482783
20211207,275.7769833669701
20211208,276.6681224761318
20211209,274.5228976744758
20211210,274.4260715450164
20211211,274.71523173166446
20211212,276.3724096341589
20211213,278.12275429445896
20211214,276.9802868311654
20211215,277.88924252052
20211216,278.3216599322684
20211217,277.8782351336533
20211218,276.72970374676487
20211219,276.030318476014
20211220,275.1645702837298
20211221,271.288216583954
20211222,270.5091053675485
20211223,275.22822491478286
20211224,278.88909633564145
20211225,278.2746761961795
20211226,277.1691427834069
20211227,279.8570659993941
20211228,281.31310799925444
20211229,282.1547963309438
20211230,284.7567629536221
20211231,282.181474187817
20220101,281.9678989720313
20220102,282.08182423091324
20220103,281.75463942837007
20220104,280.3599028593069
20220105,274.92303752559457
20220106,274.34297674348915
20220107,274.2294551129008
20220108,274.6935172749556
20220109,275.3845201060091
20220110,273.44148143995835
20220111,272.21337499934185
20220112,272.3426617153924
20220113,273.3130520918491
20220114,273.86567800837094
20220115,272.8675024758909
20220116,272.92699827866176
20220117,274.68860388069544
20220118,275.9300034822556
20220119,273.9210078609313
20220120,274.4261122405596
20220121,273.56951242374726
20220122,275.3572980016548
20220123,275.53736428367796
20220124,274.1617837383257
20220125,272.9741302550609
20220126,272.7102186912986
20220127,273.6128393326392
20220128,275.46510396830115
20220129,276.86971529805464
20220130,276.5778423146285
20220131,275.8172574991751
20220201,275.7678684931512
20220202,279.4024019974782
20220203,279.024016668697
20220204,277.9883146788137
20220205,275.26915084938395
20220206,277.95706432160335
20220207,275.630895180629
20220208,277.72170196978067
20220209,279.2140105489577
20220210,277.9122435706007
20220211,275.26595721316477
20220212,273.0278974396809
20220213,277.0890336841642
20220214,279.95376944305065
20220215,278.3924295504518
20220216,281.0170354902095
20220217,281.49556371837497
20220218,281.1175377297446
20220219,277.2116795775559
20220220,279.68753915323083
20220221,277.75872157491835
20220222,278.1296905125336
20220223,279.03241200800625
20220224,279.0323472241569
20220225,275.1982448690538
20220226,274.23980478387637
20220227,275.71465912566276
20220228,275.53766616663376
20220301,275.43379859966007
20220302,275.3867578128532
20220303,276.4411332969349
20220304,275.10091924830573
20220305,274.1113803241148
20220306,273.72880394703157
20220307,272.84355380104205
20220308,274.5894344738382
20220309,276.30661775316287
20220310,278.1924571683498
20220311,279.66898258381485
20220312,281.4965504130798
20220313,281.04371056597097
20220314,280.47075707369754
20220315,279.8831242163246
20220316,282.08264242889373
20220317,280.9056478844065
20220318,280.0317859195464
20220319,279.4470742535262
20220320,279.7844392108122
20220321,282.2369164328592
20220322,281.5301890734966
20220323,282.4159396930031
20220324,282.47677085596035
20220325,282.2311468243446
20220326,282.8738671602418
20220327,283.9471064443871
20220328,284.45317550111383
20220329,283.4641720615064
20220330,281.382367227586
20220331,278.22851337318775
20220401,274.708161155818
20220402,273.56953742773044
20220403,273.9247597435469
20220404,275.0093918337603
20220405,278.7532966172585
20220406,281.36231979527213
20220407,281.52884845102983
20220408,278.0879440871184
20220409,276.7443999053679
20220410,277.3816007723073
20220411,281.7551462284338
20220412,285.7113104091147
20220413,287.0993234007255
20220414,285.9702151851605
20220415,284.9178557878525
20220416,282.36190273606127
20220417,281.86406191094505
20220418,282.6161409623872
20220419,284.0196810242204
20220420,282.5674189199672
20220421,283.11081026582156
20220422,283.8350282031999
20220423,284.18016282869957
20220424,282.78495966008416
20220425,282.187471161407
20220426,281.09227525919147
20220427,282.4377550145809
20220428,284.9230780487939
20220429,284.8564570459239
20220430,282.5059160404015
20220501,282.96846199858686
20220502,284.8452613388096
20220503,285.9578070156609
20220504,285.65841995761815
20220505,284.6687920187405
20220506,286.3619716930228
20220507,286.94695739121136
20220508,287.6032183087685
20220509,289.00704542239936
20220510,290.18552765501715
20220511,292.37928683322093
20220512,289.57637105137627
20220513,287.7221641508306
20220514,288.5011348500997
20220515,291.21773126693824
20220516,290.20171044245836
20220517,290.86078904455957
20220518,293.42526174993577
20220519,293.5215591793091
20220520,292.84837623366553
20220521,288.1669319342717
20220522,289.7209251920055
20220523,289.5768116468593
20220524,286.46884244557407
20220525,286.47880239625124
20220526,287.99730161956387
20220527,286.73119868510423
20220528,285.04807892581283
20220529,283.44672480210045
20220530,284.25529503045254
20220531,286.9427495355829
20220601,286.9342082575526
20220602,288.1581195098403
20220603,290.5969910720236
20220604,292.1935443669845
20220605,290.741218912046
20220606,289.0067919618372
20220607,288.913384493353
20220608,287.56447386991687
20220609,286.89860731214316
20220610,289.1784255715798
20220611,291.9917304366814
20220612,291.5619016834826
20220613,288.7721479287039
20220614,290.2675837243161
20220615,293.78174156293306
20220616,294.00991369563206
20220617,294.4611229598433
20220618,298.97871326470147
20220619,298.9707644519743
20220620,291.5177806632011
20220621,292.15321656745556
20220622,292.3412079015103
20220623,294.6475030977994
20220624,291.59406834045404
20220625,292.24678634571603
20220626,290.4439116526
20220627,289.7746445247021
20220628,290.67647127753503
20220629,292.9645505198901
20220630,292.18618334232997
20220701,288.0291255658902
20220702,291.30374666147287
20220703,292.8022637080396
20220704,291.25209205368736
20220705,291.5400961529717
20220706,289.3876694930331
20220707,289.19944006742634
20220708,289.7719568660408
20220709,291.711800931177
20220710,289.6836128487519
20220711,292.01033006250765
20220712,293.8417965076515
20220713,296.2521612049325
20220714,295.42201935896645
20220715,291.8639744057563
20220716,292.2479509652649
20220717,294.1491391191332
20220718,297.7746767331725
20220719,300.49406178691873
20220720,297.00976721205086
20220721,293.5914441852569
20220722,294.71862202030667
20220723,294.4216588044105
20220724,296.61798361282814
20220725,296.39887157748444
20220726,292.12435973987
20220727,291.6415723626297
20220728,293.2712139280138
20220729,293.6085495557444
20220730,294.19446290804166
20220731,295.57151531599965
20220801,293.8227459108227
20220802,295.42381863609813
20220803,298.44427275924596
20220804,300.14430142462226
20220805,294.917805526353
20220806,292.0436850727926
20220807,293.19747824140813
20220808,294.8237352102105
20220809,296.2665545623578
20220810,296.7752369744618
20220811,296.6717344737901
20220812,296.6506270895358
20220813,296.4112904131851
20220814,296.5746691268637
20220815,293.2184206994297
20220816,294.7109172954535
20220817,294.50756821595326
20220818,293.14225805128103
20220819,293.52696271000053
20220820,292.2402418567313
20220821,292.6190543380526
20220822,293.87089556955897
20220823,294.85927360899285
20220824,297.08845875702735
20220825,297.170172434043
20220826,294.01222612236
20220827,292.08348169778156
20220828,292.38970246255434
20220829,293.5705609721837
20220830,293.34210380478356
20220831,292.2484619129085
20220901,291.9647479497843
20220902,292.43568084367854
20220903,291.88940885655535
20220904,292.4816668974468
20220905,294.40379168739906
20220906,294.4794723820349
20220907,292.2888907694435
20220908,289.8135946391938
20220909,288.52324853777435
20220910,287.87005324189806
20220911,289.19882144195947
20220912,290.33550145778537
20220913,292.0909418057393
20220914,291.95737742162186
20220915,288.8929516277262
20220916,285.0110397161609
20220917,283.2843713755755
20220918,284.01644548626876
20220919,283.7470610842826
20220920,283.4830738886911
20220921,283.56814547053096
20220922,283.92546134438754
20220923,285.11743933112524
20220924,285.65397785855765
20220925,284.2307099380551
20220926,282.56734669687506
20220927,282.0893158029582
20220928,282.4688735713036
20220929,281.53445407541403
20220930,282.5023174370235
20221001,285.0784238361251
20221002,285.7604186216824
20221003,283.32001868547724
20221004,284.46816918407734
20221005,288.1148223655801
20221006,285.9220438313616
20221007,284.73540199987866
20221008,284.1657083304141
20221009,283.47419378489883
20221010,286.1657401526191
20221011,284.5113487147452
20221012,283.9508111841206
20221013,285.47372388319496
20221014,286.4007482500172
20221015,287.80768181294695
20221016,289.13147735556225
20221017,290.1981124172139
20221018,288.4087298893084
20221019,286.99853549066137
20221020,287.6297140188852
20221021,288.37686545014157
20221022,287.5638669761789
20221023,288.86620439153074
20221024,288.29652867767874
20221025,286.49274711610883
20221026,287.77602633391695
20221027,287.948648468749
20221028,290.46229704280165
20221029,289.88899630875636
20221030,288.657394380658
20221031,287.1358725111603
20221101,285.6795734176642
20221102,284.09111863282055
20221103,283.39417258459133
20221104,281.1962461559785
20221105,280.3462097726981
20221106,280.75902771675095
20221107,283.9201109910516
20221108,285.03758254815165
20221109,284.5441967694059
20221110,281.6772986681712
20221111,280.38549255456036
20221112,280.22752526302617
20221113,279.9356567134302
20221114,280.22335241056857
20221115,283.1912319148575
20221116,282.6813198568529
20221117,282.3411246213072
20221118,280.32309789066136
20221119,279.06294229348754
20221120,278.5051356956249
20221121,279.13301352051377
20221122,278.7282224608544
20221123,279.17143549467545
20221124,279.80839983876075
20221125,279.6820096066863
20221126,278.4329074953406
20221127,278.255834966441
20221128,279.78751298571984
20221129,279.68026469478497
20221130,278.81870053976354
20221201,277.30490600300817
20221202,275.2439883912613
20221203,274.3174453411351
20221204,274.06838233473496
20221205,275.59163598458565
20221206,275.2929955978486
20221207,274.92522877302883
20221208,274.01395882681715
20221209,271.96308719595606
20221210,271.7050970594743
20221211,270.7047403019547
20221212,269.77075761993603
20221213,269.47586413817254
20221214,270.74419228366554
20221215,269.9907316601868
20221216,269.11585722711624
20221217,267.84622481891194
20221218,270.27071646885656
20221219,279.3151375621488
20221220,281.91467077518047
20221221,281.9121645996808
20221222,282.23181365385045
20221223,283.1365437822614
20221224,281.9232034353228
20221225,282.49604441730395
20221226,281.5179361249131
20221227,276.93127677796184
20221228,280.44442383325253
20221229,281.69483810130583
20221230,281.00612795259707
20221231,286.5324745902833
20230101,285.17075848735675
20230102,282.6741493009297
20230103,279.18305945230287
20230104,281.04272423691174
20230105,282.5382134757728
20230106,281.903722401683
20230107,281.1475484269038
20230108,281.08034651193697
20230109,278.06897673917234
20230110,277.42727944217785
20230111,280.6534642159656
20230112,280.5854250017457
20230113,279.87531836681757
20230114,280.3042744531217
20230115,278.02790694216446
20230116,275.92530932411967
20230117,273.53824504360006
20230118,271.86620696522056
20230119,272.17793516263254
20230120,271.46597959483853
20230121,271.1251462914103
20230122,271.88609154377116
20230123,272.8436151384658
20230124,273.5847259312597
20230125,272.33756815659945
20230126,271.81206443904824
20230127,273.53782935742817
20230128,272.65939831184033
20230129,270.8663983828156
20230130,274.46132840021016
20230131,274.8751316049665
20230201,277.3182113512638
20230202,278.0234092498206
20230203,279.15441994235067
20230204,279.0233262387254
20230205,277.0912228725933
20230206,275.2934684554655
20230207,272.8613614866994
20230208,272.1367068167323
20230209,271.9196979021778
20230210,273.48578022815644
20230211,275.7644145950592
20230212,277.887744930163
20230213,277.2146896037243
20230214,276.5719502541768
20230215,277.2129537075459
20230216,278.2939494102308
20230217,281.96659749580493
20230218,281.7157964782346
20230219,280.850895575628
20230220,279.60365623797804
20230221,279.4372771194698
20230222,280.10969367334275
20230223,281.15234656930477
20230224,278.92021676051934
20230225,275.6735938919541
20230226,272.36918806753164
20230227,272.55197966179355
20230228,272.6490327938035
20230301,273.7972287434852
20230302,275.62935531001966
20230303,275.4004850575354
20230304,274.75521007302797
20230305,275.2688381973504
20230306,274.84520472320565
20230307,275.88464735780866
20230308,278.4286811736228
20230309,282.07017341994583
20230310,278.66646221165706
20230311,274.1504385449411
20230312,279.27331594444667
20230313,284.4476376901125
20230314,279.39506249789105
20230315,275.38072397502435
20230316,278.69943817145645
20230317,282.9537979920572
20230318,283.2176217468604
20230319,281.5579806162929
20230320,280.43142692168317
20230321,282.2162126254049
20230322,284.05173207238425
20230323,284.58069213086344
20230324,284.210104963565
20230325,281.17033475384363
20230326,279.98018966567594
20230327,276.4064199043884
20230328,276.78477120441113
20230329,283.710913543696
20230330,285.1912812089
20230331,282.79338165674574
20230401,280.7894660311547
20230402,279.80625599489053
20230403,276.9248073610628
20230404,275.5033274549289
20230405,276.730446228983
20230406,278.0077992631415
20230407,280.05435823459925
20230408,280.6320096405764
20230409,280.97646147219297
20230410,282.8891137183853
20230411,282.0017169500303
20230412,281.0426652014008
20230413,279.45639296036904
20230414,279.576367935732
20230415,281.30500585079477
20230416,280.9679869163486
20230417,281.9466771872655
20230418,281.4818495499526
20230419,282.0847940677198
20230420,279.12373625448737
20230421,282.3308340260725
20230422,284.7233968779233
20230423,284.25449420073363
20230424,281.72361571096775
20230425,279.7966826334402
20230426,279.83360882630427
20230427,283.4996135808112
20230428,286.04948362251923
20230429,284.2777576388524
20230430,284.75962241595016
20230501,284.6198176132322
20230502,283.2331941278747
20230503,283.76486652173054
20230504,287.7648325710118
20230505,287.05818692316035
20230506,286.9974870350644
20230507,287.76391928897687
20230508,287.61519391613325
20230509,286.47311448465103
20230510,284.6867747130146
20230511,284.06133062830213
20230512,285.12222432484333
20230513,286.14245480402553
20230514,286.05100441208975
20230515,285.83510639930347
20230516,283.05013091034124
20230517,282.4963718471651
20230518,283.6097914541266
20230519,285.19785953763727
20230520,287.57289224917815
20230521,290.1669506493407
20230522,290.47073768248333
20230523,287.4510880699374
20230524,284.31627487796493
20230525,286.3070843059883
20230526,287.8400397780615
20230527,288.8543894580361
20230528,290.1055177111842
20230529,290.19551476663463
20230530,289.026377821526
20230531,290.57944828472665
20230601,291.2884124027235
20230602,288.37298566819635
20230603,289.880679787715
20230604,290.62841769768323
20230605,291.5754758058179
20230606,291.9030832128568
20230607,291.337644744806
20230608,292.4340666943322
20230609,293.72994491384
20230610,294.92269761182473
20230611,295.3603095705179
20230612,294.81338966126265
20230613,293.5104264396127
20230614,292.62067708028576
20230615,292.48523714890683
20230616,293.01460246428763
20230617,294.40756939288707
20230618,296.1616133405363
20230619,295.3072537937974
20230620,296.13393340307664
20230621,294.86884217246967
20230622,294.45780964092734
20230623,292.3312206851976
20230624,294.3003786388835
20230625,296.13145722536115
20230626,293.13012868870925
20230627,291.14362859076954
20230628,291.98079193218695
20230629,293.9321893919475
20230630,291.5949936358553
20230701,289.4756739101886
20230702,290.2474858546958
20230703,290.1727270383659
20230704,291.1381103362508
20230705,289.52177753321985
20230706,290.6553137399084
20230707,294.648124902545
20230708,297.22863194061597
20230709,298.6911146873377
20230710,296.53565199065685
20230711,297.33449861166844
20230712,293.8622803118512
20230713,291.75517126333534
20230714,294.48653138708045
20230715,294.9855732982733
20230716,292.27069218246726
20230717,291.98078444689077
20230718,293.4378138541629
20230719,293.4238791715685
20230720,291.8324717878334
20230721,290.9222058125597
20230722,291.125494097705
20230723,292.81029800492007
20230724,291.5622485129626
20230725,288.01805965183814
20230726,288.13057400710943
20230727,290.19049845469937
20230728,290.66360283462365
20230729,291.84140126853407
20230730,290.3366784819413
20230731,290.50785891324944
20230801,290.02981425065116
20230802,290.21421127872554
20230803,288.681868930274
20230804,288.4706441688748
20230805,288.0473698238386
20230806,286.3496648959154
20230807,286.7938729830994
20230808,288.0223666717052
20230809,289.7912319188112
20230810,290.7593226561531
20230811,294.24491321881237
20230812,293.58937912019513
20230813,292.63832663435863
20230814,294.2819965406917
20230815,293.63994941271375
20230816,293.60927666011406
20230817,294.11296626394403
20230818,296.30486923796656
20230819,296.59777062006845
20230820,296.29914494153405
20230821,296.21036363730514
20230822,294.9781672336057
20230823,294.70946328877733
20230824,296.0946111569495
20230825,293.51203267230284
20230826,290.1473621943001
20230827,288.9343508324517
20230828,287.16443141513076
20230829,287.6239650606786
20230830,287.0451833344476
20230831,286.9615830868012
20230901,290.2617578195538
20230902,292.10771289360616
20230903,292.47615142761384
20230904,292.7698333262976
20230905,294.18240899757245
20230906,293.315014536533
20230907,294.0419343347747
20230908,295.00237686925294
20230909,295.5528737622373
20230910,295.5914487549313
20230911,296.0056384982164
20230912,294.175282400635
20230913,291.39921510438234
20230914,289.29953196767286
20230915,290.7471778195185
20230916,292.3162315234945
20230917,294.2761247917303
20230918,292.55817058011877
20230919,289.5489470135371
20230920,291.2876919930742
20230921,290.97743377270666
20230922,286.620890857322
20230923,285.32866755458224
20230924,285.70278203818333
20230925,286.80909652353205
20230926,288.09247447615667
20230927,290.0398578662171
20230928,291.28335871539315
20230929,290.3490743232281
20230930,287.60946250406533
20231001,288.67464753334247
20231002,291.286817678197
20231003,289.564347562286
20231004,284.8533621781393
20231005,284.7829700581326
20231006,285.241769394239
20231007,287.01018736713553
20231008,289.0259544159855
20231009,289.50773614640406
20231010,289.2132797772596
20231011,290.71419141448854
20231012,289.8742789709659
20231013,292.5693194048005
20231014,286.1176530612683
20231015,280.9861045422246
20231016,279.73842668265087
20231017,281.3231700482559
20231018,284.2100088467383
20231019,288.30383890721686
20231020,286.67000482956365
20231021,285.9175394885349
20231022,284.0481695714936
20231023,282.6235592977226
20231024,283.3794293369962
20231025,283.3075612414942
20231026,283.433186470137
20231027,283.26221603056536
20231028,283.9600608149523
20231029,285.6232908470333
20231030,284.7843699527246
20231031,282.98510280476376
20231101,283.72638421883227
20231102,282.806411244205
20231103,280.21867213317086
20231104,281.26301234518314
20231105,281.95317393844067
20231106,281.3622833866602
20231107,280.4532682097718
20231108,280.7594980851716
20231109,281.26900901790293
20231110,279.76198166490883
20231111,278.73090023934026
20231112,278.687684495807
20231113,284.4504003434816
20231114,283.2873765014652
20231115,281.65769093544105
20231116,280.09319088057435
20231117,278.4797127583865
20231118,279.28213466410904
20231119,283.9527426722115
20231120,281.88621964761575
20231121,280.3933121259666
20231122,275.9696933279091
20231123,277.6639180291689
20231124,278.13546798343276
20231125,275.32347731603494
20231126,275.6984262735655
20231127,275.0658734107294
20231128,273.62814963676414
20231129,273.1599746990227
20231130,273.7112524365894
20231201,273.14195012564613
20231202,270.1849753299215
20231203,270.42474657484547
20231204,273.9113179183603
20231205,276.90275051908765
20231206,275.1399764582962
20231207,273.31054558291055
20231208,277.99404284320497
20231209,279.3285661544295
20231210,280.51947095926954
20231211,282.02886800075044
20231212,281.56574152691246
20231213,279.654051346127
20231214,278.134834638631
20231215,277.45443790010467
20231216,275.9205643517238
20231217,275.7301745055608
20231218,274.788269279102
20231219,274.5685670887881
20231220,277.67935530471885
20231221,280.15471343451804
20231222,279.82341877567296
20231223,279.9057898758641
20231224,280.6573955037916
20231225,281.000723842356
20231226,280.36012991405136
20231227,279.49946575476986
20231228,281.1031618604255
20231229,281.14603469362913
20231230,280.56673152236084
20231231,279.7191607926215
20240101,278.51550449742405
20240102,280.5662775631137
20240103,281.0392751294067
20240104,279.5695895550822
20240105,278.72548693744824
20240106,276.7107811073435
20240107,273.8477729754971
20240108,270.18610578259194
20240109,269.3886807347598
20240110,270.09657778960167
20240111,270.59188670746124
20240112,270.93622551856976
20240113,271.1014002556544
20240114,270.1477027169649
20240115,271.242814499346
20240116,270.05430535432066
20240117,275.1918041264251
20240118,272.1208964842913
20240119,269.629835551619
20240120,268.04034237058664
20240121,273.69834858337646
20240122,279.5949708968611
20240123,278.6586223239279
20240124,281.7706052258197
20240125,280.1621849387423
20240126,279.5934392517933
20240127,274.1603807629734
20240128,275.8698296122081
20240129,278.89890195969997
20240130,279.5907105485348
20240131,278.9686367958414
20240201,278.9875701459419
20240202,277.08749482847867
20240203,279.52183410293395
20240204,280.2107751568406
20240205,279.30400820651846
20240206,279.3120953331071
20240207,280.6247142375833
20240208,282.3079896235857
20240209,283.07891659110163
20240210,281.54388703100386
20240211,279.696243443921
20240212,278.6101346325915
20240213,277.46886486196803
20240214,281.6377837522584
20240215,283.5930048727602
20240216,283.6966397181589
20240217,281.28292509003455
20240218,279.85787515301774
20240219,281.07850319296074
20240220,279.60282225142686
20240221,280.061252857906
20240222,281.4247846898339
20240223,277.6440607952392
20240224,277.0012160644909
20240225,278.7040083891543
20240226,280.02252010977276
20240227,279.2806679469408
20240228,277.39395034361127
20240229,278.1772162840494
20240301,279.7149900437552
20240302,281.4792835418104
20240303,281.0705344470084
20240304,279.50109491599153
20240305,279.0373694981228
20240306,277.9864073850743
20240307,278.0355842287532
20240308,278.5760859765885
20240309,281.4331976065723
20240310,280.9468538904734
20240311,279.9261329472758
20240312,280.18027390363227
20240313,282.16926030995245
20240314,283.490679621592
20240315,283.6475334725967
20240316,281.9861624613571
20240317,281.73471117905996
20240318,283.31904545363403
20240319,282.6620976045944
20240320,283.78451578066245
20240321,283.64466807864994
20240322,284.0707198136436
20240323,279.2507054054428
20240324,277.72716435826334
20240325,279.0515080987538
20240326,282.24449506042515
20240327,279.4570886737353
20240328,279.72187733680914
20240329,282.5152926326849
20240330,282.57093587205065
20240331,283.2126528902384
20240401,281.4155169199723
20240402,281.8252844471269
20240403,282.5456030111001
20240404,284.24173400554497
20240405,287.00393908459324
20240406,289.9586418660706
20240407,290.0040577129005
20240408,289.93317097685775
20240409,282.8828512766069
20240410,281.1763379890205
20240411,283.0793693655219
20240412,286.09517108844625
20240413,288.4420720391718
20240414,287.73392989450963
20240415,282.4781358934514
20240416,279.2470244267053
20240417,278.4988500560866
20240418,278.39129050684164
20240419,278.72578906088137
20240420,278.4837463936147
20240421,277.49235910367764
20240422,277.13988286997045
20240423,277.42804704707385
20240424,277.66199749145915
20240425,278.15972990291874
20240426,281.4642154557535
20240427,284.71130509974296
20240428,284.26234886684887
20240429,284.82555285241574
20240430,288.62405275553033
20240501,289.9585479318941
20240502,286.34002114661456
20240503,283.64231294054986
20240504,284.2231836627713
20240505,285.8464077949637
20240506,284.92960776037836
20240507,284.71640150149136
20240508,285.28380276617764
20240509,286.2247601762409
20240510,287.9124265606715
20240511,289.277193259439
20240512,290.46569939427377
20240513,289.9601219290792
20240514,290.13674716829854
20240515,287.16625828708123
20240516,286.8799045136444
20240517,285.27153012376795
20240518,286.51045269682334
20240519,286.72851825385715
20240520,287.87284345582435
20240521,286.9693762672359
20240522,287.0592134594552
20240523,286.82405889096793
20240524,286.459508828777
20240525,287.0219974316213
20240526,288.4286099778858
20240527,287.47212490896743
20240528,286.41438571652407
20240529,286.86988537017555
20240530,286.70890760302626
20240531,286.0263567748952
20240601,287.2330935162438
20240602,287.8559075886641
20240603,286.8531212630125
20240604,287.9732477069324
20240605,288.35240212592333
20240606,288.10227627852026
20240607,288.2793910223897
20240608,289.02680633363957
20240609,288.0073669341099
20240610,285.1171045235175
20240611,283.92071241786385
20240612,284.2693754886831
20240613,285.94363350547195
20240614,287.45730289470475
20240615,287.1895487891254
20240616,287.38649722319656
20240617,289.65293620296444
20240618,292.1355565349819
20240619,290.3653750136378
20240620,291.7013029663515
20240621,290.61485096174584
20240622,287.8235148449942
20240623,289.84978635033764
20240624,292.3349152950014
20240625,293.58473041503095
20240626,294.81602746043535
20240627,295.50337063034465
20240628,292.21621797038705
20240629,294.64499480966754
20240630,290.3836659052858
20240701,288.7802381400982
20240702,286.4985212926262
20240703,286.21463529495605
20240704,288.36813219339496
20240705,289.63851900951596
20240706,290.0965566484388
20240707,288.21907668380453
20240708,290.72135092009864
20240709,295.1851889031704
20240710,293.40675114266634
20240711,293.03876807013427
20240712,291.08020448399515
20240713,288.567515857946
20240714,290.56323850653297
20240715,293.50369523543685
20240716,291.2775384581226
20240717,291.51271198804403
20240718,293.57143996747556
20240719,295.2766993688275
20240720,296.5004715912932
20240721,293.9303293218422
20240722,292.32888967893103
20240723,291.4837308499213
20240724,290.68100057990995
20240725,292.3773379723189
20240726,292.85626473394115
20240727,292.3515761154838
20240728,291.4604034660442
20240729,292.90400793518046
20240730,296.2661597940945
20240731,296.3900002107675
20240801,293.96381695299914
20240802,293.55960431690625
20240803,292.3470060250334
20240804,291.3036530436336
20240805,292.60952645250467
20240806,294.3481332150608
20240807,292.89235370686924
20240808,291.75446512138825
20240809,293.40678370895165
20240810,293.5192822699488
20240811,295.31334646765055
20240812,298.14535547171124
20240813,298.37409148586386
20240814,293.75517114083976
20240815,294.05917070960896
20240816,293.9529275995621
20240817,293.0974181388702
20240818,291.50510539772694
20240819,291.11071656137796
20240820,291.9773575878092
20240821,289.0421398050973
20240822,289.93881601920776
20240823,292.1359056676226
20240824,295.75640143152015
20240825,289.1471692483813
20240826,289.31676709371067
20240827,291.71134431685476
20240828,294.8670821672948
20240829,296.35130238906083
20240830,295.00633657988766
20240831,296.05446624628377
20240901,296.9405013458902
20240902,294.34258735497366
20240903,293.99460420052105
20240904,291.66430576446237
20240905,292.6746490418546
20240906,290.5552556260671
20240907,293.7675691299377
20240908,290.715069284803
20240909,288.6035620221796
20240910,287.5926367697582
20240911,285.1082693964217
20240912,282.736125505956
20240913,283.035216111679
20240914,283.280316408381
20240915,284.39406728042707
20240916,286.82421747442373
20240917,288.527977389879
20240918,290.50300477536774
20240919,290.2244373996959
20240920,289.2413611840612
20240921,289.32676875798546
20240922,289.5018883347088
20240923,288.07897563141125
20240924,286.5394899058378
20240925,287.1404257600819
20240926,288.05617946996296
20240927,285.20750014636354
20240928,282.89163972752897
20240929,281.91515565339506
20240930,285.4692512739475
20241001,285.5117277051205
20241002,283.8605941973835
20241003,282.73053685265205
20241004,282.2657086650254
20241005,281.9345930501433
20241006,283.5074589941433
20241007,288.1715952813962
20241008,287.4824327248227
20241009,287.21350987435966
20241010,284.9169250970271
20241011,281.84884180797576
20241012,283.01565200561987
20241013,282.8328435760407
20241014,284.5793715368725
20241015,285.3133910163043
20241016,287.49074758636226
20241017,288.8249655953904
20241018,287.16290176379266
20241019,286.42365551829465
20241020,285.5322766272395
20241021,288.99946698581783
20241022,285.9873849992805
20241023,282.8275087773083
20241024,284.07622449665695
20241025,287.230096706675
20241026,285.15366716419027
20241027,285.95914299406184
20241028,285.64910151658904
20241029,285.8254384903128
20241030,284.552828634894
20241031,283.44947620497516
20241101,282.98698750298627
20241102,282.6161815542808
20241103,281.6354210869932
20241104,279.7535259341938
20241105,281.294093687632
20241106,282.97214062527877
20241107,279.7165873811168
20241108,279.3100564617223
20241109,281.4206833445977
20241110,281.5873509332557
20241111,280.2386013677312
20241112,279.54465118951515
20241113,278.14917064552145
20241114,279.82726746908764
20241115,279.31888488541875
20241116,277.42303845910357
20241117,277.4848948713815
20241118,279.04686098150734
20241119,280.5521797519878
20241120,274.74888462695594
20241121,273.0255926899769
20241122,272.5470542548919
20241123,276.34492052396615
20241124,284.52764856737036
20241125,285.6645418321276
20241126,280.6912598003631
20241127,281.4376681059944
20241128,277.9597758302789
20241129,274.5167482096277
20241130,273.25753710247074
20241201,275.06239070753827
20241202,280.1671438281896
20241203,277.25354438727015
20241204,274.02871855003104
20241205,275.3281830451624
20241206,278.85251934215177
20241207,278.65140168131535
20241208,277.1870759207488
20241209,276.0736816289602
20241210,275.92446907032434
20241211,274.77444760963937
20241212,273.59053343810774
20241213,272.74772581559694
20241214,273.4735079549702
20241215,275.7519483295446
20241216,279.33346854341283
20241217,278.67099688739387
20241218,280.7835181682869
20241219,280.1547965200134
20241220,275.17360721666387
20241221,277.5501104354076
20241222,276.6114870868288
20241223,275.48670101882146
20241224,274.92619033333466
20241225,277.01111616057176
20241226,275.40979194221114
20241227,273.2231710064658
20241228,272.6752325294369
20241229,272.39156675844316
20241230,271.98209167866065
20241231,272.37168141635885
20250101,276.1371395578389
20250102,275.40384802401104
20250103,272.0120505294465
20250104,271.68310627763293
20250105,279.2224246313901
20250106,280.98084468664246
20250107,276.16187989419865
20250108,276.6589798952945
20250109,277.9988533197795
20250110,272.8162412795541
20250111,271.4653795491873
20250112,272.2810285547602
20250113,270.53331451689087
20250114,271.19118674424857
20250115,274.570702924059
20250116,274.30272457450116
20250117,272.71106616452454
20250118,272.5936194673989
20250119,271.8413524432355
20250120,272.17954786373497
20250121,273.04585727781944
20250122,275.5025158871187
20250123,276.8348100003114
20250124,279.83921334793246
20250125,282.41939353074014
20250126,278.3633569710409
20250127,281.375399886194
20250128,279.2046343459337
20250129,278.8595612173671
20250130,278.69809828816796
20250131,274.98602019657255
20250201,272.95514137360743
20250202,272.70883105722413
20250203,272.86389413271286
20250204,272.18251539955855
20250205,273.2896734329444
20250206,274.1362124761234
20250207,275.2117552755015
20250208,276.2706793652792
20250209,275.8051445451437
20250210,276.2937007247743
20250211,277.1164303256455
20250212,277.27436032822686
20250213,274.59195889437035
20250214,272.1352685968088
20250215,272.3518032483057
20250216,272.91860252312483
20250217,271.8933619121702
20250218,271.89919629739285
20250219,274.280041460906
20250220,278.8739296034559
20250221,282.1669744462674
20250222,282.40975371463963
20250223,280.8197727839914
20250224,281.5243383088668
20250225,280.7655381187574
20250226,278.46792859852786
20250227,277.34906477345913
20250228,276.4799311647134
20250301,276.2621067931283
20250302,276.32313957289927
20250303,276.52513396391936
20250304,277.56739850630646
20250305,278.6030388067176
20250306,279.65491287956394
20250307,280.8423555673245
20250308,281.1157875407094
20250309,282.04662369531474
20250310,281.065105800848
20250311,280.3012067033927
20250312,277.4126073384721
20250313,275.25751046718244
20250314,275.59669061466707
20250315,276.719976731154
20250316,277.16896583075396
20250317,275.9751807607551
20250318,276.3673534451979
20250319,279.09803873879014
20250320,282.15615558839266
20250321,284.72808415275045
20250322,284.6526760170815
20250323,282.8301620369021
20250324,282.5402050559639
20250325,282.1708125788427
20250326,280.4057896447287
20250327,280.58959479242515
20250328,281.33945897468317
20250329,280.85894068784944
20250330,279.03909837213524
20250331,279.69755416533764
20250401,279.78791542858386
20250402,283.0238173629475
20250403,284.78532046793896
20250404,285.65202104900374
20250405,286.17537125384575
20250406,280.0323256129697
20250407,279.28750126761764
20250408,281.23128980844444
20250409,282.5597799952462
20250410,281.45104579821407
20250411,283.33874515164086
20250412,286.8286475191095
20250413,286.2979522734007
20250414,285.97602939346683
20250415,285.6930583861167
20250416,282.11285084129895
20250417,279.4533014958384
20250418,280.5792298429471
20250419,283.9533165549455
20250420,283.80865558257517
20250421,282.81344068507883
20250422,284.44737842908916
20250423,282.98668399492107
20250424,282.6907397373202
20250425,284.12945769948004
20250426,284.40974827388976
20250427,285.9056372425596
20250428,286.8825134559683
20250429,288.0831343674897
20250430,289.56749531718964
20250501,291.10800703035915
20250502,291.6779001344442
20250503,289.74410610081446
20250504,284.18343326018476
20250505,283.05198254727827
20250506,283.28191815041293
20250507,283.80451568538325
20250508,284.03000306053815
20250509,284.3183077610014
20250510,285.8642438973189
20250511,288.2909096899535
20250512,287.8784294569291
20250513,287.82545639536517
20250514,289.03872358487007
20250515,286.2599879999802
20250516,285.89076130112875
20250517,285.20894611776714
20250518,285.5233199895887
20250519,287.60513943329175
20250520,289.8137911486872
20250521,287.9170877418312
20250522,284.9238636231191
20250523,283.1901630453771
20250524,284.1718507144769
20250525,286.7157677067333
20250526,286.01340132863623
20250527,287.4209479164236
20250528,286.90980773775624
20250529,287.80699421084313
20250530,292.3312139252643
20250531,294.1203274898399
20250601,291.903927070307
20250602,288.736552242846
20250603,289.8711897181307
20250604,289.6313132872022
20250605,288.6816324922955
20250606,288.7930738353038
20250607,288.23238686713694
20250608,286.23167505228355
20250609,286.91359805001997
20250610,289.6621679916161
20250611,290.1901846510727
20250612,293.71806875153095
20250613,297.13836815382206
20250614,296.90303662998537
20250615,291.6258065747519
20250616,290.70191215396693
20250617,292.5269694349728
20250618,294.07929540720005
20250619,294.224116547206
20250620,293.65506090255946
20250621,295.34877786765514
20250622,297.4245144385352
20250623,293.4961427842166
20250624,292.68346832503795
20250625,297.1565769098349
20250626,294.2552603943274
20250627,293.6533284413472
20250628,295.4094766713033
20250629,296.96665073015066
20250630,298.95531394741727
20250701,300.28301236871033
20250702,300.9547156164986
20250703,293.08320017946556
20250704,293.08401569344977
20250705,293.5597289045456
20250706,289.0345567117485
20250707,288.0828121398857
20250708,286.6539477134863
20250709,288.33608498733844
20250710,291.35285782081473
20250711,291.9557057885809
20250712,292.43571643874196
20250713,294.018043528436
20250714,293.7895995227079
20250715,292.32837309782445
20250716,290.23390606269373
20250717,291.18508507866864
20250718,293.94154296503956
20250719,294.7964653213071
20250720,294.1120818365043
20250721,291.41954034058443
20250722,290.2422942144373
20250723,290.95114718876795
20250724,290.28342655850065
20250725,291.668280910862
20250726,292.367729901176
20250727,290.23550855510024
20250728,288.9058129000698
20250729,289.56050425655843
20250730,289.8014477007535
20250731,290.4543498976091
20250801,289.99954750231757
20250802,288.34860294619614
20250803,288.70336651072654
20250804,291.6720223896051
20250805,291.4278760363157
20250806,289.1924698830655
20250807,291.72644180302694
20250808,294.2222770903074
20250809,295.60941102827877
20250810,293.11510417473
20250811,294.5245131903303
20250812,297.3716608584325
20250813,299.1753381299454
20250814,299.16959755974796
20250815,298.45933562304833
20250816,295.3167602082158
20250817,292.0512182050791
20250818,292.8418133696944
20250819,294.89659028934017
20250820,292.3698928337774
20250821,292.0764394573653
20250822,289.0164614529734
20250823,288.2040090174542
20250824,288.6648247466466
20250825,289.81241304021836
20250826,293.4540618274057
20250827,292.7628523583659
20250828,291.30247087676474
20250829,289.404718583069
20250830,289.21008678543643
20250831,291.6129941757202
20250901,290.08297229900063
20250902,289.0703454234916
20250903,291.3875789366238
20250904,290.73236979259707
20250905,288.1866715911705
20250906,289.2114580381515
20250907,291.97816043754733
20250908,291.31275002817205
20250909,288.2570457519426
20250910,287.95767563021883
20250911,287.9470845184525
20250912,286.86569878585067
20250913,287.7035998180482
20250914,288.03961565355274
20250915,289.91160190649947
20250916,286.5888581238366
20250917,286.9385066942529
20250918,289.5131289563359
20250919,290.90629566346666
20250920,293.0214216727133
20250921,287.54753579367815
20250922,283.64874021869144
20250923,283.34176020223634
20250924,282.5601626363775
20250925,282.20863969103954
20250926,283.3736866792604
20250927,284.08540396477474
20250928,284.53482977544274
20250929,285.1606655313824
20250930,284.9464399830076
20251001,283.07083705500236
20251002,281.7522816186333
20251003,282.9826123719144
20251004,285.09166790836576
20251005,282.6283835903434
20251006,282.9770245076799
20251007,285.37177934904406
20251008,285.84520053036204
20251009,285.22819755336474
20251010,284.1980509164701
20251011,284.95586850335815
20251012,284.43211011032196
20251013,284.831358694641
20251014,284.85636783134277
20251015,284.4774262661462
20251016,283.1872076179844
20251017,283.2836451722639
20251018,282.22948939018613
20251019,283.98357516965586
20251020,286.37911684424563
20251021,285.2436223238913
20251022,285.6649217946396
20251023,284.1549299792018
20251024,280.2051809616042
20251025,281.293652923824
20251026,279.2368165439636
20251027,280.7319320953713
20251028,282.80222153547555
20251029,284.97878575300734
20251030,282.3383348129423
20251031,282.6019820184451
20251101,285.62831741355996
20251102,282.61572443726675
20251103,281.39524938657223
20251104,282.9320166949381
20251105,282.8809905329898
20251106,281.2829199458609
20251107,280.1411382625463
20251108,279.669375796372
20251109,281.26478676810535
20251110,280.21634692900443
20251111,282.19391561138167
20251112,282.9015834826193
20251113,285.7902431902599
20251114,287.0165294950195
20251115,285.1231069626086
20251116,282.34454462706015
20251117,277.36993165063376
20251118,273.05593740200175
20251119,274.8582265997027
20251120,273.9347324234366
20251121,272.4498701285686
20251122,269.8769930373434
20251123,272.20953480954387
20251124,276.4956310611583
20251125,276.5393795060073
20251126,275.8321219538938
20251127,274.7708244258363
20251128,278.03507300568225
20251129,280.199943479377
20251130,278.77863211380577
20251201,274.60312529064026
20251202,277.5804143053727
20251203,278.25345425020186
20251204,278.1651541997059
20251205,277.32048249973417
20251206,279.1788376766297
20251207,282.1467988139959
20251208,283.94613143442854
20251209,281.9775655879184
20251210,282.7129664993774
20251211,280.78678275123036
20251212,279.9240067369013
20251213,278.9704116329638
20251214,278.62962252982953
20251215,278.62062664390555
20251216,277.1600924012347
20251217,278.7862028803697
20251218,281.2572524937443
20251219,282.39044629947284
20251220,281.2919469072188
20251221,279.0685084153415
20251222,275.5436568860869
20251223,274.46811223462146
20251224,273.19573514330693
20251225,271.99663893279876
20251226,272.33608329047746
20251227,273.53185474561286
20251228,272.85842197229476
20251229,271.69938116684733
20251230,272.46588930155787
20251231,271.04749221890654
