system:index,total_evaporation_daily
19800101,-0.0002470785140298264
19800102,-0.0002869791837932955
19800103,-0.0001716271701255202
19800104,2.492603540528227e-05
19800105,0.00015603918480812054
19800106,-6.796346613875474e-05
19800107,-0.00017791051088231782
19800108,-0.00017982203504356573
19800109,-0.00022220652870681256
19800110,-0.00037588572854406076
19800111,-0.0002776786418722686
19800112,-0.0002360656882311413
19800113,-0.00012674067766266253
19800114,-3.5758895880174006e-05
19800115,-8.169275514325387e-05
19800116,-0.00018670073102555973
19800117,-0.00012797220271969093
19800118,-3.4316373337386466e-05
19800119,-3.9553914234135816e-05
19800120,-4.428979143769554e-06
19800121,-0.00043907840703196735
19800122,-0.00044295462937243553
19800123,-0.0005391221805814561
19800124,-9.054552902883138e-05
19800125,-0.00027902806861390716
19800126,-0.0003769548207869807
19800127,-0.0002582392721466803
19800128,-0.0001843453350539522
19800129,-1.5266498137847902e-05
19800130,0.0002460912981516739
19800131,-0.001408321286840245
19800201,-0.0010509010659154954
19800202,-0.0008175670054479731
19800203,-0.0009870887308057101
19800204,-0.0007351081976753445
19800205,-0.0017628849365838016
19800206,-0.0012222741462518726
19800207,-0.0007945462544749902
19800208,-0.0005322248918642363
19800209,-0.0007850756031371371
19800210,-0.0005938335500963441
19800211,-0.0005347963865234853
19800212,-0.00046135573250571395
19800213,-0.0004996647222122873
19800214,-0.0003723859279168641
19800215,-0.00030391028724549666
19800216,-0.00036176422212608954
19800217,-0.0007184174908494405
19800218,-0.0006052118462057706
19800219,-0.0008456649642669669
19800220,-0.00085228496410439
19800221,-0.0007808018677619118
19800222,-0.0007953521548733035
19800223,-0.0002729964544061646
19800224,-0.000999239244429732
19800225,-0.0007972856624927676
19800226,-0.0009146625639322055
19800227,-0.0009343600335485725
19800228,-0.0007523530634207351
19800229,-0.0004705180894785686
19800301,-0.0005350193297724548
19800302,-0.0006769769867122572
19800303,-0.001053874184042801
19800304,-0.0006939729873815687
19800305,-0.0010278414299359252
19800306,-0.001340313376553624
19800307,-0.001765766967575337
19800308,-0.0010787697488391463
19800309,-0.0008741223237248905
19800310,-0.001064629071739495
19800311,-0.0011991503893469858
19800312,-0.000886921018881359
19800313,-0.001160101923797347
19800314,-0.0012342590269801103
19800315,-0.0008266049873552207
19800316,-0.0008797592996013228
19800317,-0.0008138751168835027
19800318,-0.0012896061636706714
19800319,-0.0013289988395028987
19800320,-0.0012650629945072586
19800321,-0.0008604873935008148
19800322,-0.0010203871568379326
19800323,-0.0011622587028657088
19800324,-0.0010926760747358114
19800325,-0.001477235344353257
19800326,-0.0019093742067083834
19800327,-0.001238979917889555
19800328,-0.0018936103663771743
19800329,-0.0025833880763765004
19800330,-0.002377427340174765
19800331,-0.0010648969967153405
19800401,-0.0012632639393805468
19800402,-0.00265736647971172
19800403,-0.0021532368368170343
19800404,-0.0017305338397548464
19800405,-0.0014726619004402565
19800406,-0.0019223375847033976
19800407,-0.0015520038365936363
19800408,-0.002253112565862562
19800409,-0.002141738967352526
19800410,-0.0015597307500799568
19800411,-0.0017340045884182158
19800412,-0.0027694236163526755
19800413,-0.002897853023354378
19800414,-0.0031667699833744013
19800415,-0.0031149638357279848
19800416,-0.003274547275331224
19800417,-0.003100658313139957
19800418,-0.002332466608413149
19800419,-0.0016681552957480235
19800420,-0.002242095972751218
19800421,-0.002620600156952374
19800422,-0.0021849963221585865
19800423,-0.0019036013082464516
19800424,-0.0015444851712810503
19800425,-0.001227679212790375
19800426,-0.0008410692669496131
19800427,-0.00213531654892353
19800428,-0.0017962259598187855
19800429,-0.0020414665208343522
19800430,-0.0032577679178054687
19800501,-0.003314658475649694
19800502,-0.002068236134746021
19800503,-0.001825129048685477
19800504,-0.00203608080479248
19800505,-0.002403416765725635
19800506,-0.0026844945390640438
19800507,-0.002737995740314213
19800508,-0.0016634681089574771
19800509,-0.002263674298126586
19800510,-0.0038172124462853407
19800511,-0.004339236965571042
19800512,-0.004444480985523508
19800513,-0.004668231340601859
19800514,-0.003778918915182386
19800515,-0.004352189433980923
19800516,-0.003635505056002373
19800517,-0.003326536389243457
19800518,-0.003420407497943113
19800519,-0.0034038346012734725
19800520,-0.003279929911665845
19800521,-0.0032567439112563034
19800522,-0.0033804912485925747
19800523,-0.003972365537680756
19800524,-0.0019467404195154894
19800525,-0.0018879567963352578
19800526,-0.0028394297585237014
19800527,-0.0027014579535245414
19800528,-0.002598480994988756
19800529,-0.001849540373740204
19800530,-0.0025655358606462373
19800531,-0.002423096383911131
19800601,-0.0021036314362339005
19800602,-0.0031739118599384414
19800603,-0.0006519435116521094
19800604,-0.0032646016941723266
19800605,-0.0037647280562178678
19800606,-0.0033528911493391354
19800607,-0.0027027389727040784
19800608,-0.0027036908454861983
19800609,-0.002816747963487163
19800610,-0.0022809304391914836
19800611,-0.00327750239095908
19800612,-0.004156247135194437
19800613,-0.00393857786843134
19800614,-0.004275312471213932
19800615,-0.0036321506823680304
19800616,-0.0023815958059375947
19800617,-0.0028255373838389384
19800618,-0.0032830562779705232
19800619,-0.0013482814185502524
19800620,-0.003762417500358724
19800621,-0.002474602561328307
19800622,-0.003063500392480964
19800623,-0.0037499320624988365
19800624,-0.0029440899254676526
19800625,-0.003453821781623465
19800626,-0.002851412605661131
19800627,-0.003323972204055629
19800628,-0.0014495174393089074
19800629,-0.0031890149175031594
19800630,-0.003082806968841934
19800701,-0.002883143061405044
19800702,-0.0026895452306478105
19800703,-0.002978506428621573
19800704,-0.0018546719174860125
19800705,-0.0025797931199106443
19800706,-0.002584734071283767
19800707,-0.0030956091311315284
19800708,-0.002708256853883092
19800709,-0.0025036923882565095
19800710,-0.0015157251909415656
19800711,-0.0012920285383832665
19800712,-0.0020750417950237718
19800713,-0.0013263417148893634
19800714,-0.0016523728129419857
19800715,-0.0009019403809301322
19800716,-0.0030310857469071726
19800717,-0.0027533795177900706
19800718,-0.0015701809464131234
19800719,-0.001857113352943795
19800720,-0.0017330265756832575
19800721,-0.0026474709091788224
19800722,-0.0036887237421425667
19800723,-0.004156913984969728
19800724,-0.004146144094443612
19800725,-0.00468087058071058
19800726,-0.0040211575139947504
19800727,-0.002374618605909585
19800728,-0.003214565853819705
19800729,-0.004012907083638454
19800730,-0.0035242652697643644
19800731,-0.003547370358577726
19800801,-0.004273894294052287
19800802,-0.004383284183153178
19800803,-0.003306026534928374
19800804,-0.003997060128048273
19800805,-0.0032558956774002092
19800806,-0.002943288242050531
19800807,-0.0038061791658986176
19800808,-0.002732256065666853
19800809,-0.0023937048076460407
19800810,-0.0028479037266720456
19800811,-0.0029520858156676716
19800812,-0.003560994159470808
19800813,-0.0014855718204524512
19800814,-0.002381264748254041
19800815,-0.0029023344829852194
19800816,-0.0013812751066665737
19800817,-0.001574765652293565
19800818,-0.002596609079654304
19800819,-0.0022504509448029934
19800820,-0.002812270275025049
19800821,-0.0024839203259698346
19800822,-0.0025657871978419125
19800823,-0.0023432252872551055
19800824,-0.0022115636628823867
19800825,-0.00309533586400099
19800826,-0.00245126552697283
19800827,-0.001618116932359509
19800828,-0.002392197369045768
19800829,-0.0024015614429365225
19800830,-0.003097663912473256
19800831,-0.0019115937771859938
19800901,-0.0021129812945274375
19800902,-0.0030008519520799684
19800903,-0.0030606442280505554
19800904,-0.0025638699807650003
19800905,-0.0016954825899589332
19800906,-0.0021929189033222957
19800907,-0.002902623472267371
19800908,-0.002495330837907177
19800909,-0.0024988357746709277
19800910,-0.001681309852880122
19800911,-0.0024038588686924028
19800912,-0.0019305296185299936
19800913,-0.0025314845840885935
19800914,-0.001494655839996446
19800915,-0.00163762137663397
19800916,-0.002288065117153953
19800917,-0.0017750178656409826
19800918,-0.0020308691620215444
19800919,-0.002311815697902921
19800920,-0.0023827347847684512
19800921,-0.001799900146146067
19800922,-0.0016758504953371983
19800923,-0.0017049731931174986
19800924,-0.0015733528698225815
19800925,-0.0011762434223536818
19800926,-0.0015922836860763577
19800927,-0.0015128923731517105
19800928,-0.0018786319309623135
19800929,-0.0016957353888047793
19800930,-0.0009227286329990632
19801001,-0.0012903696829999944
19801002,-0.001300241579657499
19801003,-0.00151189467850028
19801004,-0.0011842681549610406
19801005,-0.0011078923867763454
19801006,-0.0009583173413921967
19801007,-0.0021442323207365344
19801008,-0.001948568274808954
19801009,-0.001346784994968646
19801010,-0.0010281037518410454
19801011,-0.0013138105735223406
19801012,-0.0010397757155677862
19801013,-0.0010415582265579516
19801014,-0.0008605519228637304
19801015,-0.000904971485695481
19801016,-0.0013850949727134089
19801017,-0.0006157274195647791
19801018,-0.0009678701183398874
19801019,-0.0011517986344816878
19801020,-0.000739349737700146
19801021,-0.0009769753373140456
19801022,-0.0010149163045824528
19801023,-0.0014036653064265444
19801024,-0.0013614701353148089
19801025,-0.0008884419055334089
19801026,-0.0006326513925703883
19801027,-0.0004238734460307754
19801028,-0.001112649301853609
19801029,-0.001053050391046745
19801030,-0.0007596180998448186
19801031,-0.0007626241096953064
19801101,-0.0009180296546740588
19801102,-0.0008837102856141548
19801103,-0.000596460542766956
19801104,-0.00033100947392144457
19801105,-0.0002892876640480669
19801106,-0.0002640817283672606
19801107,-0.0002958961469511306
19801108,-0.00029255598477344905
19801109,-0.0005357165825978279
19801110,-0.000510566266138569
19801111,-0.00020694913846600025
19801112,-0.00016851530722411222
19801113,-0.00020902383992183772
19801114,-0.0003807193049964818
19801115,-0.001123731726712604
19801116,-0.001252225838606646
19801117,-0.0006345661134545039
19801118,-0.001491999109541619
19801119,-0.0004133864337573008
19801120,-0.0004930664616754574
19801121,-0.00040069268834576723
19801122,-0.0003774708751253086
19801123,-0.00035117458314539053
19801124,-0.00028009623128097633
19801125,-0.00024187002931487007
19801126,-0.0006553492658283253
19801127,-0.0004676798156740562
19801128,-0.0004170991615442704
19801129,-0.0004788775688023546
19801130,-0.0007186610534403831
19801201,-0.0005294328253031846
19801202,-0.00025243137202810674
19801203,-9.465199519143864e-05
19801204,-0.000147968981742853
19801205,0.00011489904934290252
19801206,-0.00032685871834758673
19801207,-9.484539097805518e-05
19801208,-2.2217702067717216e-05
19801209,-1.4915035537262456e-05
19801210,-0.0007841614649033009
19801211,-0.0007838580357052673
19801212,-4.444177393332409e-05
19801213,-0.0007051142258883674
19801214,0.0002464815595886718
19801215,-0.0010636589236749155
19801216,-0.0004221060622071323
19801217,-0.00018305877476665656
19801218,-0.00037729586525886015
19801219,-0.00025055020523263887
19801220,-0.0001253433154442143
19801221,-0.0002838549713410364
19801222,-0.00024194890097204726
19801223,0.0002668545096052044
19801224,0.00010313353787002276
19801225,-0.000387767854297762
19801226,-0.00043735117914983916
19801227,-0.0004022552482795668
19801228,-0.00020584631568598132
19801229,-7.009725885646184e-05
19801230,-3.984219313971286e-05
19801231,-0.00028007839061825997
19810101,-0.0009141394422222738
19810102,-0.00024889968389924655
19810103,-0.0007770937993174093
19810104,-0.0008869590026575478
19810105,-0.0004336681493138557
19810106,-0.00041581071143317443
19810107,-0.00021864399106180516
19810108,-0.0001233895267597377
19810109,-0.0002164320545522201
19810110,-0.00013787090790993647
19810111,-0.00047933679069733206
19810112,-0.00025849205460911305
19810113,-0.00022764987812063276
19810114,-0.00023402854066967397
19810115,-0.00035336741224893274
19810116,-0.0003830961854369066
19810117,6.885407404762819e-05
19810118,-0.00027742794812721347
19810119,-9.26848327426761e-05
19810120,-0.0003942638087816033
19810121,-0.00021965824630951715
19810122,-0.00013109926278445015
19810123,-0.00011697856388694067
19810124,-7.4164947155489e-05
19810125,8.901659975610105e-05
19810126,-0.00018580157462774492
19810127,-0.0001644718641231431
19810128,-0.0001949887544135837
19810129,-0.0002663374988178014
19810130,-0.00010410058695386153
19810131,-6.872740646051124e-05
19810201,-3.064796043217849e-05
19810202,-1.6024389709573037e-05
19810203,-0.00026248570516283434
19810204,-0.0002591799555660981
19810205,-0.0006448785055684131
19810206,0.00011677888940868862
19810207,0.0002645696556982803
19810208,-0.0005301591206950733
19810209,-0.0005603880897432519
19810210,-0.0010863841652552111
19810211,-0.0006563462849691207
19810212,-0.00027809053086609586
19810213,-0.0001730148155412866
19810214,-0.00012468759282690758
19810215,-9.071551067292794e-05
19810216,-0.00017658257786550916
19810217,-0.0002561277743663969
19810218,-0.00033540729751259184
19810219,-0.00021490508824613522
19810220,-0.0001403529188651525
19810221,-0.00016865512201984567
19810222,-0.00020639113944539343
19810223,-0.00015563435487949838
19810224,-0.00024031154224644916
19810225,-0.0004261237096199421
19810226,-0.0005512011630234256
19810227,-0.000710627950884127
19810228,-0.00047085206178552706
19810301,-0.0006937571525859414
19810302,-0.0007051807393811732
19810303,-0.0005585776902131251
19810304,-0.0007288513420025943
19810305,-0.0005004101476591304
19810306,-0.0003582893757471151
19810307,-0.0004105466412356868
19810308,-0.0011392242974436607
19810309,-0.0008233296997059743
19810310,-0.0006363672248690081
19810311,-0.0017192571304049682
19810312,-0.0011376949221097428
19810313,-0.0014335620886215153
19810314,-0.001897321576630745
19810315,-0.0012181824085091167
19810316,-0.0009981759786992805
19810317,-0.0012589433580610235
19810318,-0.0011389847097106906
19810319,-0.0009974240113302488
19810320,-0.0016704927148670325
19810321,-0.0020713927754746407
19810322,-0.00203647594820374
19810323,-0.0010543274169832028
19810324,-0.0017052908812386614
19810325,-0.0019750246758344905
19810326,-0.0022200709428833536
19810327,-0.002355399828594439
19810328,-0.002263052568785086
19810329,-0.0021980857024866737
19810330,-0.0016170216339646715
19810331,-0.0014325666029053226
19810401,-0.0008860942994219044
19810402,-0.0011958036507133593
19810403,-0.0013803477872563236
19810404,-0.0008332513327512737
19810405,-0.0012868378549705248
19810406,-0.0015290226623995984
19810407,-0.0021709427517169026
19810408,-0.0019651217847606443
19810409,-0.002243670849646974
19810410,-0.0032555282079210724
19810411,-0.002236554844369478
19810412,-0.00235234665128818
19810413,-0.0021990351736773735
19810414,-0.002742943703011223
19810415,-0.0035545154945328303
19810416,-0.0034586559917745624
19810417,-0.002956579218995167
19810418,-0.0024544780879032914
19810419,-0.0019720119868447063
19810420,-0.002588817968561972
19810421,-0.0026248444561687454
19810422,-0.00197987932008381
19810423,-0.0019823751633764233
19810424,-0.0027139339072915713
19810425,-0.0023235041831764958
19810426,-0.0012149342617096242
19810427,-0.0009424750669913975
19810428,-0.001595041747854228
19810429,-0.0006431605871207793
19810430,-0.000708334487155786
19810501,-0.0013771814574578417
19810502,-0.0023796651005034016
19810503,-0.002326749652544923
19810504,-0.001846421636061681
19810505,-0.002873848600084436
19810506,-0.0011035772014100435
19810507,-0.003537667320599992
19810508,-0.0022640336543304665
19810509,-0.004015672820986653
19810510,-0.003804969586110728
19810511,-0.0017045484656455347
19810512,-0.0031070370357724436
19810513,-0.0029491153396595197
19810514,-0.0021566529265721036
19810515,-0.002724533473752559
19810516,-0.0029224839499903815
19810517,-0.0034115361747687084
19810518,-0.0033405165919973417
19810519,-0.003798464240758445
19810520,-0.004170408561942037
19810521,-0.004835540021340975
19810522,-0.0037746363703372986
19810523,-0.002631632382020689
19810524,-0.003999465557838992
19810525,-0.002035537850614791
19810526,-0.0024358713002667802
19810527,-0.002753843891471093
19810528,-0.0027061922464200047
19810529,-0.002369336039820556
19810530,-0.00328066560471612
19810531,-0.004210322857479266
19810601,-0.0037868510520415637
19810602,-0.004398450370753412
19810603,-0.002709454474032128
19810604,-0.0022905193950039527
19810605,-0.003224389190571122
19810606,-0.002807980094318426
19810607,-0.0034564179825637693
19810608,-0.002630089735968145
19810609,-0.0017289726129848405
19810610,-0.0034954507678546364
19810611,-0.004464563609520148
19810612,-0.0023170218560870596
19810613,-0.0042411791021231635
19810614,-0.004483840704284284
19810615,-0.004834219931851547
19810616,-0.003148099147797795
19810617,-0.0031023073236401554
19810618,-0.002341753055024326
19810619,-0.002488914461012873
19810620,-0.0014116407035810314
19810621,-0.0032572982991926477
19810622,-0.002733635516912826
19810623,-0.0038290703546953533
19810624,-0.0032985374304281318
19810625,-0.003532431325719419
19810626,-0.002875162698566569
19810627,-0.002145830162121398
19810628,-0.0025177687462803987
19810629,-0.0017062912228554671
19810630,-0.0023720448977044154
19810701,-0.0026250075112695575
19810702,-0.003203755150962982
19810703,-0.0026429789105224385
19810704,-0.003158107327717791
19810705,-0.0027775100569498684
19810706,-0.003461383261124047
19810707,-0.0034686129425530367
19810708,-0.004906230673378171
19810709,-0.0036904048333933877
19810710,-0.0030559706399592252
19810711,-0.002996743658180855
19810712,-0.0027019697384515953
19810713,-0.0029740894823296737
19810714,-0.002629881489783675
19810715,-0.002260735967837063
19810716,-0.0032788862212547822
19810717,-0.0024321659433821255
19810718,-0.003364976480108116
19810719,-0.002609657744392416
19810720,-0.0014385889994436305
19810721,-0.0022108489085003635
19810722,-0.0026893725036525986
19810723,-0.002541706527320603
19810724,-0.0032155634783789366
19810725,-0.00238807596112299
19810726,-0.0024958817240473656
19810727,-0.0031621214603394926
19810728,-0.002833066518046617
19810729,-0.003608062303061929
19810730,-0.0035883380727029716
19810731,-0.0030228257560490045
19810801,-0.0023154833379172967
19810802,-0.002283634267695241
19810803,-0.0032528990104447393
19810804,-0.003837382939050385
19810805,-0.004196498328093399
19810806,-0.004351890898128062
19810807,-0.0026858560045461663
19810808,-0.003193300434258835
19810809,-0.0013784583014411168
19810810,-0.0014876185460045161
19810811,-0.001674938996393325
19810812,-0.0026163651651453183
19810813,-0.003458512018557205
19810814,-0.003666840544767983
19810815,-0.003817309493795188
19810816,-0.003443219349856925
19810817,-0.003137225643694828
19810818,-0.0033323670534462294
19810819,-0.003108724971520223
19810820,-0.0013166278994396813
19810821,-0.0027807823453826395
19810822,-0.001183847882819947
19810823,-0.002588368657271838
19810824,-0.0018467470415387643
19810825,-0.002465986806457878
19810826,-0.0024335351748536083
19810827,-0.00219729868806949
19810828,-0.002148851154159279
19810829,-0.002214293694086135
19810830,-0.0021919821747556274
19810831,-0.0028398865790036625
19810901,-0.0023857312446503892
19810902,-0.0020350969728027525
19810903,-0.0029872240599458674
19810904,-0.003002987490008642
19810905,-0.003051720412832787
19810906,-0.003006640595374214
19810907,-0.0025488405357912596
19810908,-0.001492059271543525
19810909,-0.002058766224011412
19810910,-0.002414253962506245
19810911,-0.0009396191825787447
19810912,-0.0013534609770129934
19810913,-0.002395944206327887
19810914,-0.0020031600634738194
19810915,-0.0009856740920857904
19810916,-0.0016729817856858586
19810917,-0.0014817142163520986
19810918,-0.0021331931177967956
19810919,-0.0014768195829915091
19810920,-0.0026635928696041237
19810921,-0.0017815416188409652
19810922,-0.0011355244929079264
19810923,-0.0017414512373339786
19810924,-0.001509943853766908
19810925,-0.000989845107941618
19810926,-0.0016194813200297847
19810927,-0.002154045625942357
19810928,-0.0011900071650446714
19810929,-0.001497035521002405
19810930,-0.0017544245584490135
19811001,-0.001821999709653995
19811002,-0.0008521706659627675
19811003,-0.0014309154043189336
19811004,-0.0018883953014430502
19811005,-0.0010941215254655103
19811006,-0.001918349190144357
19811007,-0.0018418948012250429
19811008,-0.0012303010081542213
19811009,-0.0018159051314696538
19811010,-0.0021273782000602176
19811011,-0.0024892836451023363
19811012,-0.0008295357486313349
19811013,-0.0015006704504930033
19811014,-0.000862520942106308
19811015,-0.0006546947360949635
19811016,-0.0009452784830542354
19811017,-0.0006461908178796495
19811018,-0.0008435310986538528
19811019,-0.0008981281984718633
19811020,-0.0009847241235739865
19811021,-0.0010107441694121968
19811022,-0.0009490548934931404
19811023,-0.0006888679100569097
19811024,-0.0008154406798651653
19811025,-0.0006973803392921233
19811026,-0.0009192096389090183
19811027,-0.0006206435146055909
19811028,-0.0008583415021408439
19811029,-0.0011454461218317286
19811030,-0.0008228193378997553
19811031,-0.0008215878776368146
19811101,-0.00035756146323236366
19811102,-0.0005687175734367063
19811103,-0.0004735809726908727
19811104,-0.0005812071152854039
19811105,-0.000722098851901217
19811106,-0.0006853803287771066
19811107,-0.0006892918191729864
19811108,-0.00043192667763184794
19811109,-0.0004001988563020598
19811110,-0.0003388205049449998
19811111,-0.00036658013713846994
19811112,-0.00010464240451618004
19811113,-0.0006309370688203207
19811114,-0.0008556858395209484
19811115,-0.000386239622269219
19811116,-0.00044352117558541903
19811117,-0.0005756257821183923
19811118,-0.0004468258509305049
19811119,-0.00027616171879735196
19811120,-0.0007541594591251315
19811121,-0.00032960101964567696
19811122,-0.00042434978009684376
19811123,-0.0006677542461827931
19811124,-0.0010898930408589894
19811125,-0.00047338804031874643
19811126,-0.0003164703174605868
19811127,-0.0010705971284086927
19811128,-0.0008685350266610792
19811129,-0.0006912087562655768
19811130,-0.00017420079326311126
19811201,-0.000732589502394704
19811202,-0.0002885359779983512
19811203,-0.0003269924408743394
19811204,-0.00027315651988807366
19811205,-0.0004784441422465039
19811206,-0.00030537091242832496
19811207,-0.0003846662743379862
19811208,-0.0007837900859493604
19811209,-0.0005707289065105632
19811210,-0.0004197659438578776
19811211,-2.2685989385685203e-05
19811212,-0.00041102163320869936
19811213,-0.00034297445113787203
19811214,-0.000568720768094326
19811215,-0.0006425002680625167
19811216,-0.00031518241791866474
19811217,-0.00010090535107094313
19811218,-0.0002472765923576947
19811219,-0.00011560269948116836
19811220,-0.00012251558354693792
19811221,-0.0001570097305359107
19811222,1.4753217018128822e-05
19811223,3.273837417889422e-05
19811224,-1.343602246777936e-05
19811225,-0.00015108078930972248
19811226,-4.5526725933696196e-05
19811227,-9.717329744527887e-05
19811228,-5.898641701510827e-05
19811229,7.325178388566647e-05
19811230,-0.00044400821941626084
19811231,-0.00014114528624765155
19820101,3.453307629876264e-05
19820102,-0.0002982154329140503
19820103,-0.00043647999526005073
19820104,-0.0009583266373873167
19820105,-0.0012528412407752999
19820106,-0.0009680117517899146
19820107,-0.0001610164589677451
19820108,-0.00013872003731399301
19820109,-8.982789778064043e-05
19820110,-0.0003537079210422289
19820111,-0.00014712097618638974
19820112,-0.00027017508834264954
19820113,-0.00012638510183344157
19820114,-6.410421450394445e-05
19820115,-6.459922681536595e-05
19820116,-3.910475710279003e-05
19820117,6.760490272667038e-06
19820118,3.958366904717295e-05
19820119,-4.4509607201733725e-06
19820120,-1.1438761180108225e-05
19820121,2.3566693440694215e-06
19820122,-1.0077517773020585e-05
19820123,-0.0002426372037474759
19820124,-0.00014134374623839632
19820125,-0.0002094250461689301
19820126,-4.437446737776126e-06
19820127,-0.00018540918091421057
19820128,-0.0004207736092437842
19820129,0.00015516767409488926
19820130,2.647088563712843e-05
19820131,-0.00016560971605692534
19820201,-0.0005549752473425822
19820202,-0.000492915016307585
19820203,-0.0003248775339998537
19820204,-0.00027057304257036875
19820205,-0.0002885004618505573
19820206,-0.0001956742919002817
19820207,-0.00041953134390371367
19820208,-0.0006425826399161693
19820209,-0.0005220537768429779
19820210,-0.0005658723283601457
19820211,-0.0006286166401156445
19820212,-0.0003967645666149019
19820213,-0.0007575735098240118
19820214,-0.0006210524218247459
19820215,-0.0006937326271430544
19820216,-0.0006970600186889585
19820217,-0.00044453690336256036
19820218,-0.0006003700467205221
19820219,-0.0004581477545622792
19820220,-0.0005964062168313341
19820221,-0.0008283121666978072
19820222,-0.0006214677866216528
19820223,-0.0002682739602611505
19820224,-0.0002844602797298263
19820225,-0.00021246265489876023
19820226,-0.00013903026701344806
19820227,-0.00018935658320517844
19820228,8.126261656581717e-05
19820301,-0.0006124144703401202
19820302,-0.00142772323169493
19820303,-0.001113808249068802
19820304,-0.0017777267566673118
19820305,-0.0011399833967954307
19820306,-0.0010813707409371481
19820307,-0.0009408133868425726
19820308,-0.0009087915200230827
19820309,-0.0009063871658926958
19820310,-0.0012476642773219526
19820311,-0.001985526004193557
19820312,-0.00131804343004559
19820313,-0.0011908911167606965
19820314,-0.001123962997432626
19820315,-0.001815015714197589
19820316,-0.001824827841881476
19820317,-0.0011917442064334552
19820318,-0.000989081967149525
19820319,-0.0012684146247454702
19820320,-0.0011480969370895083
19820321,-0.0011680798528954188
19820322,-0.001018437839265957
19820323,-0.001592035103882692
19820324,-0.0019843151225866023
19820325,-0.0021381428211026377
19820326,-0.002165745327000992
19820327,-0.002047495060720442
19820328,-0.0014843301539128626
19820329,-0.0016767061841427534
19820330,-0.0015659271800175412
19820331,-0.0016278162189711466
19820401,-0.002257292316343913
19820402,-0.00182923469040278
19820403,-0.0017880343279066484
19820404,-0.0026941892508044233
19820405,-0.0025697207314859015
19820406,-0.0019469301027485507
19820407,-0.001627920247912214
19820408,-0.002516107787977584
19820409,-0.0018533171267993637
19820410,-0.001735424704173026
19820411,-0.0018626560835797565
19820412,-0.001628043770199444
19820413,-0.0019941366169868224
19820414,-0.0024632976113581236
19820415,-0.003040838165658934
19820416,-0.0031673128652842083
19820417,-0.002717730643480927
19820418,-0.002633406383464482
19820419,-0.00305707325385499
19820420,-0.0024835071722954624
19820421,-0.0022199236695129064
19820422,-0.002311191384752115
19820423,-0.002680146713779443
19820424,-0.002075538505754148
19820425,-0.002415237166894121
19820426,-0.0011965519611989329
19820427,-0.002025880454916374
19820428,-0.0014373608675660983
19820429,-0.001491973717323056
19820430,-0.0021833218354928192
19820501,-0.0017577864653757697
19820502,-0.002216016132577609
19820503,-0.0026115414946984807
19820504,-0.0018391669126722693
19820505,-0.0023777561664465583
19820506,-0.002144781883386549
19820507,-0.002830934516501994
19820508,-0.0025349149077929073
19820509,-0.0026463396932581524
19820510,-0.0028713804443354033
19820511,-0.0026765765307941165
19820512,-0.0037630111830084904
19820513,-0.004171963869804845
19820514,-0.0042873113344420784
19820515,-0.0043669779994847495
19820516,-0.0041141293115121306
19820517,-0.002845368025415699
19820518,-0.0032000538293727562
19820519,-0.0033051636549626244
19820520,-0.0031018631574795453
19820521,-0.002645265799543286
19820522,-0.0016353362915336564
19820523,-0.0024779129937478363
19820524,-0.002870459437397073
19820525,-0.0031935888311768468
19820526,-0.00450712899397934
19820527,-0.0043662668341414666
19820528,-0.002943792542906709
19820529,-0.004097556756953044
19820530,-0.004740312803693965
19820531,-0.004008672640301281
19820601,-0.003938217169595514
19820602,-0.003873544468012199
19820603,-0.00416960885302788
19820604,-0.0039564068354439215
19820605,-0.0033402844620823244
19820606,-0.0036843984346787793
19820607,-0.0032047507785162095
19820608,-0.0032463217298665534
19820609,-0.004254808962620543
19820610,-0.004367570419902023
19820611,-0.0021946157788677975
19820612,-0.003676798806453831
19820613,-0.0034007988778969734
19820614,-0.0025987770133134606
19820615,-0.0028784679892147036
19820616,-0.0014156450085195252
19820617,-0.003268665316579725
19820618,-0.0032233238386793124
19820619,-0.0032531864178260562
19820620,-0.003592087863661124
19820621,-0.002860840729675591
19820622,-0.0026273703650789614
19820623,-0.0038937776361176336
19820624,-0.003341643374872172
19820625,-0.0037826863641816453
19820626,-0.0036923670243296544
19820627,-0.003038081172812276
19820628,-0.002104558574892434
19820629,-0.0029356849816227775
19820630,-0.003126121090253188
19820701,-0.0033237929035048277
19820702,-0.004125778995992057
19820703,-0.002947612025817676
19820704,-0.0037422622058681664
19820705,-0.003774954867218963
19820706,-0.0034541301475688496
19820707,-0.0032717152667621975
19820708,-0.004671973612409855
19820709,-0.00522256821983347
19820710,-0.004285169716676308
19820711,-0.004541956722883528
19820712,-0.004878478994541793
19820713,-0.004307978135046658
19820714,-0.0039028080764709045
19820715,-0.004009255239341985
19820716,-0.00336483385665957
19820717,-0.0034450165440336545
19820718,-0.003083567920897359
19820719,-0.0033641663985087464
19820720,-0.003215727852510098
19820721,-0.003147732828667856
19820722,-0.0025480407031385753
19820723,-0.002256562355650497
19820724,-0.002253493165203176
19820725,-0.00249954846018868
19820726,-0.0017970043926694575
19820727,-0.0026095537092544535
19820728,-0.0027752378220906953
19820729,-0.003234897020371633
19820730,-0.0035494433153835632
19820731,-0.002222310516020296
19820801,-0.00289785355192522
19820802,-0.0030962886193717223
19820803,-0.002539455146369065
19820804,-0.002540431078849805
19820805,-0.0025537926801503827
19820806,-0.0026123977272853164
19820807,-0.0023701936024547263
19820808,-0.002172640504284663
19820809,-0.002270997992968626
19820810,-0.0023846239540111155
19820811,-0.0023910802377327396
19820812,-0.003994683426150087
19820813,-0.0031586448679620203
19820814,-0.002364240290261783
19820815,-0.0023989488605642637
19820816,-0.002856532877902705
19820817,-0.0022751780999376316
19820818,-0.0031063194333588694
19820819,-0.002731526690091042
19820820,-0.0020423323869619564
19820821,-0.001959378147315899
19820822,-0.0019057666066214986
19820823,-0.0017455039378348985
19820824,-0.002038602095764554
19820825,-0.0018720095966282449
19820826,-0.00273706929782721
19820827,-0.0027745572998631885
19820828,-0.002348357949198214
19820829,-0.0026672208496174464
19820830,-0.002508515955669386
19820831,-0.001923912550361815
19820901,-0.0017398304376415096
19820902,-0.0011183629901613075
19820903,-0.002520188044357148
19820904,-0.002663897291636569
19820905,-0.00268296772151425
19820906,-0.0018456311545443668
19820907,-0.0017285457239943562
19820908,-0.0014094700694889351
19820909,-0.0022359821895709267
19820910,-0.002400147590530442
19820911,-0.001911721625802863
19820912,-0.00223312034819996
19820913,-0.002072245876545106
19820914,-0.0022627915945920996
19820915,-0.002261950427520616
19820916,-0.0021111856769338473
19820917,-0.002097460449006552
19820918,-0.0018410394464351918
19820919,-0.0021435589639614686
19820920,-0.001968443279291499
19820921,-0.0024135166561295176
19820922,-0.00193625663125639
19820923,-0.0015880485409076792
19820924,-0.0017544530383038117
19820925,-0.0017865483666609902
19820926,-0.001300464886846519
19820927,-0.0019882845771037644
19820928,-0.001373604332128772
19820929,-0.0018550895152308372
19820930,-0.0008598941171460183
19821001,-0.0013211825217359983
19821002,-0.001165708851454864
19821003,-0.0009237302474709998
19821004,-0.0009560660009234028
19821005,-0.001389944883984653
19821006,-0.0009892434513433023
19821007,-0.0008444824910510182
19821008,-0.0013574309650226182
19821009,-0.0009507826034609177
19821010,-0.0012047038479018138
19821011,-0.0012926654918926043
19821012,-0.0014764146257768482
19821013,-0.00127485654894075
19821014,-0.0022213911612160146
19821015,-0.0013795913224986679
19821016,-0.0008829665018425304
19821017,-0.0010492737996570733
19821018,-0.0010787745960981097
19821019,-0.000989257411222175
19821020,-0.0008606339130072173
19821021,-0.0007110689004212901
19821022,-0.0007705005744987209
19821023,-0.00044689701899413713
19821024,-0.0010372953122900035
19821025,-0.0008581906743269982
19821026,-0.0005643028830487715
19821027,-0.0004374754607106416
19821028,-0.0007199417471086543
19821029,-0.0006740813252138723
19821030,-0.0005054530350378829
19821031,-0.0006775047380715193
19821101,-0.0004836989253275775
19821102,-0.0005120226353864252
19821103,-0.00048626127110692823
19821104,-0.0003582864516215594
19821105,-0.0005053302558446682
19821106,-0.0008072737686935446
19821107,-0.0010011315242508942
19821108,-0.0013567775073041659
19821109,-0.0009247728170334552
19821110,-0.0006006201825940929
19821111,-0.0004287545344604559
19821112,-0.0009565089882243809
19821113,-0.0009947904797713803
19821114,-0.0010973147868749216
19821115,-0.0007796900948633257
19821116,-0.00041291050005722827
19821117,-0.0007957248972737584
19821118,-0.000347988000331332
19821119,-0.0009970081317249272
19821120,-0.0005292816352103372
19821121,-0.00048190699829588985
19821122,-0.0004565780598759619
19821123,-0.00082523525987415
19821124,-0.000986451983743701
19821125,-0.0006573914755010255
19821126,-0.0006228604861280466
19821127,-0.00048289048531967326
19821128,-0.0005925246358448561
19821129,-0.00047585889035276
19821130,-0.0004178532644081174
19821201,-0.000442597605619677
19821202,-0.00017760628845369983
19821203,-0.0001705725878982828
19821204,-0.0002396115428399776
19821205,-0.00023818644780961305
19821206,-0.0005004812008762948
19821207,-0.00012926009329560406
19821208,-0.001088105488786084
19821209,-0.0009660391260231875
19821210,-0.0020178370857640874
19821211,-0.0008109379374723755
19821212,-0.0004428320649482485
19821213,-0.00039336714743332823
19821214,-0.00031545306796631795
19821215,-0.00013114042918745022
19821216,-0.0009157966133796787
19821217,-0.0003403811582517231
19821218,-0.00037080861031027576
19821219,-0.0006433568476838169
19821220,-0.0006094242231141879
19821221,-0.0009034046285033552
19821222,-0.00037859824049395354
19821223,-0.00041327801377604475
19821224,-0.00023694384423376814
19821225,-0.00013539074557871993
19821226,1.1195679211142308e-05
19821227,-7.192363997451644e-05
19821228,-0.0006788973870800613
19821229,-0.00031103661144341293
19821230,-0.00015315591319011931
19821231,-6.325297657444105e-05
19830101,-7.112950847207623e-05
19830102,-6.805495024041223e-05
19830103,0.00012625339836596657
19830104,-0.0006516684989399844
19830105,-0.00011491508129955839
19830106,-0.0006690153969912746
19830107,-0.0007901075259013504
19830108,-0.0003202655614632512
19830109,-0.00042508577694671797
19830110,-0.00018188511833436722
19830111,-0.00017209424179825755
19830112,-0.0003168501932121748
19830113,-0.0004510965576014475
19830114,-0.0005023658070785324
19830115,-0.0004997048692523642
19830116,-0.0008049106168122845
19830117,-0.0006108674731212391
19830118,-0.0006802681010325027
19830119,-0.0006034897815195034
19830120,-0.00036541185819585835
19830121,-0.00022493626026112712
19830122,-0.00023792620088000047
19830123,-0.0001913813245818054
19830124,-0.00014532223497750515
19830125,-0.00036894357867138885
19830126,-0.00024226010288179182
19830127,-0.0006445961692169125
19830128,-0.0006201075509077229
19830129,-0.0008844337193444949
19830130,-0.001441634736853761
19830131,-0.0006349722656656167
19830201,-0.0011538837644823547
19830202,-0.0008200714613264484
19830203,-0.0005117707074107759
19830204,-0.0003839200876927877
19830205,-0.00018601751727085174
19830206,-0.00024134540186217186
19830207,-0.0003223472794836413
19830208,-0.00037661546636724014
19830209,-0.0003268067775394992
19830210,-0.0003677128206638345
19830211,-0.0004044130452763914
19830212,-0.00040965196336150957
19830213,-0.00053501201953989
19830214,-0.000372742241313258
19830215,-0.0005496121303717594
19830216,-0.0008218001024345965
19830217,-0.0006598750956419319
19830218,-0.0004215160546652022
19830219,-0.00011412527250931495
19830220,-0.0002281900630874494
19830221,-0.000503747110293376
19830222,-0.0006580021104103019
19830223,-0.0005753182900660181
19830224,-0.00029786185581515796
19830225,-0.0004947406763352351
19830226,-0.00041267495464017396
19830227,-0.0008257749079864689
19830228,-0.001244010415103401
19830301,-0.0008845036979631184
19830302,-0.0007444521467396467
19830303,-0.000738776000229152
19830304,-0.0007250126591411317
19830305,-0.000545686061918692
19830306,-0.00039872629439943605
19830307,-0.0005889928960680927
19830308,-0.000989179468581786
19830309,-0.000985722803731259
19830310,-0.0009810601984014684
19830311,-0.0004939868554634032
19830312,-0.0014640372980544976
19830313,-0.0013755813555536504
19830314,-0.0015168085121314652
19830315,-0.0011022651024543164
19830316,-0.0013073827434889535
19830317,-0.0009179251710908266
19830318,-0.0008377870020672447
19830319,-0.0008656867429154965
19830320,-0.0010343198361019207
19830321,-0.0013498659368473326
19830322,-0.0024993630930133484
19830323,-0.001280091767355292
19830324,-0.002057859774195387
19830325,-0.001867596539172133
19830326,-0.0015157184277157021
19830327,-0.0011470313207952306
19830328,-0.0012866593738553704
19830329,-0.001079942570335512
19830330,-0.0006278964330508605
19830331,-0.0011588820703103335
19830401,-0.001424808216991016
19830402,-0.0013205830342798138
19830403,-0.0016085009866773088
19830404,-0.00128564796700141
19830405,-0.0018880541748957556
19830406,-0.002443824291448368
19830407,-0.001946965209293869
19830408,-0.0013231355060526057
19830409,-0.0007595455000575548
19830410,-0.001394187514068816
19830411,-0.0016954710245778877
19830412,-0.0019299271642990495
19830413,-0.002284701781203365
19830414,-0.0014065529130086174
19830415,-0.0015123649964563551
19830416,-0.0028461586652825015
19830417,-0.0035332770932973846
19830418,-0.002301504002390403
19830419,-0.001782691379270205
19830420,-0.003086297501394624
19830421,-0.0019341845599975083
19830422,-0.0031879125687025237
19830423,-0.002905864717679739
19830424,-0.002572688783201647
19830425,-0.0017878094635724276
19830426,-0.0017554561907848264
19830427,-0.0029969996573259625
19830428,-0.0028873053806553026
19830429,-0.003164328561618624
19830430,-0.002632826542274989
19830501,-0.0026725874981307655
19830502,-0.0027508542780379603
19830503,-0.0030043945883834384
19830504,-0.0017837947244235526
19830505,-0.0026235521303789792
19830506,-0.0023496814722037875
19830507,-0.0013913763436403947
19830508,-0.0026095030086737197
19830509,-0.0025291037317403987
19830510,-0.0025836385452345303
19830511,-0.0027945580243153067
19830512,-0.0022281416051293515
19830513,-0.0020502144553182504
19830514,-0.002380426955473903
19830515,-0.0022488672147532142
19830516,-0.0016998357383486414
19830517,-0.0021969800019993654
19830518,-0.0037409796133826053
19830519,-0.003138350755448747
19830520,-0.003153178569536237
19830521,-0.0016635462122867465
19830522,-0.002168603845317931
19830523,-0.0018787773687972563
19830524,-0.0014214748596437586
19830525,-0.0008154177900254745
19830526,-0.0011506754324178833
19830527,-0.0020291830551510547
19830528,-0.0025027691692001606
19830529,-0.002604864237269345
19830530,-0.0029307501873921038
19830531,-0.003936559216037391
19830601,-0.0034586584362604512
19830602,-0.0042337564727767275
19830603,-0.0037833053909742446
19830604,-0.004362928035234812
19830605,-0.004209748182092898
19830606,-0.004447780592609361
19830607,-0.004905633963037713
19830608,-0.004219440857661201
19830609,-0.0033258048418978335
19830610,-0.003485713505597186
19830611,-0.003049973693747868
19830612,-0.0033023685343968718
19830613,-0.0030850977575196327
19830614,-0.0030548889055933845
19830615,-0.0031971974380093303
19830616,-0.002705648048397743
19830617,-0.0031712364750551537
19830618,-0.00323883851985157
19830619,-0.003890159912678359
19830620,-0.004014467312308604
19830621,-0.003233165479271354
19830622,-0.0031140802216734287
19830623,-0.004124218132843619
19830624,-0.0030497625759718394
19830625,-0.0033797301227445585
19830626,-0.0029970325468683242
19830627,-0.003202829640281041
19830628,-0.003043222937623573
19830629,-0.0029096116930590046
19830630,-0.001753886456194579
19830701,-0.002876843157655056
19830702,-0.003407603717778978
19830703,-0.00424562228063139
19830704,-0.004719370741902093
19830705,-0.004434384730853502
19830706,-0.003926167566037557
19830707,-0.0028010763809013196
19830708,-0.0036985754908670757
19830709,-0.003881235059075929
19830710,-0.0052973832624944655
19830711,-0.004997053020711909
19830712,-0.004722666999792789
19830713,-0.004611168045556544
19830714,-0.0041099439856595475
19830715,-0.004192266469514867
19830716,-0.0045440743821239735
19830717,-0.004628449834893832
19830718,-0.0031329025236815976
19830719,-0.0033455363161276177
19830720,-0.0031603212960915287
19830721,-0.0038796124934410248
19830722,-0.004478586893977994
19830723,-0.003580717743131383
19830724,-0.0030818722495261656
19830725,-0.00414835837165855
19830726,-0.004136644775575232
19830727,-0.0038825675375012145
19830728,-0.0035955446809435823
19830729,-0.003404226342261004
19830730,-0.0036555992845700306
19830731,-0.004308171989155404
19830801,-0.002757020564957476
19830802,-0.0022071731252359447
19830803,-0.002162213360876315
19830804,-0.001948129940927996
19830805,-0.001645111270887206
19830806,-0.0015197835581272263
19830807,-0.002292550224724434
19830808,-0.002658590221908813
19830809,-0.0030806850261488133
19830810,-0.0026995993177058105
19830811,-0.0027314143163176706
19830812,-0.0026618411526890813
19830813,-0.0016810468589854334
19830814,-0.0016348127062421225
19830815,-0.0025258287133121194
19830816,-0.001892038574843252
19830817,-0.002186391242738665
19830818,-0.0024139920205319748
19830819,-0.0026444803071012713
19830820,-0.002150977962530293
19830821,-0.0022647236993331727
19830822,-0.0022439721337296015
19830823,-0.0020935956987685558
19830824,-0.002277604699842155
19830825,-0.0034167408453227113
19830826,-0.0027170486299617977
19830827,-0.0027234880368065977
19830828,-0.0023023139493507415
19830829,-0.0019146795053821295
19830830,-0.0024747717123141913
19830831,-0.0025185815326901114
19830901,-0.002044158923161849
19830902,-0.0026761841702660793
19830903,-0.0025296269226104916
19830904,-0.0016358171940145673
19830905,-0.0017666805415950406
19830906,-0.001744371360124933
19830907,-0.0018051703732342593
19830908,-0.0020694288782905947
19830909,-0.0017121637168674372
19830910,-0.0021924903403834966
19830911,-0.0025935782347224195
19830912,-0.0021976668629885327
19830913,-0.001770241518637906
19830914,-0.001837931671528441
19830915,-0.002356730928317553
19830916,-0.002565392964670957
19830917,-0.0016106242538088274
19830918,-0.0018403505873038303
19830919,-0.001105047280834882
19830920,-0.0017805350163998656
19830921,-0.0017426611975585602
19830922,-0.0017332544330210403
19830923,-0.002076297473890687
19830924,-0.0019282804036516948
19830925,-0.0018185032722722759
19830926,-0.002022190953594315
19830927,-0.0021745685938475354
19830928,-0.0022172625152927293
19830929,-0.0017118552197733293
19830930,-0.0011446329235872722
19831001,-0.0010460804830273978
19831002,-0.001049861236945668
19831003,-0.000910831729459914
19831004,-0.0019294482744234263
19831005,-0.0014332012254903558
19831006,-0.001240129328401143
19831007,-0.001044557132988489
19831008,-0.0013096285897670078
19831009,-0.0011129139251774669
19831010,-0.001171925138537625
19831011,-0.001894499176965958
19831012,-0.0010487303699409278
19831013,-0.0016917869956824497
19831014,-0.0014122262947595557
19831015,-0.00205685676742677
19831016,-0.0021482946701465214
19831017,-0.0011022290355819505
19831018,-0.0006644908596262282
19831019,-0.0005793081708445783
19831020,-0.0008657456086821059
19831021,-0.0009757184317982404
19831022,-0.0009241544650174496
19831023,-0.0009709198980919804
19831024,-0.0007899400457999774
19831025,-0.0006066432660958914
19831026,-0.0006515260558504974
19831027,-0.0008702246798560769
19831028,-0.00040679088226463036
19831029,-0.0010163687796144773
19831030,-0.0006552486409492908
19831031,-0.00019768070749532298
19831101,-0.000503200141205377
19831102,-0.00043673384506295643
19831103,-0.0005241841248182425
19831104,-0.0005344934063438369
19831105,-0.0004884531677680104
19831106,-0.00033372219258631343
19831107,-0.0003568663164476636
19831108,-0.0006073644904062873
19831109,-0.0005610491021442824
19831110,-0.0004524360188415541
19831111,-0.00042889296506497227
19831112,-0.0005201663090828266
19831113,-0.0005710839104326479
19831114,-0.000618112274370236
19831115,-0.00021833186548467177
19831116,-0.00016700164297173638
19831117,-0.00016603104530154566
19831118,-0.0002883777633090226
19831119,-0.00024170594937183792
19831120,-0.00019882234520702245
19831121,-0.0002715646554800066
19831122,-0.00019792377504060626
19831123,-0.00014822204467860407
19831124,-8.921244519727492e-05
19831125,0.0001934667839737727
19831126,-0.0006619295411618213
19831127,-0.002147667804602897
19831128,-0.001134654138620947
19831129,-0.0006116865664790953
19831130,-0.0005532421694089578
19831201,-0.000510448989787374
19831202,-0.00018954199581970992
19831203,-0.00010401181363466975
19831204,-5.435519685788463e-05
19831205,-1.6200802414066467e-05
19831206,-5.1803641557485875e-06
19831207,-0.00013889219151831913
19831208,-0.00015919360563206652
19831209,-0.0004343572119728783
19831210,-0.000402418159464063
19831211,-0.0002465251324694304
19831212,-0.0001612890064153159
19831213,-6.614146959408762e-05
19831214,-2.488660472646505e-05
19831215,-0.00013034946037754014
19831216,-0.00029508193314856053
19831217,-0.00010674581696487194
19831218,-0.00042437409457866086
19831219,-0.00037085427160838297
19831220,-0.0005152720473162842
19831221,-0.000324609893842868
19831222,-0.0003556969220600935
19831223,-0.00022035685458729554
19831224,-0.0004919605209430308
19831225,-0.0009378988405052937
19831226,-0.0014841027229655478
19831227,-0.0003947437839703366
19831228,-0.0001731456879231042
19831229,-0.00014945503291097204
19831230,-0.0003163753950034778
19831231,-0.0002897811568979598
19840101,-0.00031062850959173895
19840102,-0.0003202962062224376
19840103,-0.0014798903860245803
19840104,-0.0006778394968499013
19840105,-0.0004063722966102498
19840106,-0.0002193156875824998
19840107,-0.0002406932298572823
19840108,-0.0004988262921519278
19840109,-0.0003817414640146638
19840110,-0.00022909983123272967
19840111,-0.00025632237980642396
19840112,-0.0004540291693138135
19840113,-0.0005169417239270362
19840114,-0.0012163191606985935
19840115,-0.0009601783490020684
19840116,-0.0009874073900918254
19840117,-0.0014409977787067652
19840118,-0.0005304630700169544
19840119,-0.00019485219844653923
19840120,-0.0002599740442637955
19840121,-0.00028770981517765653
19840122,-0.0001166397485632117
19840123,-0.00036636762340172264
19840124,-0.0009729381768334049
19840125,-0.00031809285286825433
19840126,-0.00034283933392333614
19840127,1.9994444786917616e-05
19840128,-0.00012712280660494987
19840129,-0.0003351698825996182
19840130,-0.00032624754108372025
19840131,-0.0005434443091943431
19840201,-0.000407505968358014
19840202,-0.0005780709045716503
19840203,-0.0006339593964330474
19840204,-0.00042464229396314455
19840205,-0.000455459164948366
19840206,-0.0006969047224134265
19840207,-0.0015837743720703496
19840208,-0.0010034930434253545
19840209,-0.0008796343848128624
19840210,-0.000269508624988834
19840211,-0.0004272703683013365
19840212,-0.0008779461932527766
19840213,-0.0005146776353380343
19840214,-0.0004193493675842881
19840215,-0.0003077588993175052
19840216,-0.00016733616163679086
19840217,-0.00012375283948282215
19840218,-0.00013758025923038623
19840219,-0.00012602851975282342
19840220,-0.0001433414524582324
19840221,-0.0005270342415594693
19840222,-0.0007821180474516315
19840223,-0.0005712264190226987
19840224,-0.000552877242214764
19840225,-0.00042399344109320526
19840226,-0.0003264785564574108
19840227,-0.00036905672416138205
19840228,-0.0002882225384558778
19840229,-0.0004565190658664297
19840301,-0.00045380250436244173
19840302,-0.0005627209749396905
19840303,-0.0005799550248149707
19840304,-0.0005554352208617724
19840305,-0.0002852412501049478
19840306,-0.0004356657348040118
19840307,-0.0003522064686044124
19840308,-0.001274867729376441
19840309,-0.0008720154500123527
19840310,-0.0006296219617983172
19840311,-0.0006881079389057883
19840312,-0.0009701118477532739
19840313,-0.0008905540978543097
19840314,-0.0012367262290466428
19840315,-0.001229658350110461
19840316,-0.001201720782551615
19840317,-0.0011142894821178668
19840318,-0.0010688569410884788
19840319,-0.001440725152823228
19840320,-0.001476263944476868
19840321,-0.001427504090166749
19840322,-0.0017045157448323325
19840323,-0.0016811450115777884
19840324,-0.0013025020260869374
19840325,-0.0015856896717204537
19840326,-0.0018322171561989502
19840327,-0.0019937559959381447
19840328,-0.001847295432296692
19840329,-0.0018953584091666678
19840330,-0.0017600715275542145
19840331,-0.0016640163427868273
19840401,-0.0006536337160459829
19840402,-0.001291736326513079
19840403,-0.0009511349911451934
19840404,-0.0008274947366511076
19840405,-0.0008969897155655361
19840406,-0.0012222556133371604
19840407,-0.0009243391437987453
19840408,-0.001312734360007388
19840409,-0.0015522078922742628
19840410,-0.0012689483716336678
19840411,-0.001355522663222611
19840412,-0.0016955923988995786
19840413,-0.001810348424400468
19840414,-0.00280916635967491
19840415,-0.003374482277634132
19840416,-0.0026345430815859286
19840417,-0.001970305702838025
19840418,-0.0024159773910251924
19840419,-0.00300129426778574
19840420,-0.003047522514551039
19840421,-0.003218509660988939
19840422,-0.003056866858752524
19840423,-0.0036095835950297724
19840424,-0.003912289753589101
19840425,-0.0038750497617339916
19840426,-0.0035425563372580085
19840427,-0.0035266305838483826
19840428,-0.003357916742546105
19840429,-0.003187758620006367
19840430,-0.003010683026791193
19840501,-0.002791551393232259
19840502,-0.0017993855176009924
19840503,-0.002066866505391015
19840504,-0.002469228753793143
19840505,-0.0015406932374142362
19840506,-0.0028528073597286967
19840507,-0.0016980782952602258
19840508,-0.0022893787766456735
19840509,-0.0024399105385035764
19840510,-0.002486945438275763
19840511,-0.00263513530289224
19840512,-0.0023432238162427108
19840513,-0.0008097078279216212
19840514,-0.0006643405558863122
19840515,-0.0021942739319740848
19840516,-0.0023585039924200776
19840517,-0.0028953129133557323
19840518,-0.0035455034859856608
19840519,-0.0028802401210412335
19840520,-0.0034633837843224997
19840521,-0.001509111728931307
19840522,-0.003509437578151011
19840523,-0.002643976709473117
19840524,-0.0017686265275348597
19840525,-0.0023795244741323276
19840526,-0.002739879305084699
19840527,-0.0030637198615827625
19840528,-0.0021206729796749554
19840529,-0.0021187130878933544
19840530,-0.0007796153644092739
19840531,-0.0016812884482693407
19840601,-0.0028870361668829198
19840602,-0.003931616049443528
19840603,-0.0022161470330926856
19840604,-0.0016697081428551632
19840605,-0.0022162069526848512
19840606,-0.0028254841334387597
19840607,-0.002996737137543386
19840608,-0.0020073272413715904
19840609,-0.0024888995109590972
19840610,-0.003763519596928876
19840611,-0.00344542368567502
19840612,-0.003308872265278766
19840613,-0.0037616005094504583
19840614,-0.0029440399760787897
19840615,-0.0026775906564640785
19840616,-0.0035587691342606593
19840617,-0.0041342600996646574
19840618,-0.004287470658147198
19840619,-0.00458910811419139
19840620,-0.0038391937176069967
19840621,-0.0027435111583207963
19840622,-0.004181152059924137
19840623,-0.0041049217572669
19840624,-0.0031237511439041127
19840625,-0.0015994401151527525
19840626,-0.003534425783774745
19840627,-0.0038822089665087284
19840628,-0.003123060926075371
19840629,-0.003157887295884073
19840630,-0.0029602542906607826
19840701,-0.0038826436687890565
19840702,-0.0032610868135770498
19840703,-0.002744872893400403
19840704,-0.0018406473092055457
19840705,-0.002705839549502331
19840706,-0.003811313809479462
19840707,-0.0044348922680931945
19840708,-0.004661296348650201
19840709,-0.005153263712477786
19840710,-0.005046748266777564
19840711,-0.0051387655981082
19840712,-0.004092477305421139
19840713,-0.003205319709542597
19840714,-0.001456319633946085
19840715,-0.0031613850049201577
19840716,-0.003169511793195885
19840717,-0.002461949676723148
19840718,-0.0023502522205401085
19840719,-0.002498474882794534
19840720,-0.002936849230957329
19840721,-0.0037346638234492745
19840722,-0.0036398073978615646
19840723,-0.0037514655096587833
19840724,-0.004062083497314497
19840725,-0.002757169148834939
19840726,-0.0027701908421997657
19840727,-0.0026839812934322453
19840728,-0.00134249386542684
19840729,-0.004342005379141614
19840730,-0.004736533415818833
19840731,-0.004941498697159387
19840801,-0.0031868450091638956
19840802,-0.0029876491094090385
19840803,-0.0035674052391367964
19840804,-0.0027833009177463974
19840805,-0.003361078163085595
19840806,-0.0023316107483975367
19840807,-0.0021981535920578767
19840808,-0.0026286677211142767
19840809,-0.0027098946966523144
19840810,-0.0018106344885184245
19840811,-0.0014296862863686056
19840812,-0.0014019500239741088
19840813,-0.0028819663742533095
19840814,-0.003073969432585243
19840815,-0.003118519311133642
19840816,-0.003283590315093033
19840817,-0.00313472557019257
19840818,-0.0032163048950426872
19840819,-0.003572517672624737
19840820,-0.003822137950704486
19840821,-0.003879748766217695
19840822,-0.0035240411568527997
19840823,-0.0032173807187370227
19840824,-0.0018609956456022883
19840825,-0.0016633176128790217
19840826,-0.0020784303590548514
19840827,-0.002410570710667294
19840828,-0.0027843586771002684
19840829,-0.0026071544327902502
19840830,-0.0017941889423567904
19840831,-0.0023829419166923062
19840901,-0.00267802974033827
19840902,-0.0026303010698292915
19840903,-0.0020135500812647443
19840904,-0.002080771628004859
19840905,-0.0023196164166180045
19840906,-0.001928585709357267
19840907,-0.0017667400883398703
19840908,-0.0018617375313815252
19840909,-0.0019077494184677705
19840910,-0.0025056597621207683
19840911,-0.0021263913821353135
19840912,-0.0017127378551798887
19840913,-0.001574622865703306
19840914,-0.0018927907248167742
19840915,-0.0014679200418923326
19840916,-0.0009694860294996091
19840917,-0.0010380481072516312
19840918,-0.0012218040681135163
19840919,-0.0016020492831101793
19840920,-0.001526994169346524
19840921,-0.0013187134106031355
19840922,-0.0018022446233619445
19840923,-0.0013648495687237968
19840924,-0.0016160856068764941
19840925,-0.0012950903009207888
19840926,-0.0014291360478777843
19840927,-0.0008206057275141547
19840928,-0.0012359031256742835
19840929,-0.0016504013943376913
19840930,-0.0016758247604412955
19841001,-0.0014452686252367309
19841002,-0.001910516345572107
19841003,-0.0010995635564935073
19841004,-0.001588155530285261
19841005,-0.0016772285768269775
19841006,-0.0009595317325948312
19841007,-0.001400339788245193
19841008,-0.0005345139745506342
19841009,-0.0007664202268927504
19841010,-0.0007398941786077494
19841011,-0.0007561794295141576
19841012,-0.0009459919108383414
19841013,-0.0010177425208126804
19841014,-0.0008532943079757354
19841015,-0.0007678923847854267
19841016,-0.00086613841151784
19841017,-0.0010798767756348077
19841018,-0.0017210361368318833
19841019,-0.002483231907200186
19841020,-0.0018808563935010505
19841021,-0.0012251336993974909
19841022,-0.0006449534568930093
19841023,-0.0013371051394501256
19841024,-0.000936886781208527
19841025,-0.001652779475595332
19841026,-0.0015836839565551888
19841027,-0.0008059749924224641
19841028,-0.00043959686254063164
19841029,-0.0005892413740161836
19841030,-0.0008705121546267556
19841031,-0.0007311670900363174
19841101,-0.0006724216729178368
19841102,-0.0008670242704153267
19841103,-0.00032408837889863745
19841104,-0.00038771689320927594
19841105,-0.0006061743067919045
19841106,-0.0005245131974130888
19841107,-0.0006580059516001908
19841108,-0.0009291569049876683
19841109,-0.0006235711336540849
19841110,-0.000613238125797342
19841111,-0.0005135262883318966
19841112,-0.00038990580846675216
19841113,-0.0004313413993886871
19841114,-0.0004074836436570968
19841115,-0.00029392347833792854
19841116,-0.0006809642530809819
19841117,-0.0007760035457771083
19841118,-0.0007187006093273294
19841119,-0.0003596593712311286
19841120,-0.00029678848919541034
19841121,-0.0007857456144298715
19841122,-0.0011155582789802664
19841123,-0.0026866356985131546
19841124,-0.0022211765056933904
19841125,-0.0007416877017896829
19841126,-0.0004954064124867768
19841127,-0.000370429018967379
19841128,-0.0005458022042612531
19841129,-0.00046122433678253663
19841130,-0.0005904857848721799
19841201,-0.0005173495290597188
19841202,-0.00021166009722880434
19841203,-0.00024955920310580865
19841204,-0.00024872019619156323
19841205,-0.00019859699279425216
19841206,-0.0002548240878161298
19841207,-0.00016505002859902064
19841208,-0.00019742247403083726
19841209,-0.00011776637922286128
19841210,-0.00032869245824130634
19841211,-0.0002156114281905731
19841212,-0.00014441665982300864
19841213,-0.0001643135334976498
19841214,-0.0002900620643203604
19841215,-0.0002265237354375594
19841216,-0.00014379439110510713
19841217,-0.00037732415073538745
19841218,-0.0004257583270214827
19841219,-0.00028513710655597724
19841220,-0.00022850021684130983
19841221,-0.0006899834820590356
19841222,-0.00011714306234646931
19841223,-0.00019625445962827737
19841224,-0.00031056871031661726
19841225,-0.0003911562049329455
19841226,-0.0002797494531435164
19841227,-0.00019574266227938137
19841228,-0.00031641772036414484
19841229,-0.00026421638540907234
19841230,-0.00014287349072867998
19841231,-0.00011672026043972238
19850101,-0.0002382947881521207
19850102,-0.0003948569463754882
19850103,-0.00013633404045826903
19850104,-0.00010777422563207199
19850105,-6.307635019583303e-05
19850106,-6.873552788214933e-05
19850107,-0.0002767772293676976
19850108,-7.881922395491604e-06
19850109,-0.00017485783922713505
19850110,-4.31832924557465e-05
19850111,-4.412173906820389e-06
19850112,-6.684337905609856e-05
19850113,-0.00012347283613821272
19850114,-7.635320627087963e-05
19850115,-2.1293508169028156e-05
19850116,-2.677578758915169e-05
19850117,1.1585024291859116e-05
19850118,-0.00017235135509355238
19850119,-0.00014647873459529886
19850120,-4.780196118068364e-05
19850121,0.000264761863278254
19850122,0.0005937245523942551
19850123,-0.00013820310195743248
19850124,-0.0004258423651193663
19850125,-0.0007695805943849642
19850126,-9.386003386951776e-05
19850127,-0.00045310171226766436
19850128,-0.00014888963541804154
19850129,-0.00019061988166663548
19850130,7.848498764202101e-05
19850131,-0.00019679436779950233
19850201,-0.00025540227243398456
19850202,-0.00041561035826907984
19850203,-0.0006659503745202496
19850204,-0.0006869959400116923
19850205,-0.00024971760507692004
19850206,-0.00013776170519629185
19850207,-0.0005901635337454039
19850208,-0.00047569958743069887
19850209,-0.0003459444411733484
19850210,-0.0006472280185205261
19850211,-0.00023335142348147905
19850212,-0.00023709840362585655
19850213,-0.00011011794640448118
19850214,-0.0001463661910273388
19850215,-0.00044652050671376215
19850216,-0.0003806235677405043
19850217,-0.00042880622122356876
19850218,-0.0003113548465842965
19850219,-0.00026205536273337353
19850220,-0.0001758109747179048
19850221,-0.00014693587483749246
19850222,-0.0001619664245168236
19850223,-0.0001789192200840806
19850224,-0.00028482926127820015
19850225,-0.00044810325387873893
19850226,-0.0004839714591213954
19850227,-0.0004946251558795328
19850228,-0.0005927310804870433
19850301,-0.00045955485165293983
19850302,-0.0007711775119563501
19850303,-0.0007521488884234378
19850304,-0.0008792469516698676
19850305,-0.0008076304194466288
19850306,-0.0006748312173917827
19850307,-0.000707452912914221
19850308,-0.0010181302023330742
19850309,-0.0007939864098818126
19850310,-0.000978614162579313
19850311,-0.0009806531694663168
19850312,-0.0011151985893933598
19850313,-0.000853188521589216
19850314,-0.0006915941797158486
19850315,-0.0013582376032262831
19850316,-0.0005805342193342542
19850317,-0.0008086632100935167
19850318,-0.0013653440541366297
19850319,-0.0005851846332564719
19850320,-0.0006676190346103412
19850321,-0.0009376488974571786
19850322,-0.0011643679465077569
19850323,-0.0014148831434234745
19850324,-0.0013890716674301916
19850325,-0.0018061065611543426
19850326,-0.0023609451707521938
19850327,-0.0017249694244775957
19850328,-0.0015414694708113517
19850329,-0.0011941881867614862
19850330,-0.0019794977947189644
19850331,-0.001986481387836276
19850401,-0.0024314503957941994
19850402,-0.0019581451518080922
19850403,-0.002136066155959683
19850404,-0.0032262740015435694
19850405,-0.002422821652264999
19850406,-0.0021409670777493835
19850407,-0.0021485562520117555
19850408,-0.0027823341142071095
19850409,-0.0014406665776690879
19850410,-0.0021628763143560262
19850411,-0.0023688207089279747
19850412,-0.0027608766694341555
19850413,-0.002472720173827619
19850414,-0.002166791030698513
19850415,-0.0025925817984650637
19850416,-0.0010346796487752422
19850417,-0.002352900978149179
19850418,-0.003302248657930254
19850419,-0.003302431347396637
19850420,-0.002792202452045155
19850421,-0.003219403574524987
19850422,-0.00305582313630679
19850423,-0.0024334766341022954
19850424,-0.0028505850363213943
19850425,-0.0022629405640887407
19850426,-0.0017410733058037173
19850427,-0.001787567914462189
19850428,-0.0026312376192547645
19850429,-0.0018884659678936866
19850430,-0.0010636135552495778
19850501,-0.002056907849168021
19850502,-0.0028777171892779606
19850503,-0.0026698053836347853
19850504,-0.001647852277706178
19850505,-0.002033555833104419
19850506,-0.003417646759341629
19850507,-0.0024305491099960693
19850508,-0.0020403048221514703
19850509,-0.0014612245765434051
19850510,-0.002468332404646525
19850511,-0.002803379269879479
19850512,-0.0030357662279191424
19850513,-0.0027323735089212074
19850514,-0.0026023996069400113
19850515,-0.0031866260324864334
19850516,-0.0035245768608290116
19850517,-0.0033058485030026293
19850518,-0.003231095827580621
19850519,-0.002367455433369087
19850520,-0.0033070769263541713
19850521,-0.003100489070398201
19850522,-0.002853949051030105
19850523,-0.0024348622664670493
19850524,-0.0032783528366109047
19850525,-0.0038998464572514995
19850526,-0.004275097430299284
19850527,-0.004175616455420501
19850528,-0.001871645309071208
19850529,-0.002684504207459871
19850530,-0.0025514723146899247
19850531,-0.004566401043240425
19850601,-0.004093771486208365
19850602,-0.004980870845786216
19850603,-0.004942355348818331
19850604,-0.00420287516917485
19850605,-0.0035622002628910576
19850606,-0.0030868167355550475
19850607,-0.0035830488828400577
19850608,-0.0035233768471455984
19850609,-0.002375989018457476
19850610,-0.0033946634073588437
19850611,-0.0028810109572295095
19850612,-0.002756741401583196
19850613,-0.003059445118263486
19850614,-0.0030614010062512825
19850615,-0.0035880529906069463
19850616,-0.002766588992751747
19850617,-0.003263131724047497
19850618,-0.002680357567842333
19850619,-0.0023639007696028332
19850620,-0.002670410739360054
19850621,-0.0032546495621245107
19850622,-0.003533144760841904
19850623,-0.003109015013098578
19850624,-0.0027081484701674523
19850625,-0.0033260484367366085
19850626,-0.0023632985459006435
19850627,-0.002994961463595259
19850628,-0.002698643981552141
19850629,-0.0026100706062453555
19850630,-0.0033009960275154904
19850701,-0.0036246472111098743
19850702,-0.003513473668610421
19850703,-0.004927568079725051
19850704,-0.004884518115122139
19850705,-0.0028597095913461355
19850706,-0.0026375803108644067
19850707,-0.004641311836128106
19850708,-0.0038797978147724786
19850709,-0.003300761023528504
19850710,-0.0030232150757399834
19850711,-0.0028529176663467486
19850712,-0.0030284896351463345
19850713,-0.004428321609626515
19850714,-0.004781758065396309
19850715,-0.0037988445469347514
19850716,-0.002869815260437076
19850717,-0.0039879474696020165
19850718,-0.003526065151501279
19850719,-0.0032643910629813564
19850720,-0.003335849547409206
19850721,-0.0032293044620519394
19850722,-0.0032512243860472315
19850723,-0.002282387415861405
19850724,-0.003956505441809867
19850725,-0.004440689963974848
19850726,-0.0033568061723802654
19850727,-0.003373831276801725
19850728,-0.003122050002496612
19850729,-0.003170532619954857
19850730,-0.003346863624571877
19850731,-0.0020188534429838563
19850801,-0.002823592471079581
19850802,-0.0031403342112977803
19850803,-0.0019536184109701328
19850804,-0.0023341205856544514
19850805,-0.0031155809539899636
19850806,-0.002668240683381108
19850807,-0.002589268129328052
19850808,-0.0013618680093421885
19850809,-0.0036116141019646277
19850810,-0.002833493355062192
19850811,-0.0032286424933731872
19850812,-0.002008965126960858
19850813,-0.002752953390338056
19850814,-0.004132229120084373
19850815,-0.002386013476169162
19850816,-0.003010121631943069
19850817,-0.0027137462961421446
19850818,-0.0020404242092286508
19850819,-0.002555162164124363
19850820,-0.0026052659928606312
19850821,-0.0026969228868816923
19850822,-0.0029880276614347237
19850823,-0.002446282031958942
19850824,-0.0025657198989179663
19850825,-0.002898365473080138
19850826,-0.002368184816478194
19850827,-0.002191783709555666
19850828,-0.0030053444981480433
19850829,-0.003267480688002571
19850830,-0.00322921000328632
19850831,-0.0025297111207836774
19850901,-0.002235702322898183
19850902,-0.0023323975541733742
19850903,-0.0026597915582139814
19850904,-0.002138355933400947
19850905,-0.0014577980208844484
19850906,-0.0026594053867368427
19850907,-0.002268170548775678
19850908,-0.0019247195678901675
19850909,-0.0017629766927008267
19850910,-0.00250648463041392
19850911,-0.0026103685924203915
19850912,-0.0026727166325393394
19850913,-0.001963805585920439
19850914,-0.001767669159012307
19850915,-0.0013015533723562678
19850916,-0.0014718100877501316
19850917,-0.0009325886649046108
19850918,-0.0018277531483527928
19850919,-0.002904558780258154
19850920,-0.001981025862959746
19850921,-0.002347422630222812
19850922,-0.0023023207018177155
19850923,-0.0015452674001360089
19850924,-0.0016980130924959887
19850925,-0.001829837489019994
19850926,-0.0018861730062263839
19850927,-0.001931604475459051
19850928,-0.0018695477662031305
19850929,-0.0015127143192736677
19850930,-0.0016704798858400121
19851001,-0.0018414128426408245
19851002,-0.0018118141394828581
19851003,-0.0023661212163102914
19851004,-0.0020343697841798607
19851005,-0.0009155462423817576
19851006,-0.001365855432872963
19851007,-0.001415823507147927
19851008,-0.001822397631450897
19851009,-0.0009855119005488361
19851010,-0.0009643556111136616
19851011,-0.0010930239477007359
19851012,-0.0007152312977122174
19851013,-0.001152231076678302
19851014,-0.001098277259541677
19851015,-0.0005194208393222894
19851016,-0.0009083012991119763
19851017,-0.0007974478209653898
19851018,-0.0008303893736730283
19851019,-0.000815709086285012
19851020,-0.0009901458262587292
19851021,-0.0009171168687191437
19851022,-0.0008292726163402398
19851023,-0.0009353223416174541
19851024,-0.0011721097191510455
19851025,-0.0008333178674580586
19851026,-0.000677963281126797
19851027,-0.0005991939728752068
19851028,-0.0004407878579036875
19851029,-0.0005390280504475669
19851030,-0.0004915099877610368
19851031,-0.00027946112731177457
19851101,-0.0005986955365649245
19851102,-0.0008807611377250523
19851103,-0.000532689858526836
19851104,-0.0005488705077365795
19851105,-0.0018268089723238894
19851106,-0.0012014593171060012
19851107,-0.0004827610467213755
19851108,-0.0006325616966446255
19851109,-0.001898980840335973
19851110,-0.00154272997784035
19851111,-0.00078085394353876
19851112,-0.0005315204378912005
19851113,-0.0002738041024960882
19851114,-0.00031226686094465493
19851115,-0.0003241477739986675
19851116,-0.0002680052668862708
19851117,-0.0002208138462316394
19851118,-0.00044854480996357206
19851119,-0.00025533459721727153
19851120,-0.00012869740554695536
19851121,-0.00012009095274602356
19851122,-8.273576554588394e-05
19851123,-0.00010809665319372925
19851124,-2.084785426024669e-05
19851125,-8.249341888355439e-05
19851126,-0.00010695081869027077
19851127,-0.0003149063975348092
19851128,-0.0001846821014271726
19851129,5.460668198582859e-05
19851130,0.00019505542955697462
19851201,4.334496176839032e-05
19851202,9.51104903908981e-05
19851203,-0.0004717604217466598
19851204,-0.0005841325465667254
19851205,-0.0010329380387022005
19851206,-0.0012693363927179532
19851207,-0.0007287172084583889
19851208,-0.0003376697172970172
19851209,-0.000538082525553515
19851210,-0.0005374221841237843
19851211,-0.00030611101344936236
19851212,-0.00024013926284953367
19851213,-0.00019476100064780473
19851214,-0.00014895751420679614
19851215,-8.485032378076117e-05
19851216,-0.00017583589640291064
19851217,-0.0003563711465666579
19851218,-0.0002554539757225599
19851219,-0.00044887952712389424
19851220,-0.0003793827450938874
19851221,-0.0005473842368806203
19851222,-0.0005520780924498863
19851223,-0.00011939047457438712
19851224,-0.0005415364086277592
19851225,-0.0007324167918770304
19851226,-0.0012495933130173373
19851227,-0.0009406236497394073
19851228,-0.0002823979034032531
19851229,-0.00018804979438564925
19851230,-5.3555521158475436e-05
19851231,-2.6750732437973034e-05
19860101,-0.0001018538395761648
19860102,6.670552989857369e-05
19860103,-0.0003528747300101905
19860104,-0.0004721845403099802
19860105,-0.0007860093478633817
19860106,-0.000257965810904196
19860107,-0.00019954997444057455
19860108,-0.0002794638009065462
19860109,-0.00014040971370145417
19860110,-0.00011977030634153664
19860111,0.00014585244737452127
19860112,-0.000632101781631463
19860113,-0.00015927796578871377
19860114,-0.0012420344660569193
19860115,-0.001116448785293477
19860116,-0.0005970353430444364
19860117,-0.00032764872110092663
19860118,-4.3619260014930584e-05
19860119,-0.000806595854719526
19860120,-0.0007009805763101488
19860121,-0.00047360531998077494
19860122,-0.0011470411728983115
19860123,-0.0009228273178490182
19860124,-0.0010368826929332082
19860125,-0.0005683568566221439
19860126,-0.0003008355700412928
19860127,-0.0001683735367001724
19860128,-0.0003154859185413659
19860129,-0.0002489254624052952
19860130,-0.00040511861901694317
19860131,-0.0003102042304882173
19860201,-0.00012734882925580723
19860202,-0.00019795888282517674
19860203,-0.00020263055624367366
19860204,-0.00040102286921541005
19860205,-0.00019858713090332723
19860206,-0.00020736909001003293
19860207,-0.0003379773750753702
19860208,-0.0002561642860690124
19860209,-0.0002595502281983653
19860210,-0.00033331082430156463
19860211,-0.00026148588663832986
19860212,-0.00026084283343269076
19860213,-0.0003800267771834928
19860214,-0.00032383103461807177
19860215,-0.00021880711487090262
19860216,-0.00019752904831880382
19860217,-0.00041862932145000215
19860218,-0.00032020446066365575
19860219,-0.0002473682830261282
19860220,-0.0002001724922925887
19860221,-0.00022505329290725324
19860222,-0.0001958163414003807
19860223,-0.0005249507831134586
19860224,-0.0004263486579038579
19860225,-0.00040964847622046533
19860226,-0.0006129127670717016
19860227,-0.0006771507491081056
19860228,-0.0009016325959957246
19860301,-0.0007868425693156024
19860302,-0.00041407133085317343
19860303,-0.00024783406947957986
19860304,-0.0005313911998943964
19860305,0.0002632255966109934
19860306,0.00019526215471576532
19860307,-0.0004909792304963994
19860308,-0.0003783379506236055
19860309,-0.0004920142481815054
19860310,-0.0006465602774158125
19860311,-0.0004832732671433864
19860312,-0.0006905298101552291
19860313,-0.0008269851410766743
19860314,-0.0007757941749927118
19860315,-0.0007178326425479304
19860316,-0.0011387353919972516
19860317,-0.0012575498561390472
19860318,-0.0015654360409792858
19860319,-0.0011053974419403183
19860320,-0.0010816032102105902
19860321,-0.001722993633307725
19860322,-0.0012338730003822412
19860323,-0.001154409788465659
19860324,-0.001551928592695958
19860325,-0.00186238112526834
19860326,-0.001289416821457595
19860327,-0.0008486889605425429
19860328,-0.001855113526914801
19860329,-0.0017948958989899833
19860330,-0.0018258588210062709
19860331,-0.002159836272906099
19860401,-0.0020441113970593194
19860402,-0.001597568951216908
19860403,-0.0009904909336353306
19860404,-0.001809958650644055
19860405,-0.001526586155413064
19860406,-0.0012072798567918921
19860407,-0.0012872801181526819
19860408,-0.0013586266660389882
19860409,-0.001099946487146039
19860410,-0.0015025930746162455
19860411,-0.0016560344439522535
19860412,-0.0011679701588275908
19860413,-0.001309778223288319
19860414,-0.0013984544164200132
19860415,-0.002380910025447445
19860416,-0.0024122577815341075
19860417,-0.0023560037310821924
19860418,-0.0017682967696765809
19860419,-0.002058298443713381
19860420,-0.001517264264849452
19860421,-0.0018815879466306642
19860422,-0.0021179558538996232
19860423,-0.0022685407541830106
19860424,-0.002254959636597159
19860425,-0.001553271026140409
19860426,-0.002697307079387368
19860427,-0.0018811398144394577
19860428,-0.002006705006755635
19860429,-0.0022040001973248017
19860430,-0.0019322216205737302
19860501,-0.0029643193681137296
19860502,-0.003591388926231019
19860503,-0.003523357916898446
19860504,-0.0032832399450990605
19860505,-0.003035040741057681
19860506,-0.003169552693641495
19860507,-0.0025563386527270252
19860508,-0.0032879450590711143
19860509,-0.002754289372664968
19860510,-0.0021150602291114097
19860511,-0.0028144522923547835
19860512,-0.003839102885226737
19860513,-0.0019201967379969978
19860514,-0.0026817008414421455
19860515,-0.002004943208977553
19860516,-0.0021324836875721643
19860517,-0.0026716961421053365
19860518,-0.002341396006721376
19860519,-0.001530123696360526
19860520,-0.003770385809554463
19860521,-0.002536950384243893
19860522,-0.002894249439312821
19860523,-0.0032645539704476314
19860524,-0.0031478708845066278
19860525,-0.00407701472501716
19860526,-0.0042432702938703555
19860527,-0.002979812174093188
19860528,-0.001989021605347734
19860529,-0.00331447335857064
19860530,-0.0029901394659749385
19860531,-0.003205790259122427
19860601,-0.002859670766905839
19860602,-0.0021545216709460634
19860603,-0.0026018069338827362
19860604,-0.003808264327818682
19860605,-0.00292981940131699
19860606,-0.002454193157148792
19860607,-0.0017638406999805492
19860608,-0.0020156423982344864
19860609,-0.0037924124586601903
19860610,-0.004626721311738981
19860611,-0.0023694571334787746
19860612,-0.003462990675516214
19860613,-0.003797664743928968
19860614,-0.0036936453036039703
19860615,-0.004577244539689667
19860616,-0.0036557114505857556
19860617,-0.0030150840813368785
19860618,-0.0028086672373957514
19860619,-0.003616781197934781
19860620,-0.0032711919352880537
19860621,-0.0033621170027866784
19860622,-0.004160612236629289
19860623,-0.004274069416410495
19860624,-0.003351393195423391
19860625,-0.0045079019151618395
19860626,-0.005341612621373379
19860627,-0.005615539198730598
19860628,-0.005405312764865638
19860629,-0.005521415459086452
19860630,-0.005227787452396098
19860701,-0.004603558642111529
19860702,-0.005035056356395103
19860703,-0.0034699434706485506
19860704,-0.004027961518656875
19860705,-0.003286971130846124
19860706,-0.002507335797274778
19860707,-0.003261880626157863
19860708,-0.002908621530329303
19860709,-0.003193188625651208
19860710,-0.0021100713110953776
19860711,-0.0017837456865323444
19860712,-0.0032052263762058766
19860713,-0.0027177691704813657
19860714,-0.003255664340077947
19860715,-0.0032507742047946926
19860716,-0.004543756683960138
19860717,-0.0038688358343862885
19860718,-0.003645750899426206
19860719,-0.002876037741327062
19860720,-0.00340425679696991
19860721,-0.0024886724134817054
19860722,-0.0034387983044962345
19860723,-0.0029163036131070615
19860724,-0.003675589387954309
19860725,-0.0030199817495326366
19860726,-0.0021585016661012178
19860727,-0.0026877431010116242
19860728,-0.0036571865784678836
19860729,-0.0038488757432341017
19860730,-0.003832511980229162
19860731,-0.0038649877596693594
19860801,-0.0038111883077545537
19860802,-0.004159719861473801
19860803,-0.004723106696240698
19860804,-0.0028882748914648994
19860805,-0.003798479968128947
19860806,-0.003954196990580603
19860807,-0.002856963748378914
19860808,-0.002675727575294383
19860809,-0.0030330655093151553
19860810,-0.0023070817093200466
19860811,-0.0030497065436004274
19860812,-0.0017809831151056566
19860813,-0.0022541179435061074
19860814,-0.0031068911459635105
19860815,-0.0025382637936000973
19860816,-0.0027539779273568718
19860817,-0.0029100117868054573
19860818,-0.002882058719078788
19860819,-0.0019128394601072227
19860820,-0.0022563387106806646
19860821,-0.002793348079044999
19860822,-0.0024916831130651824
19860823,-0.0028367400288938317
19860824,-0.0019716321009154345
19860825,-0.002297140304193682
19860826,-0.0029888569872357036
19860827,-0.0022590601261832806
19860828,-0.002398210280925107
19860829,-0.00231926932965108
19860830,-0.0019014403072783615
19860831,-0.0019642477672606033
19860901,-0.0015361051752253582
19860902,-0.0014709825420192156
19860903,-0.0018034719899004124
19860904,-0.0016929690138996008
19860905,-0.0024930877270769925
19860906,-0.002521315290394053
19860907,-0.0015933563437039978
19860908,-0.002196730603349571
19860909,-0.002106479349464823
19860910,-0.0019363688740503282
19860911,-0.0024237711396576512
19860912,-0.000644545735593715
19860913,-0.0008258964318171738
19860914,-0.001963363461479535
19860915,-0.001768868292974968
19860916,-0.0013295313708433904
19860917,-0.0011999172133560893
19860918,-0.0012734162908298646
19860919,-0.0022806938311106845
19860920,-0.002180432796524655
19860921,-0.002029435371195445
19860922,-0.0019379704288070723
19860923,-0.0016693732860846011
19860924,-0.0012846993404970958
19860925,-0.002251105810220321
19860926,-0.0020522300147572995
19860927,-0.001718718268995211
19860928,-0.0015526111191906781
19860929,-0.0017511191565489934
19860930,-0.0013054414162799195
19861001,-0.0016589275056924087
19861002,-0.0015640613486171497
19861003,-0.0014090364845132856
19861004,-0.0016710002172307579
19861005,-0.0015570265036513897
19861006,-0.001049603142595594
19861007,-0.0009722355059228776
19861008,-0.0006668270624079541
19861009,-0.0008539698224062356
19861010,-0.0012551337999584878
19861011,-0.0008667496848930875
19861012,-0.0010789649375116527
19861013,-0.0011210992864164973
19861014,-0.0014632231134088921
19861015,-0.0010136276906745922
19861016,-0.0009251973659744431
19861017,-0.0009334721792891511
19861018,-0.0009373125296994403
19861019,-0.0015062633399062343
19861020,-0.0018993586324480257
19861021,-0.001369669234112682
19861022,-0.0013841441886309918
19861023,-0.0021351799795224363
19861024,-0.000937262618277625
19861025,-0.0015690852976146818
19861026,-0.0014195724979231092
19861027,-0.0008189876174429574
19861028,-0.0007107387584330622
19861029,-0.0005099758617420768
19861030,-0.0005689009819270723
19861031,-0.0003123977705800467
19861101,-0.0005467793799906578
19861102,-0.0014995395260753118
19861103,-0.0005480783012362302
19861104,-0.00041335090877493003
19861105,-0.0004411205768524263
19861106,-0.0005063579086640502
19861107,-0.0005076840663549373
19861108,-0.0005813400769178217
19861109,-0.0004438540691808008
19861110,-0.0004996394404351333
19861111,-0.0007122757696785264
19861112,-0.0006009976108218109
19861113,-0.0009289306572011634
19861114,-0.0009100247878779191
19861115,-0.0006889338422631985
19861116,-0.0005509891051709799
19861117,-0.0005424370704462607
19861118,-0.0007445793212141578
19861119,-0.0011136623521596884
19861120,-0.000909324597580612
19861121,-0.000633266066940589
19861122,-0.0007762538785132239
19861123,-0.0011712141371584151
19861124,-0.0006068484835638815
19861125,-0.0002796556112110899
19861126,-0.0005687456328299882
19861127,-0.0003965885657638527
19861128,-0.0003886998437882404
19861129,-0.000277648070260846
19861130,-0.0001253736779347146
19861201,-0.00024036904168183332
19861202,-7.490983007139017e-05
19861203,-0.0004343188124242679
19861204,-0.0004566646273195477
19861205,-0.00017557950064289225
19861206,-0.00045041935424549353
19861207,-0.00039673484293745626
19861208,-0.00044749457906564894
19861209,-0.00036159862543421286
19861210,-0.0002284714688311605
19861211,-0.0001731516595563326
19861212,-0.00017528999782273296
19861213,-0.000394909123513587
19861214,-0.000402251219463706
19861215,-0.0006764945414254854
19861216,-0.0010082377086524331
19861217,-0.0006291568354159959
19861218,-0.0006576409494760447
19861219,-0.0015474580705789418
19861220,-0.0004529763401167476
19861221,-0.0004352767139032131
19861222,-0.00031139538990203395
19861223,-0.00014578138474352308
19861224,-0.00012795110840854498
19861225,-0.000165234113123382
19861226,5.747145910776798e-05
19861227,-0.00013397116013455786
19861228,0.000324720518936944
19861229,-5.511544941823299e-05
19861230,-0.00039878079526663266
19861231,-0.0014014601087919054
19870101,-0.00047408846376154556
19870102,-0.001043573636676016
19870103,-0.0007110877726516881
19870104,-0.0002560021547781752
19870105,-0.0004363311990830355
19870106,-0.0007728449392914319
19870107,-0.0005078126113084343
19870108,-7.177794293855113e-05
19870109,-8.362021585802479e-05
19870110,-0.00014815265852060542
19870111,-0.00028573731041051456
19870112,-0.00011957003234226256
19870113,-0.00020828173166612823
19870114,-0.00047395621792428863
19870115,-0.0002913930735459091
19870116,-0.00010117286605300283
19870117,-4.346607279904202e-05
19870118,-4.898130334035235e-05
19870119,-0.00010065131563214975
19870120,-5.8318514725815233e-05
19870121,-6.0670364351363276e-05
19870122,-8.276660682959581e-05
19870123,1.5988427405281275e-05
19870124,-3.72409454499149e-05
19870125,-0.00012744828423933054
19870126,-0.00015932154472916407
19870127,-0.00015661964455519913
19870128,-0.0001198088843009747
19870129,-0.000291634955931679
19870130,-0.0004437427130269655
19870131,-0.00017059651211471965
19870201,-0.0001298027798858574
19870202,-0.00015275538007292002
19870203,-2.6774042315893568e-05
19870204,-5.692087095894576e-05
19870205,-5.251619944508433e-05
19870206,-6.882383426932551e-06
19870207,-0.00017451439876207993
19870208,0.00012887783826185403
19870209,0.00010532717357803769
19870210,-0.0003422966813411836
19870211,-0.00024513853546528604
19870212,-0.0002626215600857459
19870213,-0.0006034074180427013
19870214,-0.000350525374559638
19870215,-0.00045739093537302975
19870216,-0.0004526704980867003
19870217,-0.0003922679729278561
19870218,-0.00035683656992286907
19870219,-0.000450906818429254
19870220,-0.0005057942175333569
19870221,-0.00030215218845143315
19870222,-0.00022486075079374872
19870223,-0.0004843951820893417
19870224,-0.0005619990702496516
19870225,-0.00021604518595364427
19870226,8.792274421734687e-06
19870227,0.00022598669163133547
19870228,-0.0005010536162938659
19870301,-0.0005461450890249269
19870302,-0.0010728359262338959
19870303,-0.001137960273835494
19870304,-0.00025213851200302635
19870305,-0.000347194816954301
19870306,-0.0003872870746100427
19870307,-0.0005006861522914084
19870308,-0.00048567241965958354
19870309,-0.0006100912094830125
19870310,-0.0006426712508313988
19870311,-0.0008050943229638424
19870312,-0.000663193017298883
19870313,-0.0005274242150509651
19870314,-0.0009359597555217247
19870315,-0.0005151880484281255
19870316,-0.0009550673023238339
19870317,-0.0004562049186694269
19870318,-0.0007811043711958395
19870319,-0.0010466646051277022
19870320,-0.0008185058373695247
19870321,-0.0013855455596735794
19870322,-0.0015299409041294961
19870323,-0.000663484591767952
19870324,-0.0007053590980944961
19870325,-0.00125201399456685
19870326,-0.0018951641741539456
19870327,-0.001652072294539233
19870328,-0.002631992325113404
19870329,-0.002001161459060983
19870330,-0.0013609609540604398
19870331,-0.001298623974667231
19870401,-0.001217745279405038
19870402,-0.0014303247422179026
19870403,-0.0018051231934307146
19870404,-0.0013007942909104312
19870405,-0.0024750206478626594
19870406,-0.0021446047983887063
19870407,-0.0018525035958433535
19870408,-0.0017762158107146088
19870409,-0.0011462525409152466
19870410,-0.002057269297584885
19870411,-0.0016995452435921029
19870412,-0.002328516837472041
19870413,-0.0019020857887221453
19870414,-0.0016086181370483787
19870415,-0.001601666173970625
19870416,-0.0019988588464886904
19870417,-0.0025978304135799725
19870418,-0.003141036783612504
19870419,-0.0030088005185026708
19870420,-0.002775325128334134
19870421,-0.0025025912420413624
19870422,-0.002947428850360555
19870423,-0.0032700238656111803
19870424,-0.0035384130293639807
19870425,-0.0030835176638562413
19870426,-0.0020821974036793283
19870427,-0.0030731907926781683
19870428,-0.004101182467508042
19870429,-0.0036363477400173285
19870430,-0.0031701835992310238
19870501,-0.002539561263281075
19870502,-0.0024199090008909306
19870503,-0.002361477602718916
19870504,-0.0018771489809267703
19870505,-0.0014431343237318655
19870506,-0.0019378197706708424
19870507,-0.002412908158073857
19870508,-0.0033969411387452172
19870509,-0.0038112863633417713
19870510,-0.0031785159009855095
19870511,-0.002803297691546843
19870512,-0.0015886018371605098
19870513,-0.003017619015878109
19870514,-0.002511250214222735
19870515,-0.0026853268899725224
19870516,-0.0030161162778159427
19870517,-0.0028892034555638027
19870518,-0.0023792609839977954
19870519,-0.001885471990637212
19870520,-0.0022014917610824816
19870521,-0.002420241329611255
19870522,-0.002787406220293747
19870523,-0.0021307080672253492
19870524,-0.003079284330918178
19870525,-0.003798175362328702
19870526,-0.004085681292808155
19870527,-0.0029148930746551063
19870528,-0.003225222460036847
19870529,-0.002771505881071176
19870530,-0.002126051722137388
19870531,-0.0022979301288855074
19870601,-0.003022415149959588
19870602,-0.0028754496770583273
19870603,-0.0019912271983244904
19870604,-0.0031225817662312214
19870605,-0.0025124107176290405
19870606,-0.0024554142282591034
19870607,-0.0027079756293239953
19870608,-0.0036003001426765215
19870609,-0.003112953024614915
19870610,-0.0033335238292105185
19870611,-0.0034481692273553434
19870612,-0.0019134323725077773
19870613,-0.0017521950864614034
19870614,-0.0029147773116920536
19870615,-0.0018117613052596564
19870616,-0.002427468839494784
19870617,-0.003194065030344965
19870618,-0.0030571295832028844
19870619,-0.0015220699845908546
19870620,-0.0023574562426480956
19870621,-0.0032750662361840702
19870622,-0.0034972841492907484
19870623,-0.0021581928392005218
19870624,-0.0024293606119263757
19870625,-0.003039057461037719
19870626,-0.0019848738191045605
19870627,-0.00398689374550184
19870628,-0.0019447937300283063
19870629,-0.004592940931205002
19870630,-0.0038816392784316992
19870701,-0.0030619031555558095
19870702,-0.003928051336726848
19870703,-0.003961132751730744
19870704,-0.004321318561101623
19870705,-0.005107594510732732
19870706,-0.00502818344687382
19870707,-0.0027492096103745706
19870708,-0.0026168781109710162
19870709,-0.0038150167632242694
19870710,-0.0042638773072245255
19870711,-0.0048538313555832584
19870712,-0.0041973677478893846
19870713,-0.004167656880401377
19870714,-0.004551749630357889
19870715,-0.00381078346499637
19870716,-0.00334067032241098
19870717,-0.0031727122891562617
19870718,-0.0033955954314127306
19870719,-0.003812635029492554
19870720,-0.0031013274867356636
19870721,-0.002608879082081679
19870722,-0.0026953011994600555
19870723,-0.0034269376097208564
19870724,-0.003448181295083653
19870725,-0.0016985790957835289
19870726,-0.003308586839111156
19870727,-0.0013159056370534938
19870728,-0.0024599025782388187
19870729,-0.002372549601530112
19870730,-0.0027333604671658266
19870731,-0.002028964758236592
19870801,-0.0019135996572906943
19870802,-0.0008740342570643342
19870803,-0.002265925987488303
19870804,-0.003181099142433439
19870805,-0.003003231158455867
19870806,-0.00297073636157399
19870807,-0.003496124192607176
19870808,-0.00312593305636483
19870809,-0.0021308503030956945
19870810,-0.0028432742322106806
19870811,-0.0027457823067711887
19870812,-0.0025876761613865913
19870813,-0.0033175986794162894
19870814,-0.002925438238347104
19870815,-0.002887402584750601
19870816,-0.0035116402561776237
19870817,-0.003506066048598222
19870818,-0.0019492971858494736
19870819,-0.0032373522963221615
19870820,-0.003411062156576824
19870821,-0.0036988370127553458
19870822,-0.003986130792279063
19870823,-0.002026541970513309
19870824,-0.0018763998297140112
19870825,-0.002411152315032526
19870826,-0.0032244000221486315
19870827,-0.0026702292849437224
19870828,-0.0017691545158648324
19870829,-0.0023105921501766304
19870830,-0.0024121378300291105
19870831,-0.0030040116535167065
19870901,-0.0024831770198608456
19870902,-0.0026431402191458638
19870903,-0.00272757848385708
19870904,-0.0021488966119895406
19870905,-0.0020516793085338042
19870906,-0.0027908098836424
19870907,-0.0017610226372213543
19870908,-0.002296128707330449
19870909,-0.002133818271266535
19870910,-0.002184178336730176
19870911,-0.0015711321333995046
19870912,-0.0031895355942618696
19870913,-0.00283370470978431
19870914,-0.0021898742755911502
19870915,-0.0022037307280350737
19870916,-0.002383960794231771
19870917,-0.0025043656107012423
19870918,-0.0020779834010817995
19870919,-0.0016177342813506626
19870920,-0.0024226358557844444
19870921,-0.0025703658064231746
19870922,-0.0022273047182047386
19870923,-0.0014996520963650353
19870924,-0.002438729087498562
19870925,-0.0017255113582601825
19870926,-0.0015234167420620523
19870927,-0.0013762197515519497
19870928,-0.0013645198286943456
19870929,-0.0014004012256196264
19870930,-0.001916065285778046
19871001,-0.00194713263080174
19871002,-0.0018971664536847302
19871003,-0.0015397962287735864
19871004,-0.0014268397254288126
19871005,-0.0008400748174412746
19871006,-0.0020455647583192565
19871007,-0.0020139648950336267
19871008,-0.0035878688679085264
19871009,-0.0017954417768718662
19871010,-0.002225173509106897
19871011,-0.0011589771677157344
19871012,-0.0014129704246310265
19871013,-0.001420110776006562
19871014,-0.0015264782451903413
19871015,-0.003096124083349453
19871016,-0.0014971855093093608
19871017,-0.0012382907291822985
19871018,-0.0011298705075189748
19871019,-0.001249715450806947
19871020,-0.0012666623217058622
19871021,-0.0010449920188292851
19871022,-0.0009076631237577939
19871023,-0.000553328252430208
19871024,-0.0007754010293475178
19871025,-0.0008007834458499382
19871026,-0.0007307816026694117
19871027,-0.0010265165259631221
19871028,-0.0007276402286814718
19871029,-0.0004935127352906765
19871030,-0.0006922703873257641
19871031,-0.0005379550074299386
19871101,-0.0005612500610901368
19871102,-0.0006663680949959295
19871103,-0.0006102537065839114
19871104,-0.0008810658895549969
19871105,-0.0007736648639465538
19871106,-0.0005727249660342882
19871107,-0.0004787803014157736
19871108,-0.0004666665213774226
19871109,-0.0002255073701384332
19871110,-0.000269284320366873
19871111,-0.0008341518052692456
19871112,-0.0018491019459430246
19871113,-0.0015149708377118318
19871114,-0.000925215420787728
19871115,-0.0006565115621608695
19871116,-0.0008767709850522401
19871117,-0.0009689902373769379
19871118,-0.0004075103516963102
19871119,-0.0004450743897345267
19871120,-0.0012306516347232786
19871121,-0.0009270150282385053
19871122,-0.0005865269185377844
19871123,-0.0005151851526760187
19871124,-0.0005874222558421557
19871125,-0.0003121242778840404
19871126,-0.000289246547592382
19871127,-0.00020199024704419392
19871128,-0.0002792387931171886
19871129,-0.0003302802671910792
19871130,-0.0004020037363762498
19871201,-0.0005045862686439023
19871202,-0.0006795802908498959
19871203,-0.00040094754853403115
19871204,-0.00019917617184316501
19871205,-0.00036990851496371355
19871206,-0.00022601483470626363
19871207,-0.0005385338286582423
19871208,-0.0004107686990319319
19871209,-0.0001456109150589923
19871210,-2.5194386647946295e-05
19871211,7.0914799800138545e-06
19871212,6.920706063426304e-06
19871213,-0.0001480668315003986
19871214,-4.113295831727186e-05
19871215,1.3706978804264434e-05
19871216,8.137888695463218e-05
19871217,0.00010391943082328974
19871218,-0.00011017635000171326
19871219,-0.0005916351769358982
19871220,-0.00035089977062856834
19871221,-0.00015494659333272927
19871222,-0.00014508737466022666
19871223,-0.00036198284750136575
19871224,-0.00013097198439535184
19871225,-0.00010131457115799297
19871226,-0.00018197270077178064
19871227,-0.000275189640020213
19871228,-0.00016051376003322335
19871229,-0.0003144238311868138
19871230,-0.000220066410618271
19871231,-0.0003777404418335601
19880101,-0.00040357338099379723
19880102,-0.001238011883068685
19880103,-0.001514552164626209
19880104,-0.0010849054668397487
19880105,-0.0012240515835049174
19880106,-0.0012121164474740611
19880107,-0.000850990748296088
19880108,-0.0005150607162334288
19880109,-0.0002466235897038728
19880110,-4.9635291140938474e-05
19880111,-0.000548640258611576
19880112,-0.00023091180603632613
19880113,-0.00037835884758631653
19880114,-0.0003304547414327122
19880115,-0.0004030113585856811
19880116,-0.00019442720080288073
19880117,-0.0002945785898666236
19880118,-0.0001885162220945918
19880119,-0.00022048046342029373
19880120,-0.0004580994562519735
19880121,-0.000604336651793957
19880122,-0.0010471353927158874
19880123,-0.0006664304524357583
19880124,-0.00015486411235030503
19880125,-0.001427368220432856
19880126,-0.0013801533370128474
19880127,-0.0005284944342805224
19880128,-0.0004962546198035216
19880129,-0.0012913948463496097
19880130,-0.000900753600990121
19880131,-0.0008280760663886145
19880201,-0.0013688370834208856
19880202,-0.0016657126868641567
19880203,-0.0016465847490605267
19880204,-0.0012407293982598284
19880205,-0.0010041818446256136
19880206,-0.001557925782621648
19880207,-0.000629073566464917
19880208,-0.0006971982498340805
19880209,-0.00039416283045347583
19880210,-0.0013762586739122348
19880211,-0.0010827322810730163
19880212,-0.0005242498623045184
19880213,-0.0004432089794087871
19880214,-0.0007054009896490794
19880215,-0.0004806089333186742
19880216,-0.0004656223515453617
19880217,-0.0005073049944237766
19880218,-0.0005524872642617015
19880219,-0.0009717698040327096
19880220,-0.0006500461734282047
19880221,-0.0007163567927049284
19880222,-0.0005792582609435248
19880223,-0.0005237755780600527
19880224,-0.000781496800279045
19880225,-0.0008570848634070503
19880226,-0.000619273613656592
19880227,-0.0005970533789263197
19880228,-0.00035933923349949336
19880229,-0.0009818503245894057
19880301,-0.0010146785281493118
19880302,-0.0006780035458643685
19880303,-0.0008934636445514879
19880304,-0.0006684384468290562
19880305,-0.0008485643749267899
19880306,-0.0002330571689224526
19880307,-0.000999962929106298
19880308,-0.00107871552239108
19880309,-0.0006284910620505073
19880310,-0.0005471514009140753
19880311,-0.00107787258211969
19880312,-0.0005013146490378971
19880313,-0.0008675055943419979
19880314,-0.0007731921761395684
19880315,-0.001417489176257258
19880316,-0.0021043366636453236
19880317,-0.0014095603220736894
19880318,-0.0013806730000935205
19880319,-0.00041694516382686435
19880320,-0.0014384906050897244
19880321,-0.0009142994136900335
19880322,-0.0012724656754347957
19880323,-0.0018260114116098601
19880324,-0.0013307149323145571
19880325,-0.0021931331233721696
19880326,-0.0023906850844904307
19880327,-0.0016198703718650286
19880328,-0.0015776033216498113
19880329,-0.0013668198572060494
19880330,-0.0016464406183339451
19880331,-0.0013675497273285418
19880401,-0.0017687076785956328
19880402,-0.0018238916917159397
19880403,-0.002480112466059154
19880404,-0.0022800686224737853
19880405,-0.001276478610523541
19880406,-0.0016536996826373317
19880407,-0.0021947425440645148
19880408,-0.001984418289866021
19880409,-0.0015286391817081976
19880410,-0.001985137463921545
19880411,-0.0025289412775495773
19880412,-0.0017650303611527953
19880413,-0.0018368462926765985
19880414,-0.0029577100936973625
19880415,-0.0027627115895761936
19880416,-0.0019049412285346086
19880417,-0.0014791793895145885
19880418,-0.0030679556828550653
19880419,-0.0033429456625438626
19880420,-0.0017451930613337605
19880421,-0.002273758077215384
19880422,-0.002441053604093559
19880423,-0.003118385943301065
19880424,-0.0031274034805955824
19880425,-0.0032818573538360104
19880426,-0.003114157664015366
19880427,-0.0023626941698993505
19880428,-0.002645918038706056
19880429,-0.002686987574054004
19880430,-0.002553659652590995
19880501,-0.0033796040249081468
19880502,-0.002757396646656694
19880503,-0.003483242034281418
19880504,-0.0032519032450255177
19880505,-0.002373186436117189
19880506,-0.0039361695749774136
19880507,-0.003678050079122359
19880508,-0.002737867951394863
19880509,-0.002441389428779713
19880510,-0.0021184947641821575
19880511,-0.003521704924240157
19880512,-0.0042625902222971435
19880513,-0.0043354258845841424
19880514,-0.004068748404569095
19880515,-0.0040651306164521455
19880516,-0.0031534443066691727
19880517,-0.0028169929515778746
19880518,-0.0019397218847452343
19880519,-0.002429789069179488
19880520,-0.003214068302818517
19880521,-0.0031040090739752474
19880522,-0.004201993242083608
19880523,-0.004182751716624335
19880524,-0.003342237424330726
19880525,-0.003897723676325961
19880526,-0.0036122228357278736
19880527,-0.00229475603720091
19880528,-0.001227081006682193
19880529,-0.00268837686531196
19880530,-0.0029890461535011653
19880531,-0.0031926050117709595
19880601,-0.003093005141666794
19880602,-0.001298101629351448
19880603,-0.00231328115321984
19880604,-0.0026400914661381223
19880605,-0.0029401192418938467
19880606,-0.002296232020318641
19880607,-0.001610683188676141
19880608,-0.0026091497392597834
19880609,-0.0033267048110546416
19880610,-0.002661824902094221
19880611,-0.003404537089018147
19880612,-0.0025233366328755755
19880613,-0.003503127498727097
19880614,-0.004561754606510258
19880615,-0.003980550976814227
19880616,-0.003951687484353876
19880617,-0.0040177480560186175
19880618,-0.004007194375259656
19880619,-0.003649943483886337
19880620,-0.002904452871362744
19880621,-0.0028775970782504963
19880622,-0.003470874630183488
19880623,-0.0037868063389841014
19880624,-0.002880871286563314
19880625,-0.002107148856935223
19880626,-0.0022738234831840977
19880627,-0.0034080472598131285
19880628,-0.0031462768010792853
19880629,-0.0034486161661905585
19880630,-0.003594385137948864
19880701,-0.0029888634701906876
19880702,-0.0029491874811025253
19880703,-0.003839184592201006
19880704,-0.004256248271039993
19880705,-0.003367155391550726
19880706,-0.0037949132190711384
19880707,-0.0038012843027545404
19880708,-0.003885536067710202
19880709,-0.003021497519448625
19880710,-0.004292330185587605
19880711,-0.0036574473453940643
19880712,-0.003290885392630152
19880713,-0.0032183185281516344
19880714,-0.0033214185718428695
19880715,-0.0028348981162111386
19880716,-0.00256211259208364
19880717,-0.0014490755612159582
19880718,-0.0021559747974985357
19880719,-0.003958008530330429
19880720,-0.004211812705816957
19880721,-0.002651473882893825
19880722,-0.002951273343473097
19880723,-0.003966670622585439
19880724,-0.0026899710683242215
19880725,-0.004336202697464555
19880726,-0.0042547851015553835
19880727,-0.003188892040367631
19880728,-0.00392628874096604
19880729,-0.0026614635786047294
19880730,-0.0027342364268316886
19880731,-0.003241202841970552
19880801,-0.00399755617159904
19880802,-0.0029590972721671677
19880803,-0.0030329336980035575
19880804,-0.002993583805696097
19880805,-0.002566868785176485
19880806,-0.0038060026707116886
19880807,-0.004099432976964488
19880808,-0.0032904779356232533
19880809,-0.0029432499930101205
19880810,-0.00311910181640353
19880811,-0.0029547705132798203
19880812,-0.003069416628866911
19880813,-0.0027593421768983186
19880814,-0.003349940564636335
19880815,-0.003044667620846988
19880816,-0.0029557202370807762
19880817,-0.003289241492847181
19880818,-0.0033180955978301006
19880819,-0.002535466665718775
19880820,-0.002752683007083567
19880821,-0.0022311011155006734
19880822,-0.0018641461526088337
19880823,-0.0020190888859799483
19880824,-0.0017974694944054618
19880825,-0.00286110618837701
19880826,-0.0014800396464307052
19880827,-0.0013049058272763738
19880828,-0.0029801079250985603
19880829,-0.0024356183838139356
19880830,-0.0021976995926618393
19880831,-0.00260753475848417
19880901,-0.002453676115391433
19880902,-0.002762301150643936
19880903,-0.0015553583442985109
19880904,-0.0012374368121791986
19880905,-0.0015171799554581735
19880906,-0.0023848340857066685
19880907,-0.0029576715216630034
19880908,-0.0028455513972519115
19880909,-0.002263002177116448
19880910,-0.00206528159705166
19880911,-0.0014443574862230317
19880912,-0.0018987740456039195
19880913,-0.0020631495589079098
19880914,-0.0016075804837959648
19880915,-0.001974282846535283
19880916,-0.0011529109656909975
19880917,-0.00145619999501929
19880918,-0.0009785724536644025
19880919,-0.0011374270330126836
19880920,-0.0018025018779016906
19880921,-0.001744132023194645
19880922,-0.0015028160100345786
19880923,-0.0022632937681332887
19880924,-0.0015537237804333786
19880925,-0.0008825792983740007
19880926,-0.0017713408861311092
19880927,-0.001741718435266397
19880928,-0.001601745914874162
19880929,-0.001323791049778076
19880930,-0.001413141577731392
19881001,-0.001476342047520406
19881002,-0.0014665621504813423
19881003,-0.001310011697924033
19881004,-0.001042023492614088
19881005,-0.0014359201275229536
19881006,-0.00194799270981045
19881007,-0.002292846023061213
19881008,-0.0020193312650002783
19881009,-0.002381136506909171
19881010,-0.0018819748335634548
19881011,-0.000642617831729922
19881012,-0.0006920763060986504
19881013,-0.0011312903783174267
19881014,-0.000717529894330213
19881015,-0.0010132123443191573
19881016,-0.0007142720925847814
19881017,-0.0010684022578788675
19881018,-0.001109826160891391
19881019,-0.0004698286967189347
19881020,-0.0005898574862486149
19881021,-0.0008437642597028898
19881022,-0.0009169356783846406
19881023,-0.0007280620722112523
19881024,-0.00047759492579794923
19881025,-0.0006196744945550569
19881026,-0.0009670591679830962
19881027,-0.0013134560267939548
19881028,-0.0009664640401446867
19881029,-0.0009585797741060791
19881030,-0.0008038245211186809
19881031,-0.0007841071626130556
19881101,-0.000557486107727781
19881102,-0.0003742709951936286
19881103,-0.0006027591884729188
19881104,-0.0008291133821218873
19881105,-0.0004509773961113635
19881106,-0.00025146689518250993
19881107,-0.0004869254105878698
19881108,-0.0005200480091129055
19881109,-0.000492779265574686
19881110,-0.00024041534964280433
19881111,-0.00046451291014196195
19881112,-0.0004096834972505291
19881113,-0.000556962084972655
19881114,-0.000325570260289851
19881115,-0.0003133612789782067
19881116,-0.0002941399365890993
19881117,-0.0004336481045766995
19881118,-0.0004529575421889362
19881119,-0.0006825212688334191
19881120,-0.0006143499663559638
19881121,-0.0006265041992063652
19881122,-0.00014494970216777538
19881123,-6.819303112320649e-05
19881124,-1.2230729524140094e-05
19881125,-2.832177264740046e-05
19881126,-5.018306232044575e-05
19881127,-0.00017487802092521385
19881128,-0.00030623604934510633
19881129,-2.6837835179409366e-05
19881130,-0.0002853342639940435
19881201,-0.00045896015423706
19881202,-0.00040566392714134667
19881203,-0.00043836643770308676
19881204,-0.0010104617961384297
19881205,-0.0006551882945987118
19881206,-0.0006593345028152209
19881207,-0.0004982646989463083
19881208,-0.00026739235173814575
19881209,-8.745398614546144e-05
19881210,-4.7625779087701374e-05
19881211,-0.0005326805809865472
19881212,-0.0007230005115418066
19881213,-0.00035986303939070227
19881214,-0.00039354489342055977
19881215,-0.0002210024016534088
19881216,-0.0004038157829081744
19881217,-0.000171466285837214
19881218,-0.0002271727742352206
19881219,-0.0007804328332847993
19881220,-0.0005346992041301797
19881221,-0.00016713029598004286
19881222,-0.0001570275612566655
19881223,-0.000312794496577459
19881224,-0.0005688491864453835
19881225,-0.00021508033227006547
19881226,-0.00018401790992684264
19881227,-0.0003090869817854283
19881228,-0.0001037740327592373
19881229,-0.00015768897712655633
19881230,-0.00021181068403390514
19881231,-0.00025412674377189214
19890101,-0.00017982215462516735
19890102,-0.00019761648103016
19890103,-0.00020984336756973092
19890104,-0.00026717093011220194
19890105,-0.0005089628063543592
19890106,-0.00019428716810261664
19890107,-0.00040774819565039924
19890108,-5.485125855027714e-05
19890109,-0.00023818220263120655
19890110,-0.0003449179257839388
19890111,-0.0002539614025577159
19890112,-0.0006286123883164307
19890113,-0.00042330041695370425
19890114,-0.00018052740972831122
19890115,-0.0003054600068587625
19890116,-0.0001919105240189428
19890117,-0.0002074005875551086
19890118,-0.00016241682437738425
19890119,-0.00028290115009405286
19890120,-0.00016249030990984865
19890121,-0.00041439668880337825
19890122,-0.0003759028971994682
19890123,-0.00031308863876200585
19890124,-0.0002756456467798037
19890125,-0.00022508151573835024
19890126,-0.00020686112605561654
19890127,-0.00013220483467828365
19890128,-0.0001157711895732869
19890129,-4.685651119406886e-05
19890130,-0.000185058523624931
19890131,-0.0001852867368101981
19890201,-0.0002937383558188661
19890202,-7.465052299710921e-05
19890203,-0.00011847765143800065
19890204,-9.364256700269394e-05
19890205,-0.0001614577593197663
19890206,-2.4827424641961288e-05
19890207,-0.0003926145203675879
19890208,-0.0004073109860991073
19890209,-0.00043684693189787767
19890210,-0.0005560596081667979
19890211,-0.00042916144211266566
19890212,-0.00022714806998103896
19890213,-0.0005394567411414974
19890214,-0.001382613527956362
19890215,-0.0006638126369964473
19890216,-0.0009929303138422486
19890217,-0.0006498776299237205
19890218,-0.0008365736853996566
19890219,-0.00080527151191925
19890220,-0.0008225594419171831
19890221,-0.0007312540458130074
19890222,-0.0003512712285032287
19890223,-0.0006575844865714868
19890224,-0.0008160996254323092
19890225,-0.0018160371498619646
19890226,-0.0013757639288594615
19890227,-0.001053508134643931
19890228,-0.0011661735858063571
19890301,-0.0015565157520379706
19890302,-0.0013147920159026275
19890303,-0.001064468881033954
19890304,-0.0010682139836121279
19890305,-0.0006453806397835546
19890306,-0.0016008769499478597
19890307,-0.0013905964272125637
19890308,-0.0015765602362999885
19890309,-0.0013264555424526128
19890310,-0.0016193357653275975
19890311,-0.0015881418556243688
19890312,-0.0013181301700149436
19890313,-0.001425645483619757
19890314,-0.001114854918168383
19890315,-0.0012546995975800121
19890316,-0.0011016599344808935
19890317,-0.001665809749712163
19890318,-0.0012948377200700393
19890319,-0.0015791984277123243
19890320,-0.0015423837380788852
19890321,-0.001842414482329957
19890322,-0.0015098964417913007
19890323,-0.002498410787036245
19890324,-0.0012993443643008829
19890325,-0.0012861555048489367
19890326,-0.0017632753722922013
19890327,-0.0026548310893526176
19890328,-0.0030397371628213474
19890329,-0.001981616019275574
19890330,-0.002405318025754301
19890331,-0.002236068582482149
19890401,-0.0017008952235210732
19890402,-0.0008990572025850129
19890403,-0.0013891507818934823
19890404,-0.0017090561338137086
19890405,-0.0011891565135600803
19890406,-0.002075917826448435
19890407,-0.0021657889905194842
19890408,-0.001758506244125537
19890409,-0.002625564253462615
19890410,-0.0021318323453219856
19890411,-0.0028422037881943654
19890412,-0.0013464965708285858
19890413,-0.001620148405705313
19890414,-0.001543232755384519
19890415,-0.002088086053808854
19890416,-0.0014071132372874804
19890417,-0.0010477442546232148
19890418,-0.002057674040582443
19890419,-0.001900422289228004
19890420,-0.002186994111525736
19890421,-0.001474738344436765
19890422,-0.001156059559496382
19890423,-0.001726158554818885
19890424,-0.002470727161737661
19890425,-0.0015137790685497664
19890426,-0.00113197739129549
19890427,-0.0024963312372138628
19890428,-0.002265361201808566
19890429,-0.0026874864817722248
19890430,-0.002609309445861402
19890501,-0.0030978555100922307
19890502,-0.003123490655099193
19890503,-0.003456279938572084
19890504,-0.003891570595369102
19890505,-0.0038513052378506218
19890506,-0.003278228019508127
19890507,-0.0032928865721651586
19890508,-0.003549876223939555
19890509,-0.003955362078062535
19890510,-0.0024575682036799083
19890511,-0.002958859266350949
19890512,-0.0032717354250815403
19890513,-0.003130788821708402
19890514,-0.0033613436776961025
19890515,-0.0034642855693335353
19890516,-0.004306558605437254
19890517,-0.004502272144697953
19890518,-0.0041200527201815116
19890519,-0.00423447845088012
19890520,-0.004403491242420887
19890521,-0.004591523962294002
19890522,-0.004722530683215613
19890523,-0.004862175061213323
19890524,-0.004934057291749794
19890525,-0.004763066997514728
19890526,-0.004417205415151502
19890527,-0.0038020752170891893
19890528,-0.003984565228445215
19890529,-0.0034670414286704066
19890530,-0.003572654540730496
19890531,-0.0038403965739921813
19890601,-0.0029769923913712253
19890602,-0.0031913956075332625
19890603,-0.0029453191872510784
19890604,-0.003027304000310758
19890605,-0.0026703042154686907
19890606,-0.002888157821664085
19890607,-0.003330897284361852
19890608,-0.002906745040591176
19890609,-0.0034540749560036613
19890610,-0.0030343644201118428
19890611,-0.003433579954428868
19890612,-0.0037555965424859697
19890613,-0.005178288733657382
19890614,-0.004904055548744897
19890615,-0.003998132924102469
19890616,-0.004409788948548677
19890617,-0.004536002548369572
19890618,-0.0047860904309431716
19890619,-0.004910579928532254
19890620,-0.004824625406249885
19890621,-0.004280231311562702
19890622,-0.0028381364170323702
19890623,-0.0024317340224540374
19890624,-0.002993983368725382
19890625,-0.003351682486105669
19890626,-0.004040181051763813
19890627,-0.004251417248369679
19890628,-0.0035578226284657057
19890629,-0.0021935469716207554
19890630,-0.002214733562114489
19890701,-0.0029013137727431186
19890702,-0.0031571248071762046
19890703,-0.0029797426093705155
19890704,-0.0017057483473031925
19890705,-0.0035381662198969164
19890706,-0.00469842036557779
19890707,-0.004382257858669383
19890708,-0.0036719919315334835
19890709,-0.002962148144654561
19890710,-0.0030618135920967987
19890711,-0.0033229144632437304
19890712,-0.0038108754756571977
19890713,-0.0037001756727065922
19890714,-0.0029018878973651836
19890715,-0.003613457548790298
19890716,-0.0030976810902676147
19890717,-0.002966881950196822
19890718,-0.0028398778950217787
19890719,-0.0034517881927026216
19890720,-0.004025640227726119
19890721,-0.004213774037069444
19890722,-0.004275694230244379
19890723,-0.003275417750063876
19890724,-0.003653897159696327
19890725,-0.003631264608972395
19890726,-0.0035463298829352258
19890727,-0.0032959182646874834
19890728,-0.003107415198555504
19890729,-0.003982253561666851
19890730,-0.0028252655201088557
19890731,-0.0029966603496360163
19890801,-0.003031583543924145
19890802,-0.0024825373153843965
19890803,-0.0019675898350801505
19890804,-0.0025566549320550453
19890805,-0.003266773120703782
19890806,-0.0019317346716578405
19890807,-0.002414635239458535
19890808,-0.0027063667209077675
19890809,-0.0027720430648625074
19890810,-0.0033485334870892104
19890811,-0.00267186710724002
19890812,-0.0029370544800003027
19890813,-0.002442952007427465
19890814,-0.00331493579165539
19890815,-0.0035444774677482957
19890816,-0.003177096217170684
19890817,-0.003254527254415699
19890818,-0.003140988278891838
19890819,-0.0037065204271669937
19890820,-0.0034477250754361157
19890821,-0.0029528232918564525
19890822,-0.0031773171569557854
19890823,-0.0030076557281111913
19890824,-0.0030315621022537213
19890825,-0.00176641745979782
19890826,-0.0010767800732012236
19890827,-0.0023560734291632177
19890828,-0.00239015474035417
19890829,-0.0016647334935337528
19890830,-0.0013114492991687828
19890831,-0.0019308260242703985
19890901,-0.0011525198714361377
19890902,-0.0016587172648285786
19890903,-0.00188921300586043
19890904,-0.0015619368225228746
19890905,-0.001835644682783435
19890906,-0.0023173246381964917
19890907,-0.0025015828811268564
19890908,-0.0024521170145163514
19890909,-0.002013172308535624
19890910,-0.0017265844365677333
19890911,-0.0018894553731550602
19890912,-0.0014436414826913147
19890913,-0.0017596416456006618
19890914,-0.001925632678380748
19890915,-0.0015875130538925216
19890916,-0.001470180189057594
19890917,-0.001992533962415553
19890918,-0.0027781630543143327
19890919,-0.0017939439822305828
19890920,-0.001644298242186012
19890921,-0.002062701381689779
19890922,-0.0021868348441386053
19890923,-0.0012307615621166604
19890924,-0.0012031656458644853
19890925,-0.0016434880165331158
19890926,-0.0013581053515109144
19890927,-0.001548163343073281
19890928,-0.001175876020627302
19890929,-0.00123900574842897
19890930,-0.000723276189762507
19891001,-0.000941927829339792
19891002,-0.0010320945781906246
19891003,-0.0010006442060725498
19891004,-0.0016320270275916374
19891005,-0.0014917429912199621
19891006,-0.001144450146767121
19891007,-0.0017677455252444983
19891008,-0.001523587809180562
19891009,-0.0007314439288888181
19891010,-0.0013133390279848084
19891011,-0.00040705341315938024
19891012,-0.0008120508624540782
19891013,-0.0009868102291757997
19891014,-0.0011360649766281195
19891015,-0.0009330627948615698
19891016,-0.0009854401309900092
19891017,-0.0010716621467115324
19891018,-0.0010496686938848573
19891019,-0.001150597497113008
19891020,-0.001006393435615851
19891021,-0.0015254752800720579
19891022,-0.0014728144815348186
19891023,-0.0013491911125642414
19891024,-0.0008503150313986552
19891025,-0.0006928633298763322
19891026,-0.0008267648919863878
19891027,-0.0010527676033761071
19891028,-0.0013688367718906413
19891029,-0.001715528402283281
19891030,-0.0011881274289581147
19891031,-0.0005592139655044708
19891101,-0.00047406096817034814
19891102,-0.0009042170985846934
19891103,-0.0004739791403479578
19891104,-0.0013482846767211335
19891105,-0.001171687716817581
19891106,-0.000725552624276064
19891107,-0.0006632230488587582
19891108,-0.0008777103200788614
19891109,-0.0008380959320260072
19891110,-0.0005145205556848554
19891111,-0.0006594271983439813
19891112,-0.0005529991437593538
19891113,-0.0005138683270055115
19891114,-0.0004779893481570335
19891115,-0.00028454924343250683
19891116,-0.0004507520088038753
19891117,-0.0005704432992880124
19891118,-0.0005382067723428042
19891119,-0.0004131901633921322
19891120,-0.00032604118049269653
19891121,-0.0003834543632201489
19891122,-0.000380313763872113
19891123,-0.00039385790824951087
19891124,-0.000207291191559939
19891125,-0.0005042850707362507
19891126,-6.870133147451142e-05
19891127,-1.0924059464961835e-06
19891128,-0.0001268295954479216
19891129,-0.000254763551618879
19891130,-7.717582573760662e-05
19891201,-0.0001502697944441354
19891202,-0.0001981484156053939
19891203,-7.493160838307584e-05
19891204,-1.7944111162515295e-05
19891205,-4.929174770741035e-06
19891206,-6.89265378439951e-05
19891207,-9.21076929469462e-06
19891208,-0.00019478794395677378
19891209,-0.00013700793950473844
19891210,-0.000192224168178341
19891211,-2.616067622260849e-05
19891212,-8.237578798466287e-05
19891213,-0.0005698297114403332
19891214,-0.0015552307942865032
19891215,-0.0013622417993456467
19891216,-0.0016476326603254313
19891217,-0.0016697276458436073
19891218,-0.0010314816147698712
19891219,-0.0013472644895872788
19891220,-0.0020044278545760315
19891221,-0.001131706816363016
19891222,-0.00129109334048047
19891223,-0.0008579240667728131
19891224,-0.000694630251772098
19891225,-0.0005306803638759584
19891226,-0.0001130266151282085
19891227,-0.00013359715184663303
19891228,-8.93394609130864e-05
19891229,-0.00012477452286668663
19891230,-0.00011502644617155952
19891231,-0.00010059357619667581
19900101,-8.99625138575731e-05
19900102,-6.687538334132781e-05
19900103,-0.0001635043943350956
19900104,-6.339558773635482e-05
19900105,-9.374694359455177e-05
19900106,-0.00010949104812015996
19900107,-0.0001453352316731277
19900108,-5.9584150189860823e-05
19900109,-0.00010395429144219865
19900110,-0.00022352066329083513
19900111,-0.00023786998049420857
19900112,-0.00014299508862434702
19900113,-7.920960575207474e-05
19900114,-0.00018752777548681186
19900115,-0.00020998289107765093
19900116,-1.5300680464614955e-05
19900117,-0.0002509671372700745
19900118,-0.0002795944830350594
19900119,-0.0002172301546715866
19900120,-0.00036017406051138485
19900121,-0.00028963544800767637
19900122,-0.000383771121939509
19900123,-0.001038796938122277
19900124,-0.0015700377184871379
19900125,-0.001688115449295945
19900126,-0.0012891755703034918
19900127,-0.0010106198945383728
19900128,-0.001326940325021012
19900129,-0.0005365608442793153
19900130,-0.0007305710052755126
19900131,-0.0009525322497864207
19900201,-0.0008193433339298182
19900202,-0.0015171549277862247
19900203,-0.0011843058112796796
19900204,-0.000664652626013856
19900205,-0.0006217223887550891
19900206,-0.0008682853560998397
19900207,-0.0006925790589484721
19900208,-0.0013092977733392057
19900209,-0.0005121730987250325
19900210,-0.0009723899605452497
19900211,-0.001492654190033378
19900212,-0.0016421389829304365
19900213,-0.0007373148064766449
19900214,-0.0013360618259371524
19900215,-0.0016211873395521976
19900216,-0.0006987610718441525
19900217,-7.776033397380448e-05
19900218,-0.0007905537739712822
19900219,-0.0006555098757970808
19900220,-0.0009478587196306151
19900221,-0.0008897265769472434
19900222,-0.0010255113390804436
19900223,-0.0009021498070430989
19900224,-0.0012140312395088945
19900225,-0.001487302357772215
19900226,-0.002603093924220963
19900227,-0.0025399848800614013
19900228,-0.0013365425864668087
19900301,-0.002074775444537783
19900302,-0.0011156330963511942
19900303,-0.000676794654605378
19900304,-0.0008328310769054006
19900305,-0.0011299660306101091
19900306,-0.0010554395343830704
19900307,-0.0007199885753049148
19900308,-0.0015589838501609379
19900309,-0.0011866494021625447
19900310,-0.0005469944799963185
19900311,-0.0012840049676042379
19900312,-0.0012638613748360782
19900313,-0.001511642103423407
19900314,-0.0014097685920484322
19900315,-0.001537148653446465
19900316,-0.0016468059047912876
19900317,-0.0018146914583686208
19900318,-0.0019534492654515842
19900319,-0.0021296142204805133
19900320,-0.0015921191579352368
19900321,-0.0018048978748138244
19900322,-0.001724128517978998
19900323,-0.0018037643623751323
19900324,-0.001698364522621171
19900325,-0.002217716536435008
19900326,-0.0016621727279917287
19900327,-0.001805986498620029
19900328,-0.0013267680719814556
19900329,-0.0011736320246257942
19900330,-0.001722992131607119
19900331,-0.0023355703717798243
19900401,-0.0023918573963865666
19900402,-0.00266254952499816
19900403,-0.0018015614070261165
19900404,-0.002121833346969173
19900405,-0.0018442646540630862
19900406,-0.00184180951299869
19900407,-0.001479479340470591
19900408,-0.00204319412355584
19900409,-0.002320007501976709
19900410,-0.0026526215770163453
19900411,-0.00251769739797459
19900412,-0.0007398790056658617
19900413,-0.0017715177157028204
19900414,-0.0021105604090991452
19900415,-0.0027128214608656952
19900416,-0.0019858934096411117
19900417,-0.002065510200231725
19900418,-0.002123707658698585
19900419,-0.0021751673701773722
19900420,-0.0016386155251256176
19900421,-0.0022647852810987862
19900422,-0.0019127066631276482
19900423,-0.0019026159644729775
19900424,-0.002346353085601128
19900425,-0.002500263321662118
19900426,-0.002809750485101994
19900427,-0.001366502228868756
19900428,-0.002600583098494425
19900429,-0.0034418167046591343
19900430,-0.0037035994983639696
19900501,-0.004008856383920884
19900502,-0.0044424049608904675
19900503,-0.004555048025638435
19900504,-0.004507735756464393
19900505,-0.004323333779821784
19900506,-0.003621566665243348
19900507,-0.0032260083833006606
19900508,-0.0033626520491306607
19900509,-0.0030409551970162125
19900510,-0.00250792172126283
19900511,-0.0032904684713263984
19900512,-0.002787088788747759
19900513,-0.00311585644064788
19900514,-0.002943956700214498
19900515,-0.0030171284486844047
19900516,-0.003180242760266806
19900517,-0.004046024375028223
19900518,-0.0038126284609659652
19900519,-0.004013628173071462
19900520,-0.004321571521820778
19900521,-0.002211831797043464
19900522,-0.0031444986044070838
19900523,-0.0029425113011818205
19900524,-0.0041000395211348685
19900525,-0.003450494032644963
19900526,-0.003804200700378901
19900527,-0.004231060334466125
19900528,-0.0036053836423863297
19900529,-0.0036650975248995283
19900530,-0.0038943706446643647
19900531,-0.0039059754251618423
19900601,-0.004274362848975203
19900602,-0.0033126638052251665
19900603,-0.002059594191502312
19900604,-0.003487258743013723
19900605,-0.0027044101729173575
19900606,-0.0029759159602488158
19900607,-0.0013988545554865176
19900608,-0.0033042773275702986
19900609,-0.0032091961471315284
19900610,-0.002577673870431358
19900611,-0.002207381123372757
19900612,-0.0025331257421745998
19900613,-0.0020517920713395868
19900614,-0.0022114637055359286
19900615,-0.002375947780144642
19900616,-0.0026790646758762296
19900617,-0.00351362951179403
19900618,-0.0027954057585957565
19900619,-0.003379065684894642
19900620,-0.0017703967196071588
19900621,-0.0036472015147548903
19900622,-0.004286401021143059
19900623,-0.003361448754832926
19900624,-0.0025302495759606677
19900625,-0.0037145557033282594
19900626,-0.004886253398975028
19900627,-0.002632212731742215
19900628,-0.003727727230102311
19900629,-0.0029795380930521323
19900630,-0.0034681937128567394
19900701,-0.004236613347302794
19900702,-0.00340328827030829
19900703,-0.0023017653758438668
19900704,-0.0028593227822633718
19900705,-0.003106463117932972
19900706,-0.003741160482601931
19900707,-0.0010437455794356277
19900708,-0.0016249485950532772
19900709,-0.00253849685491858
19900710,-0.003212003387565227
19900711,-0.0038928568539779956
19900712,-0.004738582415537074
19900713,-0.004919317501185086
19900714,-0.004919397465559994
19900715,-0.004742917924094827
19900716,-0.004337177813525783
19900717,-0.004073345213023183
19900718,-0.0031552842030818117
19900719,-0.004030493915588261
19900720,-0.0043116697343968035
19900721,-0.004531224803762264
19900722,-0.004505829731830322
19900723,-0.003999953742370842
19900724,-0.003464398831325451
19900725,-0.0033736298167752095
19900726,-0.0037127812958315807
19900727,-0.003832237855791467
19900728,-0.0036287333446477004
19900729,-0.0023151805473469963
19900730,-0.003235607263808883
19900731,-0.003452092175131069
19900801,-0.00352218734811459
19900802,-0.0037207414280508453
19900803,-0.0036636852353057314
19900804,-0.003438025176053842
19900805,-0.0027715688464185467
19900806,-0.0022372946899717437
19900807,-0.0016695414773741496
19900808,-0.00188645205558319
19900809,-0.002244247666821908
19900810,-0.002264274225576856
19900811,-0.0023898299961220355
19900812,-0.00271284469576504
19900813,-0.0022781363499805615
19900814,-0.002187995041093495
19900815,-0.00253292834567416
19900816,-0.002859559509848834
19900817,-0.00238654493881183
19900818,-0.002145276312319076
19900819,-0.0017271134253498907
19900820,-0.002407903620915137
19900821,-0.002091072481902165
19900822,-0.0021760149692039857
19900823,-0.002338053553412684
19900824,-0.0029955416297304956
19900825,-0.0020938680163536806
19900826,-0.0021972962658203267
19900827,-0.002363835366389463
19900828,-0.0027474346881441844
19900829,-0.0028529443738634225
19900830,-0.0020508225231499074
19900831,-0.0018563367883851945
19900901,-0.002056224220235949
19900902,-0.0017068968186099709
19900903,-0.0017161001420055988
19900904,-0.002029643385127163
19900905,-0.002182266701537753
19900906,-0.0019340497692358217
19900907,-0.002317188529102104
19900908,-0.0017430836022735798
19900909,-0.0019341435818902154
19900910,-0.0016261079041321616
19900911,-0.0016452513402741514
19900912,-0.0017178305667554118
19900913,-0.0022588054930724054
19900914,-0.0023477674394400748
19900915,-0.0019613554145937917
19900916,-0.0020772452669282878
19900917,-0.0017195397933068002
19900918,-0.0018881544997322605
19900919,-0.0021909651035095933
19900920,-0.0013268917152115737
19900921,-0.002131405613251162
19900922,-0.0010354395808447453
19900923,-0.0019283654318944024
19900924,-0.0022822996582262584
19900925,-0.0016825087793790202
19900926,-0.0010572865252182512
19900927,-0.001294388836057133
19900928,-0.001642359864060958
19900929,-0.0017518521207157253
19900930,-0.0011863772312924736
19901001,-0.0009090405833897845
19901002,-0.0010797453270529331
19901003,-0.0016945700010009836
19901004,-0.0020070831692910887
19901005,-0.0014074785267714158
19901006,-0.0015129714783193758
19901007,-0.0013069041648202538
19901008,-0.0010083109510775421
19901009,-0.0012334636174476392
19901010,-0.0011729575104447837
19901011,-0.0012725369833401611
19901012,-0.0015069147285860928
19901013,-0.001139574546371095
19901014,-0.0012762884761330958
19901015,-0.0011819627993231738
19901016,-0.0007969593253063274
19901017,-0.0010962955724314668
19901018,-0.0012166586775077474
19901019,-0.0010857740947843337
19901020,-0.0008775830094746242
19901021,-0.001019895451157927
19901022,-0.0014102015971019185
19901023,-0.001040651243788576
19901024,-0.0009094022617327437
19901025,-0.0004934064303546348
19901026,-0.0009863964316615666
19901027,-0.001143593678679078
19901028,-0.002199362690633997
19901029,-0.0017506104600328062
19901030,-0.0015434367961421143
19901031,-0.0014647660146228005
19901101,-0.001039409906389377
19901102,-0.0010429462157877983
19901103,-0.0008115272007239465
19901104,-0.0007766815871028795
19901105,-0.0008105821782584898
19901106,-0.0005071278815645915
19901107,-0.00045790311162363206
19901108,-0.0005061298997854041
19901109,-0.0005447329099408574
19901110,-0.0004487601172006684
19901111,-0.00027292848689908754
19901112,-0.00036297948808353977
19901113,-0.00029692766215893836
19901114,-0.0004002883004647499
19901115,-0.0010389749696193263
19901116,-0.0004228357901590069
19901117,-0.0007345973687387543
19901118,-0.001653939790937485
19901119,-0.0012868589314954696
19901120,-0.0008754040553025082
19901121,-0.0007290421881640753
19901122,-0.0004585679365011483
19901123,-0.0005415926811214402
19901124,-0.0007041806132334017
19901125,-0.0005597681938536995
19901126,-0.0006318908852267387
19901127,-0.0003785608754680019
19901128,-0.00041078317588323963
19901129,-0.00030070393113911523
19901130,-0.0005932883956423246
19901201,-0.0003737686308086603
19901202,-6.942189520812714e-05
19901203,-0.0001635947990592655
19901204,-0.0002732729174027336
19901205,-0.0006194678987449755
19901206,-0.0002561422113250427
19901207,-8.786495387662288e-05
19901208,-7.186606168334297e-05
19901209,-0.00021578305688657896
19901210,-8.622817019351706e-05
19901211,-1.5175076219538125e-05
19901212,-0.00011312400779958106
19901213,-0.00014576422918426168
19901214,-0.00012239479566031414
19901215,-0.00017684500514666767
19901216,-0.0002136162872469276
19901217,-0.0001294671263157491
19901218,-5.469327811456575e-05
19901219,-0.0001908792419877033
19901220,-0.0003040105391961971
19901221,0.00016338888200861687
19901222,0.00040839275428406955
19901223,6.664143380388699e-05
19901224,-7.744476008078528e-05
19901225,-0.00027884389458927167
19901226,-0.0007456517561759559
19901227,-0.0009855377286953134
19901228,-0.00045454429677896515
19901229,-0.0008900334427918383
19901230,-0.0008710781302719257
19901231,-0.0002740778595418193
19910101,-0.0006847603135594525
19910102,-0.0007490123456604726
19910103,-0.0008841144644819215
19910104,-0.0012242809593252398
19910105,-0.0011112214664413596
19910106,-0.0011820794096515169
19910107,-0.0006342357426661793
19910108,-0.0007454923065152597
19910109,-0.0012905107527349375
19910110,-0.001813305087202386
19910111,-0.0012649541137099791
19910112,-0.0003600443156017426
19910113,-0.00044543388660286444
19910114,-0.0006321672278597737
19910115,-0.0008128772222075019
19910116,-0.00033479382431346303
19910117,-6.687248306775826e-05
19910118,-5.130863384244844e-05
19910119,-9.588405153079504e-05
19910120,-0.0002104807763720656
19910121,-5.109096371268026e-05
19910122,-0.0004429378078129267
19910123,-0.00024873638679670117
19910124,-0.00021373838319140213
19910125,-0.00011026680786627465
19910126,-8.437448870226685e-05
19910127,-0.0001501053801039632
19910128,-0.0001667773011945067
19910129,-4.7309807276599495e-05
19910130,-6.462378929673708e-05
19910131,-4.399955016963799e-05
19910201,-5.787486395743553e-05
19910202,-2.5374836869306646e-05
19910203,-3.1276874605451745e-05
19910204,-9.105387725308586e-05
19910205,-7.503395879155991e-05
19910206,-9.271421411426726e-05
19910207,-9.482635065862112e-05
19910208,-0.00024920400605037
19910209,-0.00012176894789631167
19910210,-0.00015068854695912809
19910211,-0.00021916086561083115
19910212,-0.0001885600891992846
19910213,-0.00016645826361530759
19910214,-0.00014576806395643848
19910215,-0.00032890996402143495
19910216,-0.00015930867774964638
19910217,-4.1461395156120744e-05
19910218,-0.00017244876591358208
19910219,6.559755474254837e-05
19910220,6.910423831487941e-05
19910221,0.0001157316015119117
19910222,-0.00041281060566882727
19910223,-0.00024286237663595015
19910224,-0.000494715227832597
19910225,-0.0002821107975997347
19910226,-0.0005279927723089904
19910227,-0.0006245681150417004
19910228,-0.0003579754501464523
19910301,-0.00075234674704971
19910302,-0.000593529944063396
19910303,-0.0008971136067156908
19910304,-0.0009475234058534249
19910305,-0.0013177896323530599
19910306,-0.0014327134686894763
19910307,-0.0011904864896148885
19910308,-0.0006968256814235334
19910309,-0.0009126727357944615
19910310,-0.0013812314057194673
19910311,-0.0008562865146389615
19910312,-0.0013147497263377521
19910313,-0.0015653839926213513
19910314,-0.001543618527907678
19910315,-0.00117200253012835
19910316,-0.0014672413896365348
19910317,-0.0010629538722557604
19910318,-0.0009047154859721679
19910319,-0.0005570707507742683
19910320,-0.001277723871037289
19910321,-0.001241053420211924
19910322,-0.001182925771941159
19910323,-0.0016549490406108942
19910324,-0.0015551821928245844
19910325,-0.0008834971228506045
19910326,-0.0010868256526676485
19910327,-0.0018791247449409987
19910328,-0.0020948207879278955
19910329,-0.0015236611914930512
19910330,-0.0017657428954569873
19910331,-0.001479125826808727
19910401,-0.0017096549387827311
19910402,-0.002103161292632054
19910403,-0.0016061176441922278
19910404,-0.002185932227536531
19910405,-0.0023874711829784613
19910406,-0.0015528613216107632
19910407,-0.002287772589844295
19910408,-0.002036540998229718
19910409,-0.001594213180797266
19910410,-0.0027132390603975746
19910411,-0.003108287288616999
19910412,-0.0031156286430597067
19910413,-0.003128070440872909
19910414,-0.0030867918856416197
19910415,-0.0032474983875675945
19910416,-0.002812640820761967
19910417,-0.002044365856564219
19910418,-0.0022329433197068806
19910419,-0.0019084886197741457
19910420,-0.002331540467443637
19910421,-0.0022010319311719768
19910422,-0.0014979609241613438
19910423,-0.0024003715817139584
19910424,-0.002199465472084701
19910425,-0.0026904754634924483
19910426,-0.003037807194301685
19910427,-0.002559967338536889
19910428,-0.0027116178231597144
19910429,-0.0027632749797724242
19910430,-0.0009552870359379429
19910501,-0.0017010812599606055
19910502,-0.002349119416355024
19910503,-0.0022755218464278427
19910504,-0.002315687662921877
19910505,-0.0022108249495045155
19910506,-0.0022164955616883124
19910507,-0.0022789773299712796
19910508,-0.003116940368138541
19910509,-0.0033940239593127602
19910510,-0.0034673748175848393
19910511,-0.0033465292006126563
19910512,-0.002533059620481227
19910513,-0.0032298055571580247
19910514,-0.0022487679041992567
19910515,-0.002999729480838582
19910516,-0.0033041017315142
19910517,-0.0026494463418278826
19910518,-0.0026022886547609333
19910519,-0.0025342167780057876
19910520,-0.002034779219168995
19910521,-0.0025889496670672514
19910522,-0.003087435293712451
19910523,-0.0031446778337468296
19910524,-0.003138098443893069
19910525,-0.0028078796334398935
19910526,-0.0019378736373924996
19910527,-0.0028416913144434486
19910528,-0.0035458678960560326
19910529,-0.003914601285077209
19910530,-0.004023474324934673
19910531,-0.003839489274426178
19910601,-0.0035055413376482015
19910602,-0.0037590601162066696
19910603,-0.0020956653281965637
19910604,-0.002518605977297758
19910605,-0.0026965483841756527
19910606,-0.0025417832341923085
19910607,-0.002089131881960789
19910608,-0.0025427051518602914
19910609,-0.0012394530776524545
19910610,-0.0033453538400546714
19910611,-0.003062253739579163
19910612,-0.003848635322991588
19910613,-0.0026580970805215004
19910614,-0.0022774873502124267
19910615,-0.003134961277680424
19910616,-0.0019863130054577974
19910617,-0.002870056132726391
19910618,-0.0031523233770538992
19910619,-0.002675846897868312
19910620,-0.0012697398450266717
19910621,-0.002735948518462915
19910622,-0.00253088207079022
19910623,-0.003421373587835617
19910624,-0.0026902556116005865
19910625,-0.0028670802895038963
19910626,-0.0026216077303480713
19910627,-0.0036356214218191962
19910628,-0.0032629490939385963
19910629,-0.002849598210671707
19910630,-0.0032487342630987646
19910701,-0.004195837238537844
19910702,-0.004783073320531434
19910703,-0.004648876946878773
19910704,-0.004180027873824405
19910705,-0.004555829839078064
19910706,-0.004006357898808446
19910707,-0.004753275786926525
19910708,-0.003979092499100474
19910709,-0.0033207465098900866
19910710,-0.004214653596523919
19910711,-0.004623662696078619
19910712,-0.00329018089996628
19910713,-0.0031612321394724873
19910714,-0.0029785127620396935
19910715,-0.0025172717022688474
19910716,-0.0029391251332490957
19910717,-0.003217115185866592
19910718,-0.002375974561107377
19910719,-0.0028304720036811037
19910720,-0.0019910380979304807
19910721,-0.002583455821994314
19910722,-0.0035548843825840798
19910723,-0.004164096489640755
19910724,-0.00258944942427273
19910725,-0.0026556838725705968
19910726,-0.00281902287776855
19910727,-0.0027533792080992317
19910728,-0.003856139781429035
19910729,-0.004359008504754159
19910730,-0.003583500312077184
19910731,-0.0021942324104349637
19910801,-0.0025859013850036165
19910802,-0.0027663542488542588
19910803,-0.0032446742714923073
19910804,-0.0031893848912405488
19910805,-0.0031012335742713693
19910806,-0.0038863380980282518
19910807,-0.003254034657260269
19910808,-0.002208346408221711
19910809,-0.003108944443159474
19910810,-0.003078021310492063
19910811,-0.0034509025942035328
19910812,-0.0023955350262142593
19910813,-0.002871988479905278
19910814,-0.0027737834503914083
19910815,-0.0029941299942594143
19910816,-0.0025494767485710642
19910817,-0.002211620860345609
19910818,-0.002089560935919259
19910819,-0.001980352836725854
19910820,-0.0022506178547626976
19910821,-0.002606455344504416
19910822,-0.0025183023193496067
19910823,-0.0023757577286251212
19910824,-0.0018726526697320325
19910825,-0.0021267435914261866
19910826,-0.00222163256194545
19910827,-0.0020444247775531573
19910828,-0.0019413414523693265
19910829,-0.0018221868473710756
19910830,-0.0018539521831198447
19910831,-0.0020124633881898504
19910901,-0.0019349066493460172
19910902,-0.0015511946815817605
19910903,-0.0020401182580377145
19910904,-0.002056387913736301
19910905,-0.001818439382073589
19910906,-0.0009995604135068503
19910907,-0.0010849580244851297
19910908,-0.0009351495754351747
19910909,-0.0014116780654349248
19910910,-0.001341284072974273
19910911,-0.0015475214760332762
19910912,-0.0017030014333684913
19910913,-0.0017524765177062232
19910914,-0.0015320617494725597
19910915,-0.0013458746457339988
19910916,-0.0015588979410547335
19910917,-0.0015213309137769057
19910918,-0.0014850308938118763
19910919,-0.0012009908687416779
19910920,-0.0011445493814790484
19910921,-0.001501105356651993
19910922,-0.0015828941887518252
19910923,-0.0011999085895358353
19910924,-0.0010860890985134
19910925,-0.0014528426762221685
19910926,-0.0010193955996059105
19910927,-0.0020407072296795272
19910928,-0.0014143374308703003
19910929,-0.0014434191314721767
19910930,-0.001647734267023467
19911001,-0.0011994534723217991
19911002,-0.0015646090067793512
19911003,-0.0014683018665161004
19911004,-0.0011597009449965524
19911005,-0.0010041337486719993
19911006,-0.0009532544351107555
19911007,-0.0007272599173046503
19911008,-0.0007851851611354668
19911009,-0.0014065162795068604
19911010,-0.0016302849843859765
19911011,-0.0014989670319473507
19911012,-0.0003999271398351055
19911013,-0.0009902178749949789
19911014,-0.0010861447207141117
19911015,-0.0010127504455396269
19911016,-0.0012745896526742855
19911017,-0.0023008824127957604
19911018,-0.0016498866255843518
19911019,-0.0012053933105839708
19911020,-0.0010022973225756572
19911021,-0.0010348671244304942
19911022,-0.0006059325818846776
19911023,-0.00033591219541123847
19911024,-0.0004811900751937438
19911025,-0.0005925232332428031
19911026,-0.0008687680204907185
19911027,-0.0007580104821555632
19911028,-0.0009106103931309766
19911029,-0.0007903203154808725
19911030,-0.0005560627910390467
19911031,-0.0006372823959904002
19911101,-0.0006931279284055571
19911102,-0.0011327480567042037
19911103,-0.0016908936915514265
19911104,-0.0019118295782543954
19911105,-0.0010191205145143694
19911106,-0.0010426724031839284
19911107,-0.0009587372896863855
19911108,-0.0007623985026398563
19911109,-0.0011769503489480148
19911110,-0.0006387595544319244
19911111,-0.0008963875274827014
19911112,-0.0008190751595707792
19911113,-0.0015809902341188532
19911114,-0.001249312720063829
19911115,-0.0008086708758917303
19911116,-0.0004773743242353974
19911117,-0.00043305551880308454
19911118,-0.0004840161918374115
19911119,-0.0004649537622427319
19911120,-0.0005286218222133061
19911121,-0.0006354465164361742
19911122,-0.0003436436105143622
19911123,-0.00022181259718532785
19911124,-0.00028298717654806925
19911125,-0.00018909847723673606
19911126,-0.00021996640228975133
19911127,-0.00013391787014498804
19911128,-0.00012798572339881535
19911129,-0.00018441130961620303
19911130,-0.00019033704161399565
19911201,-0.00014797507187871916
19911202,-0.00018323118531853117
19911203,-0.0001370496646181396
19911204,-0.00021053930744156815
19911205,-9.002053695704978e-05
19911206,-0.00027224535752763543
19911207,-2.9804828096735804e-05
19911208,-0.00013331209509289606
19911209,-0.00028664384552081444
19911210,-0.00015242012271974645
19911211,-4.137842555165877e-05
19911212,-5.090646174333493e-06
19911213,-1.9807134942324402e-06
19911214,-8.231237657317399e-06
19911215,-1.8274631017029063e-05
19911216,-3.063546967944214e-05
19911217,2.117929106187235e-05
19911218,-0.0008410790566005129
19911219,-0.00016274383258992387
19911220,-0.0010726672351658484
19911221,-6.82412394110052e-05
19911222,-0.00023694747745805166
19911223,-0.0007868795524141553
19911224,-0.0006758892750092031
19911225,-0.00021636640231762432
19911226,-0.00019337354558600082
19911227,-0.0005751762064727345
19911228,-0.00015169273685806253
19911229,-0.00010413399814727188
19911230,-7.283281884452257e-05
19911231,-0.00018093576262188187
19920101,-0.00022881847506468108
19920102,-0.0002348835521205704
19920103,-0.00022561473792141788
19920104,-0.0001755965182382149
19920105,-0.00010189557926159763
19920106,-0.0002844211891461649
19920107,-0.0002600794931106959
19920108,-0.0005524393236910609
19920109,-0.0009581316465070952
19920110,-0.00035788247566541175
19920111,-0.00030593568196696946
19920112,-0.00022805603615624174
19920113,-0.0002624424774157894
19920114,-0.00014762926203551493
19920115,-0.00021453909408077935
19920116,-0.00025570089161133395
19920117,-0.0002737768138106808
19920118,-0.00017132745021051092
19920119,-0.00011469243994968509
19920120,-0.0004379910976091836
19920121,-0.00037165819946372817
19920122,-0.00010969734869001751
19920123,-2.5428505663725882e-05
19920124,-1.6750725725531106e-05
19920125,-1.8179793940950987e-05
19920126,-3.743952118710982e-05
19920127,-9.761439662432486e-05
19920128,-7.227484227287679e-05
19920129,-8.60016768094833e-05
19920130,-1.833160266283046e-05
19920131,-0.00020614027854163317
19920201,-0.00014096921905067044
19920202,-5.1358795573225596e-05
19920203,-0.00011292154339495094
19920204,0.00011116261458181304
19920205,6.876371459305825e-05
19920206,-0.0003585753687411708
19920207,-0.00034411790223994314
19920208,-0.00026808574357921355
19920209,-0.0005406758680747651
19920210,-0.0011362280211532486
19920211,-0.0007474774619330931
19920212,-0.00024863880874238646
19920213,-0.0007637407586835552
19920214,-0.0007949839748786541
19920215,-0.0008805410335357563
19920216,-0.0009798339601845552
19920217,-0.0007978377688126413
19920218,-0.0002605849309939013
19920219,-0.00017644011314096376
19920220,-0.00017237915726428648
19920221,-0.00025859178012443875
19920222,-0.0004072898621890077
19920223,-0.0004410674200563006
19920224,-0.000517335767478177
19920225,-0.0007447364251601938
19920226,-0.000792507411844352
19920227,-0.0007753991032166859
19920228,-0.000858235898438421
19920229,-0.0009965143910338748
19920301,-0.0013227957650028216
19920302,-0.0012977512304056928
19920303,-0.0011186901867750025
19920304,-0.0006985558443166334
19920305,-0.0011376578817775143
19920306,-0.0011154266565559555
19920307,-0.001305457663345049
19920308,-0.0009154186686117573
19920309,-0.0010739883133359855
19920310,-0.0011370681030109116
19920311,-0.001696278558250029
19920312,-0.0011948608622185078
19920313,-0.002197804995864078
19920314,-0.002092739785990781
19920315,-0.0012730087590872383
19920316,-0.0011440203519192428
19920317,-0.0007369116803098908
19920318,-0.0015987700488033993
19920319,-0.0004903151749587631
19920320,-0.0015020811853413436
19920321,-0.0017307416932029354
19920322,-0.000940850876305661
19920323,-0.0010841653788615812
19920324,-0.0015353295258839976
19920325,-0.0015608633421015192
19920326,-0.001229657636962453
19920327,-0.0014716105356602897
19920328,-0.0018793625261342038
19920329,-0.001228459399021093
19920330,-0.001985061665886828
19920331,-0.0010592028476788416
19920401,-0.001757974914976821
19920402,-0.0018008930193132461
19920403,-0.0014281088721640946
19920404,-0.0014058783233057916
19920405,-0.0020593503867788357
19920406,-0.001644013392199441
19920407,-0.0023435023640998942
19920408,-0.002793094913049351
19920409,-0.002944420000702858
19920410,-0.0028093079964541068
19920411,-0.0027995067265044744
19920412,-0.0027017034395905464
19920413,-0.0024914094310888066
19920414,-0.002935914670811471
19920415,-0.0030036693243770053
19920416,-0.002346199761813081
19920417,-0.0018178490445084166
19920418,-0.0007282996340859376
19920419,-0.0015988094874269442
19920420,-0.0027832500032278595
19920421,-0.0031257104979363196
19920422,-0.0019094704834921356
19920423,-0.002011042784353853
19920424,-0.0023481681116651835
19920425,-0.0026377820259962533
19920426,-0.003289310001946622
19920427,-0.002656260865853037
19920428,-0.0023109867247224024
19920429,-0.002609618061550976
19920430,-0.0024395334897354417
19920501,-0.0011768496540064631
19920502,-0.0019380211793550825
19920503,-0.0024419525062394725
19920504,-0.0027484389000975115
19920505,-0.0027088323010825027
19920506,-0.003307445775157625
19920507,-0.0031441180564512014
19920508,-0.0024608760990922234
19920509,-0.0021301723927793876
19920510,-0.0027443405202998844
19920511,-0.003348450562272263
19920512,-0.0032732776529594567
19920513,-0.0039540550577674
19920514,-0.0044834576767677015
19920515,-0.0046254374596537565
19920516,-0.004328136746943078
19920517,-0.004167438209747047
19920518,-0.004466848645603114
19920519,-0.004947841001447451
19920520,-0.004836632614799244
19920521,-0.0037689143091782728
19920522,-0.003863098291223321
19920523,-0.004450308814801594
19920524,-0.003941916821612813
19920525,-0.0035524051257429536
19920526,-0.003515834258797734
19920527,-0.0045816018638580045
19920528,-0.0046309093680828575
19920529,-0.002615895267710798
19920530,-0.0031003879108773475
19920531,-0.003188000149872932
19920601,-0.003495729299014381
19920602,-0.002283448563160336
19920603,-0.0026079892716269638
19920604,-0.0028954581211714276
19920605,-0.0016336966402664243
19920606,-0.00202561421457288
19920607,-0.003103827191171601
19920608,-0.0030559784036860876
19920609,-0.0025501538772184787
19920610,-0.003424077132800072
19920611,-0.003684381526527711
19920612,-0.0033952969993022307
19920613,-0.0035842819047504264
19920614,-0.0032785804651468244
19920615,-0.004947370544314871
19920616,-0.004489166236218402
19920617,-0.0041762952225343885
19920618,-0.0037122893104538043
19920619,-0.002702547509812173
19920620,-0.0018841270911922644
19920621,-0.0037318850121986617
19920622,-0.003976505097281192
19920623,-0.003089855378073155
19920624,-0.002997282656882853
19920625,-0.002316502104670937
19920626,-0.003858852626153546
19920627,-0.005140066813166742
19920628,-0.005208481672610515
19920629,-0.005212114760072449
19920630,-0.005179656175194237
19920701,-0.003231516137602716
19920702,-0.0034036348784512666
19920703,-0.0035458080630349498
19920704,-0.0033498033676475684
19920705,-0.0024775329304970155
19920706,-0.0014559443446649503
19920707,-0.002394025679404689
19920708,-0.003517532199985965
19920709,-0.003455734048995054
19920710,-0.0031990120948348273
19920711,-0.003040027425936768
19920712,-0.0031399175123134875
19920713,-0.0029174510158211722
19920714,-0.002279974606679687
19920715,-0.0025874153315510384
19920716,-0.003663468639614425
19920717,-0.0030049847104856565
19920718,-0.0028153126910711096
19920719,-0.004386048064243951
19920720,-0.004335903030906288
19920721,-0.003730702720426717
19920722,-0.003989450143244043
19920723,-0.004556533533434679
19920724,-0.0040221649000552985
19920725,-0.0038975640086146334
19920726,-0.004035327233859767
19920727,-0.0036723808992650975
19920728,-0.0039601967920661375
19920729,-0.004103315311068425
19920730,-0.004269256043750324
19920731,-0.00319333291555302
19920801,-0.0039471805840116244
19920802,-0.0038033615223788723
19920803,-0.003772640222422598
19920804,-0.0033490142970095714
19920805,-0.003742913616696826
19920806,-0.00392584148110997
19920807,-0.003991895220886927
19920808,-0.004078517971061236
19920809,-0.0037503797869323273
19920810,-0.0027095535794814394
19920811,-0.0024067693226635656
19920812,-0.002845943777745373
19920813,-0.0021600785281975965
19920814,-0.0024955565897328636
19920815,-0.0022881331776961663
19920816,-0.0029486381416325346
19920817,-0.0020207295304576376
19920818,-0.002860617625501443
19920819,-0.0032379425828398764
19920820,-0.0022791725686655442
19920821,-0.002438755830911318
19920822,-0.0026349891820179137
19920823,-0.002687376408547611
19920824,-0.00101670991946361
19920825,-0.0032107702387401895
19920826,-0.0023885863243606116
19920827,-0.0029490491547644526
19920828,-0.0031040214654261484
19920829,-0.0018737271347066173
19920830,-0.002627003641154532
19920831,-0.0018046417673753211
19920901,-0.003013538529155427
19920902,-0.0025551316290565664
19920903,-0.002773549152543761
19920904,-0.00276819640282614
19920905,-0.0022669339948180856
19920906,-0.0023655545886270253
19920907,-0.002496133984245181
19920908,-0.0020787278619612826
19920909,-0.002218044218683949
19920910,-0.0017988743542383795
19920911,-0.0025559437330521947
19920912,-0.002525195511974596
19920913,-0.002262625219612147
19920914,-0.0011593828368066201
19920915,-0.0018700828894527627
19920916,-0.0017514481195054037
19920917,-0.002283029416019234
19920918,-0.0016930626265131963
19920919,-0.0016890658853871646
19920920,-0.0015026741624353966
19920921,-0.0021058740669105927
19920922,-0.0017073057880163938
19920923,-0.001589193364388495
19920924,-0.001490588859754551
19920925,-0.0019193042563131985
19920926,-0.0020392467481111917
19920927,-0.0020121288536072202
19920928,-0.0011564741180432453
19920929,-0.0012208542177289997
19920930,-0.0010035033242987224
19921001,-0.0011489082389852536
19921002,-0.0012008225426870256
19921003,-0.0013011192501820334
19921004,-0.0016375616919868403
19921005,-0.0011272462522765056
19921006,-0.0007190916380672311
19921007,-0.0008044953961268245
19921008,-0.0007283814313340804
19921009,-0.0009403333747697051
19921010,-0.0012927943644659298
19921011,-0.0014183679546586245
19921012,-0.000926449032178438
19921013,-0.0012926693312278153
19921014,-0.0009265827782755607
19921015,-0.0010236433438653493
19921016,-0.0009004329995761872
19921017,-0.0007934234905929099
19921018,-0.000912357754481084
19921019,-0.0010655060744939836
19921020,-0.0007016359754222639
19921021,-0.0009216430499654657
19921022,-0.0009808578934590918
19921023,-0.000956118424368133
19921024,-0.0017854852442755447
19921025,-0.0014760571972276763
19921026,-0.0015531606868609145
19921027,-0.0003966868283703622
19921028,-0.0013415568506890572
19921029,-0.0014936258769127277
19921030,-0.0006079734759022212
19921031,-0.0007265384316879732
19921101,-0.00045482039049876905
19921102,-0.0009333673915867982
19921103,-0.0008711554443935853
19921104,-0.00044807619817115326
19921105,-0.0002961033792034639
19921106,-0.00040649779679345903
19921107,-0.00046248828433095233
19921108,-0.0001786316231967975
19921109,-0.0005098686052934359
19921110,-0.0012777072987308882
19921111,-0.0014355114650706434
19921112,-0.0012566720879268124
19921113,-0.0007485788278045506
19921114,-0.0005426076608965746
19921115,-0.00031732557204354743
19921116,-0.000790185943699919
19921117,-0.001222015357294418
19921118,-0.0007571261558657287
19921119,-0.0008895993549765203
19921120,-0.0007917322339588624
19921121,-0.00014414735057540246
19921122,-0.0003434879826944483
19921123,-0.0005100715218473274
19921124,-0.0002674966042287179
19921125,-0.0014505316767670685
19921126,-0.0014895696977291785
19921127,-0.00048190927908541877
19921128,-0.0005996780194320782
19921129,-0.00035207887782291974
19921130,-0.0004902723824945221
19921201,-0.0004821766087073119
19921202,-0.0019107192494466514
19921203,-0.0015795403406880417
19921204,-0.0013763996105239716
19921205,-0.0005182348066902012
19921206,-0.0004896306184128135
19921207,-0.0007215397427269396
19921208,-0.00035244086927982004
19921209,-0.00047139728493068124
19921210,-0.0003423458389920966
19921211,-0.0002956583307330504
19921212,-0.000525551560657051
19921213,-0.0004171812975516192
19921214,-0.00023335309906414464
19921215,-0.00025031778381752
19921216,-0.0002727871468176519
19921217,-5.8536131382688925e-05
19921218,-0.00040032800581122133
19921219,-0.0005418067676215805
19921220,-0.00019655070629000414
19921221,-0.00012922368970808807
19921222,-0.00020007062118760453
19921223,-0.00026591306186859667
19921224,-0.0002866568746907995
19921225,-0.0003028982464682749
19921226,-0.00026670588850233524
19921227,-0.00011459621485387251
19921228,-0.00011533947542694358
19921229,-7.800887751124694e-05
19921230,-3.65798076478388e-05
19921231,-1.0826771359038147e-05
19930101,-1.3100725120374639e-05
19930102,-1.0196980680741192e-05
19930103,-1.0132898685863933e-05
19930104,-6.4640567205687074e-06
19930105,-3.825222473690887e-05
19930106,0.00018331853549259696
19930107,0.00027758996003022704
19930108,9.290444218113261e-05
19930109,0.00014030855483833298
19930110,-0.0008772185560611936
19930111,-0.002380978327136965
19930112,-0.0016518306375804103
19930113,-0.00048554216959281385
19930114,-0.0007479426225621086
19930115,-0.00038475031063567083
19930116,-0.0003441315248391651
19930117,-0.0005775231007295561
19930118,-0.0004397153494769746
19930119,-0.0004278147400829752
19930120,-0.0005142597366536402
19930121,-0.0005673409048638203
19930122,-0.000979852636077234
19930123,-0.0006623415210449203
19930124,-0.0011374132032041092
19930125,-0.001356935273775608
19930126,-0.000516419311499765
19930127,-0.0005629512231846729
19930128,-7.83068315737183e-05
19930129,-0.00026196984005472725
19930130,-0.0006508929226352866
19930131,-0.0003462956807282836
19930201,-0.00030089521875498914
19930202,-0.0001879797864328797
19930203,-0.0002489668498097842
19930204,-0.00021121910336696937
19930205,-0.00019643836924725455
19930206,-0.00014710795856295574
19930207,-0.00013810089193641405
19930208,-0.000331238982345979
19930209,-0.00040927923325060635
19930210,-0.00038856240243941606
19930211,-0.00034063930007719026
19930212,-0.0003507905828666155
19930213,-0.000241459430951984
19930214,-0.00034156346783629355
19930215,-0.00024346469771751564
19930216,-0.00020507405762895507
19930217,-9.709199631934028e-05
19930218,-0.0005102394227895703
19930219,-0.001221246410079851
19930220,-0.0009421442221269859
19930221,-0.0014537327886480168
19930222,-0.0005956135159148369
19930223,-0.0005328734357976652
19930224,-0.00021827451761475126
19930225,-0.0001480823940407037
19930226,-0.00023659159164416687
19930227,-0.0004040243643641117
19930228,-0.0006878736149420983
19930301,-0.0007011464599464178
19930302,-0.0010782928118946006
19930303,-0.0005798386028520833
19930304,-0.0006090184506831348
19930305,-0.0003354323134665367
19930306,-0.00014512600851060138
19930307,-0.0004607312499045746
19930308,-0.0012619871192414106
19930309,-0.0009854334721670819
19930310,-0.0010146364666163885
19930311,-0.0009815998207707754
19930312,-0.0013640631701364865
19930313,-0.0014818514915829145
19930314,-0.0015215456861442623
19930315,-0.001485112035443987
19930316,-0.0016322653625143087
19930317,-0.001265230686379614
19930318,-0.0014539808690048998
19930319,-0.0014801950552628114
19930320,-0.001717214092117278
19930321,-0.0012178379207710452
19930322,-0.0014495943842370135
19930323,-0.001966974047923468
19930324,-0.0015532632998899395
19930325,-0.0018666510332512021
19930326,-0.0017984705125813551
19930327,-0.0015435044253846422
19930328,-0.0016059664824826117
19930329,-0.0015385399796370661
19930330,-0.0016834099728910868
19930331,-0.002124331066068692
19930401,-0.001613493457880308
19930402,-0.0015118767990586325
19930403,-0.0013732692389000346
19930404,-0.0011764870274769202
19930405,-0.0018690294824262722
19930406,-0.002451019963063056
19930407,-0.0013582164385157075
19930408,-0.0017256629981650625
19930409,-0.002339285532941323
19930410,-0.002162233672392274
19930411,-0.002175972238214027
19930412,-0.001838453331069408
19930413,-0.0016945749906356518
19930414,-0.002113502261528762
19930415,-0.0022855136704474544
19930416,-0.002183403215731016
19930417,-0.0017161794801567208
19930418,-0.001836180984355018
19930419,-0.0019355860175163482
19930420,-0.003259457365953413
19930421,-0.004178289447165848
19930422,-0.003593412500556376
19930423,-0.0034878618049030093
19930424,-0.0033290841707123387
19930425,-0.002726366048019374
19930426,-0.0034780612578011096
19930427,-0.004463725844510562
19930428,-0.00475038375230022
19930429,-0.0034478844571769348
19930430,-0.0033850818173047277
19930501,-0.0026849491391094434
19930502,-0.002088107318666065
19930503,-0.001747342261602931
19930504,-0.002353728969930055
19930505,-0.003209963038725764
19930506,-0.0024519318007437583
19930507,-0.0017689322663981195
19930508,-0.003198846599664802
19930509,-0.003312783817879814
19930510,-0.0038413206662229636
19930511,-0.003699463389201136
19930512,-0.002478767404507928
19930513,-0.0015202046260475923
19930514,-0.0017884966481619435
19930515,-0.0029400958660763124
19930516,-0.002954453592894418
19930517,-0.004521627568541179
19930518,-0.0035935401439930563
19930519,-0.00368114418450515
19930520,-0.0031396446229360734
19930521,-0.0025524795949882577
19930522,-0.003994462495441596
19930523,-0.004324676363052021
19930524,-0.004506360818580173
19930525,-0.004256780429519764
19930526,-0.004747445438983361
19930527,-0.0043953368782253515
19930528,-0.0034193252585330543
19930529,-0.0032754260297335838
19930530,-0.0030657777786160627
19930531,-0.0034330654474635644
19930601,-0.0035355968723431268
19930602,-0.0028730850408220294
19930603,-0.002762962352804454
19930604,-0.002543475187466493
19930605,-0.0037832640989440692
19930606,-0.004203029511704606
19930607,-0.0042156784782383695
19930608,-0.0050660144741596766
19930609,-0.0051092227307706906
19930610,-0.0044031375219183025
19930611,-0.003086952755840446
19930612,-0.0025268373212366576
19930613,-0.0012491949669880865
19930614,-0.0015412297134008537
19930615,-0.0017941294826896953
19930616,-0.0028901264106955767
19930617,-0.003278464368093451
19930618,-0.004148009768423917
19930619,-0.00417099691146981
19930620,-0.004273664895517649
19930621,-0.003283382264716617
19930622,-0.0029257429115260836
19930623,-0.0037439801106505213
19930624,-0.003399468937530077
19930625,-0.0033733730587143097
19930626,-0.002120344184103028
19930627,-0.002862105705865929
19930628,-0.00323800999252568
19930629,-0.004403598199966084
19930630,-0.0037790053508724
19930701,-0.003915258892942813
19930702,-0.002942639841155438
19930703,-0.0036218818826902074
19930704,-0.003886616674535868
19930705,-0.0033266477766072076
19930706,-0.0029042923325760233
19930707,-0.002698575545068718
19930708,-0.003312001075780733
19930709,-0.0038364232980546576
19930710,-0.0026692726969455897
19930711,-0.0026134219930397345
19930712,-0.002696068532225502
19930713,-0.0022763970200408803
19930714,-0.001888001403776956
19930715,-0.0023586342064010066
19930716,-0.003855852296877542
19930717,-0.003496730914167325
19930718,-0.00324537157525932
19930719,-0.00253362595346807
19930720,-0.00291940636489908
19930721,-0.0029917187118526293
19930722,-0.0027840323382321256
19930723,-0.0021437017001033434
19930724,-0.0037118462292336056
19930725,-0.0036255063900808536
19930726,-0.0029546474160218
19930727,-0.0021863314368434825
19930728,-0.001516549672571238
19930729,-0.0038261797607895467
19930730,-0.0029561075917937407
19930731,-0.003420068170993637
19930801,-0.0029245546154713607
19930802,-0.003995793220880744
19930803,-0.0034974621508968625
19930804,-0.003499087908407163
19930805,-0.00394577810439538
19930806,-0.003252805933261307
19930807,-0.003395136172480474
19930808,-0.0031144492924454524
19930809,-0.0024680230049925053
19930810,-0.0029526183116049954
19930811,-0.0030981946326891522
19930812,-0.0033416239825244704
19930813,-0.003096730172714573
19930814,-0.0032388409793567253
19930815,-0.0026486598476310507
19930816,-0.0029893351607423444
19930817,-0.0030030755098318217
19930818,-0.0031400308461341214
19930819,-0.0030939728877273313
19930820,-0.003115780907128623
19930821,-0.002979606576767078
19930822,-0.0028317007724673964
19930823,-0.001710699282718032
19930824,-0.001709271348581668
19930825,-0.0017599938885285858
19930826,-0.0020179140821962645
19930827,-0.0017037542038151816
19930828,-0.0019395235839365726
19930829,-0.0020843400211863895
19930830,-0.0019067411073346563
19930831,-0.0014272066610590104
19930901,-0.0012507535809277528
19930902,-0.0016086938841510174
19930903,-0.0015565486624796664
19930904,-0.0017887623690841735
19930905,-0.001407379706407063
19930906,-0.0019357486093353326
19930907,-0.001452777052521479
19930908,-0.002013960801745314
19930909,-0.0015996023524389382
19930910,-0.0019907965138644314
19930911,-0.0017812162436548567
19930912,-0.0019140682503781298
19930913,-0.00111038102683808
19930914,-0.00246511647394447
19930915,-0.002370785463872651
19930916,-0.002706354569569284
19930917,-0.0018241805431031554
19930918,-0.0018098140830072765
19930919,-0.002110878381028173
19930920,-0.0019107164573961507
19930921,-0.001314929816472584
19930922,-0.0015445466602641597
19930923,-0.0010199649518991677
19930924,-0.001088544348449091
19930925,-0.0009925877869957835
19930926,-0.0016244165912025093
19930927,-0.0013339360524689454
19930928,-0.0010571113414272356
19930929,-0.001225730352005728
19930930,-0.0013078057870177695
19931001,-0.0019039876394597727
19931002,-0.001388923546116492
19931003,-0.001126599019794377
19931004,-0.0010117298348686775
19931005,-0.0017284077770555616
19931006,-0.0019496522943648548
19931007,-0.0018517637413570673
19931008,-0.0012392351397694527
19931009,-0.0016384456379156928
19931010,-0.0011114775275567368
19931011,-0.0013069218448824164
19931012,-0.0016362255457203253
19931013,-0.0017213203269282288
19931014,-0.002173653303500523
19931015,-0.0012445610328872174
19931016,-0.0008452230356253625
19931017,-0.0013593154247110925
19931018,-0.001127709039051577
19931019,-0.0009834041893214164
19931020,-0.000492881193513434
19931021,-0.0011333436084503322
19931022,-0.0011712600165701308
19931023,-0.0010300499270150892
19931024,-0.0007357373596931319
19931025,-0.0007085142204677399
19931026,-0.0006838976211442946
19931027,-0.0008094398538804864
19931028,-0.0007839271550602759
19931029,-0.0007147223139139922
19931030,-0.0005773050671135693
19931031,-0.0004915976302097015
19931101,-0.0005338828851804698
19931102,-0.0006292818262608974
19931103,-0.0005954179844546248
19931104,-0.0006131581886861416
19931105,-0.00047616555135389973
19931106,-0.00028849925821657616
19931107,-0.000273073402386504
19931108,-0.0003590839053045822
19931109,-0.0005001197222249361
19931110,-0.0007145817621491297
19931111,-0.0008124382263947115
19931112,-0.0004130227552104701
19931113,-0.00037556333179436063
19931114,-0.0019676044855295605
19931115,-0.001389839866509129
19931116,-0.0005411652593265726
19931117,-0.0005227551105986952
19931118,-0.0004912618691254206
19931119,-0.0004054876075644167
19931120,-0.00012394223774975122
19931121,-7.530509035186236e-05
19931122,-6.586941830877659e-05
19931123,-3.307808927598048e-05
19931124,9.500284088628758e-06
19931125,3.748389858503375e-05
19931126,-8.617986203851514e-05
19931127,-7.714369416899406e-05
19931128,-6.0814420589963306e-05
19931129,-3.508218221340884e-05
19931130,-2.9561587130657315e-05
19931201,-3.967025076140246e-05
19931202,0.0003241819505689513
19931203,0.00026020453139319783
19931204,-0.00019483978386908166
19931205,-0.00023219307563675487
19931206,-0.0001359662975048283
19931207,-0.0004395377502922667
19931208,-0.0003559231959828052
19931209,-0.001933218606894485
19931210,-0.0007440085629653144
19931211,-0.001071094617162087
19931212,-0.000627344190199728
19931213,-0.0010412359167853982
19931214,-0.0006448891221887248
19931215,-0.0008742973149620835
19931216,-0.0012090305816857697
19931217,-0.00047788638059067975
19931218,-0.00032042103654249753
19931219,-0.0010138280842526787
19931220,-0.0009629523748696941
19931221,-0.0018920880276652892
19931222,-0.0007601874931245377
19931223,-0.0009268245878814897
19931224,-0.0005884318743596457
19931225,-0.00036112406539013124
19931226,-0.00037646321393174336
19931227,-0.0001640076780410723
19931228,-0.0003204293716268788
19931229,-0.00023151816936466222
19931230,-0.0009076714685837334
19931231,-0.0015819994684800997
19940101,-0.0006232933290244933
19940102,-0.000557559497536429
19940103,-0.0006430292379781649
19940104,-0.0009556966351730741
19940105,-0.0016548094192377313
19940106,-0.0013140404004893852
19940107,-0.0003692200822658553
19940108,-0.0003584377136635052
19940109,-0.00012372219421750478
19940110,-0.00016548010045089865
19940111,-0.00020790159865388853
19940112,-0.0006060883316668125
19940113,-0.0013685736593097404
19940114,-0.0008949320818068703
19940115,-0.0004902351122870284
19940116,-0.0002939527820289985
19940117,-0.00043882230488442674
19940118,-6.326295685047288e-05
19940119,-6.24721652129637e-05
19940120,-7.74986633959477e-05
19940121,-9.055016538581025e-05
19940122,-2.926669931917569e-05
19940123,-1.6482466387060955e-05
19940124,-0.00012852585937704646
19940125,-0.00018602115780185814
19940126,-0.0017065588226706048
19940127,-0.0006906797170879308
19940128,-0.0017576647745718135
19940129,-0.000466119150264387
19940130,-0.00045084538025931927
19940131,-0.0005041754755048615
19940201,-0.0004624883744806541
19940202,-0.0004414718589516123
19940203,-0.0005289016121645889
19940204,-0.00043997359270409053
19940205,-0.00038007467263564114
19940206,-0.00028962520748659524
19940207,-0.0004980873040145826
19940208,-0.000579875613532158
19940209,-0.0004985685951416914
19940210,-0.0008215485949021141
19940211,-0.0006276360386438643
19940212,-0.0005727197594748017
19940213,-0.0005527536742813801
19940214,-0.00024637302238543203
19940215,-0.00022792238875900064
19940216,-0.0002563798876998734
19940217,-0.00013833421532001377
19940218,-0.0001665339949596165
19940219,-0.00023687002623751108
19940220,-9.346061175912562e-05
19940221,-0.00021718669500895408
19940222,0.00010733039535340156
19940223,-0.0001475687073330112
19940224,-0.0002487559255697085
19940225,-0.00029703280532805486
19940226,-0.0009192353845452941
19940227,-0.0013011334285297374
19940228,-0.0009950842330717837
19940301,-0.0010239534030435983
19940302,-0.0007054633629326702
19940303,-0.0013383074298271094
19940304,-0.0012921925265140185
19940305,-0.0014941971055620377
19940306,-0.0012774076233530583
19940307,-0.0005325569063915783
19940308,-0.0003765314198054514
19940309,-0.0012243324629934316
19940310,-0.001394019301249907
19940311,-0.0012785544669657262
19940312,-0.000990424586890866
19940313,-0.0012780588243686514
19940314,-0.001432184228787428
19940315,-0.001395761642627046
19940316,-0.0020646741472466193
19940317,-0.002382475110427443
19940318,-0.0009892354005455785
19940319,-0.0012126944091178202
19940320,-0.0014452063430721042
19940321,-0.0006892738799703975
19940322,-0.0013713139776721553
19940323,-0.0009233012430978747
19940324,-0.001153770162520467
19940325,-0.0016037174941667053
19940326,-0.002315238329205048
19940327,-0.0018015977736842138
19940328,-0.0017177915153469062
19940329,-0.0010485423878967355
19940330,-0.0022872449144638292
19940331,-0.002610012438108539
19940401,-0.003620558892562526
19940402,-0.001852182036565579
19940403,-0.0022134207059267075
19940404,-0.001346789581438321
19940405,-0.0017515476436458048
19940406,-0.00147343686822393
19940407,-0.001691271648413181
19940408,-0.001939238316423105
19940409,-0.002397756700739993
19940410,-0.0018026141931429636
19940411,-0.0015894214120512784
19940412,-0.0014877803472465598
19940413,-0.001699134105628069
19940414,-0.002045898860216527
19940415,-0.0018785948550148481
19940416,-0.0024699897542951664
19940417,-0.001784068228310196
19940418,-0.0026171711178447792
19940419,-0.00238102653102399
19940420,-0.0022543661807972715
19940421,-0.002403567475309868
19940422,-0.0028568885317526347
19940423,-0.0032609222832300725
19940424,-0.003364793093645196
19940425,-0.001932122305489271
19940426,-0.0015019993616666278
19940427,-0.0009745956969145418
19940428,-0.0018781847557134065
19940429,-0.003382844284193218
19940430,-0.0035580036423287754
19940501,-0.0034121830722049786
19940502,-0.003563987504496021
19940503,-0.0038387635364300677
19940504,-0.002736098453363321
19940505,-0.0029111434610506652
19940506,-0.0007669209253273046
19940507,-0.0038937081542896796
19940508,-0.0014695495827682335
19940509,-0.0016320041566222905
19940510,-0.0018269317070731081
19940511,-0.004035054726050786
19940512,-0.002383943783988611
19940513,-0.003416417783704462
19940514,-0.002422680428882767
19940515,-0.0039445744033572705
19940516,-0.0037607188109974694
19940517,-0.004030359009472774
19940518,-0.002479862295854743
19940519,-0.002752378469344506
19940520,-0.0016455949872527897
19940521,-0.0019353760042428818
19940522,-0.003821353720808885
19940523,-0.002448580262562628
19940524,-0.0022630534606380183
19940525,-0.0027022594831568945
19940526,-0.0026313028710496537
19940527,-0.002456572524554678
19940528,-0.0023059512360290683
19940529,-0.002726435823334232
19940530,-0.0038006041299333657
19940531,-0.004257678689312075
19940601,-0.004721570197147237
19940602,-0.002649803031740781
19940603,-0.003937013703760817
19940604,-0.003059074662645741
19940605,-0.004167263192748145
19940606,-0.0012403010568205171
19940607,-0.00324598779760997
19940608,-0.0037597242441588935
19940609,-0.0035713966241075383
19940610,-0.0032384860512236165
19940611,-0.003320007505596821
19940612,-0.0037931349569802096
19940613,-0.004555817646646264
19940614,-0.004096017270633634
19940615,-0.004133558505907606
19940616,-0.004023292689235405
19940617,-0.003517125864270873
19940618,-0.004888863956799238
19940619,-0.0043285685286357165
19940620,-0.004213730107392168
19940621,-0.004224374013491992
19940622,-0.002627159853432093
19940623,-0.004323642698056476
19940624,-0.005203132736418344
19940625,-0.00440379092470575
19940626,-0.004216531916787886
19940627,-0.0037399412828364575
19940628,-0.003898787166548664
19940629,-0.004067630412673133
19940630,-0.00443489453923413
19940701,-0.004820727839943787
19940702,-0.0046433039322056205
19940703,-0.004386088885534391
19940704,-0.00461402579086524
19940705,-0.0041344947809160235
19940706,-0.0037475402694137918
19940707,-0.003225410124809356
19940708,-0.0018471528297226397
19940709,-0.0028102840678242086
19940710,-0.003630199167656632
19940711,-0.004810526230568388
19940712,-0.004818053340988562
19940713,-0.00396486804259249
19940714,-0.00301217100383104
19940715,-0.0035367140159699413
19940716,-0.00413850712294464
19940717,-0.003643438909777788
19940718,-0.002616604858739317
19940719,-0.002319749543773159
19940720,-0.0026246779543949465
19940721,-0.0037499459720680647
19940722,-0.004592422847128347
19940723,-0.004642907294121831
19940724,-0.004565727269685894
19940725,-0.0037546477260098185
19940726,-0.004056115586115173
19940727,-0.004255194992151484
19940728,-0.003675246233793624
19940729,-0.0038316024179251974
19940730,-0.0037050790898137203
19940731,-0.00382963420260337
19940801,-0.002384886386006413
19940802,-0.0029163388527891267
19940803,-0.004150142325726341
19940804,-0.004237617794962485
19940805,-0.004014855939904454
19940806,-0.0034467737574684658
19940807,-0.0029436598416163603
19940808,-0.0019060484273344884
19940809,-0.004036544656869293
19940810,-0.003047837008897608
19940811,-0.0024321175116030873
19940812,-0.0025373280186472393
19940813,-0.0026401706744944658
19940814,-0.002963205460468711
19940815,-0.003289025148612274
19940816,-0.0034953007801351134
19940817,-0.0026154731891152535
19940818,-0.0027869234908241805
19940819,-0.0013441027308435057
19940820,-0.002217930591217316
19940821,-0.0031091785807984646
19940822,-0.0032322951071529307
19940823,-0.003249774514168668
19940824,-0.003023639011956529
19940825,-0.002471484039753235
19940826,-0.0009846826708547135
19940827,-0.0018603459003670498
19940828,-0.0025755260577922526
19940829,-0.002412823993415313
19940830,-0.0026280958415517263
19940831,-0.0022803386936422385
19940901,-0.002702448009981666
19940902,-0.0018387087997691523
19940903,-0.0024203711908086347
19940904,-0.0018673569675106126
19940905,-0.001616376807883028
19940906,-0.0012151846785792633
19940907,-0.0009372515998132879
19940908,-0.001707165092194956
19940909,-0.0030190428369191386
19940910,-0.003057064477442297
19940911,-0.0020872962377579494
19940912,-0.0018302716836337397
19940913,-0.0022604032130517527
19940914,-0.0010731194185571553
19940915,-0.002830056839900889
19940916,-0.0022246341698301825
19940917,-0.0019205221645211233
19940918,-0.0018693950424612036
19940919,-0.001233028983152927
19940920,-0.0011882351816229048
19940921,-0.0012975046633312715
19940922,-0.0021139804793755073
19940923,-0.002266832682389815
19940924,-0.0014697098758616198
19940925,-0.0020011040941835443
19940926,-0.0017129861466583232
19940927,-0.0015839289573533854
19940928,-0.001193375483569118
19940929,-0.001450501699520009
19940930,-0.0013045218644036807
19941001,-0.0013576552250752325
19941002,-0.001388518920726348
19941003,-0.0013174331120671624
19941004,-0.0017255099802467662
19941005,-0.0011110863341194995
19941006,-0.0012696629436912946
19941007,-0.0010952821116630845
19941008,-0.001447416214689925
19941009,-0.00143001360184321
19941010,-0.0015243494872922798
19941011,-0.0012440255815732884
19941012,-0.0013485369513400185
19941013,-0.0014499223818073735
19941014,-0.0011784846902858207
19941015,-0.0010172054759364968
19941016,-0.0008872649116998524
19941017,-0.001191715029162812
19941018,-0.0012158773346099424
19941019,-0.0010807128891312434
19941020,-0.0010252012422109487
19941021,-0.0008765423154995566
19941022,-0.0012351003630434252
19941023,-0.001731803560838632
19941024,-0.0012227224482628761
19941025,-0.001192186802800236
19941026,-0.0011424743763632729
19941027,-0.0012677326328617029
19941028,-0.0008955231325972122
19941029,-0.0010054752829559174
19941030,-0.0010703640020692114
19941031,-0.0017437918029489655
19941101,-0.0012449469695444795
19941102,-0.0006876764931247836
19941103,-0.0008132836333323861
19941104,-0.0007961953047811559
19941105,-0.000527276041033494
19941106,-0.0003450164290656547
19941107,-0.0004245880448875753
19941108,-0.0005139435508607662
19941109,-0.0006890906665235711
19941110,-0.0007248248444827038
19941111,-0.0004326938737999556
19941112,-0.0005674830780630784
19941113,-0.0004576573769508569
19941114,-0.0005447361292216941
19941115,-0.0008841514373732692
19941116,-0.0008128726054564921
19941117,-0.0005163353509943544
19941118,-0.0006568026865932978
19941119,-0.00010142671334038026
19941120,-0.0003922617702169669
19941121,-0.00013981846122443673
19941122,-0.0005136065938474287
19941123,-0.0003287733619270652
19941124,-0.0003248480159779684
19941125,-0.00043873123107642247
19941126,-0.00020411241517763115
19941127,-0.000333882681782076
19941128,-0.00042669487633979086
19941129,-0.0002527326323438846
19941130,-0.00023487892788262858
19941201,-0.00031303198392814205
19941202,-0.0002492609834959146
19941203,-0.0005620193694322592
19941204,-0.00091228613451777
19941205,-0.000971733654576303
19941206,-0.000867638392421821
19941207,-0.0006263938766271506
19941208,-0.0012388410710795594
19941209,-0.0010616009772300972
19941210,-0.000536877640575138
19941211,-0.0005708447755771603
19941212,-0.0005252543652303003
19941213,-0.0002546052356421742
19941214,-0.0007424146063992359
19941215,-0.00028309114184207624
19941216,-0.00020796594782256
19941217,-0.00021795850687545687
19941218,-0.0004298228261434552
19941219,-0.00044360449211023175
19941220,-0.0004009517388454021
19941221,-0.0002898777996506855
19941222,-0.0003982135094384647
19941223,-0.00039722530504566523
19941224,-0.00025502987768602866
19941225,-5.321319207718827e-05
19941226,-0.00013140136893735645
19941227,-0.0004778732489743173
19941228,-0.0003098174603065006
19941229,-0.00155143104950567
19941230,-0.0015594677288787247
19941231,-0.0009317331000627612
19950101,-0.0007451167438020407
19950102,-0.00040344493483793437
19950103,-0.00024215294959554083
19950104,-8.876307601501681e-05
19950105,-6.325942993104106e-05
19950106,-9.004967295681529e-05
19950107,-6.856527703392592e-05
19950108,-0.00015212721604106576
19950109,3.5420713976859266e-05
19950110,-0.00018522247977883715
19950111,-0.0005273778727244439
19950112,-0.0004564103921636714
19950113,-0.00010294013717780625
19950114,-5.564974657545985e-05
19950115,2.7768502416467315e-07
19950116,-0.0003382100625788278
19950117,-0.0007745592446100772
19950118,-0.0007278716296679535
19950119,-0.0007954416044212953
19950120,-0.0009536646439621362
19950121,-0.0010382292834041416
19950122,-0.001957108196718881
19950123,-0.0018334728403470743
19950124,-0.0012048169924144777
19950125,-0.0006260063641493701
19950126,-0.0021493502964404585
19950127,-0.0009516578140823342
19950128,-0.0016161969758998862
19950129,-0.0014677343103714684
19950130,-0.0009421037073603679
19950131,-0.0003918665662408545
19950201,-0.0007436910382232628
19950202,-0.0007781237630915174
19950203,-0.00032197216562603997
19950204,-0.0002803775335517166
19950205,-0.0004055046793409102
19950206,-0.00027434816381391214
19950207,-0.0006334038403036542
19950208,-0.0007728378796916887
19950209,-0.0006626414476533903
19950210,-0.0005700763841196099
19950211,-0.0011904119470295019
19950212,-0.0014270924260825664
19950213,-0.001027843441868898
19950214,-0.0015155546398517516
19950215,-0.0013980803866173307
19950216,-0.001618431695756856
19950217,-0.001820875048339138
19950218,-0.0009229476149361504
19950219,-0.0011841389418624816
19950220,-0.0007701076834888289
19950221,-0.0012800578907323822
19950222,-0.001006908371817781
19950223,-0.0010110298423051459
19950224,-0.000676125783149767
19950225,-0.0007649588576263487
19950226,-0.001059716698703129
19950227,-0.0010714236226115204
19950228,-0.0004946100654445165
19950301,-0.0010685328640685217
19950302,-0.0015999500602994505
19950303,-0.001844364488910545
19950304,-0.0009951673571956463
19950305,-0.0005619861298053463
19950306,-0.0009664136068865047
19950307,-0.001277188193016785
19950308,-0.0014440828555614073
19950309,-0.0010065283451144297
19950310,-0.0013979213589705975
19950311,-0.0014463269155232381
19950312,-0.0014922179654046127
19950313,-0.0016664071734529082
19950314,-0.0010107262668528933
19950315,-0.0015367103173237332
19950316,-0.0017353429607319857
19950317,-0.0014845887100253929
19950318,-0.002029054483734043
19950319,-0.0014617241824207104
19950320,-0.0018553817137109648
19950321,-0.0014277384086403108
19950322,-0.0014254555671759516
19950323,-0.0017204193103097102
19950324,-0.001961649885682755
19950325,-0.0008644061396829645
19950326,-0.0018667085518738035
19950327,-0.0015473034771139194
19950328,-0.0013453056524519828
19950329,-0.0020957393705780237
19950330,-0.0011835067666197243
19950331,-0.0003368486983481003
19950401,1.360008612981584e-05
19950402,-0.0017817521793182373
19950403,-0.0024550180140670186
19950404,-0.0017621860043301049
19950405,-0.0022164166442199206
19950406,-0.0009709405356814947
19950407,-0.001595008032020607
19950408,-0.002011129926510643
19950409,-0.001694147138598198
19950410,-0.0012054090874522767
19950411,-0.001507866497880147
19950412,-0.0019123535141397068
19950413,-0.002036841357219117
19950414,-0.0026749535164746255
19950415,-0.0018809787308428452
19950416,-0.0025769309100747845
19950417,-0.0013031535937643253
19950418,-0.0016137423233153496
19950419,-0.001531914537681997
19950420,-0.002350099298528947
19950421,-0.0018779927252661442
19950422,-0.0012156080661684771
19950423,-0.0019159226614160049
19950424,-0.0028730739724244702
19950425,-0.003001084127327496
19950426,-0.0020708313728269798
19950427,-0.001987286030242918
19950428,-0.0021237092157729218
19950429,-0.0023806533610991696
19950430,-0.0017994608826425679
19950501,-0.0024149266421074067
19950502,-0.00383752866103399
19950503,-0.004099838301443759
19950504,-0.0040451013367147045
19950505,-0.004134582349407068
19950506,-0.004140542501433725
19950507,-0.004073961450331783
19950508,-0.003669822542048867
19950509,-0.00302172278365541
19950510,-0.002537001205881984
19950511,-0.0025931313042373626
19950512,-0.0026895141569857964
19950513,-0.0019993826803485887
19950514,-0.0029033982110037975
19950515,-0.00288803770653286
19950516,-0.0016870321334426306
19950517,-0.0034252340965551303
19950518,-0.001781175242282133
19950519,-0.0029287097484207002
19950520,-0.0030327943959939066
19950521,-0.0029158575624771217
19950522,-0.004014211790377319
19950523,-0.00413686882693481
19950524,-0.004211060907074798
19950525,-0.004035733141303197
19950526,-0.0026302265856824082
19950527,-0.0026853242659935768
19950528,-0.004666450912044849
19950529,-0.0028192123615487104
19950530,-0.0024541601894837784
19950531,-0.0016761465226093864
19950601,-0.003150743207949421
19950602,-0.0026315681390774283
19950603,-0.003308816982353421
19950604,-0.0033684354174062033
19950605,-0.0030687370248436586
19950606,-0.0029091615402968233
19950607,-0.0025664659155303837
19950608,-0.0028023948540554216
19950609,-0.003518257346847146
19950610,-0.0028021971264482943
19950611,-0.0027337062282302904
19950612,-0.003154497070558067
19950613,-0.0030453637544006853
19950614,-0.0029227607502819155
19950615,-0.0025832717700808496
19950616,-0.0026618706806626484
19950617,-0.00281312042311163
19950618,-0.0013786931542739162
19950619,-0.0035599303510239285
19950620,-0.004494496441647383
19950621,-0.004100966312005628
19950622,-0.003990573926323434
19950623,-0.0031788409106098445
19950624,-0.00264566032982662
19950625,-0.0031296022842289637
19950626,-0.004946719636998225
19950627,-0.005175905031865894
19950628,-0.005619184566024215
19950629,-0.0053770201731888605
19950630,-0.004967579458570154
19950701,-0.004354780934555233
19950702,-0.0028800226004763044
19950703,-0.00366367332027074
19950704,-0.0030248873184135806
19950705,-0.0034621759098128458
19950706,-0.003227098072024156
19950707,-0.004503231219120476
19950708,-0.0044814418286931446
19950709,-0.004468982090099727
19950710,-0.0046245914568084755
19950711,-0.003777165675366111
19950712,-0.003468335421870042
19950713,-0.003610502811640054
19950714,-0.003814464504648789
19950715,-0.0034769593514701156
19950716,-0.0036443877523780234
19950717,-0.0027783809384871166
19950718,-0.003471983399211249
19950719,-0.003066898481031766
19950720,-0.0046283470575203
19950721,-0.004829091390883958
19950722,-0.0028281571736925755
19950723,-0.003923371076726885
19950724,-0.004367007043497891
19950725,-0.0047593630603571
19950726,-0.004299966703174609
19950727,-0.003400204878498779
19950728,-0.0029118135576515197
19950729,-0.0034015219222367494
19950730,-0.004228166874460269
19950731,-0.004586864794607324
19950801,-0.00470974343890164
19950802,-0.004401829821666181
19950803,-0.004545203759850169
19950804,-0.004028726744304423
19950805,-0.004089386198602974
19950806,-0.0035007754890910765
19950807,-0.0019520356266257925
19950808,-0.0023231721536907386
19950809,-0.003659283341778508
19950810,-0.004186774249277119
19950811,-0.0037746128357915
19950812,-0.0028319368813310764
19950813,-0.0030016704771418214
19950814,-0.002905976782780999
19950815,-0.003085648226779475
19950816,-0.0030702987449012327
19950817,-0.0032609224521754267
19950818,-0.0033146266818282386
19950819,-0.003123231586109316
19950820,-0.002754692915465221
19950821,-0.003203278940499232
19950822,-0.002827162466053619
19950823,-0.002753135865139761
19950824,-0.0022410170021703248
19950825,-0.0020388056399995432
19950826,-0.002412557435851816
19950827,-0.0019231566660643992
19950828,-0.002463811924950521
19950829,-0.0016280721091526756
19950830,-0.0022842654790078713
19950831,-0.0016383237440292459
19950901,-0.0016778763943008283
19950902,-0.0013169500629007435
19950903,-0.0020611352945069427
19950904,-0.0022932157217511067
19950905,-0.001542858729835471
19950906,-0.0021442472739062143
19950907,-0.002166362313911352
19950908,-0.002239903185984493
19950909,-0.0020658305021558107
19950910,-0.002559934249377567
19950911,-0.0022587513047838043
19950912,-0.0016526554372797036
19950913,-0.0012023556873054795
19950914,-0.002125927185921919
19950915,-0.0017140972639775897
19950916,-0.0018585060579000112
19950917,-0.0019497893932950722
19950918,-0.0010011756316437323
19950919,-0.002076847102815819
19950920,-0.001219585898109327
19950921,-0.001285391952687129
19950922,-0.0013653643156857037
19950923,-0.0014716143822994007
19950924,-0.001715859940713462
19950925,-0.0015992669990901563
19950926,-0.0014081649662674597
19950927,-0.0012051138355156706
19950928,-0.0018442473741643224
19950929,-0.0015431157730323335
19950930,-0.001507999657382353
19951001,-0.000570665473620319
19951002,-0.0013189695559891145
19951003,-0.001316227865513974
19951004,-0.001689412721856369
19951005,-0.001064003997457016
19951006,-0.0011735203345929642
19951007,-0.0013717907728681093
19951008,-0.0013331138267293938
19951009,-0.0013763438656746972
19951010,-0.001179498713118788
19951011,-0.0008574853577374004
19951012,-0.0010409961106783126
19951013,-0.0010575057748723963
19951014,-0.0011354776761858217
19951015,-0.0009989477864249623
19951016,-0.0010815895183754597
19951017,-0.0009438830433725596
19951018,-0.000549767136371172
19951019,-0.0009856464572734606
19951020,-0.0007440344436057883
19951021,-0.0010383727186693097
19951022,-0.0009801267152315522
19951023,-0.0009928334092458766
19951024,-0.001304532297140512
19951025,-0.0006730577926675283
19951026,-0.0006726471552121683
19951027,-0.0008443529863715742
19951028,-0.0005919929898446515
19951029,-0.0005118494118095686
19951030,-0.0006796216764603714
19951031,-0.0007576618888879315
19951101,-0.0006121015536776301
19951102,-0.0009922736389913313
19951103,-0.0011113461073826154
19951104,-0.0009335883819697592
19951105,-0.0005744602167218467
19951106,-0.0004567895482266531
19951107,-0.00034533015771413106
19951108,-0.0001458957299755666
19951109,-0.0003130020284294449
19951110,-0.0007236036939753276
19951111,-0.0008834969142830159
19951112,-0.000717162144329419
19951113,-0.000273859549778472
19951114,-0.00049264078036663
19951115,-0.0009216180385198223
19951116,-0.0010666888582512965
19951117,-0.0010997806755893985
19951118,-0.0007269926720399864
19951119,-0.0005543368390152487
19951120,-0.0005486654335894085
19951121,-0.0005986378380760404
19951122,-0.0002078473332392633
19951123,-0.00010879803447535489
19951124,-0.00033668202003033225
19951125,-0.00048539313396005565
19951126,-0.0006076842969147505
19951127,-0.000190969923160241
19951128,-0.00028261354281780055
19951129,-0.00028745887490431744
19951130,-0.0003517633875601139
19951201,-0.0002549483441656988
19951202,-0.00015494074041276067
19951203,-0.0004068158877527578
19951204,-0.00047633310135414817
19951205,-0.00044494266667238406
19951206,-0.00013868257217505449
19951207,-4.7330566071777685e-05
19951208,-0.00012097509315952575
19951209,-0.00011616351441022055
19951210,-7.948228527149685e-05
19951211,-7.87229057887387e-05
19951212,-0.00027319439658530733
19951213,-0.0003473557775070401
19951214,-0.00022568367398469554
19951215,-9.783642134242521e-05
19951216,-7.330668056243622e-05
19951217,-1.838229452847885e-05
19951218,7.594788357872039e-05
19951219,-2.258871064419583e-05
19951220,-0.0005195419500927961
19951221,-0.00011777153687650672
19951222,-0.000762714808091724
19951223,-0.0013598893524078696
19951224,-0.0007008717281171843
19951225,-0.0003812239900725782
19951226,-0.00031377710946189533
19951227,-0.00023782670952492745
19951228,-8.311550668490742e-05
19951229,-8.918186596232363e-05
19951230,-0.00017260210458468797
19951231,-6.811719956844457e-05
19960101,-0.000102074039185295
19960102,-0.00012621184416988036
19960103,-7.157158654315946e-05
19960104,-0.00020315044616300848
19960105,-0.00023379401118493696
19960106,-0.0002987524882872689
19960107,-0.0002079420280923513
19960108,2.55434549433946e-07
19960109,-0.0005086649156448816
19960110,-0.0001890143502084306
19960111,-0.00039914573873284237
19960112,-0.0003623111425965737
19960113,-9.526499967995686e-05
19960114,-0.0002266452541715905
19960115,-0.00017674345643880357
19960116,-0.000160337674936377
19960117,-0.0001919022158600455
19960118,-0.00011011093491260427
19960119,-6.436698263015034e-05
19960120,-9.847345534620724e-05
19960121,-0.000140081252098734
19960122,-0.00018079124271736115
19960123,-0.0002897201423789456
19960124,-0.0005069115604987199
19960125,-0.0001608740058562658
19960126,-0.0001831535088463554
19960127,-0.00017316040992157035
19960128,-0.00014703477807819767
19960129,-0.00011087338896834245
19960130,-0.00012571601856559432
19960131,-0.00023030693183809378
19960201,-7.760313086969053e-05
19960202,-0.00018825814512928162
19960203,-0.00030739074273861946
19960204,-0.00023049474496828946
19960205,-8.57891881188187e-05
19960206,-0.00016114298765386909
19960207,-0.00015055229213300413
19960208,-0.0001350798687922517
19960209,-0.00017317672789106522
19960210,-0.0001751602859431384
19960211,-0.0004369227122431858
19960212,-0.0004941976970531129
19960213,-0.0006447355252082083
19960214,-0.0006025088840995632
19960215,-0.00030765450373432604
19960216,3.9591697206335275e-05
19960217,-0.0007571822457925291
19960218,-0.0003611820931681036
19960219,-0.0005647806257605066
19960220,-0.0005632742559761361
19960221,-0.0005752910498415014
19960222,-0.0002509201567592813
19960223,-0.00026526925669947965
19960224,-0.0004378622469277519
19960225,-0.000839292715124509
19960226,-0.001026805919850575
19960227,-0.0004934466634978197
19960228,-0.000718263312000693
19960229,-0.0009537832896584119
19960301,-0.0005257580083610015
19960302,-0.0010015324307222333
19960303,-0.0005933386359824723
19960304,-0.0004214015113751397
19960305,-0.000338381411816599
19960306,-0.0005156548253241128
19960307,-0.000962584633748309
19960308,-0.001050150487072035
19960309,-0.0010749148315857635
19960310,-0.0011446042355819507
19960311,-0.0009179420984897073
19960312,-0.0005832002227934599
19960313,-0.0003666460958732687
19960314,-0.0006974939998086821
19960315,-0.0012713605437029213
19960316,-0.0011240152764808668
19960317,-0.0006784087883070415
19960318,-0.0008491476479405625
19960319,-0.0012053295832014923
19960320,-0.0014840354304433096
19960321,-0.0009431357421929705
19960322,-0.0012067273143357656
19960323,-0.0008840102164652974
19960324,-0.0012743414729813978
19960325,-0.0012240365524452729
19960326,-0.0013921059974641317
19960327,-0.0018832632979960161
19960328,-0.001650227093416719
19960329,-0.001601543657517476
19960330,-0.001601065110998252
19960331,-0.0012062979281943116
19960401,-0.00156720404001439
19960402,-0.0016809962158778494
19960403,-0.0015180209618098918
19960404,-0.000981160030440048
19960405,-0.0010006753210246454
19960406,-0.002177756293871094
19960407,-0.0022578453718282245
19960408,-0.001629403648571626
19960409,-0.001523642133063905
19960410,-0.0018199472981009705
19960411,-0.001953962062507938
19960412,-0.0012180332347066485
19960413,-0.002573900566380245
19960414,-0.0025428390964195415
19960415,-0.0027096578420232127
19960416,-0.0031710632819839826
19960417,-0.002640475130961948
19960418,-0.0027736608109428366
19960419,-0.003039912103379601
19960420,-0.0037227291421320957
19960421,-0.0040328170971343745
19960422,-0.0034987490350766033
19960423,-0.00236985206931297
19960424,-0.002849907275034041
19960425,-0.0027039410175827405
19960426,-0.0033106582812013076
19960427,-0.0033318577263403595
19960428,-0.0024988276122045157
19960429,-0.002616593775495575
19960430,-0.003049841553535108
19960501,-0.002490262276733534
19960502,-0.0029084260792356055
19960503,-0.002901020418469673
19960504,-0.002243867165119082
19960505,-0.002147690992389543
19960506,-0.0031328844051341158
19960507,-0.0030165008950659078
19960508,-0.0024412350171623865
19960509,-0.001301610229336806
19960510,-0.0017239661123270124
19960511,-0.0013215421930497819
19960512,-0.00140912417586585
19960513,-0.000731494316306036
19960514,-0.0012138321467330996
19960515,-0.0009026738999144608
19960516,-0.001882857985645845
19960517,-0.0031128002475001794
19960518,-0.001961989433633669
19960519,-0.002162907959518625
19960520,-0.003120977379902733
19960521,-0.003207015260837739
19960522,-0.003069747605316791
19960523,-0.002670207301418785
19960524,-0.0034406852261119458
19960525,-0.0021825654259085715
19960526,-0.0028675074683280977
19960527,-0.0022701666511332056
19960528,-0.0031313331477464475
19960529,-0.003714785426436361
19960530,-0.004684902825549517
19960531,-0.004335236791321772
19960601,-0.0018895930453924166
19960602,-0.002757864619479833
19960603,-0.0028174231963509727
19960604,-0.003943698469921824
19960605,-0.00489077327345523
19960606,-0.0046269634869001396
19960607,-0.0048261465406025245
19960608,-0.004886365148069411
19960609,-0.0036857935230508393
19960610,-0.0040961929322643545
19960611,-0.004419491403927335
19960612,-0.004187413092768969
19960613,-0.0045221933601148215
19960614,-0.004345911722872679
19960615,-0.004501352405453079
19960616,-0.00438923605802732
19960617,-0.004385356068758508
19960618,-0.004332278553020251
19960619,-0.00318342058064974
19960620,-0.0019979397782533526
19960621,-0.0020909861586941706
19960622,-0.0032103901795468696
19960623,-0.0026975599420792896
19960624,-0.0017639699586629394
19960625,-0.00214448038770179
19960626,-0.0026885136014973697
19960627,-0.0024449083842685328
19960628,-0.0029084953386497624
19960629,-0.002709365283154853
19960630,-0.0022650156633536216
19960701,-0.0030002045604024226
19960702,-0.0029813340476263473
19960703,-0.0031939765828488294
19960704,-0.0030149167213257702
19960705,-0.0017558297953844967
19960706,-0.003435348424062664
19960707,-0.002413318077222623
19960708,-0.003345875591517529
19960709,-0.0027728499907339788
19960710,-0.0021283290539369833
19960711,-0.002531279041048374
19960712,-0.0032311668693106727
19960713,-0.003277756381804918
19960714,-0.0039265161632351855
19960715,-0.0032759662040739383
19960716,-0.004168492518838929
19960717,-0.004201835412576971
19960718,-0.004220467786864766
19960719,-0.0038895116501914658
19960720,-0.00423971265541489
19960721,-0.004092692616311275
19960722,-0.004356104873952721
19960723,-0.0034882948298784375
19960724,-0.0028766412141890928
19960725,-0.0017715031456231722
19960726,-0.0033052074872982453
19960727,-0.0036960742934999853
19960728,-0.002925290378693658
19960729,-0.0028393456954162424
19960730,-0.002834420377300762
19960731,-0.002871152390274341
19960801,-0.003137722858587664
19960802,-0.0027636264040941825
19960803,-0.002487995261498709
19960804,-0.002646417931975026
19960805,-0.0030176148476935417
19960806,-0.002517149080602554
19960807,-0.0027630932437500764
19960808,-0.0030231321687481335
19960809,-0.002746599449721582
19960810,-0.002296975076849951
19960811,-0.0029034100931956013
19960812,-0.00242005152653476
19960813,-0.0013539352304370058
19960814,-0.0022645585152054493
19960815,-0.0026067694793739447
19960816,-0.0021633843588859097
19960817,-0.0028724192354308608
19960818,-0.0036373314992225623
19960819,-0.0038473447436796707
19960820,-0.0032750676314044647
19960821,-0.0021618152807770046
19960822,-0.0022543456416083364
19960823,-0.0029425491236383067
19960824,-0.0029726199637343845
19960825,-0.002385221231865839
19960826,-0.0023885260548826325
19960827,-0.0024741670292581803
19960828,-0.0024476058898368577
19960829,-0.0025516182068229484
19960830,-0.0014132614610311955
19960831,-0.0020921999136915225
19960901,-0.0023387668341150556
19960902,-0.0022728510579926296
19960903,-0.002205174546963402
19960904,-0.0028477471469572553
19960905,-0.0020309817113113773
19960906,-0.0026696402211791996
19960907,-0.002560944802650068
19960908,-0.0018917534511355121
19960909,-0.0019745438857422947
19960910,-0.001547651638363518
19960911,-0.0014070705614826575
19960912,-0.0011982805891816216
19960913,-0.00219747715636801
19960914,-0.0013831453176761553
19960915,-0.001522992201879151
19960916,-0.0020073446074415735
19960917,-0.0020034838724930946
19960918,-0.0014990370168528767
19960919,-0.002023021605194663
19960920,-0.0009113864192309725
19960921,-0.0014772384966395117
19960922,-0.0007624751785757924
19960923,-0.0007567252899005723
19960924,-0.001117503833724771
19960925,-0.0013178019008976798
19960926,-0.0015065818066893563
19960927,-0.0012275265147340827
19960928,-0.001376671535188368
19960929,-0.0014733773467193545
19960930,-0.0014468896058385358
19961001,-0.0013379414064879133
19961002,-0.00160036984860331
19961003,-0.001204164559183439
19961004,-0.0005137270120407349
19961005,-0.0012022449387701526
19961006,-0.0010629022864800282
19961007,-0.0010700292613787495
19961008,-0.0007843186317470137
19961009,-0.000957574641964319
19961010,-0.0009123139162621085
19961011,-0.0007453717707559042
19961012,-0.001000162965532593
19961013,-0.0013334766035829804
19961014,-0.001240377246542184
19961015,-0.000750633695924544
19961016,-0.0008941917066241959
19961017,-0.000943560750162412
19961018,-0.0010003308790489593
19961019,-0.0011357943381023045
19961020,-0.0009435872472156653
19961021,-0.0010850185506037946
19961022,-0.0008200619077986932
19961023,-0.0011012719668466928
19961024,-0.0010139698298427425
19961025,-0.0007632271418064233
19961026,-0.0006102614053851191
19961027,-0.0008921780600799174
19961028,-0.001135769589717881
19961029,-0.0017371160003396987
19961030,-0.0007666114852039797
19961031,-0.0009919200890786465
19961101,-0.0008775342072571034
19961102,-0.000633111446497698
19961103,-0.0006161051026654698
19961104,-0.0011293483632972762
19961105,-0.0016458706064105266
19961106,-0.0007109924272346634
19961107,-0.0012808550380901313
19961108,-0.0009820654212092054
19961109,-0.0006255959794815621
19961110,-0.0005107121254939863
19961111,-0.0009466122553165818
19961112,-0.000624592389096038
19961113,-0.0005624037369528571
19961114,-0.0007158149056022537
19961115,-0.0004950330988145702
19961116,-0.00035089063279180764
19961117,-0.00035147211734579874
19961118,-0.00021742431176356217
19961119,-0.0006363849464720399
19961120,-0.0008260001729770348
19961121,-0.0006615874623835179
19961122,-0.00028508670527765056
19961123,-0.00017206698246751513
19961124,-0.0003041833194846171
19961125,-0.0001748366863271467
19961126,-0.0002643207336721264
19961127,-0.0004254057488452574
19961128,-0.0004442041005073125
19961129,-0.00013896063598076928
19961130,-0.0001964748567621086
19961201,-0.00041461535529961656
19961202,-0.0006655461268019173
19961203,-0.000664535829231394
19961204,-0.0006734164334337218
19961205,-0.00045066773336478874
19961206,-0.000289918879337098
19961207,-0.00019321078273667943
19961208,-0.00023952907311076298
19961209,-0.00011651012294375435
19961210,-7.974897749961567e-05
19961211,-3.6235001186807754e-05
19961212,-5.1272113617449866e-05
19961213,-0.00012040935323835085
19961214,-0.0005012045225726706
19961215,-0.00015108145236198482
19961216,-7.670868463552721e-05
19961217,-8.130614959930671e-05
19961218,-0.00012652311915802407
19961219,-3.377873611407226e-05
19961220,-0.00023732170833489296
19961221,-0.0006523176402793186
19961222,-0.0008347873643320864
19961223,-0.0008438943124989488
19961224,-0.00046064918550568117
19961225,-0.00019367595058039874
19961226,-0.00018146915975209666
19961227,-0.00014174005605330507
19961228,-0.00017940577923154807
19961229,-5.894857059214082e-05
19961230,-0.00013476171105498424
19961231,-7.683866199752139e-06
19970101,-6.116067481242961e-05
19970102,-4.089068008424161e-05
19970103,-0.00016387384697446242
19970104,-7.514956955998101e-05
19970105,-3.910400626330713e-05
19970106,-4.781797700958179e-05
19970107,-5.2381579128060874e-05
19970108,-6.477417292323289e-05
19970109,-0.00017026184820707755
19970110,-2.1088929558975914e-05
19970111,-5.7956146914210187e-05
19970112,-8.335806571934869e-05
19970113,-7.097148095895961e-05
19970114,-8.095792627409695e-05
19970115,-3.5193090159549124e-05
19970116,-4.793028065636903e-05
19970117,-0.00010394671329044678
19970118,0.00015245316854501493
19970119,8.042810785389339e-05
19970120,9.735427332147434e-05
19970121,-0.00019569875981715576
19970122,2.682824660385258e-05
19970123,8.119869588091736e-05
19970124,-4.7743286010713685e-06
19970125,-0.00017749018229244444
19970126,-0.0002065820826486907
19970127,-0.0002995976027838382
19970128,-0.00023884287450097604
19970129,-0.00016150300146843176
19970130,-0.00016408432946208145
19970131,-0.00011241826956844091
19970201,-0.00019239731957106348
19970202,-7.484196965269932e-05
19970203,-8.351396477123303e-05
19970204,-0.0002742090784171032
19970205,-0.00028960573400528045
19970206,-0.0004200646380971812
19970207,-0.0003076824559399368
19970208,-0.0002635565698978744
19970209,-0.000361963806629162
19970210,-0.0008629800250808848
19970211,-0.0008211779454662753
19970212,-0.0007873674372402148
19970213,-0.002138994085606314
19970214,-0.0004159674623490517
19970215,-0.0008345448406137974
19970216,-0.0005763883953764656
19970217,-0.0003276836769375667
19970218,-0.0012802629697342385
19970219,-0.0010451441354301112
19970220,-0.001339943170756758
19970221,-0.0006197400509619398
19970222,-0.0006190469380606597
19970223,-0.0009819117972847023
19970224,-0.0018876116745549926
19970225,-0.0025906907557852747
19970226,-0.0024117515064488535
19970227,-0.0012946637719310405
19970228,-0.001479727629209955
19970301,-0.0009763844556069029
19970302,-0.0014092768076410178
19970303,-0.0010738535570342636
19970304,-0.0010358232594003967
19970305,-0.0010747391462011908
19970306,-0.0007037069911277296
19970307,-0.001347965113754099
19970308,-0.0012753797441254228
19970309,-0.0017117379507235132
19970310,-0.001458117910105642
19970311,-0.0016778700731391852
19970312,-0.00153103312779242
19970313,-0.0008417444732798057
19970314,-0.0007388458693014058
19970315,-0.0007819771746005153
19970316,-0.0007195471408563069
19970317,-0.0010072033897553778
19970318,-0.0014101441927683355
19970319,-0.0015158393015399486
19970320,-0.0011921618747201086
19970321,-0.0014673001620611045
19970322,-0.0013506612522089562
19970323,-0.001230342398980014
19970324,-0.0013263869392616554
19970325,-0.0014152197221169208
19970326,-0.0012990734501401755
19970327,-0.0013590307340875624
19970328,-0.0025195051266293546
19970329,-0.001748700058932075
19970330,-0.0014984991281466386
19970331,-0.002075336931490188
19970401,-0.002306715882981695
19970402,-0.0021967614526364814
19970403,-0.001914552150771009
19970404,-0.002342663715724624
19970405,-0.001173911620796971
19970406,-0.002079491661427433
19970407,-0.002451612680477019
19970408,-0.0028155017647152254
19970409,-0.002526248932011959
19970410,-0.0028626438868826123
19970411,-0.0022446555000635656
19970412,-0.0014484342928504563
19970413,-0.0017905446599510353
19970414,-0.0016977470095488807
19970415,-0.001831873596721521
19970416,-0.002356812297431702
19970417,-0.0024214758112702838
19970418,-0.0025409785581699427
19970419,-0.0017944457198347454
19970420,-0.002524298528137504
19970421,-0.0025932458743822126
19970422,-0.0020903534012885693
19970423,-0.0020832325037285944
19970424,-0.0029800970074551647
19970425,-0.002670111161289736
19970426,-0.0018831700626052404
19970427,-0.002172741928684626
19970428,-0.0011447888768060604
19970429,-0.0024034002525075153
19970430,-0.0021919583330816815
19970501,-0.002890920157509752
19970502,-0.0035777952371505244
19970503,-0.004100616193331632
19970504,-0.003581863045275165
19970505,-0.0029066781445678713
19970506,-0.0025630165764742815
19970507,-0.0025768170774417612
19970508,-0.0031002360472620937
19970509,-0.0031301001635619563
19970510,-0.003066166828586484
19970511,-0.0029382438612868323
19970512,-0.0025277863309182977
19970513,-0.0027558059523160915
19970514,-0.0028220679276721007
19970515,-0.003869418866508705
19970516,-0.003154599296914718
19970517,-0.0038767017430798843
19970518,-0.0018910521241277353
19970519,-0.0042422872783486765
19970520,-0.0032472307608392434
19970521,-0.0029250988138957144
19970522,-0.0021546430696029405
19970523,-0.002491888197256282
19970524,-0.003976250746696017
19970525,-0.004480300129462676
19970526,-0.004342437087785342
19970527,-0.0036190002140643073
19970528,-0.0033117911033421843
19970529,-0.004216701483124051
19970530,-0.004464729319150944
19970531,-0.00483578836018455
19970601,-0.003426248063287864
19970602,-0.002947045586123611
19970603,-0.0028597685403511843
19970604,-0.003760860574061347
19970605,-0.004383505781984653
19970606,-0.00334131642022588
19970607,-0.004325586317566791
19970608,-0.0037795379830390524
19970609,-0.003760326531519298
19970610,-0.0049376043213741625
19970611,-0.0030768535040703077
19970612,-0.003940262561582107
19970613,-0.0033153709126878465
19970614,-0.0033563418494872953
19970615,-0.0037062515568922075
19970616,-0.003817138976468924
19970617,-0.0026630455665709943
19970618,-0.0036280252480139132
19970619,-0.0034407197836513297
19970620,-0.003556743674821508
19970621,-0.00274841947138305
19970622,-0.003984915131113129
19970623,-0.0030838839439106653
19970624,-0.0027887694665727054
19970625,-0.0024334512760567587
19970626,-0.002337687543702658
19970627,-0.003671943103494046
19970628,-0.00380991193454933
19970629,-0.00200563301401256
19970630,-0.0029266150480696516
19970701,-0.003523811313027322
19970702,-0.0031488139477718496
19970703,-0.003003331373182643
19970704,-0.003137092755689315
19970705,-0.0030540083722184913
19970706,-0.0031750696862860492
19970707,-0.0030946520317516758
19970708,-0.0033463612912764196
19970709,-0.0037139466856319554
19970710,-0.004142508317063937
19970711,-0.0036369884147714492
19970712,-0.00383808400075919
19970713,-0.0037463403454283026
19970714,-0.0031836665675708327
19970715,-0.00391295960821591
19970716,-0.003582854207419316
19970717,-0.0032011242875417205
19970718,-0.0028496097560611194
19970719,-0.0027960559591948954
19970720,-0.0034415041115867075
19970721,-0.003308056368151263
19970722,-0.003384955093981626
19970723,-0.003532588928407134
19970724,-0.0035325898325175727
19970725,-0.003219495231810613
19970726,-0.00324948396655695
19970727,-0.003590070338599345
19970728,-0.00391927531512407
19970729,-0.004202547035997532
19970730,-0.004124220798519321
19970731,-0.0020404691451418938
19970801,-0.0012717658610722465
19970802,-0.001343873703756374
19970803,-0.0026207578520587756
19970804,-0.003369684583460827
19970805,-0.004134844633621859
19970806,-0.0032327082337899092
19970807,-0.003833013349796925
19970808,-0.0035500264485029075
19970809,-0.004049687334133469
19970810,-0.004742032096703407
19970811,-0.00481008233546336
19970812,-0.004103438966573126
19970813,-0.003309494113023382
19970814,-0.003625473791391954
19970815,-0.0036728319074790313
19970816,-0.003171110436220778
19970817,-0.002978521156027879
19970818,-0.003109894316724905
19970819,-0.0031751797317269787
19970820,-0.0032214374108074477
19970821,-0.00310379105889102
19970822,-0.002134237950218721
19970823,-0.0026980819231259435
19970824,-0.0029639614745074062
19970825,-0.003370805675356286
19970826,-0.001702913894099051
19970827,-0.002329602578772678
19970828,-0.0020366056838806647
19970829,-0.00272908872272496
19970830,-0.0010799392169686642
19970831,-0.0030863469248008975
19970901,-0.002922398241801635
19970902,-0.0018916349040478994
19970903,-0.0018535100960503817
19970904,-0.0024382009803841464
19970905,-0.0022146645010068765
19970906,-0.002614266403404064
19970907,-0.0014218789927377636
19970908,-0.0020619736325007258
19970909,-0.0018168839027463146
19970910,-0.0023570830846648886
19970911,-0.0027820195832972275
19970912,-0.0018113906382284939
19970913,-0.0024421361062329458
19970914,-0.001782712355353792
19970915,-0.0023840237485809306
19970916,-0.0023308002835469963
19970917,-0.002031012493068056
19970918,-0.001973139622879126
19970919,-0.001822957939822959
19970920,-0.002432663034480072
19970921,-0.0022002513632686676
19970922,-0.002124068489957195
19970923,-0.002212309025032903
19970924,-0.0018198496509396638
19970925,-0.0019594354146150465
19970926,-0.002052332888728607
19970927,-0.001819530855303671
19970928,-0.0014623414077235873
19970929,-0.001416402175938229
19970930,-0.0011264073657114143
19971001,-0.0009971154416773713
19971002,-0.00129756245925833
19971003,-0.0010747687364937655
19971004,-0.0012324797822403023
19971005,-0.001166707963153413
19971006,-0.0012602565529967026
19971007,-0.0015892444455806523
19971008,-0.001597496691102803
19971009,-0.0020922912689398947
19971010,-0.0015120055050861392
19971011,-0.0013793003626301498
19971012,-0.0018477964745666966
19971013,-0.0012037551210570918
19971014,-0.0014417331061137137
19971015,-0.0011904048533551692
19971016,-0.0005377030625280412
19971017,-0.0010330694028808582
19971018,-0.001151894539431418
19971019,-0.0011451782899440637
19971020,-0.0006934767125073131
19971021,-0.001253371577829439
19971022,-0.0009452345664913167
19971023,-0.0008667588462946464
19971024,-0.0006663934900472938
19971025,-0.0006769103528688892
19971026,-0.0005457386246107256
19971027,-0.0007916423890886366
19971028,-0.0010123080834291364
19971029,-0.0009556146242962576
19971030,-0.0007922166144707377
19971031,-0.0006272767111343787
19971101,-0.00048441396543943673
19971102,-0.0004652104086284855
19971103,-0.00044480258458950907
19971104,-0.0005723195562983745
19971105,-0.0008113852111799413
19971106,-0.0007325448451509747
19971107,-0.001157600718912943
19971108,-0.0009921245065168294
19971109,-0.0017766449252400727
19971110,-0.0014848047744712546
19971111,-0.0010452933840546874
19971112,-0.0004452648535073863
19971113,-0.0006020937954039574
19971114,-0.0004908061769870577
19971115,-0.0005140863804293711
19971116,-0.0003479300441948491
19971117,-0.0005573508070642679
19971118,-0.0004816311782390605
19971119,-0.0005711938275316451
19971120,-0.0005681994063577371
19971121,-0.00042359334005985397
19971122,-0.0002999654215083867
19971123,-0.0002703167198157464
19971124,-0.00033181644694366016
19971125,-0.00028651297049644156
19971126,-0.0003913870764140147
19971127,-0.00034979908589417966
19971128,-0.00030427582217965315
19971129,-0.0005346488638715147
19971130,-0.0003703296042380072
19971201,-0.0006998743528100216
19971202,-0.00028741757478388926
19971203,-0.00042402869497360114
19971204,-0.0002053384909580399
19971205,-0.0001595481495966365
19971206,-0.00017150944371700132
19971207,-0.00011539082253331742
19971208,-8.400463069367027e-05
19971209,6.90570804077575e-05
19971210,-0.0005204596074527972
19971211,-0.00035176426198851537
19971212,-0.00101182398138686
19971213,-0.0005751044273825815
19971214,-0.00031542465790353197
19971215,-0.0007407256919017716
19971216,-0.000479777944056116
19971217,-0.0007170693288366103
19971218,-0.0005696701078675437
19971219,-0.00034038380771280304
19971220,-0.00010993090094918182
19971221,-0.0003105717976988743
19971222,-0.0001928013243816569
19971223,-0.00011579579865297906
19971224,-0.00020363432809703815
19971225,-0.001059794408771364
19971226,-0.0014104490799816077
19971227,-0.0005981104258083562
19971228,-0.0005473466491631588
19971229,-0.0004649853744395712
19971230,-0.0003751968038260526
19971231,-0.00039119919285234987
19980101,-0.0003515089140696066
19980102,-0.0019159459434609743
19980103,-0.0014549651091476286
19980104,-0.00122231288236029
19980105,-0.0014755434773161716
19980106,-0.0009143009593646707
19980107,-0.0009728688598794024
19980108,-0.0006188703583395577
19980109,-0.0002975725269829779
19980110,-0.0002983850823418688
19980111,-0.00042226691757277267
19980112,-0.00046051843013944347
19980113,-0.0005268544681976281
19980114,-0.0005227858326617102
19980115,-0.0005614454364721473
19980116,-0.0006618817332443615
19980117,-0.0006400400867949831
19980118,-0.0008425097187967706
19980119,-0.0008468209468182222
19980120,-0.000541340651073553
19980121,-0.00044568024473157496
19980122,-0.00041410508991920886
19980123,-0.00032951667107865155
19980124,-0.0003202420955791253
19980125,-0.0005381227186529151
19980126,-0.0002756044669334424
19980127,-9.20176006965166e-05
19980128,-5.097673971813935e-05
19980129,-3.848788383640043e-05
19980130,-6.338859282440325e-05
19980131,-0.00014935491125898996
19980201,-0.00014671736028896672
19980202,-4.964207187401634e-05
19980203,-7.061463747120051e-05
19980204,-9.039725827197157e-05
19980205,-1.3491616909474702e-05
19980206,-3.346558951334435e-05
19980207,-7.629888692345839e-05
19980208,-0.00017983145443144948
19980209,-0.00024333654188922913
19980210,-0.0004526830331717825
19980211,-0.0004914224053277993
19980212,-0.0005138389553494308
19980213,-0.00040840839190366227
19980214,-0.00037877640467387177
19980215,-0.00039445023102237497
19980216,-0.000572796352421786
19980217,-0.0006691023971976524
19980218,-0.0008162357836987049
19980219,-0.0002895287564567256
19980220,-0.0008723737524365607
19980221,-0.0013384734934442156
19980222,-0.0007684253250879634
19980223,-0.0010371540433011864
19980224,-0.0002694005633948056
19980225,-0.0002547335808288435
19980226,-0.0006637389304452619
19980227,-0.0007210705920219283
19980228,-0.001424296096401391
19980301,-0.0013122721685015777
19980302,-0.0010372564648876619
19980303,-0.0014423537736186708
19980304,-0.002483161307889475
19980305,-0.0022944685474308355
19980306,-0.0013776232374703519
19980307,-0.001416843803902166
19980308,-0.0017881185486951345
19980309,-0.001647952787593627
19980310,-0.001205269203059617
19980311,-0.0007666513868109573
19980312,-0.0012114025413199894
19980313,-0.0008381291154761922
19980314,-0.0005904490204298938
19980315,-0.0006977145574539565
19980316,-0.0007302235825653901
19980317,-0.0008401095532425112
19980318,-0.0009881086389779805
19980319,-0.0014713493800005072
19980320,-0.0012202920278050762
19980321,-0.001483311822264839
19980322,-0.0015405096149697416
19980323,-0.0016840759796145225
19980324,-0.0018884477868239791
19980325,-0.0017775686531223062
19980326,-0.0017981598671299166
19980327,-0.0006662033270856324
19980328,-0.0015745778643177773
19980329,-0.0025034896936212496
19980330,-0.0023893592658779947
19980331,-0.0021898030940627504
19980401,-0.0017439203264554457
19980402,-0.0017006667843497201
19980403,-0.002107658347522225
19980404,-0.002103181500176858
19980405,-0.0021157695145015815
19980406,-0.002101459879817974
19980407,-0.001722494436914955
19980408,-0.0018864970381373828
19980409,-0.0021667676264722595
19980410,-0.0015201104649614364
19980411,-0.002246789514765682
19980412,-0.001867605964962335
19980413,-0.0023196547005037618
19980414,-0.0021723394321470093
19980415,-0.0017713494155574554
19980416,-0.002825467876954433
19980417,-0.0021962538055013683
19980418,-0.001919312092162506
19980419,-0.0020286603807807375
19980420,-0.0018521786552975568
19980421,-0.0020560413282930258
19980422,-0.003368145755955009
19980423,-0.0029887304330408937
19980424,-0.00219857686520823
19980425,-0.0013617095555405487
19980426,-0.0014125724983664442
19980427,-0.0012205735254320195
19980428,-0.002219797299019519
19980429,-0.002728669513291533
19980430,-0.0030480035616857757
19980501,-0.0022071870325810847
19980502,-0.0016350143276853944
19980503,-0.0018752100751271916
19980504,-0.0027605142547988772
19980505,-0.0023383410347323384
19980506,-0.0025349924473540937
19980507,-0.0022043043845500297
19980508,-0.003826610657030704
19980509,-0.004011024882620047
19980510,-0.0044315476420958766
19980511,-0.0044812962757525485
19980512,-0.004476217259262318
19980513,-0.004500495038418968
19980514,-0.004484892030815666
19980515,-0.005073954374248007
19980516,-0.004445776712467359
19980517,-0.003736093090095437
19980518,-0.0038738667442567314
19980519,-0.0038041955599395203
19980520,-0.003741013800746751
19980521,-0.003274210143176269
19980522,-0.0023001419432487876
19980523,-0.0023893447036065635
19980524,-0.0021092845237019302
19980525,-0.0023578373044608053
19980526,-0.0030302000693353307
19980527,-0.0031616384461794936
19980528,-0.0031064238101317257
19980529,-0.0025601057175707355
19980530,-0.003200684377552964
19980531,-0.002767751918496982
19980601,-0.003976279569341448
19980602,-0.003987549793462216
19980603,-0.004389056824148647
19980604,-0.004034441252345105
19980605,-0.004886416538281956
19980606,-0.004017236474473503
19980607,-0.0026519094471854857
19980608,-0.0034541424562554894
19980609,-0.002668243317403813
19980610,-0.003416979653285356
19980611,-0.0036300227334721876
19980612,-0.0029725259783606973
19980613,-0.0031790722226534107
19980614,-0.0029388768889260877
19980615,-0.003125666970984034
19980616,-0.0031839986792494483
19980617,-0.0032109690029057114
19980618,-0.002837115599204676
19980619,-0.003842721238414966
19980620,-0.004697623045364061
19980621,-0.005401531646840655
19980622,-0.004650885918648052
19980623,-0.0037683800176794777
19980624,-0.0036310589913972954
19980625,-0.003965807353967652
19980626,-0.0028661807725165285
19980627,-0.0033932891174075076
19980628,-0.0034161606171966273
19980629,-0.003149567202540197
19980630,-0.0025374834392624624
19980701,-0.0027200878711797433
19980702,-0.0028477951443057576
19980703,-0.0034319362230081593
19980704,-0.0026909181731885196
19980705,-0.0024147619951717532
19980706,-0.001809617090109618
19980707,-0.0016413321430981042
19980708,-0.0026055378348681085
19980709,-0.0015346103232201469
19980710,-0.0018487066894048462
19980711,-0.003057379720307303
19980712,-0.0022718531511132923
19980713,-0.0021942185734277796
19980714,-0.003188485318470369
19980715,-0.00267773121032762
19980716,-0.0014546366560418827
19980717,-0.0025882546236138688
19980718,-0.0026731344578938654
19980719,-0.003957221550481225
19980720,-0.005414975696858786
19980721,-0.004112526655890759
19980722,-0.003737765122952398
19980723,-0.0031219818840676483
19980724,-0.0028046222615922298
19980725,-0.0036384206587522735
19980726,-0.003471680665651809
19980727,-0.0029409675448118415
19980728,-0.0025278730015885265
19980729,-0.0024522197307362942
19980730,-0.002880844028801818
19980731,-0.0026946383991691652
19980801,-0.001864039542559081
19980802,-0.001996530059499421
19980803,-0.002614146831909729
19980804,-0.0018963179338544812
19980805,-0.003195137852768956
19980806,-0.0037029098727508394
19980807,-0.003941820021092376
19980808,-0.004108513951947025
19980809,-0.0041032327606736925
19980810,-0.003928859280695024
19980811,-0.004059031126884506
19980812,-0.0037507877047534438
19980813,-0.002842787931819201
19980814,-0.0027968828313057175
19980815,-0.0029320002663596597
19980816,-0.0028914535481221995
19980817,-0.003019806692281721
19980818,-0.0027206887139143597
19980819,-0.00203792865078391
19980820,-0.0025076143298196013
19980821,-0.0016531271980351817
19980822,-0.0022014138232836493
19980823,-0.002024118637589631
19980824,-0.0029092505699014402
19980825,-0.002308623537150057
19980826,-0.0022143178008067147
19980827,-0.0018848729757497222
19980828,-0.0014691746536673878
19980829,-0.0014231893612912526
19980830,-0.0010612815254549767
19980831,-0.0018340469907773427
19980901,-0.0014379979180469574
19980902,-0.0013474523486771033
19980903,-0.0017331975149641869
19980904,-0.001921975332716063
19980905,-0.0024881654051829164
19980906,-0.0017653036845022198
19980907,-0.0012693328958372089
19980908,-0.0020636499385559195
19980909,-0.0024735595079063955
19980910,-0.0023244550725595695
19980911,-0.0020502308609445146
19980912,-0.002122327825874543
19980913,-0.0022019101133818335
19980914,-0.002481912969541765
19980915,-0.0026213266412861286
19980916,-0.0020663136730062967
19980917,-0.001652658165329286
19980918,-0.0016949267602294163
19980919,-0.0017552406005255864
19980920,-0.002194844768130704
19980921,-0.0021017897376619937
19980922,-0.001626972521274028
19980923,-0.002048357287661529
19980924,-0.001749306560857891
19980925,-0.0019080541448456745
19980926,-0.0014863189919630468
19980927,-0.001979599411634633
19980928,-0.0013412354753896132
19980929,-0.0014025279735121396
19980930,-0.0006631588766618841
19981001,-0.0012886131503200154
19981002,-0.0010378733363243583
19981003,-0.0007857406645698523
19981004,-0.0010420685166408908
19981005,-0.0009585941893925756
19981006,-0.0008775969746112406
19981007,-0.0006951851595884751
19981008,-0.0008142306201324544
19981009,-0.0010170821283589813
19981010,-0.0008875150172967967
19981011,-0.0009242172792787893
19981012,-0.0017494805579656907
19981013,-0.0011500186682002003
19981014,-0.000746675543896589
19981015,-0.0010720521494182605
19981016,-0.0004564772450843394
19981017,-0.001701322746707172
19981018,-0.0010132027055370567
19981019,-0.0008812648505379208
19981020,-0.0008095199559184074
19981021,-0.001464259450073675
19981022,-0.0009418726428993677
19981023,-0.001152837688935769
19981024,-0.0019180439711969435
19981025,-0.0025301922942171486
19981026,-0.0013840529104938504
19981027,-0.0011659251348141908
19981028,-0.0020638235728326526
19981029,-0.002119532381208343
19981030,-0.0014865776205636263
19981031,-0.0009322558875774275
19981101,-0.0016024505941900512
19981102,-0.0008597864939920102
19981103,-0.0016021878587178227
19981104,-0.0010274478929106089
19981105,-0.000917860572213267
19981106,-0.0005059987059686522
19981107,-0.0003723241876260105
19981108,-0.0007855070693015605
19981109,-0.0009931392371900194
19981110,-0.0008200870178063077
19981111,-0.0006278852260031163
19981112,-0.0004557894167432902
19981113,-0.0005574521522236671
19981114,-0.0007065399725140083
19981115,-0.0005071595218281856
19981116,-0.0006497861598022883
19981117,-0.0005308894376682528
19981118,-0.0003186850107798081
19981119,-0.00019078933272156023
19981120,-0.00021285638293821413
19981121,-0.00013107342169697044
19981122,-0.00010813943994730456
19981123,-3.6905198381956966e-05
19981124,-3.9760825246819365e-05
19981125,-5.123206770932592e-05
19981126,-5.22572072231933e-05
19981127,0.00011706111697120293
19981128,-0.00015294727314830114
19981129,-0.00010540178554663408
19981130,-0.0003887414198921338
19981201,-0.00039625323141989453
19981202,-0.0002546869405869753
19981203,-2.1435287827918818e-05
19981204,-0.00011471404428313503
19981205,-0.000319641307838085
19981206,-0.00017571482446001094
19981207,-0.00011460022138894879
19981208,-9.945386155390999e-05
19981209,-0.0001862249369900503
19981210,9.379559015638426e-05
19981211,0.000263912615187778
19981212,0.00047573503063728044
19981213,-0.000451583683512311
19981214,-2.4563806413827748e-05
19981215,-0.00010094419899357334
19981216,-0.00023072646344531728
19981217,-0.00032728972735019166
19981218,-0.00022170489199964405
19981219,-0.0010724107534076177
19981220,-0.00047536787649777603
19981221,-0.0003362986675731362
19981222,-0.0001913640248251191
19981223,-0.00018205522557582484
19981224,-0.00020365179365062033
19981225,-0.00022592918059168908
19981226,-0.0007754147062687642
19981227,-0.001451284706403487
19981228,-0.000573994024621575
19981229,-0.00017529509272946084
19981230,-0.000331615274199925
19981231,-0.0003513454693470549
19990101,-0.0002056449260796456
19990102,-0.0004984932021725621
19990103,-0.0010933915471989008
19990104,-0.00039092197475397233
19990105,-0.0002589658220551824
19990106,-0.0003441590831657075
19990107,-0.0005928824796523222
19990108,-0.0009867667864639103
19990109,-0.0005100599989638715
19990110,-0.0004569465398796713
19990111,-0.00035640752912855607
19990112,-0.00031318921055394224
19990113,-0.0002239798371515271
19990114,-0.00018228442596691564
19990115,-0.00034611905209632154
19990116,-0.0011303725169147312
19990117,-0.0005946846047527851
19990118,-0.0003602376094583075
19990119,-0.00042220985431194714
19990120,-0.0003995888312366219
19990121,-0.000305252943390299
19990122,-0.00020522629315332142
19990123,-0.00023191502613542758
19990124,-0.00025105481796690104
19990125,-0.0004650320330153471
19990126,-0.0007770396489089007
19990127,-0.00107988972668159
19990128,-0.0003096994111821278
19990129,-0.0006809168203784712
19990130,-0.00020128066920935085
19990131,-0.00019072511838310357
19990201,-3.8110194196361634e-05
19990202,-0.00012015346846823434
19990203,-0.00017588345226782478
19990204,-0.00024500554455275745
19990205,-0.0013811413307458589
19990206,-0.0008501084478380953
19990207,-0.0009202623054598291
19990208,-0.0006961095896524662
19990209,-0.00041469759504805847
19990210,-0.0002741151625622608
19990211,-0.00034051955734549615
19990212,-0.00021188191500838948
19990213,-0.00029571351229187506
19990214,-0.0001310881891035
19990215,-0.00023498366846534248
19990216,-0.00015990290493302488
19990217,-0.0009343658472936321
19990218,-2.6573712956278038e-05
19990219,0.0004245524010153576
19990220,-9.782296403370394e-05
19990221,-0.0008991872124307976
19990222,-0.0014329164306180055
19990223,-0.0009000751862749093
19990224,-0.0002521504791830747
19990225,-0.000564511671273938
19990226,-0.0007080343838026583
19990227,-0.00035026400250616886
19990228,-0.0008731141482830999
19990301,-0.0005484745246980928
19990302,-0.000381367073305115
19990303,-0.0016549020381650234
19990304,-0.0012735322471567952
19990305,-0.0011231682588668957
19990306,-0.001310380642859144
19990307,-0.0010789306236125538
19990308,-0.0011989016529534281
19990309,-0.0009185923110314872
19990310,-0.0004875866027245718
19990311,-0.0011487527870128699
19990312,-0.00161884607540524
19990313,-0.0015316450796334393
19990314,-0.0010492616472919665
19990315,-0.001365050048126957
19990316,-0.001569088897838299
19990317,-0.0017124317716351678
19990318,-0.0015224964791942608
19990319,-0.0016282532084091962
19990320,-0.0013029566478724626
19990321,-0.0013485524773075702
19990322,-0.001431920666578191
19990323,-0.0004103713168060924
19990324,-0.0015288076955915712
19990325,-0.0017422618571934585
19990326,-0.001590614462887893
19990327,-0.0013435540349064066
19990328,-0.0012168741910714021
19990329,-0.0011341850021440968
19990330,-0.001557329610742446
19990331,-0.0021300530012401697
19990401,-0.0025955653902406998
19990402,-0.0020353427387614655
19990403,-0.001690306332700601
19990404,-0.0016035168519342967
19990405,-0.0011319866715871513
19990406,-0.002325089783043989
19990407,-0.0022069995371283876
19990408,-0.0019939173718093667
19990409,-0.0017743401053811835
19990410,-0.0018389680987448754
19990411,-0.0023716924879361606
19990412,-0.0014733486687651908
19990413,-0.0028574983662956136
19990414,-0.0017519748763194197
19990415,-0.0018939084226985907
19990416,-0.002126692695863697
19990417,-0.002143535140972365
19990418,-0.0019521669054937832
19990419,-0.0018632042089736648
19990420,-0.0018066725538981405
19990421,-0.0028354355580025
19990422,-0.002706920691722724
19990423,-0.002554193338907888
19990424,-0.0015033954947380563
19990425,-0.0025636938562908153
19990426,-0.0024656443851352756
19990427,-0.003098818145841411
19990428,-0.0023499980758742212
19990429,-0.0033916457572593234
19990430,-0.002365924480338466
19990501,-0.0025497504225390206
19990502,-0.0036967331869846042
19990503,-0.004189156119408634
19990504,-0.004125108969716446
19990505,-0.0020734199486941375
19990506,-0.002896140126568991
19990507,-0.0033366940954624564
19990508,-0.003201235036764152
19990509,-0.003335637600638784
19990510,-0.002513441764031686
19990511,-0.0016140779500430984
19990512,-0.0020733883415994287
19990513,-0.002438474908011364
19990514,-0.002621823241051158
19990515,-0.003137080512355306
19990516,-0.002624539862027151
19990517,-0.0036593046390542843
19990518,-0.0028025278307270587
19990519,-0.0020762741585305983
19990520,-0.0026410924507887343
19990521,-0.003342084518866054
19990522,-0.0019011701668197143
19990523,-0.002617642198757082
19990524,-0.0025450477480398544
19990525,-0.0029228063115784493
19990526,-0.004048475413312784
19990527,-0.004535696001331244
19990528,-0.0030414969852494106
19990529,-0.00451155736564194
19990530,-0.004438334455148544
19990531,-0.003936772461419282
19990601,-0.004330638137547782
19990602,-0.004007204177913693
19990603,-0.0038371899807594866
19990604,-0.003265601182714373
19990605,-0.00260924654387307
19990606,-0.0035935367799730467
19990607,-0.003312123192830426
19990608,-0.00353054966344197
19990609,-0.003007194730371408
19990610,-0.0032880067225688884
19990611,-0.0034032526282918186
19990612,-0.0030303353533047694
19990613,-0.0031648807017998276
19990614,-0.0034495782260604312
19990615,-0.004284215957852368
19990616,-0.003649906843570013
19990617,-0.003703651486780324
19990618,-0.00380797421242149
19990619,-0.00347453343220435
19990620,-0.0024389118682553836
19990621,-0.0035958208606581194
19990622,-0.0029715890027692603
19990623,-0.003106106063336399
19990624,-0.0036996508113657056
19990625,-0.004302993045790023
19990626,-0.0034734003804248736
19990627,-0.0037959371970240612
19990628,-0.003593241405874157
19990629,-0.0030181966630134613
19990630,-0.0026361187389281724
19990701,-0.0031123009788259735
19990702,-0.0036490191040103514
19990703,-0.004485047792972289
19990704,-0.0037313836665073294
19990705,-0.0030106985990567946
19990706,-0.0020854972358094795
19990707,-0.0030123744558929887
19990708,-0.003178120558983821
19990709,-0.003984636408645047
19990710,-0.003248772211349545
19990711,-0.003949591110700789
19990712,-0.0032717307553326927
19990713,-0.0033691243179812314
19990714,-0.0036821868359199514
19990715,-0.0027820701030178085
19990716,-0.0034705192660436117
19990717,-0.004456213068539716
19990718,-0.004433991498501265
19990719,-0.003958974088028584
19990720,-0.004062359268824189
19990721,-0.003546890926590257
19990722,-0.0029187720266909403
19990723,-0.0023566214743299353
19990724,-0.0033830465123556286
19990725,-0.0036849737009785376
19990726,-0.0036059060865276517
19990727,-0.0036885860521478396
19990728,-0.003888079505370013
19990729,-0.004411476392619292
19990730,-0.003856689979329447
19990731,-0.0036778538189727
19990801,-0.003519277590380809
19990802,-0.003368766741458469
19990803,-0.0018770505175311957
19990804,-0.0029521592963549785
19990805,-0.003105617998998546
19990806,-0.003337117042969783
19990807,-0.003862698325650644
19990808,-0.00328849712459741
19990809,-0.003301080263385436
19990810,-0.0028092000189558477
19990811,-0.002238777710476263
19990812,-0.001870330538754022
19990813,-0.0023916789480674873
19990814,-0.0024752177535260736
19990815,-0.0028880799000070316
19990816,-0.0019791872579839054
19990817,-0.0025373859742848486
19990818,-0.0028384062347308415
19990819,-0.003153902603093342
19990820,-0.002736992888025196
19990821,-0.0024287222898520923
19990822,-0.003252859463930035
19990823,-0.0032894312262207437
19990824,-0.0026335172108742874
19990825,-0.003405472277092572
19990826,-0.0018215860301213234
19990827,-0.0022895395098474496
19990828,-0.002600547632193942
19990829,-0.002498402825980131
19990830,-0.002400333368236876
19990831,-0.0026221806751159623
19990901,-0.0017696954992745448
19990902,-0.0030798382071667144
19990903,-0.0028999468635902137
19990904,-0.002396206649207844
19990905,-0.002421561717060923
19990906,-0.0018225637922358636
19990907,-0.0018892465294505594
19990908,-0.002242672962980832
19990909,-0.002501088191598374
19990910,-0.002927595894951727
19990911,-0.0028735419853467337
19990912,-0.002458292238878961
19990913,-0.0025598435320272703
19990914,-0.0022043796292557476
19990915,-0.0016720529621434964
19990916,-0.002148370142346526
19990917,-0.0010760320639259845
19990918,-0.0017307277919553412
19990919,-0.001697301018275451
19990920,-0.001320830375301776
19990921,-0.001998888388226597
19990922,-0.001615349680577229
19990923,-0.0021732838695107254
19990924,-0.0020539480179999547
19990925,-0.0013810375723448023
19990926,-0.0021504464383939356
19990927,-0.0022632736346946936
19990928,-0.0021189676201222715
19990929,-0.001275119535503835
19990930,-0.0019172337271552476
19991001,-0.0021957606439795664
19991002,-0.0019423467046881442
19991003,-0.0022183140520294097
19991004,-0.0016861989696653284
19991005,-0.0014887064640308903
19991006,-0.0010142854642320475
19991007,-0.0009809580886686552
19991008,-0.0007920598687897991
19991009,-0.0009739026368505001
19991010,-0.000881274523654146
19991011,-0.0006831111091961079
19991012,-0.0009673146609289045
19991013,-0.0010915669031789214
19991014,-0.0011461221956080819
19991015,-0.0010321790628414773
19991016,-0.001209015571755035
19991017,-0.0013041098938529237
19991018,-0.001280782391645253
19991019,-0.001343176764797908
19991020,-0.0012049914376810935
19991021,-0.0007309096870151622
19991022,-0.0009593494201387057
19991023,-0.0013500461804866388
19991024,-0.0011405555997414717
19991025,-0.001104654569234925
19991026,-0.0008637290163931999
19991027,-0.0006376729151118957
19991028,-0.0004947571126735382
19991029,-0.0005652532651311172
19991030,-0.0011619318928513052
19991031,-0.0012517570690443677
19991101,-0.0010517504337918828
19991102,-0.0007888569239124066
19991103,-0.0008335720853837917
19991104,-0.0005887364782345168
19991105,-0.0006333974615373518
19991106,-0.0013711810416107298
19991107,-0.00043357446760612135
19991108,-0.0004637594859044106
19991109,-0.0006655777127690315
19991110,-0.0010741583441228083
19991111,-0.0010462920764674555
19991112,-0.0005119158037736044
19991113,-0.0004627288640908208
19991114,-0.0002387381854612408
19991115,-0.0006363597475879543
19991116,-0.0003844314645150894
19991117,-0.00035567994843896286
19991118,-0.0002683848852647965
19991119,-0.0003488216412022231
19991120,-0.00023706378672780628
19991121,-0.00034510289365614514
19991122,-0.0003377608315930408
19991123,-0.00010642889942504757
19991124,1.685778451405827e-05
19991125,-8.637314333720529e-05
19991126,-0.0003681552592704176
19991127,-0.00024221765558022414
19991128,-0.0005867475008882823
19991129,-0.0004450000009976215
19991130,-0.00021557763303240758
19991201,-0.00013128658167426641
19991202,-0.000808845097092455
19991203,-0.0006666428631072966
19991204,-0.0007133910408359476
19991205,-0.0005686220326021002
19991206,-0.0004120352615939284
19991207,-0.0007061291967922607
19991208,-0.0005882784152111785
19991209,-0.001076515186297074
19991210,-0.0006219603741696367
19991211,-0.0006476974835961995
19991212,-0.0021153693714287785
19991213,-0.001184584897684527
19991214,-0.0006865928972092838
19991215,-0.0004294914295948264
19991216,-0.0003301387016003603
19991217,-0.00025659994495230004
19991218,-5.236156894456738e-05
19991219,-0.00014408733702012062
19991220,-5.2174237648997485e-05
19991221,-0.00011684054042451337
19991222,-7.944643699051617e-05
19991223,-0.00027815113471451285
19991224,-0.00013398924463086184
19991225,-0.0017452477015447835
19991226,-0.0014451923454274795
19991227,-0.0008878847428577977
19991228,-0.00028426978690791353
19991229,-0.0002843328586276746
19991230,-0.0003012762544319375
19991231,-9.073949259747548e-05
20000101,0.00012745221239639267
20000102,-8.651176660761353e-05
20000103,-0.00010872223473794914
20000104,-0.00026206880326126123
20000105,-0.00014099672867626291
20000106,-0.00028038284634101634
20000107,-0.00030176344220363523
20000108,-0.00018060720241328728
20000109,-0.0003666590844480607
20000110,-0.0005189426061820538
20000111,-0.00016273748549960743
20000112,-0.00017874866621455288
20000113,-0.00019498726668043428
20000114,-0.0001518088798271619
20000115,-0.00018546535882880345
20000116,-0.00027501556636406403
20000117,-0.00017223573272582697
20000118,-0.0004768001293918414
20000119,-0.0005041827159422294
20000120,-0.00029663106679585785
20000121,-0.00040802916217229346
20000122,-0.00043619625707239876
20000123,-0.0005367099794085923
20000124,-0.0003153861740976224
20000125,-0.00010158732467760243
20000126,-5.463365411312816e-05
20000127,-6.383150824590368e-05
20000128,-7.564511588238222e-05
20000129,-0.00011738591738558539
20000130,-0.0001647675337267244
20000131,-0.000408257377649238
20000201,-0.0004767389319695687
20000202,-0.00022839483585869517
20000203,-0.000452221743858975
20000204,-0.00047861990099554115
20000205,-0.0006921807351154625
20000206,-0.0005771851296446208
20000207,-0.0012765608812788274
20000208,-0.0008577277339100091
20000209,-0.001334275534135453
20000210,-0.0009854752138653978
20000211,-0.0007423823166439061
20000212,-0.0006483921341252006
20000213,-0.00030499991895881597
20000214,-0.0005261678757345721
20000215,-0.0008338094667382815
20000216,-0.0013451945334887424
20000217,-0.0008625630563639378
20000218,-0.0003208674841358391
20000219,-0.001050540856197314
20000220,-0.0010250011304368037
20000221,-0.0004473528519685487
20000222,-0.00044760230795238274
20000223,-0.0004938060225887205
20000224,-0.00017937030436917912
20000225,-0.0008088430049768022
20000226,-0.0007722693661455126
20000227,-0.0009442601956395037
20000228,-0.0013562897248861191
20000229,-0.0015317166259523369
20000301,-0.0012967852453746132
20000302,-0.001081929309768662
20000303,-0.0012605061993938285
20000304,-0.0015781699593197674
20000305,-0.000915089071803475
20000306,-0.0010830399171427797
20000307,-0.00062169674649835
20000308,-0.0011221816177987172
20000309,-0.0009214351602394615
20000310,-0.0011605965959278648
20000311,-0.0007781894384354214
20000312,-0.0009377032795129416
20000313,-0.0013545161378074495
20000314,-0.0013743113100512
20000315,-0.0015942520794699623
20000316,-0.0008036695233973859
20000317,-0.0009819233080851702
20000318,-0.0012010763609138538
20000319,-0.0008602688746147655
20000320,-0.0016001254273330355
20000321,-0.0018653764353752757
20000322,-0.002010157575966813
20000323,-0.0018364789816267156
20000324,-0.0014694409957134796
20000325,-0.00170282411093501
20000326,-0.0021245198055937675
20000327,-0.001493039342753896
20000328,-0.0016157995203468284
20000329,-0.0010463656797583497
20000330,-0.0009762536221449932
20000331,-0.0018048872147252246
20000401,-0.001503225745966136
20000402,-0.002362315183523182
20000403,-0.0021049059995040284
20000404,-0.00212796073909203
20000405,-0.001306711934808887
20000406,-0.0025180704870078822
20000407,-0.0024688567766465754
20000408,-0.0025404871079787498
20000409,-0.002478661479617938
20000410,-0.0025742289802456963
20000411,-0.0023976022646688753
20000412,-0.0028837622464013848
20000413,-0.0029175229073736793
20000414,-0.0016195135900153974
20000415,-0.00278843112767941
20000416,-0.00209069985441523
20000417,-0.0026584080278157837
20000418,-0.0014078354814325718
20000419,-0.002251614393980366
20000420,-0.0029040398886451273
20000421,-0.002348511191385463
20000422,-0.0029243229700460518
20000423,-0.0020176641618042356
20000424,-0.0024855607779873975
20000425,-0.003100882614346983
20000426,-0.0037887165837122254
20000427,-0.003113948500569742
20000428,-0.0025415817674290008
20000429,-0.0010498220434763637
20000430,-0.0027435406859277495
20000501,-0.002584884648379532
20000502,-0.002305058130175694
20000503,-0.002361875864065706
20000504,-0.002293510470170743
20000505,-0.0035926107560354087
20000506,-0.003544131242243928
20000507,-0.003480258199796473
20000508,-0.002925650790874221
20000509,-0.003916762600823902
20000510,-0.003855797967545862
20000511,-0.0035208709319530314
20000512,-0.001784133986857292
20000513,-0.0031722088803766333
20000514,-0.004540676360057642
20000515,-0.004654956157713014
20000516,-0.0044699993645821645
20000517,-0.002939513783542889
20000518,-0.0032337718076950873
20000519,-0.003510852513252342
20000520,-0.0034762176646485447
20000521,-0.002172714543484979
20000522,-0.0023392402517570625
20000523,-0.002819922998265659
20000524,-0.002742469586274441
20000525,-0.0016957774627562843
20000526,-0.0036958589678933455
20000527,-0.003963649742885026
20000528,-0.0034619991658482664
20000529,-0.003548918833192593
20000530,-0.0014706481463197735
20000531,-0.0025368698527921613
20000601,-0.0033757288391760712
20000602,-0.004326228713343827
20000603,-0.004442378881295106
20000604,-0.002990463803449285
20000605,-0.0037280510889805126
20000606,-0.003145857842591398
20000607,-0.0032688823984113355
20000608,-0.0047577675286338585
20000609,-0.0047793566712764045
20000610,-0.0038923291159742887
20000611,-0.002718252565925081
20000612,-0.004201153425248537
20000613,-0.004550711615587228
20000614,-0.003991578037060344
20000615,-0.0028610652881555184
20000616,-0.003992734637361743
20000617,-0.004616421573344212
20000618,-0.005201943810629909
20000619,-0.0051594959522062375
20000620,-0.0053939614681063255
20000621,-0.00531116686591872
20000622,-0.003506697656925413
20000623,-0.003091704107423133
20000624,-0.0029730339402601713
20000625,-0.002872154203882643
20000626,-0.0029581879481759754
20000627,-0.0036502602014909127
20000628,-0.0035428809049865653
20000629,-0.003387478486550393
20000630,-0.002671412646221831
20000701,-0.003487099618246286
20000702,-0.0034201314819282307
20000703,-0.0027069965094415724
20000704,-0.0024173222281626996
20000705,-0.003249086611187248
20000706,-0.003423361787313818
20000707,-0.0027736352265944663
20000708,-0.002913309087851755
20000709,-0.0019885417416107658
20000710,-0.0038308784919104813
20000711,-0.0020316019240125276
20000712,-0.0034366377641061054
20000713,-0.0016528533748641212
20000714,-0.002654687937144091
20000715,-0.003242391898267594
20000716,-0.002415640490300214
20000717,-0.002837727507787046
20000718,-0.0029055740856253594
20000719,-0.002390668208803495
20000720,-0.0030652498755836255
20000721,-0.004029178661892446
20000722,-0.0036954189207150717
20000723,-0.0029833851239375
20000724,-0.003036737798749805
20000725,-0.0028476053756308537
20000726,-0.001835922560719631
20000727,-0.002228376625938903
20000728,-0.002753912773196679
20000729,-0.0027599359025698737
20000730,-0.0033330364957846353
20000731,-0.003341611731251563
20000801,-0.004328445026347836
20000802,-0.003679093338474482
20000803,-0.003311711142910429
20000804,-0.003052089567358814
20000805,-0.0035630812135295886
20000806,-0.0034501210283096866
20000807,-0.002998181805255866
20000808,-0.002415357320663671
20000809,-0.0029871359492149485
20000810,-0.003701500039678575
20000811,-0.003695477471741845
20000812,-0.004013050573279867
20000813,-0.00406440363722174
20000814,-0.0035955285882697595
20000815,-0.0025524727959925064
20000816,-0.0034412160247236485
20000817,-0.0032986168999643247
20000818,-0.0024936121152652735
20000819,-0.003066552939043783
20000820,-0.0028459675149616667
20000821,-0.00248628702082366
20000822,-0.002697402209845257
20000823,-0.003496241207390216
20000824,-0.0035732156565686127
20000825,-0.0037107447089928997
20000826,-0.0038276070265330273
20000827,-0.0020400478633298596
20000828,-0.0023760793661866354
20000829,-0.0024661766307601083
20000830,-0.002479926849384495
20000831,-0.0021784120974752217
20000901,-0.002070613014707926
20000902,-0.0020920123592892245
20000903,-0.002196324867775768
20000904,-0.0015520388495166427
20000905,-0.001613825833371077
20000906,-0.0014739974974085793
20000907,-0.0022242884367384467
20000908,-0.0020028552546087026
20000909,-0.0022078505530617413
20000910,-0.002596280855603045
20000911,-0.002745825596476967
20000912,-0.0021356668910652004
20000913,-0.002160257183634387
20000914,-0.001195996177315471
20000915,-0.002092389429818523
20000916,-0.0025058216723049757
20000917,-0.001136535772734041
20000918,-0.001733863907022812
20000919,-0.0025432319297660497
20000920,-0.0013864491447194034
20000921,-0.0022402846308666713
20000922,-0.0010993982574745223
20000923,-0.0018703841535982896
20000924,-0.0021424753070301227
20000925,-0.0017795764019000767
20000926,-0.0018184567060807006
20000927,-0.0010685391473214802
20000928,-0.0014811180660357106
20000929,-0.002148793531044294
20000930,-0.0008720923618196887
20001001,-0.0014022464450457854
20001002,-0.0012878143945228605
20001003,-0.0010750411115349782
20001004,-0.0009955169021533586
20001005,-0.00087852816522716
20001006,-0.0014139965927235584
20001007,-0.0011146395022734257
20001008,-0.0006731249690083757
20001009,-0.0014668998575278138
20001010,-0.0024422253233704863
20001011,-0.0025871829359644283
20001012,-0.0015561778836537426
20001013,-0.0007390897457065827
20001014,-0.0010427297121473472
20001015,-0.0006858015725807554
20001016,-0.0017841386128227765
20001017,-0.0011917092684171017
20001018,-0.0007767709440346871
20001019,-0.000714779208744734
20001020,-0.0009337521776649785
20001021,-0.0010477877177520565
20001022,-0.0009628974245965386
20001023,-0.0011501250513895845
20001024,-0.0012275767329548801
20001025,-0.000681455927832131
20001026,-0.0013408276521486946
20001027,-0.0009028538504289804
20001028,-0.0008583857910785757
20001029,-0.001497156460288984
20001030,-0.0019467718022113255
20001031,-0.0015954505947939545
20001101,-0.0014131139546182032
20001102,-0.0016191908034195572
20001103,-0.0008431097579291917
20001104,-0.0009344964297500019
20001105,-0.000969506476560775
20001106,-0.00153219634464831
20001107,-0.001828516859929389
20001108,-0.0016832267169559294
20001109,-0.0009866169603639076
20001110,-0.0007141467002217486
20001111,-0.0006553459835607311
20001112,-0.0011887106328190263
20001113,-0.0006417544679193009
20001114,-0.0005530723029697262
20001115,-0.0007932162022887544
20001116,-0.0006572298140037677
20001117,-0.0005082560927381011
20001118,-0.0005716120609527088
20001119,-0.0006009429162937335
20001120,-0.0009032934256988315
20001121,-0.0009648738818507335
20001122,-0.0009376606314738235
20001123,-0.000882234701074774
20001124,-0.000656600059492171
20001125,-0.000572855814916169
20001126,-0.001082733089108607
20001127,-0.0004533255802651623
20001128,-0.00039343246719866835
20001129,-0.00048636630808969526
20001130,-0.00021547885324982888
20001201,-0.0008417648707071095
20001202,-0.000869146192997551
20001203,-0.000703307326715058
20001204,-0.0005960421654360424
20001205,-0.0006053648221513552
20001206,-0.0007394696573381907
20001207,-0.0009301846290476545
20001208,-0.0010561210230415348
20001209,-0.000521356253230728
20001210,-0.0012825028236833694
20001211,-0.0008207683870308525
20001212,-0.000900534712576036
20001213,-0.0015022794213400451
20001214,-0.0012418450348363275
20001215,-0.0009583026139923119
20001216,-0.0005828581782916367
20001217,-0.00039047741535266933
20001218,-0.00023469994033208886
20001219,-0.0001944621123046027
20001220,-0.0004686327593927284
20001221,-0.0003399534070932432
20001222,-0.00021993002937729028
20001223,-7.234284776633427e-05
20001224,-0.00030507170814542123
20001225,-0.0001407647200536994
20001226,-0.00032100400981596727
20001227,-0.0003983422098719551
20001228,-0.0006324570147025489
20001229,-0.00021856056832913692
20001230,-0.00034293771960370564
20001231,-0.0002068979789118688
20010101,-0.0010109204869162374
20010102,-0.0006475011238642937
20010103,-0.0009301216446594597
20010104,-0.0012503432287807523
20010105,-0.0019473597008152815
20010106,-0.0010695209083903699
20010107,-0.0004545184349930299
20010108,-0.00037366295189206894
20010109,-0.00041376115054792673
20010110,-0.0003821859082095407
20010111,-0.0002693042238779287
20010112,-0.0005433874314092376
20010113,-0.00052279733671816
20010114,-0.000340538995354798
20010115,-0.00013201556548171292
20010116,-4.810016246881689e-05
20010117,-3.5815411485832883e-05
20010118,-0.0001445368423187147
20010119,-0.00015267311822787343
20010120,-0.00011503173866473542
20010121,-0.00039103729689364146
20010122,-0.0004658551793785681
20010123,-0.001021146697125782
20010124,-0.0012808237887668328
20010125,-0.0003640814733988985
20010126,-0.0008362502107643603
20010127,-0.0010566914617226532
20010128,-0.0004105069515613262
20010129,-0.00028366400152884095
20010130,-0.0003817470896055894
20010131,-0.00037023309359364345
20010201,-0.0003113522766904589
20010202,-0.00013789125263446197
20010203,0.00017308593957554995
20010204,-0.00013213718803571094
20010205,-0.0016168373457722048
20010206,-0.0015728919913352403
20010207,-0.001092292393883213
20010208,-0.0011903323547846644
20010209,-0.0007834062666411207
20010210,-0.0005296819527232524
20010211,-0.0003236894508183431
20010212,-0.0006791733427115157
20010213,-0.0007874913312810037
20010214,-0.00087492959675653
20010215,-0.0008898315535850486
20010216,-0.0006225527459689379
20010217,-0.0009276520735410134
20010218,-0.0008224851920717509
20010219,-0.0006686409617643628
20010220,-0.0005594155774360124
20010221,-0.00039128343367960896
20010222,-0.0010072433733876972
20010223,-0.0012584046477545016
20010224,-0.0007096535328289369
20010225,-0.000548534143523629
20010226,-0.0004015553031986749
20010227,-0.0004804309413582445
20010228,-0.0005078919315651668
20010301,-0.0006714184824380265
20010302,-0.0009306884764156827
20010303,-0.000756972936501693
20010304,-0.000592175975933908
20010305,-0.0006832172768276282
20010306,-0.0010388226945205995
20010307,-0.00031775096102421073
20010308,-0.000502342273326434
20010309,-0.0008574223269172855
20010310,-0.0009513011333044357
20010311,-0.0006507478536562612
20010312,-0.0009800303910245359
20010313,-0.0018183163206268412
20010314,-0.0016246786276758293
20010315,-0.0007461863192562041
20010316,-0.0013146187546052561
20010317,-0.001291449944442123
20010318,-0.0020299372500211543
20010319,-0.0020264113402284167
20010320,-0.0007626402454410256
20010321,-0.0010028447779872759
20010322,-0.0013500657113042715
20010323,-0.0015173386358130444
20010324,-0.001701737942930563
20010325,-0.001583703300015857
20010326,-0.0011921965381123947
20010327,-0.0016055798871074298
20010328,-0.001998116009604738
20010329,-0.0022754580033730095
20010330,-0.0017213997227219571
20010331,-0.0020236427129424694
20010401,-0.002107861992818865
20010402,-0.0028025262617898954
20010403,-0.002157587983077464
20010404,-0.002247728536604945
20010405,-0.002062116894333553
20010406,-0.0022596315010002263
20010407,-0.002787936491902764
20010408,-0.0023565488481467134
20010409,-0.0008378243938274234
20010410,-0.0020154885673988893
20010411,-0.0021413265783208776
20010412,-0.0018176327085130135
20010413,-0.0018095040296007114
20010414,-0.002023232099310142
20010415,-0.0009885862713018706
20010416,-0.001977317448454883
20010417,-0.0021442660467722134
20010418,-0.001696109430883136
20010419,-0.0022666812761315902
20010420,-0.002099899748297895
20010421,-0.0024475011269959536
20010422,-0.0020691204393886334
20010423,-0.001995792048676293
20010424,-0.0023257108913254517
20010425,-0.0020354776073746015
20010426,-0.0026054786685522197
20010427,-0.0023053660373368754
20010428,-0.0017852963116539848
20010429,-0.0022258164102514667
20010430,-0.002835327862842481
20010501,-0.002245154237892286
20010502,-0.0026233690199803862
20010503,-0.0025253200699401138
20010504,-0.002246448611884288
20010505,-0.0019399514830118212
20010506,-0.001126367288562203
20010507,-0.0010309349361846023
20010508,-0.001814289190737612
20010509,-0.003312624858983765
20010510,-0.004430692118538432
20010511,-0.004599788314884294
20010512,-0.004543617817550151
20010513,-0.004263722524550889
20010514,-0.0031377089180966086
20010515,-0.0025951050823896757
20010516,-0.0030768069432133742
20010517,-0.0034387720221206257
20010518,-0.0027181318131229474
20010519,-0.0023636670279694435
20010520,-0.004122912395374081
20010521,-0.004467382003515604
20010522,-0.004241320196650518
20010523,-0.004431551759648982
20010524,-0.0042891976258773255
20010525,-0.004187202204180463
20010526,-0.003896628954529824
20010527,-0.0033042179971713064
20010528,-0.003984572427867972
20010529,-0.004230000691277854
20010530,-0.004361702487755539
20010531,-0.0039233177771925976
20010601,-0.0029896030849175855
20010602,-0.0026686850457694404
20010603,-0.0034733862715384525
20010604,-0.0023657309859549166
20010605,-0.0037829707118916516
20010606,-0.003549841147408998
20010607,-0.003016422660876125
20010608,-0.0016960508115779612
20010609,-0.0020656243006789278
20010610,-0.002775029178850645
20010611,-0.003067710320329268
20010612,-0.003675819292974387
20010613,-0.0033637595748314485
20010614,-0.0032607303698587156
20010615,-0.0026014673471964488
20010616,-0.003553892057526721
20010617,-0.0032206973531174227
20010618,-0.0024144920180440453
20010619,-0.0030659045232542003
20010620,-0.0041193174427815085
20010621,-0.003916200606394638
20010622,-0.003191855073171842
20010623,-0.0039881245775203016
20010624,-0.004387440327968475
20010625,-0.004598760966328418
20010626,-0.005279535705207618
20010627,-0.002908117232462288
20010628,-0.004012952550255478
20010629,-0.003163388058188137
20010630,-0.0032564148024500873
20010701,-0.0033987181448883077
20010702,-0.0033802005049159913
20010703,-0.004740683087118645
20010704,-0.004716732726866609
20010705,-0.004300638508408963
20010706,-0.003930687168857103
20010707,-0.003067402626180306
20010708,-0.0032419484393258627
20010709,-0.003151599970097013
20010710,-0.003713466527961314
20010711,-0.0035071828194801107
20010712,-0.002505803562652671
20010713,-0.0026782880179089105
20010714,-0.0026570267732412534
20010715,-0.0018018376414436587
20010716,-0.0025966597402155276
20010717,-0.003789408059041506
20010718,-0.004182948277306497
20010719,-0.0029979648727840413
20010720,-0.0022450011351947455
20010721,-0.0032574232198524533
20010722,-0.003992417265840666
20010723,-0.003670439849984806
20010724,-0.00357622134838058
20010725,-0.004091023527784989
20010726,-0.004105197115198993
20010727,-0.004416258608631586
20010728,-0.003926905653430894
20010729,-0.004128636174218768
20010730,-0.004316854951075752
20010731,-0.004002715587170041
20010801,-0.0037758522684279597
20010802,-0.003812240731562203
20010803,-0.0028068957815403227
20010804,-0.0028590005712834203
20010805,-0.002465476706183338
20010806,-0.0018391968501516537
20010807,-0.0023590983477977693
20010808,-0.003725377987681309
20010809,-0.0027902738992751403
20010810,-0.002527123509222508
20010811,-0.0025540357553966455
20010812,-0.0033663478227829247
20010813,-0.0035358667276962157
20010814,-0.00370113753092407
20010815,-0.004008147019387772
20010816,-0.0026199684905392822
20010817,-0.0022435072187646844
20010818,-0.003012577559600457
20010819,-0.003318964052180458
20010820,-0.0025357179598540086
20010821,-0.003025357755081827
20010822,-0.003287814612950076
20010823,-0.0028783932806855277
20010824,-0.00312690408885206
20010825,-0.0033031834253136887
20010826,-0.0034095637237935342
20010827,-0.002616869637435116
20010828,-0.0028225836791723317
20010829,-0.0027380845890862494
20010830,-0.0018972741235226405
20010831,-0.002001591608986785
20010901,-0.0018801219721746602
20010902,-0.0017505285189959563
20010903,-0.0014217963322691188
20010904,-0.002093484424937214
20010905,-0.0018830950179500741
20010906,-0.0008137730330382627
20010907,-0.0013854815994389532
20010908,-0.00167076097772293
20010909,-0.0023885801511968267
20010910,-0.0017703413419567077
20010911,-0.0019895626040568365
20010912,-0.0017283431810496486
20010913,-0.0015529156445645217
20010914,-0.0021688535988062035
20010915,-0.0013701015353755283
20010916,-0.0022899224179683654
20010917,-0.0019428826161449304
20010918,-0.0013834509678427732
20010919,-0.00157576491759211
20010920,-0.0014672478166216998
20010921,-0.0016338167075234144
20010922,-0.0015889746027393616
20010923,-0.0016407655483432074
20010924,-0.0011956594442546254
20010925,-0.001047833136194568
20010926,-0.001551368210381743
20010927,-0.001575281674420913
20010928,-0.001652854355669914
20010929,-0.00103550462643717
20010930,-0.0017607518148809497
20011001,-0.0016467241935573453
20011002,-0.0025842110878933227
20011003,-0.001066784410773005
20011004,-0.001573142353007294
20011005,-0.0015367437797785164
20011006,-0.0016493058765153993
20011007,-0.0015204053868916553
20011008,-0.0014522064390825866
20011009,-0.001322744961996601
20011010,-0.0012336025471817644
20011011,-0.0012213999078738804
20011012,-0.0012936271022260671
20011013,-0.00134712236086867
20011014,-0.0008043486024951179
20011015,-0.0014008677426313606
20011016,-0.0010419084486441757
20011017,-0.0009455402008823166
20011018,-0.0009934453045334537
20011019,-0.0013864024954997186
20011020,-0.0010470805048860045
20011021,-0.0012974732914453246
20011022,-0.001232115050977726
20011023,-0.0005662198357848166
20011024,-0.0011692169537117604
20011025,-0.0011237733735046424
20011026,-0.0009051433776652983
20011027,-0.0006497823678187967
20011028,-0.000541129397405538
20011029,-0.0005240540511482138
20011030,-0.0008890368029433254
20011031,-0.0012702240784094327
20011101,-0.0006972335708493626
20011102,-0.0007183226962420619
20011103,-0.0006679577974146388
20011104,-0.0005246771771184329
20011105,-0.0004268505932560271
20011106,-0.0005069152219654623
20011107,-0.000882033940822848
20011108,-0.0019070899180504747
20011109,-0.0008205452964704232
20011110,-0.0005335172175001189
20011111,-0.0005175477526379923
20011112,-0.00016196189021992833
20011113,-0.0006498909128880457
20011114,-0.0006220544554720542
20011115,-0.0004981673061435526
20011116,-0.00026992042775626486
20011117,-0.0003276654914032495
20011118,-0.0003365246889019362
20011119,-0.00031847747713681287
20011120,-0.00024934421690106886
20011121,-0.00033244346519360827
20011122,-0.0004693346617403499
20011123,-0.0005268556982175027
20011124,-0.0002300441797268827
20011125,4.5046665270663965e-05
20011126,-0.00013352821685991018
20011127,-0.0004957662277438446
20011128,-0.0006404733434232419
20011129,-0.0002637123368442555
20011130,9.575646773767484e-05
20011201,-5.078061179324605e-05
20011202,-0.0001060373726000372
20011203,-0.00029432100633783705
20011204,-0.0006472477287025306
20011205,-0.0005853190874003318
20011206,-0.0008603990981376114
20011207,-0.00037262652098952575
20011208,-0.00036462026387984453
20011209,-0.00040345644804683494
20011210,-0.00037067273026615945
20011211,-0.0001294544792203629
20011212,-0.0002459739663188389
20011213,-0.0004862403708737632
20011214,-0.000129752683763162
20011215,-1.8676371188959038e-05
20011216,-3.739260043357769e-05
20011217,-8.194034142299783e-06
20011218,-2.1912838714740555e-05
20011219,-3.498101052359603e-05
20011220,-0.0001769411234376423
20011221,-0.00016147141781786066
20011222,-0.00020707918386424836
20011223,-0.0001294852176736309
20011224,-0.0002462370047459827
20011225,-0.0002355206467550248
20011226,-0.00016165149340638266
20011227,-1.6534820231663617e-05
20011228,0.0005143475044777234
20011229,7.919855304869512e-05
20011230,-0.00021649128466037098
20011231,3.467668715091833e-05
20020101,-4.843481678717758e-06
20020102,-1.3593220728117683e-06
20020103,-0.00022717084717387053
20020104,-0.0001440021316766314
20020105,-1.8846717785256737e-05
20020106,-2.250763669628264e-05
20020107,-7.400827897363117e-05
20020108,3.558134024300251e-05
20020109,2.7516873127894013e-05
20020110,-3.5525929516456433e-06
20020111,-7.263110045272717e-05
20020112,-3.299760184663458e-05
20020113,6.217836629238898e-06
20020114,-5.754816455000887e-05
20020115,-0.0001583212941104053
20020116,-4.4977043594480605e-05
20020117,-8.252403169912183e-05
20020118,-6.531739139436562e-05
20020119,0.0001223230762049144
20020120,0.00012365042029483837
20020121,4.811006435167399e-06
20020122,-0.0004093086145422272
20020123,-0.000763022465810664
20020124,-0.0011018787812845073
20020125,-0.0007828526893397014
20020126,-0.0013606125845410722
20020127,-0.0013721540041907617
20020128,-0.0009016923061244746
20020129,-0.00022668420068813853
20020130,-0.0005496222740751344
20020131,-0.0005145965578656263
20020201,-0.0004700225657138462
20020202,-0.0009137273955288107
20020203,-0.0013451283065637227
20020204,-0.0009163931029934504
20020205,-0.001198782281357828
20020206,-0.0008368726445603117
20020207,-0.0005402682325953254
20020208,-0.0005843916660777852
20020209,-0.0009498015979612064
20020210,-0.0013228677430410756
20020211,-0.0007645914638959309
20020212,-0.0008381110412258891
20020213,-0.0007590753597085275
20020214,-0.0012540666488922193
20020215,-0.0011120294007561859
20020216,-0.0009785669898772077
20020217,-0.0005966958720916329
20020218,-0.00046479412839361343
20020219,-0.0006842611213870613
20020220,-0.0007982920392661125
20020221,-0.001374976944977204
20020222,-0.0002988793245827927
20020223,-0.0014820180360101505
20020224,-0.001268082689449461
20020225,-0.0004124883318894123
20020226,-0.0014953201710735135
20020227,-0.002084433789851547
20020228,-0.0015094236750651674
20020301,-0.0011101551789656546
20020302,-0.000768614337283056
20020303,-0.0006317253815638103
20020304,-0.000965546028665454
20020305,-0.0009292382827116529
20020306,-0.0008190672138989412
20020307,-0.0008608442904181245
20020308,-0.001336725324340538
20020309,-0.0008755673302349869
20020310,-0.0013109726248837594
20020311,-0.0015680643860594096
20020312,-0.0018034231237765274
20020313,-0.0017510336811075143
20020314,-0.0011370066430555041
20020315,-0.0012597198949908797
20020316,-0.0016202885389295816
20020317,-0.0018060924805297118
20020318,-0.001997273768838626
20020319,-0.0012844186521141243
20020320,-0.0011223039743400581
20020321,-0.00120088675184479
20020322,-0.001483433263169149
20020323,-0.00144392486710075
20020324,-0.0013689318182625162
20020325,-0.001413809080769079
20020326,-0.0016416226210850724
20020327,-0.001760288063413769
20020328,-0.002116200518464264
20020329,-0.0021729518741627663
20020330,-0.0019935458210722447
20020331,-0.002140504069613963
20020401,-0.002397115849287569
20020402,-0.002922317406027781
20020403,-0.0029907501844629253
20020404,-0.002934871360422282
20020405,-0.002916131686468291
20020406,-0.0026247319570400925
20020407,-0.002514184111473637
20020408,-0.002693355253778282
20020409,-0.0024977697448233735
20020410,-0.0022881650389460608
20020411,-0.0023214550903614974
20020412,-0.002542206220044151
20020413,-0.0012162870825024909
20020414,-0.002174170167180166
20020415,-0.001945780972587785
20020416,-0.0015840543912703513
20020417,-0.0015835603390930817
20020418,-0.0020629696590739066
20020419,-0.0018575315628742899
20020420,-0.0022241067166890514
20020421,-0.00209152282376581
20020422,-0.002415335869209337
20020423,-0.0023183724166285103
20020424,-0.0022150633589418977
20020425,-0.0030219977792714887
20020426,-0.0019286749535911405
20020427,-0.0031246005523832485
20020428,-0.00225178902901995
20020429,-0.003652402965108296
20020430,-0.002948733954135982
20020501,-0.002581073095708102
20020502,-0.0022067643920948986
20020503,-0.0016133319212460473
20020504,-0.0015006858022516307
20020505,-0.0016734139935592205
20020506,-0.0017906394602180404
20020507,-0.0028823683412365093
20020508,-0.0036571449426261054
20020509,-0.0035878426989646565
20020510,-0.0034263316425238288
20020511,-0.0025973087086933696
20020512,-0.002871950241917853
20020513,-0.0026732291768377346
20020514,-0.003358591824036179
20020515,-0.003190071006304543
20020516,-0.0042779194593558076
20020517,-0.004557698775818717
20020518,-0.001556412040165463
20020519,-0.002706310882733932
20020520,-0.003105668128785125
20020521,-0.004144895303514301
20020522,-0.0026030635529962886
20020523,-0.0020228867638407773
20020524,-0.002698792364968386
20020525,-0.002846690270827909
20020526,-0.0032041464697662374
20020527,-0.002906392786987418
20020528,-0.002969153124852848
20020529,-0.0031980780625491677
20020530,-0.0029345327186065325
20020531,-0.004014582874529299
20020601,-0.004475817591393575
20020602,-0.004845580916228042
20020603,-0.0028895889392750503
20020604,-0.003546138298792469
20020605,-0.00326452890601264
20020606,-0.00277043291952183
20020607,-0.002969081068139008
20020608,-0.0029694400891598105
20020609,-0.003231819183158005
20020610,-0.0031416196371539654
20020611,-0.002233497874186896
20020612,-0.003195594784294529
20020613,-0.002883110340196707
20020614,-0.0038831115160207234
20020615,-0.0030789546140212436
20020616,-0.004065649194673092
20020617,-0.004799193619315502
20020618,-0.005644737204445982
20020619,-0.0038912382974552093
20020620,-0.003825382738315053
20020621,-0.003144233001020078
20020622,-0.004274732948618887
20020623,-0.003817719059426841
20020624,-0.004607324270838656
20020625,-0.004675443954765822
20020626,-0.00464879720841336
20020627,-0.004143653388117589
20020628,-0.0034732531270635024
20020629,-0.0029145460439521285
20020630,-0.003521472512126525
20020701,-0.002688728191225906
20020702,-0.002869960355283777
20020703,-0.002558449949519807
20020704,-0.00295054904718131
20020705,-0.003361411472173249
20020706,-0.0030521181465400457
20020707,-0.002801572348278249
20020708,-0.00448387949758377
20020709,-0.0040277663852246025
20020710,-0.002201954521386963
20020711,-0.0035121856510760222
20020712,-0.003701702954106352
20020713,-0.0030728915753814663
20020714,-0.0020948748568765828
20020715,-0.0031374222635420367
20020716,-0.0023814703353491292
20020717,-0.0022911056374924827
20020718,-0.0032542090062611124
20020719,-0.003887954713838845
20020720,-0.004332114130466965
20020721,-0.0037683141495738876
20020722,-0.00246471298438038
20020723,-0.0034838125120146457
20020724,-0.002217168435607861
20020725,-0.0026752518666785827
20020726,-0.0012522709169561805
20020727,-0.0033389491609485834
20020728,-0.004223424879052296
20020729,-0.004293298351770218
20020730,-0.0035928793503384937
20020731,-0.002978326044912257
20020801,-0.0027669506026339174
20020802,-0.0035845951853958444
20020803,-0.002831012119868947
20020804,-0.0031128914037905327
20020805,-0.0029203229011954823
20020806,-0.0026466270818804693
20020807,-0.0027029216692487494
20020808,-0.00267289402446034
20020809,-0.0021924192481655807
20020810,-0.001943534511027903
20020811,-0.002256388509196149
20020812,-0.0021676802862391057
20020813,-0.002231040557254569
20020814,-0.0032255181973076547
20020815,-0.0035049077484692916
20020816,-0.0032522378993963775
20020817,-0.0036359847510891775
20020818,-0.0034405938020117192
20020819,-0.0031915961012587662
20020820,-0.002650184543990124
20020821,-0.0022677656231979925
20020822,-0.001690729817544903
20020823,-0.0021438106080171274
20020824,-0.0026495533133987347
20020825,-0.00215177749385601
20020826,-0.002380398577332175
20020827,-0.0014526643163818116
20020828,-0.0015685951631453973
20020829,-0.002039449872734378
20020830,-0.002427050011365061
20020831,-0.0024221483012886423
20020901,-0.0020370924303370953
20020902,-0.0028756577817240013
20020903,-0.0024764498146591647
20020904,-0.0019330299837114506
20020905,-0.002276690987537484
20020906,-0.0022489919291095073
20020907,-0.0020594181409906297
20020908,-0.002474674279363784
20020909,-0.0020466132886865908
20020910,-0.0018743503452303988
20020911,-0.0016116802498680044
20020912,-0.0026384805656160643
20020913,-0.0029941322769405096
20020914,-0.0023774253057630428
20020915,-0.0019371993397140211
20020916,-0.00206552917735967
20020917,-0.0017337505017519694
20020918,-0.0019982558922779048
20020919,-0.0015118976659776137
20020920,-0.0018379775288844193
20020921,-0.001426964855629778
20020922,-0.0014207019795692026
20020923,-0.001696929011558634
20020924,-0.0018651987145118464
20020925,-0.0011051451395470173
20020926,-0.000872010344966915
20020927,-0.0010175059588592452
20020928,-0.001713891831562145
20020929,-0.0017565242903140612
20020930,-0.0016942333770503066
20021001,-0.001573224755066722
20021002,-0.0010796358817882466
20021003,-0.0010481975584116906
20021004,-0.001459738571340034
20021005,-0.0011749077089932925
20021006,-0.0015745192930413337
20021007,-0.0010695956820868208
20021008,-0.0010817627342455812
20021009,-0.0013882976506357882
20021010,-0.001270072734095016
20021011,-0.0008239089193110899
20021012,-0.0006293988331525533
20021013,-0.0009941329090220822
20021014,-0.0013358611669569331
20021015,-0.0009464519251660712
20021016,-0.0014178109860321843
20021017,-0.0014080838692518748
20021018,-0.0014110255426386916
20021019,-0.0012905035892807868
20021020,-0.0008445387423701455
20021021,-0.0013293284603104482
20021022,-0.0018599149465515447
20021023,-0.0022396203441390115
20021024,-0.0013626730339122255
20021025,-0.0014364835197988042
20021026,-0.00195295046864325
20021027,-0.0020063521924707757
20021028,-0.0011671995021030393
20021029,-0.0008469063910822128
20021030,-0.00044971036102505146
20021031,-0.0005259817720106166
20021101,-0.0006973244384682767
20021102,-0.0006783158245844415
20021103,-0.0010925951476609276
20021104,-0.0008760978336099492
20021105,-0.0006355667151428115
20021106,-0.0006159309815070917
20021107,-0.0010042335320327978
20021108,-0.0010112944175025484
20021109,-0.0009469657538371579
20021110,-0.0003003532752716104
20021111,-0.0010515951290195847
20021112,-0.0007159082987920242
20021113,-0.0010740072508867817
20021114,-0.0007677495209223444
20021115,-0.0005390844334017006
20021116,-0.00031440044014475457
20021117,-0.0006352147679123757
20021118,-0.0003855612427987929
20021119,-0.00041179909849300815
20021120,-0.00041225374274028785
20021121,-0.0006481968973648147
20021122,-0.0006343391373265403
20021123,-0.0007838570958876588
20021124,-0.00029284764248258216
20021125,-0.0005012475189162358
20021126,-0.00037146246534121085
20021127,-0.0002650049403165581
20021128,-0.00025694663704948416
20021129,-0.00047633087641598684
20021130,-0.00032361444170775073
20021201,-0.0005932398042678762
20021202,-0.0008111561882918724
20021203,-0.0003285393008311028
20021204,-0.0002876966571028759
20021205,-0.00045916324394543266
20021206,-0.0004015117406846674
20021207,-0.00042843909237839706
20021208,-0.0004834560287746322
20021209,-0.00044124473660214867
20021210,-0.00021686548167660076
20021211,-7.692048669499838e-05
20021212,-0.00024029888642019786
20021213,-0.00012262953298284755
20021214,-0.0002414023732824609
20021215,-0.000650959324730622
20021216,-0.00043324530564632137
20021217,-0.00037621699739669254
20021218,-0.00039572529981917696
20021219,-0.0002596601445243926
20021220,-2.422695200573793e-05
20021221,0.0001536122023921313
20021222,-0.00015775317276406497
20021223,-0.00014974778794856232
20021224,-0.00022713463487334003
20021225,-0.0002064866097525828
20021226,-0.0006690391049364105
20021227,-0.0007753458780604045
20021228,-0.0006667854993911287
20021229,-0.0005510180162378202
20021230,-0.0009026727785974652
20021231,-0.0005532358618983706
20030101,-0.0008350351002446419
20030102,-0.0020547882015155635
20030103,-0.0010854609518126017
20030104,-0.0006341514887466364
20030105,-0.00028880011560622145
20030106,-8.17259617160459e-05
20030107,-0.00012944604086035893
20030108,-0.00012609356126145306
20030109,-0.0002232181752081194
20030110,-2.9807242940453244e-05
20030111,-0.00010580109103935863
20030112,-1.4935228238783301e-05
20030113,-7.064556191720577e-05
20030114,0.00020635927308289642
20030115,-4.830609037842163e-05
20030116,-6.984946139060473e-05
20030117,-0.0001044531880207414
20030118,-1.0854449734312011e-05
20030119,-0.0001877051101625919
20030120,-0.00045465865447740037
20030121,-0.0007041283783777647
20030122,-0.0006692354551977269
20030123,-0.0005565333948179422
20030124,-0.0005304494102633084
20030125,-0.000123708022409476
20030126,-0.0001810734875380439
20030127,8.944197496574686e-05
20030128,-0.0010391372959635899
20030129,-0.0008261610191706522
20030130,-0.00042078223669581895
20030131,-0.0003595181687644851
20030201,-0.0002466785523605178
20030202,-0.00015415719516784524
20030203,-0.00011843551431570558
20030204,-0.000458968530519061
20030205,-0.0005604044064388309
20030206,-0.00041772983089569473
20030207,-0.000254165537216851
20030208,-6.0934896417293445e-05
20030209,-0.0002337772915568164
20030210,-0.0003286242231174417
20030211,-0.0001854271725251378
20030212,-0.00025729328619826714
20030213,-0.0002457700552595403
20030214,-0.00022880224272797846
20030215,-0.00028256496769941286
20030216,-0.0003578057536360323
20030217,-0.000346074903113679
20030218,-0.00028110870658610616
20030219,-0.0003260814560453938
20030220,-0.00015934774410232457
20030221,-0.00013912166559502433
20030222,-0.0002577549686263443
20030223,-0.0004180377447549962
20030224,-0.0006130836717052842
20030225,-0.0005986841373760568
20030226,-0.0007408884389713308
20030227,-0.0007185995241028193
20030228,-0.0007072138728349508
20030301,-0.0005006632325479354
20030302,-0.0010238329157157434
20030303,-0.0008965795102285375
20030304,-0.0009493317098957295
20030305,-0.0008312742299264645
20030306,-0.000584850956327182
20030307,-0.001006606759754864
20030308,-0.001002260620498818
20030309,-0.0015021456604122096
20030310,-0.0014287727413322367
20030311,-0.001609530462346299
20030312,-0.0013445368426975132
20030313,-0.0014807678801100988
20030314,-0.0017126669593399838
20030315,-0.00161553482537304
20030316,-0.0016571946441135501
20030317,-0.0016225358482837232
20030318,-0.0016121583401575328
20030319,-0.0016859211488109555
20030320,-0.0015571792560381953
20030321,-0.001454524505769111
20030322,-0.002010577473837255
20030323,-0.001992852377643721
20030324,-0.0021245579820495793
20030325,-0.001925826489519911
20030326,-0.00188630605425324
20030327,-0.002052447700923047
20030328,-0.0018522820258570893
20030329,-0.002020228088901696
20030330,-0.002092903135600552
20030331,-0.0021684003965409533
20030401,-0.002726688898886278
20030402,-0.002633726013871028
20030403,-0.001972830684575726
20030404,-0.0019444432814520985
20030405,-0.0019322206959687233
20030406,-0.001517280467518306
20030407,-0.0019035472271503096
20030408,-0.0019063349573980638
20030409,-0.0019355249218108237
20030410,-0.001515259813654719
20030411,-0.0018620921456488874
20030412,-0.0014157147616018142
20030413,-0.0027328296803384817
20030414,-0.0033290770834155234
20030415,-0.003519558763523054
20030416,-0.0038011327440226387
20030417,-0.003896117610134014
20030418,-0.003557908102472753
20030419,-0.002032489796930688
20030420,-0.002606851710444881
20030421,-0.002873516401725141
20030422,-0.0024402486538630743
20030423,-0.0028087166085618053
20030424,-0.0029166847477288343
20030425,-0.0032318248894490985
20030426,-0.0019147310640915936
20030427,-0.003041281094866366
20030428,-0.0035431826085893427
20030429,-0.0033085707243475024
20030430,-0.0024184459971283855
20030501,-0.0031586729954442725
20030502,-0.002951589304629217
20030503,-0.003245542386775131
20030504,-0.004314999390436075
20030505,-0.0037027756249921563
20030506,-0.002993360106908288
20030507,-0.0038580116337456807
20030508,-0.0032214984525613674
20030509,-0.0031673123042620234
20030510,-0.00330482600480758
20030511,-0.003285701671108692
20030512,-0.0030114837284039206
20030513,-0.0034982822707212294
20030514,-0.002626407457055118
20030515,-0.0029846415071753275
20030516,-0.0035430317149325783
20030517,-0.0027384036053363352
20030518,-0.0027778824692177035
20030519,-0.002151121450301985
20030520,-0.0036473762220549425
20030521,-0.0030040987213718973
20030522,-0.001255626821281875
20030523,-0.004165064254902037
20030524,-0.003166355237571444
20030525,-0.0028720791732532915
20030526,-0.002632125147945496
20030527,-0.0025950353477724726
20030528,-0.00368313597736089
20030529,-0.003600578722898783
20030530,-0.003902353963701769
20030531,-0.0036951792132408927
20030601,-0.004188423033195052
20030602,-0.003336544443954226
20030603,-0.003877915086309875
20030604,-0.005020983642376617
20030605,-0.003111547846741983
20030606,-0.0035804756850084762
20030607,-0.0039487279076742595
20030608,-0.004242397751877914
20030609,-0.0044175210939643396
20030610,-0.0040061622514183945
20030611,-0.004505598194572017
20030612,-0.004063904861540316
20030613,-0.004510611402788935
20030614,-0.003285017213500652
20030615,-0.0036267609669809898
20030616,-0.0043341973466829616
20030617,-0.004373069192191273
20030618,-0.0031668860386471855
20030619,-0.0020910099950013426
20030620,-0.0031923915222170592
20030621,-0.0038353695025881754
20030622,-0.00430982286793332
20030623,-0.0040937402986233225
20030624,-0.003983367409750521
20030625,-0.0038397207319766334
20030626,-0.003928712986516718
20030627,-0.002720343741159115
20030628,-0.002820174356283178
20030629,-0.0035062899564907222
20030630,-0.0030030118298662836
20030701,-0.0035743845575262286
20030702,-0.0034121832241667638
20030703,-0.003224613009725554
20030704,-0.0029327277556251623
20030705,-0.00230935403246073
20030706,-0.002826248853081745
20030707,-0.003220980805670617
20030708,-0.0038282787195474603
20030709,-0.0035192182365337823
20030710,-0.0040221912595891675
20030711,-0.0035833699753228757
20030712,-0.003720712100931788
20030713,-0.003965898524239684
20030714,-0.004176244959095937
20030715,-0.004041441756305351
20030716,-0.0036060598100890314
20030717,-0.0022522318425409493
20030718,-0.002731343030836651
20030719,-0.003696697069012839
20030720,-0.0035080035417644705
20030721,-0.002736747989437
20030722,-0.0028749649922595114
20030723,-0.0026297376168427406
20030724,-0.0020613317862136363
20030725,-0.0025815186323000497
20030726,-0.0026034959541942813
20030727,-0.002509579465312076
20030728,-0.0032787560067883033
20030729,-0.0026360297362189597
20030730,-0.002161787842880273
20030731,-0.002925333221403054
20030801,-0.0034938698361112203
20030802,-0.003915067555939229
20030803,-0.0039086483029180785
20030804,-0.003877364480484774
20030805,-0.003857799877343064
20030806,-0.0037441561744316343
20030807,-0.003405311223744618
20030808,-0.003142951406731067
20030809,-0.003081638291220983
20030810,-0.003013612231564696
20030811,-0.002738892524133007
20030812,-0.0027954316717886656
20030813,-0.0025288001013481073
20030814,-0.0020145144895573467
20030815,-0.002271213904132974
20030816,-0.002159296248657147
20030817,-0.002377709496599882
20030818,-0.0022191349504653004
20030819,-0.002349131672593539
20030820,-0.002550525013170086
20030821,-0.002730131319277567
20030822,-0.0022701080639539236
20030823,-0.0019207874398010371
20030824,-0.002261770223161668
20030825,-0.0022316049362116727
20030826,-0.0022570781619929885
20030827,-0.0016011566753351733
20030828,-0.0018551537615925174
20030829,-0.0024634444744601356
20030830,-0.002177783830143941
20030831,-0.0021060949011417053
20030901,-0.001968253512583013
20030902,-0.001753378710470736
20030903,-0.0024067638161404015
20030904,-0.0025812255912712146
20030905,-0.0021520772112775953
20030906,-0.0017542450336115421
20030907,-0.001687191206230845
20030908,-0.0027661098727233724
20030909,-0.0020133196496836163
20030910,-0.0016664304939946225
20030911,-0.0023871076457027255
20030912,-0.0016522127036609105
20030913,-0.001965216194971408
20030914,-0.0023891331205425975
20030915,-0.00235608293677706
20030916,-0.0021470673145910337
20030917,-0.0022717440139715336
20030918,-0.0023742644410077933
20030919,-0.0023616028863759483
20030920,-0.0023763109254328696
20030921,-0.0022653373333295893
20030922,-0.0018655572268673152
20030923,-0.002121457083843709
20030924,-0.0015490077111668238
20030925,-0.001875755081029902
20030926,-0.0015755113841388864
20030927,-0.0013400372691049784
20030928,-0.0012358668461423473
20030929,-0.0012541185743932468
20030930,-0.0013902247617615785
20031001,-0.0006938541911944891
20031002,-0.0010250825843003736
20031003,-0.001801440564047902
20031004,-0.001624275296149925
20031005,-0.001361367893467195
20031006,-0.0014892606892195513
20031007,-0.002021111474258168
20031008,-0.0011561052131453667
20031009,-0.0009729747441785665
20031010,-0.0009072810799948658
20031011,-0.000819832022011218
20031012,-0.001352692574073805
20031013,-0.0013281134094158221
20031014,-0.0014151099900698715
20031015,-0.0014242376191977797
20031016,-0.0012688692533608349
20031017,-0.001284124097343922
20031018,-0.0010704932058007949
20031019,-0.0008634856076184629
20031020,-0.0006664209450378767
20031021,-0.0010850723751975016
20031022,-0.0007527078388952212
20031023,-0.0008134014624267178
20031024,-0.000808307076505569
20031025,-0.0005044656509862889
20031026,-0.0008135127736559641
20031027,-0.0005266292838096962
20031028,-0.0005877332638023874
20031029,-0.0004705399739694083
20031030,-0.0008041801285122558
20031031,-0.0008987865267367815
20031101,-0.0008632871806641874
20031102,-0.0008427081492438783
20031103,-0.001733485134707748
20031104,-0.00043629543765120175
20031105,-0.0006972068581846467
20031106,-0.000632912225032062
20031107,-0.0007796693336894829
20031108,-0.0006316150928965023
20031109,-0.0007404079954111835
20031110,-0.0005257732210946251
20031111,-0.0003926147549540121
20031112,-0.00028696087753254034
20031113,-0.0005211066160499793
20031114,-0.00036777830617265713
20031115,-0.0005409471724323725
20031116,-0.0004987603929146865
20031117,-0.0006644655557816716
20031118,-0.0003986636402399899
20031119,-0.00032303818210243615
20031120,-0.0004407410767722564
20031121,-0.00035268605434854384
20031122,-0.0006519870329054871
20031123,-0.00046830568331774963
20031124,-0.0006623022675233076
20031125,-0.0003434120485805243
20031126,-0.0007027544483193291
20031127,-0.0005924756270795859
20031128,-0.0008024841665898155
20031129,-0.0003137127037244618
20031130,-0.00029842584230111715
20031201,-0.0007537245209258318
20031202,-0.00023687025897170348
20031203,-0.0002566330982452466
20031204,-0.00034217843811216607
20031205,-0.0002084539082265874
20031206,-0.0003575961642189252
20031207,-0.0004827658314594113
20031208,-0.000215089757575889
20031209,-0.00013647372083718033
20031210,-3.203027882363146e-05
20031211,-0.00023574078796434
20031212,1.2287832867119783e-06
20031213,-0.0001888222541479098
20031214,-0.001215692022927125
20031215,-0.0008630328364578796
20031216,-0.00023740423833496242
20031217,-0.0001681582197804043
20031218,-0.0001849381246806394
20031219,-0.0001379019277992635
20031220,-0.0005254114975857319
20031221,-0.0013948771854216478
20031222,-0.0006173348993135798
20031223,-0.0002396464090081307
20031224,-0.0002438566116360557
20031225,-6.781160739499033e-05
20031226,-0.0003376704886904993
20031227,-0.0006021351492764726
20031228,-0.0013964931640264146
20031229,-0.0003605712101672161
20031230,-0.0002527341425919697
20031231,-0.00023749139671174407
20040101,-3.8023063614305154e-05
20040102,-0.00021964863403919432
20040103,-6.472297965672795e-05
20040104,-9.19402904438394e-05
20040105,-7.584714076343501e-05
20040106,5.011480404891041e-05
20040107,6.454674458687817e-05
20040108,-0.0005022549769784156
20040109,-0.0006391594128995919
20040110,-0.0003581692184849694
20040111,-0.0005219906017389376
20040112,-0.0011327596948401684
20040113,-0.001179166181656207
20040114,-0.0011150865674123577
20040115,-0.0009130303009476259
20040116,-0.0012032986709176474
20040117,-0.0005405136781247195
20040118,-0.0004745384953423992
20040119,-6.835334673067399e-05
20040120,-7.893912178342865e-05
20040121,-0.000317732694999864
20040122,-0.0001580559286391147
20040123,-0.00022148834945294463
20040124,-9.664060458197038e-05
20040125,-0.0002929437048376738
20040126,-0.0002649166924365506
20040127,-0.0002904397948886999
20040128,-0.0001814329764285534
20040129,-0.00043756422308136646
20040130,-0.0004089129429536133
20040131,-0.0006706494938418374
20040201,-0.0006345206892536753
20040202,-0.0006493128137182882
20040203,-0.000565765531201775
20040204,-0.0007535113271168308
20040205,-0.0006655280954635207
20040206,-0.0009233411108882109
20040207,-0.0014033408289611418
20040208,-0.0019168024785207525
20040209,-0.000711951422545328
20040210,-0.0005054069465302718
20040211,-0.00024098118478492144
20040212,-0.000490064075530985
20040213,-0.0003120958732150315
20040214,-0.0004457435687250569
20040215,-0.00043628620706904196
20040216,-0.0006404819529186234
20040217,-0.0005289018486228888
20040218,-0.000779347190062297
20040219,-0.0008531676316270514
20040220,-0.0008540979438780264
20040221,-0.0005358779208007618
20040222,-0.000694664903848305
20040223,-0.0010428754749743194
20040224,-0.00038371197739127996
20040225,-0.00040609414752232326
20040226,-0.0006893697926357153
20040227,-0.0004669790519712116
20040228,-0.00036169156621342383
20040229,-0.0004309203691231698
20040301,-0.000539224467395703
20040302,-0.00021618768406998602
20040303,-0.0003758152503702825
20040304,-0.00048256823785330276
20040305,-0.0009150788762185777
20040306,-0.0009088081348849167
20040307,-0.0007082082823482005
20040308,-0.0010540351670481607
20040309,-0.0006491197852417988
20040310,-0.0006541099974842838
20040311,-0.0004767098463104046
20040312,-0.0005964609390012687
20040313,-0.0011051678380565677
20040314,-0.0012849043131837982
20040315,-0.00087058852565256
20040316,-0.0013646834944308335
20040317,-0.0018378416364897999
20040318,-0.0015902011459033379
20040319,-0.001234250171979758
20040320,-0.001406501036825761
20040321,-0.002612532093585524
20040322,-0.001582694492634692
20040323,-0.0013805463649288084
20040324,-0.0016166747063765257
20040325,-0.0012197015478002896
20040326,-0.0015889761329903474
20040327,-0.0014225751688003833
20040328,-0.0017281936443116035
20040329,-0.0020993558783252405
20040330,-0.0025133383439363242
20040331,-0.0024383955805535144
20040401,-0.0026153697074583
20040402,-0.0024942463070340612
20040403,-0.0023157913752566176
20040404,-0.0022643183532476095
20040405,-0.002451190580780809
20040406,-0.0025627117670028307
20040407,-0.0018092663577002621
20040408,-0.002026004622606145
20040409,-0.0015933726712239415
20040410,-0.0018775871780293877
20040411,-0.0021667431492706354
20040412,-0.002622914286478241
20040413,-0.0018025214900502014
20040414,-0.002033026845598096
20040415,-0.0027064222656793917
20040416,-0.003334997005066968
20040417,-0.0024141907302567185
20040418,-0.002478763622621765
20040419,-0.002839396208271227
20040420,-0.0016823606705914968
20040421,-0.0021225947660086786
20040422,-0.0024031190914592135
20040423,-0.0022395479610987866
20040424,-0.003146860590932435
20040425,-0.0027680557407284887
20040426,-0.003450075949454389
20040427,-0.0030013502099707563
20040428,-0.002846607507368214
20040429,-0.002378339838500085
20040430,-0.0028464587260385154
20040501,-0.002739793436023476
20040502,-0.0028672140220994276
20040503,-0.002933517219777364
20040504,-0.00297822810622244
20040505,-0.003123224240573006
20040506,-0.002026383736580061
20040507,-0.0023805370480908554
20040508,-0.0015579155400281136
20040509,-0.00204752936510075
20040510,-0.0018910363070848064
20040511,-0.002914602494099489
20040512,-0.0032471125303909624
20040513,-0.0017768903122551449
20040514,-0.002493996975712269
20040515,-0.0031092309624618794
20040516,-0.00326507762169102
20040517,-0.00410489664267687
20040518,-0.003909887895645537
20040519,-0.004221460506385534
20040520,-0.003995959726494419
20040521,-0.003172811801234197
20040522,-0.003441124561598835
20040523,-0.003222650461129362
20040524,-0.00373204201761212
20040525,-0.0037395761011355245
20040526,-0.0032965124545095027
20040527,-0.0037028240689873796
20040528,-0.0036854759543667663
20040529,-0.004348627265375541
20040530,-0.0037000264230130854
20040531,-0.00387262021085885
20040601,-0.0021260384990840833
20040602,-0.0022857066966434003
20040603,-0.0032399795504120606
20040604,-0.001586505382283697
20040605,-0.0027433744007008876
20040606,-0.0031709956945305
20040607,-0.004361273939759685
20040608,-0.004793564856914158
20040609,-0.004633259297695944
20040610,-0.0035659750056423285
20040611,-0.0036672317494827115
20040612,-0.003624035816815448
20040613,-0.0031540642967647424
20040614,-0.003923390684410112
20040615,-0.003357970993643942
20040616,-0.003947901944423839
20040617,-0.0038936592591128825
20040618,-0.0027792190395331895
20040619,-0.0025011412584642597
20040620,-0.0035715799479826165
20040621,-0.0033569006267826222
20040622,-0.002386545514725017
20040623,-0.004347321188801078
20040624,-0.0034901907842841196
20040625,-0.0031342091496515704
20040626,-0.0037164119235404795
20040627,-0.0038346767417298208
20040628,-0.0037606078920038497
20040629,-0.0036448289695455226
20040630,-0.003654700688371917
20040701,-0.002703753175838568
20040702,-0.003566549594993592
20040703,-0.0031676543553580193
20040704,-0.0027427460556402905
20040705,-0.003211074761247062
20040706,-0.003467428546836902
20040707,-0.0023964940627573946
20040708,-0.0028857837434520814
20040709,-0.0032292546169909024
20040710,-0.0030253591474503866
20040711,-0.0029656551164485216
20040712,-0.002683972958668543
20040713,-0.002716111621757675
20040714,-0.0030727933672943263
20040715,-0.0018792165314574715
20040716,-0.0030767124671282273
20040717,-0.00404869402312935
20040718,-0.0028600052521612135
20040719,-0.00404869016668258
20040720,-0.002703627429715917
20040721,-0.0037760555806908977
20040722,-0.004235264417617455
20040723,-0.00381898048213927
20040724,-0.0040759797901165715
20040725,-0.003460675213793129
20040726,-0.0020948105047310503
20040727,-0.0029145185371694006
20040728,-0.004085207361251903
20040729,-0.004317420433286556
20040730,-0.0037782916951011746
20040731,-0.003111708302008636
20040801,-0.0037912992343709434
20040802,-0.0037196328306967567
20040803,-0.003690545374120506
20040804,-0.002768448815892467
20040805,-0.003611843314643661
20040806,-0.0024473943975547776
20040807,-0.002774274841792535
20040808,-0.003581675990049988
20040809,-0.003444129496107079
20040810,-0.0021061392740186606
20040811,-0.0035188171310734048
20040812,-0.00234323172405632
20040813,-0.0030023333571011944
20040814,-0.0024341934005042095
20040815,-0.0023006647844041133
20040816,-0.0022649494708813192
20040817,-0.002537554934013971
20040818,-0.004094233513993271
20040819,-0.004075315074460407
20040820,-0.0033803092293974673
20040821,-0.0023551415728018297
20040822,-0.002450148709922084
20040823,-0.0034667588634092594
20040824,-0.0028688086037034345
20040825,-0.0023157224261758135
20040826,-0.002311551585860322
20040827,-0.0024406535670516883
20040828,-0.001218364313146681
20040829,-0.002443582506528538
20040830,-0.0028367078839209425
20040831,-0.0023256167542661287
20040901,-0.00256463078876262
20040902,-0.003114084914760328
20040903,-0.002717121082857803
20040904,-0.00305412817568274
20040905,-0.003362529357022301
20040906,-0.0032262322921144705
20040907,-0.003205729271322759
20040908,-0.0030188681133641523
20040909,-0.0031411738534022535
20040910,-0.0029420841042687726
20040911,-0.0024664104785958913
20040912,-0.00254633435492968
20040913,-0.0021861266255337503
20040914,-0.00207537600758405
20040915,-0.0016161017293029583
20040916,-0.0017598915723292018
20040917,-0.002028183614415894
20040918,-0.0021540018052536207
20040919,-0.0012788228439880958
20040920,-0.0013199834410822426
20040921,-0.001947941899012713
20040922,-0.0013527704120157953
20040923,-0.0013566576731829565
20040924,-0.0018273157044315707
20040925,-0.0016272478082150106
20040926,-0.0012894307095572505
20040927,-0.0005907072660604272
20040928,-0.00112369309497581
20040929,-0.0009781329482768102
20040930,-0.001000682844879102
20041001,-0.0011430172265427688
20041002,-0.0013238898719324654
20041003,-0.0014251875125405346
20041004,-0.0016661284113599494
20041005,-0.0015887768412326596
20041006,-0.0011817837339168616
20041007,-0.0012456058105237947
20041008,-0.0006303647890257488
20041009,-0.0013759628140929076
20041010,-0.0014181942946912072
20041011,-0.0015318385273719436
20041012,-0.0012883993301173865
20041013,-0.0008135877515704944
20041014,-0.0013847678989799802
20041015,-0.0016123888703879893
20041016,-0.001337901057274936
20041017,-0.001169494558717319
20041018,-0.0012514033661954768
20041019,-0.0006109879716233863
20041020,-0.0007732668977501955
20041021,-0.0018377588164167423
20041022,-0.0010874621753415414
20041023,-0.0009645374034530397
20041024,-0.0012953972597794467
20041025,-0.0014743213941595975
20041026,-0.0005746520654478217
20041027,-0.0007878785938173415
20041028,-0.001077403505410526
20041029,-0.0008564388781435721
20041030,-0.0005557188532974739
20041031,-0.0007218760458814021
20041101,-0.0005304581974050656
20041102,-0.0005680761044261599
20041103,-0.00038829172797135613
20041104,-0.0003139227626146375
20041105,-0.0008297718388200352
20041106,-0.00036696515940101276
20041107,-0.0008596892153153114
20041108,-0.0004081107232098199
20041109,-0.0006461226256456127
20041110,-0.0004619168156388504
20041111,-0.00039325939412939234
20041112,-0.0003154545103338267
20041113,-0.0007889932870816706
20041114,-0.00032385627565370995
20041115,-0.00030818173753496125
20041116,-0.00010857091402767737
20041117,-0.0002153732740532985
20041118,-0.0007142718876614797
20041119,-0.0013850515994785198
20041120,-0.00044343550535846737
20041121,-0.00028857978037464876
20041122,-0.00029983592040341644
20041123,-0.00045723746255400935
20041124,-0.0005053150585793203
20041125,-0.0003036248899659432
20041126,-0.0002649436141480191
20041127,-0.0002228456846008209
20041128,-0.0003295388091787454
20041129,-0.00047789284315225347
20041130,-0.0003832908276593779
20041201,-0.0003153778014926589
20041202,-0.0003007235344058431
20041203,-0.0002911111969252071
20041204,-0.0002725528327402665
20041205,-0.00021686848058635565
20041206,-0.00013562391496703071
20041207,-0.00018676797300860298
20041208,-0.00024299606224074526
20041209,-0.00029204669222467083
20041210,-0.00012702379436478305
20041211,-9.275087016841096e-05
20041212,-5.027535924902881e-05
20041213,-1.4582833759711183e-05
20041214,-3.166590851749839e-05
20041215,-3.2517293198316524e-05
20041216,-3.522773383821464e-05
20041217,-0.00048363416097036284
20041218,-0.0007411448430401908
20041219,-0.0002706310984739939
20041220,-0.00012960356882637917
20041221,-9.667216583039767e-05
20041222,-0.0002575391630028832
20041223,0.0005323986546817485
20041224,0.0001528522128299599
20041225,-0.00044595363283756037
20041226,-0.0004158149371173809
20041227,-0.0002939794526742751
20041228,-0.00014825064089322965
20041229,-0.0001247774828216323
20041230,-0.00020041324390594064
20041231,0.00017229383747490882
20050101,-0.00011161656640037468
20050102,-0.0009445219683354764
20050103,-0.0002493282979155361
20050104,-0.00030780845725397575
20050105,-0.00021187633657062036
20050106,-0.0005356254111817646
20050107,-0.00029714616693028484
20050108,-0.0008410972643170092
20050109,-0.0003405358505315359
20050110,-0.0005481753944685784
20050111,-0.0005151852417702978
20050112,-0.0005020687099667505
20050113,-0.00043050950566796516
20050114,-0.00018929390908618455
20050115,-0.00021324218668712004
20050116,-0.0001361323895687955
20050117,-8.830299561627738e-05
20050118,-0.000753274210753525
20050119,-0.0004757633459136378
20050120,-0.00036828263210141965
20050121,-0.001391664671838389
20050122,-0.00046401602119981175
20050123,-0.00043317608363924274
20050124,-0.0004919517173340868
20050125,-0.0002650158579680712
20050126,-0.0003059103850167789
20050127,-0.00011333043625356359
20050128,-9.480942582152372e-05
20050129,-0.0001229385923085263
20050130,-8.571328257301825e-05
20050131,-1.369552759049389e-05
20050201,-0.00052067544394747
20050202,-0.00020849511903663786
20050203,-0.0003636539671605202
20050204,-0.0003845954843873171
20050205,-0.0002291481252413907
20050206,-0.00021122103870650902
20050207,-0.000213895365586417
20050208,-0.00031519384694983325
20050209,-0.00021836866222166835
20050210,-0.0003695785710361242
20050211,-0.0002340288388706083
20050212,-0.0007694228532676958
20050213,-0.0011968324559270352
20050214,-0.0008090651255563386
20050215,-0.00082852492053872
20050216,-0.0006530635931353974
20050217,-0.00033694663905746414
20050218,-0.0003543808547963427
20050219,-0.0003164946238512645
20050220,-0.0003762026102121471
20050221,-0.00041666167928993195
20050222,-0.000575381316632493
20050223,-0.00033174399628605573
20050224,-0.00034489553229146363
20050225,-0.00030205634404396344
20050226,-0.00033445160397671
20050227,-0.0009656413530230202
20050228,-0.00041391088055994584
20050301,-0.0003921993030763711
20050302,-0.0006429326813322282
20050303,-0.0004161352267633956
20050304,-0.00037744066914918
20050305,-0.00033904284154081784
20050306,-0.000697331275697909
20050307,-0.00030419067814554235
20050308,-0.00024511189929038614
20050309,-0.00039876494828010263
20050310,-0.00047192479653973985
20050311,-0.0006720065812481048
20050312,-0.0010523319182953119
20050313,-0.0009647060585530803
20050314,-0.000792424740688472
20050315,-0.0010925534339623689
20050316,-0.0015015974873025268
20050317,-0.0013620289508614112
20050318,-0.0014805790151019883
20050319,-0.0011955706076830427
20050320,-0.0012871728740045706
20050321,-0.0020965480340361495
20050322,-0.0013929242229968623
20050323,-0.001712393645308071
20050324,-0.0015916492070844153
20050325,-0.0014885752000057069
20050326,-0.0015378947077431307
20050327,-0.0014763198207239962
20050328,-0.0013632331623573482
20050329,-0.0017521804067756374
20050330,-0.000976348420616259
20050331,-0.0016044729235572591
20050401,-0.0027852649029629023
20050402,-0.0025890099970382378
20050403,-0.00272642259909698
20050404,-0.00264315555565252
20050405,-0.0016202194785390497
20050406,-0.001637019675284192
20050407,-0.0025356023821408316
20050408,-0.002305299087236601
20050409,-0.002423117186989401
20050410,-0.0016485118383061657
20050411,-0.002362308800966543
20050412,-0.0023026469078459132
20050413,-0.0019564894293861742
20050414,-0.0023179550660142787
20050415,-0.00218968900853932
20050416,-0.001811844954059192
20050417,-0.0019910540196044083
20050418,-0.0018686139831268838
20050419,-0.001902607730751395
20050420,-0.0014892618564397902
20050421,-0.0032474106021936036
20050422,-0.0032396468284163235
20050423,-0.0017448399825054244
20050424,-0.00190052001128139
20050425,-0.0011360747941194537
20050426,-0.0023318547046738526
20050427,-0.0033164520187279477
20050428,-0.0028016213614539104
20050429,-0.0026106980093723977
20050430,-0.003430090987644569
20050501,-0.0045214828989312734
20050502,-0.004645681017740029
20050503,-0.002822669606612832
20050504,-0.0028645644641682217
20050505,-0.002694867227175637
20050506,-0.0027980235182668723
20050507,-0.0022664925234697096
20050508,-0.0033398787887630728
20050509,-0.0032880218037262443
20050510,-0.0032702723147521183
20050511,-0.0029717956356895606
20050512,-0.0041258796056205345
20050513,-0.002344038505534378
20050514,-0.001603414444577574
20050515,-0.003267142075720202
20050516,-0.0025261472460416843
20050517,-0.0027095780244488802
20050518,-0.0024889646585240788
20050519,-0.0037278407501656376
20050520,-0.004057795484450945
20050521,-0.002977226670195032
20050522,-0.002970526114780196
20050523,-0.003134861195435682
20050524,-0.003640195060606626
20050525,-0.004138066908245827
20050526,-0.0049080612734306375
20050527,-0.004938498862486795
20050528,-0.005026295264492249
20050529,-0.004268391865093207
20050530,-0.0017832576961427727
20050531,-0.0030072736000774213
20050601,-0.0032596882281699475
20050602,-0.0035436899882095186
20050603,-0.004662173290351051
20050604,-0.0035509289181750205
20050605,-0.002951931525722973
20050606,-0.0014852911725874332
20050607,-0.002973567445442651
20050608,-0.0033819910315859036
20050609,-0.003598610699612178
20050610,-0.003078577293250708
20050611,-0.002387944148288115
20050612,-0.0033344356413556203
20050613,-0.0035466041230219317
20050614,-0.0020535020287116667
20050615,-0.003823208307334219
20050616,-0.003007918963151139
20050617,-0.0029019628853168083
20050618,-0.00455872510161103
20050619,-0.005430252685959261
20050620,-0.0051844430759150125
20050621,-0.004422341695953312
20050622,-0.004934683864840053
20050623,-0.004805078728848426
20050624,-0.004277352016495486
20050625,-0.0032124722502810156
20050626,-0.003592900602644211
20050627,-0.004575959528653051
20050628,-0.004759808040235091
20050629,-0.0035698103781176224
20050630,-0.003944034337854356
20050701,-0.004090510669325722
20050702,-0.0008587775464927806
20050703,-0.003231056053475649
20050704,-0.0033946784951197897
20050705,-0.0039818324266315715
20050706,-0.003327816934890142
20050707,-0.0030141172595529453
20050708,-0.0028001689118829095
20050709,-0.003597498888986301
20050710,-0.003971313835994071
20050711,-0.004647647959705174
20050712,-0.004755117460134933
20050713,-0.004883092366347742
20050714,-0.0043556021865138565
20050715,-0.004430663945630417
20050716,-0.004698590153074693
20050717,-0.0045711135706204414
20050718,-0.003817331242930403
20050719,-0.0037258080595174653
20050720,-0.0027121461287263273
20050721,-0.00301679777818998
20050722,-0.002456985277638599
20050723,-0.0024537910823285995
20050724,-0.0017809382164018848
20050725,-0.003571773422624304
20050726,-0.003013020360566702
20050727,-0.004355373754053003
20050728,-0.004840760527647416
20050729,-0.003396818216772795
20050730,-0.0037657034077977153
20050731,-0.0032420416926801513
20050801,-0.0027054473272597863
20050802,-0.0026063098335603312
20050803,-0.003146121724471084
20050804,-0.002980824207561394
20050805,-0.0028524630243240783
20050806,-0.002797884535714911
20050807,-0.002738607768274599
20050808,-0.0022443951013352594
20050809,-0.0024919567182344216
20050810,-0.0023238041627113813
20050811,-0.002086501941430937
20050812,-0.0028048107028734383
20050813,-0.002560599825623671
20050814,-0.0027137703496609746
20050815,-0.001559983763992678
20050816,-0.002532142793231668
20050817,-0.003289044094880833
20050818,-0.003475107643406662
20050819,-0.002757003596268575
20050820,-0.0026073443942483654
20050821,-0.0020679128668941713
20050822,-0.002174014338134025
20050823,-0.0018338210159103755
20050824,-0.002914428216386388
20050825,-0.0018014684164848755
20050826,-0.0025662091424668433
20050827,-0.0020770978412432356
20050828,-0.002952066462096762
20050829,-0.0032276323879769915
20050830,-0.0034684392143245805
20050831,-0.0033900683601692534
20050901,-0.002221035779222948
20050902,-0.002958220199572607
20050903,-0.0028764225564798887
20050904,-0.002942760511787616
20050905,-0.0029764541100901942
20050906,-0.002648518966438871
20050907,-0.002838160947833183
20050908,-0.002550499711167383
20050909,-0.001552541254481213
20050910,-0.002332371585913681
20050911,-0.0011141192853979932
20050912,-0.0011042409179239734
20050913,-0.001716002527752104
20050914,-0.0017973185947198103
20050915,-0.0018397957586049945
20050916,-0.0017740401100063913
20050917,-0.0020989993562660516
20050918,-0.0023466539523350305
20050919,-0.002482727487616813
20050920,-0.002180384486524739
20050921,-0.002224526783461902
20050922,-0.0021176118156255737
20050923,-0.0021179698688674133
20050924,-0.001666109495780285
20050925,-0.0016264876475012404
20050926,-0.0018344674697577284
20050927,-0.0015748774285944786
20050928,-0.0016692614368821771
20050929,-0.0016811946019062024
20050930,-0.0005483250982533096
20051001,-0.0007297691263247778
20051002,-0.0013141590983946762
20051003,-0.0009095325025649179
20051004,-0.0008051396636968023
20051005,-0.0010181298292127217
20051006,-0.0013434267123151244
20051007,-0.0012095859690118686
20051008,-0.0011259016983547153
20051009,-0.0012209217204228553
20051010,-0.0013198898769241892
20051011,-0.001314661539505682
20051012,-0.0015004611176761154
20051013,-0.0012741140875828936
20051014,-0.0012963676022107167
20051015,-0.0012775111651829112
20051016,-0.001215482643515107
20051017,-0.0012281445849258133
20051018,-0.0012014826946497544
20051019,-0.00042366098130109276
20051020,-0.0005257915475698023
20051021,-0.0013803344347361702
20051022,-0.001626431360849312
20051023,-0.0013923466834262791
20051024,-0.0009241600014133361
20051025,-0.0014394991965667485
20051026,-0.0007120244429584631
20051027,-0.0010746821907858728
20051028,-0.001283337312521035
20051029,-0.0012766917642092219
20051030,-0.0012661434469713139
20051031,-0.0011398504337482693
20051101,-0.0013347820603496349
20051102,-0.000842720489117922
20051103,-0.0010829721608974028
20051104,-0.000708685901739969
20051105,-0.0009315278501463628
20051106,-0.0007269861932409945
20051107,-0.0005536803869822535
20051108,-0.0008578357006449551
20051109,-0.0005835621463537431
20051110,-0.0006954316283514829
20051111,-0.0004457715116021227
20051112,-0.0005079795073214931
20051113,-0.0005967516833701558
20051114,-0.00047944670192889816
20051115,-0.0004633632187119745
20051116,-0.0008810458198228572
20051117,-0.0005141595624602289
20051118,-0.00046849706143506673
20051119,-0.0002808893295751513
20051120,-0.00016913195343646941
20051121,-0.0001729788577961961
20051122,-0.0004255682371203308
20051123,-0.00027078880478419637
20051124,-0.00024985318199755886
20051125,-0.0005670261787623944
20051126,-0.00044051201562621484
20051127,-0.0002838587548608199
20051128,-0.00022028865850175564
20051129,-0.00014297273707443098
20051130,-0.0001701502510776438
20051201,-9.317101896387328e-05
20051202,-0.0005629908510093103
20051203,-0.0004342489668925253
20051204,-0.0009716023489372384
20051205,-0.0004952783425643953
20051206,-0.00047919323036739453
20051207,-0.00043591819518795557
20051208,-0.0004299570450425687
20051209,-0.0004531390443728944
20051210,-0.0003141487908860339
20051211,-0.00029211796742515035
20051212,-0.0001590333222294111
20051213,-0.00021063129353443463
20051214,-0.00017438460981400287
20051215,-0.0003212126092146156
20051216,-0.000677264236188112
20051217,-0.0006363977963892831
20051218,-0.0002598061142980115
20051219,-0.00017649739903679182
20051220,-0.00014328717312173963
20051221,-0.0001498625073969538
20051222,-0.00013606539158208725
20051223,-8.982398554102414e-05
20051224,-8.713272154548668e-05
20051225,-0.000245021773460173
20051226,-0.00028682101902122024
20051227,-0.0002656556852584147
20051228,-8.435260579030591e-05
20051229,-0.00010696510244949312
20051230,-0.00021209358735257866
20051231,0.0006003941918863983
20060101,-0.0001064039412146893
20060102,-0.00023308960605349923
20060103,-0.0002288772458785746
20060104,-0.0002780330085124598
20060105,-0.00031833341604858785
20060106,-7.895511995293625e-05
20060107,-6.260751149833599e-05
20060108,-0.00011111138013404699
20060109,-3.625606050372663e-05
20060110,-3.6703695078079323e-06
20060111,-9.679204325080756e-05
20060112,-6.704203480293392e-05
20060113,-0.00018092925965828592
20060114,-9.33580667169846e-05
20060115,-8.844955478254361e-05
20060116,-0.00012444681356900904
20060117,5.566047629855994e-06
20060118,4.530860089571097e-05
20060119,-5.4228787151384286e-05
20060120,-0.00011912901854620928
20060121,-0.0002789385865533469
20060122,-0.00041056401497034986
20060123,-0.0003263091457382058
20060124,-0.00011581714027149709
20060125,-4.27283468267454e-05
20060126,-0.0001683264828561694
20060127,-0.00010541910704034462
20060128,-0.00022684104472007468
20060129,-0.000325035682026154
20060130,-0.00021667090109854024
20060131,-0.0001169352386327782
20060201,-2.6767564035972696e-05
20060202,-4.532325612200555e-05
20060203,-8.299437441687812e-05
20060204,-7.077079405379821e-05
20060205,-6.408889550352055e-05
20060206,-8.508691745806817e-05
20060207,-0.0001817422629088061
20060208,-0.0005191743103735284
20060209,-0.0005836722421152405
20060210,-0.0004319162337404656
20060211,-0.0003809970978361693
20060212,-0.00015901639465822464
20060213,-0.00020282937125316002
20060214,-8.856162319253769e-05
20060215,-0.0002813342724820242
20060216,-0.0007647114068049937
20060217,-0.001119933353744933
20060218,-0.0011453841965312303
20060219,-0.0008685443901313536
20060220,-0.0005217906172120566
20060221,-0.0006863210033308313
20060222,-0.0005780546575328015
20060223,-0.0005060815978039719
20060224,-0.0006985742151127784
20060225,-0.000746203672558687
20060226,-0.000532483715046181
20060227,-0.00033912682457900716
20060228,-0.0003062131995214131
20060301,-0.0006740712136000224
20060302,-0.0004834438328445244
20060303,-6.811562934529985e-05
20060304,-0.00020990156806823752
20060305,-0.0003868165890883846
20060306,-0.00035131728342452205
20060307,-0.000486039803477687
20060308,0.00041616560842797627
20060309,8.778161344663418e-05
20060310,-0.001229807732567107
20060311,-0.0012081794899368213
20060312,-0.0006878564896982945
20060313,-0.00044583699626791736
20060314,-0.0005925066675304666
20060315,-0.000765768897519708
20060316,-0.0008305842082545295
20060317,-0.0009025641114393425
20060318,-0.0011755089709843292
20060319,-0.001304351338158944
20060320,-0.0012718552232419277
20060321,-0.0010351270455519637
20060322,-0.0011526442240577617
20060323,-0.00165826957386766
20060324,-0.001092302122578106
20060325,-0.001219471582287738
20060326,-0.0017440689005229063
20060327,-0.0022446571948852322
20060328,-0.0018245204412397206
20060329,-0.0018482488172125093
20060330,-0.001620489420074896
20060331,-0.0022092635476102375
20060401,-0.002152648036432111
20060402,-0.0019129401194432044
20060403,-0.0019623143487773453
20060404,-0.0021532294118489412
20060405,-0.0017894510123394733
20060406,-0.001866900181472998
20060407,-0.002232942404208186
20060408,-0.0025496238317339005
20060409,-0.0018497456894264192
20060410,-0.0018616674321741639
20060411,-0.0019687112278337308
20060412,-0.002026210209073148
20060413,-0.000836358446502221
20060414,-0.001621190338699354
20060415,-0.001998450846482297
20060416,-0.0020298853782141305
20060417,-0.002408467143280623
20060418,-0.002183435683101694
20060419,-0.00212307884415578
20060420,-0.002345186546415223
20060421,-0.0031442985785067766
20060422,-0.0030493526648935477
20060423,-0.0030451800656459845
20060424,-0.0033267555058108496
20060425,-0.002854807507602584
20060426,-0.002188066930487055
20060427,-0.0018703492582847108
20060428,-0.0030055696595154596
20060429,-0.002958705312813013
20060430,-0.0024288790321643
20060501,-0.0020880849891425097
20060502,-0.003182019356153112
20060503,-0.003465427612019619
20060504,-0.0038940611221655896
20060505,-0.0037081718716276226
20060506,-0.003957825457750948
20060507,-0.0032406032520692616
20060508,-0.0021224514963107577
20060509,-0.0023821257061300534
20060510,-0.0024122408921001563
20060511,-0.004194329292536123
20060512,-0.00394224163343858
20060513,-0.002707497318074695
20060514,-0.0027653824865187695
20060515,-0.0027886266500136395
20060516,-0.002481965642367321
20060517,-0.003233821293153169
20060518,-0.0025496029426141935
20060519,-0.003625326739728405
20060520,-0.0031528780100913687
20060521,-0.003158012479256771
20060522,-0.0034132122505466157
20060523,-0.003774069603972056
20060524,-0.0035097495987714464
20060525,-0.001517049666668228
20060526,-0.0013928487249034347
20060527,-0.001877075358573554
20060528,-0.003571436000451792
20060529,-0.002777807596415335
20060530,-0.0033599818237290907
20060531,-0.002836469194425501
20060601,-0.002519775300103485
20060602,-0.0029534597076265757
20060603,-0.0028016693197849135
20060604,-0.003753499807994752
20060605,-0.0028431629339576124
20060606,-0.0033060166947214945
20060607,-0.00352353315492073
20060608,-0.0042246899615357054
20060609,-0.005027660006753049
20060610,-0.0051127080384946065
20060611,-0.005286055517686581
20060612,-0.0050856970102508324
20060613,-0.00478829558242703
20060614,-0.004392768218591516
20060615,-0.0035104992730181214
20060616,-0.0034334863198425747
20060617,-0.0043945456521089455
20060618,-0.0042297222900165654
20060619,-0.0038115082708656232
20060620,-0.0031204853831714716
20060621,-0.004444257186081952
20060622,-0.0029028317746316984
20060623,-0.0038456486551331805
20060624,-0.004449372737915256
20060625,-0.004271002132548853
20060626,-0.0038295400911088264
20060627,-0.003316178327365249
20060628,-0.003248119642869343
20060629,-0.003752503905318585
20060630,-0.004138752380256433
20060701,-0.005334255953419001
20060702,-0.005576675345385739
20060703,-0.005033272256737144
20060704,-0.004642822831851521
20060705,-0.0038791701563619554
20060706,-0.002817113790192649
20060707,-0.002808484601579696
20060708,-0.0035272001148790406
20060709,-0.003239044495804973
20060710,-0.004241931197212851
20060711,-0.004130854508391808
20060712,-0.0038155314398037985
20060713,-0.003967013346026731
20060714,-0.0041493521274552
20060715,-0.004609873096088037
20060716,-0.004525797332582291
20060717,-0.0043845169412148905
20060718,-0.0044226197892845735
20060719,-0.004233142425297715
20060720,-0.003574481227968497
20060721,-0.003349420374335451
20060722,-0.0034815760066129664
20060723,-0.003315401104481601
20060724,-0.003395631486412705
20060725,-0.003258146075221335
20060726,-0.003545526642012815
20060727,-0.0034265864368816473
20060728,-0.0024510719920496672
20060729,-0.003128271248660801
20060730,-0.0029954765084754314
20060731,-0.0026676306020095492
20060801,-0.002397187364981477
20060802,-0.002552735886434571
20060803,-0.002508094239896102
20060804,-0.0020662560340405
20060805,-0.0027118365789968895
20060806,-0.002547648748875282
20060807,-0.0035720003539166396
20060808,-0.0028364574261128643
20060809,-0.0024677410840396995
20060810,-0.002525983159704674
20060811,-0.0027703216730535826
20060812,-0.002214101251831793
20060813,-0.001987031350984624
20060814,-0.002693714667963813
20060815,-0.0029757219579868606
20060816,-0.0022781984883532835
20060817,-0.0033237272959800524
20060818,-0.0034498624555096345
20060819,-0.0032138578182420623
20060820,-0.00273178804391944
20060821,-0.0026365563735467105
20060822,-0.0026469939518896698
20060823,-0.0023984946743829194
20060824,-0.0029365945040000507
20060825,-0.002060744760551864
20060826,-0.0021947024813603875
20060827,-0.001975256475392632
20060828,-0.0016306105118704922
20060829,-0.002185099472317369
20060830,-0.00220037560370121
20060831,-0.002313029908954449
20060901,-0.003191072392750413
20060902,-0.0027981796032725617
20060903,-0.0014554556063786307
20060904,-0.0027175339015496004
20060905,-0.002627353933299688
20060906,-0.0029488894915545055
20060907,-0.002252584675046984
20060908,-0.0028963427603937246
20060909,-0.00315127361496157
20060910,-0.0025237174280871564
20060911,-0.002701017461044352
20060912,-0.0026864039121523254
20060913,-0.0028351994356868083
20060914,-0.0019400089165962676
20060915,-0.0016210913791573022
20060916,-0.0013329170232471781
20060917,-0.0011926020752402481
20060918,-0.0013642948276495462
20060919,-0.0017141837571809813
20060920,-0.0019093454697979156
20060921,-0.0025008674273551933
20060922,-0.002435033564712553
20060923,-0.002043493452915941
20060924,-0.0016017986388554384
20060925,-0.0011049686052623836
20060926,-0.0014061477848875152
20060927,-0.0012870119894278743
20060928,-0.0012802828802892104
20060929,-0.0015680026684744429
20060930,-0.001890036718151814
20061001,-0.0017615183183198396
20061002,-0.0011975299950121078
20061003,-0.001065827887915299
20061004,-0.0015879386669112006
20061005,-0.0015147734863966832
20061006,-0.001708208350131782
20061007,-0.0018739141189884983
20061008,-0.0014588228419294437
20061009,-0.001386264157590668
20061010,-0.0013205175658562605
20061011,-0.0013321303010875754
20061012,-0.0009053132377198699
20061013,-0.0008318476778595821
20061014,-0.0011346900744190092
20061015,-0.0010819268468789125
20061016,-0.0012634919738059955
20061017,-0.0012908573268038688
20061018,-0.0014199949640882376
20061019,-0.0013378735391846668
20061020,-0.0016877967732920037
20061021,-0.0014472058705983664
20061022,-0.0015719201910734532
20061023,-0.0018058808069310005
20061024,-0.0022853527560228203
20061025,-0.0011218023672515006
20061026,-0.0015060183221515466
20061027,-0.0008668898461287792
20061028,-0.0008747923224339532
20061029,-0.0010635427849662138
20061030,-0.000794424774249166
20061031,-0.0007849225525149892
20061101,-0.0014615734628519361
20061102,-0.00075307954846712
20061103,-0.0005139349194542439
20061104,-0.0003786006230781021
20061105,-0.0004462985888116001
20061106,-0.00044024015725540217
20061107,-0.0006027041895888575
20061108,-0.00035862641285989185
20061109,-0.0007238760776078977
20061110,-0.0005751727230355327
20061111,-0.00045863467481016177
20061112,-0.001290783701824057
20061113,-0.0004830796022071425
20061114,-0.0003586874407155742
20061115,-0.0007358164185619774
20061116,-0.0012758032582912105
20061117,-0.0012138685160514677
20061118,-0.0005649873899494304
20061119,-0.0008317150469552899
20061120,-0.001012256713762533
20061121,-0.0010514876307952867
20061122,-0.0008386181443869271
20061123,-0.0011210542357870182
20061124,-0.0008578903599066434
20061125,-0.0014624601944156247
20061126,-0.0005755015152392874
20061127,-0.00038238014405219203
20061128,-0.00046078430990748335
20061129,-0.0004502260140886365
20061130,-0.00025042670117699943
20061201,-0.00030603302616303733
20061202,-0.00034889015521375697
20061203,-0.0012173555192730569
20061204,-0.0010786164109362008
20061205,-0.0011253938350745734
20061206,-0.0009245452041499163
20061207,-0.0009611584269076793
20061208,-0.0016616882226707429
20061209,-0.0006160534776725019
20061210,-0.0004531154381906387
20061211,-0.0007507332574256297
20061212,-0.0007251780089366622
20061213,-0.00020996075774586215
20061214,-0.00017151829265164107
20061215,-0.0003353891493567238
20061216,-0.0003472103429928231
20061217,-0.0004565652433805144
20061218,-0.0003592536455532592
20061219,-0.00036927637610355724
20061220,-0.00024687344837445713
20061221,-0.0001504417937758156
20061222,-0.00027941336200976554
20061223,-0.00014155248956003013
20061224,-0.00016541305373306552
20061225,-0.00015188455730630993
20061226,-0.0002108293468528909
20061227,-0.00011474381271141571
20061228,-9.016738612510574e-05
20061229,-0.00015990728444384054
20061230,-0.0008709845683354257
20061231,-0.0006674704506552586
20070101,-0.001583802931675258
20070102,-0.0007779305226309891
20070103,-0.00047628700043816685
20070104,-0.0007986260411919374
20070105,-0.0004091932153181956
20070106,-0.00036707122148081585
20070107,-0.0006553705657143737
20070108,-0.0009626158495716054
20070109,-0.0005345686437072913
20070110,-0.000739328939886989
20070111,-0.0010552909568346182
20070112,-0.0008145863716554772
20070113,-0.000488442142690856
20070114,-0.0007197839163650886
20070115,-0.00020836239348500293
20070116,-0.0002169988986806526
20070117,-0.0008202605922692653
20070118,-0.0025624497919636796
20070119,-0.0011927614869103537
20070120,-0.0010101499893794667
20070121,-0.001213661745694401
20070122,-0.00041456799934909644
20070123,-0.0007017003799814661
20070124,-0.00042524807085813585
20070125,-0.0002280168802599033
20070126,-9.5298063956305e-05
20070127,-0.00021760913834696898
20070128,-0.00031438179982433927
20070129,-0.00015639289399639234
20070130,-0.0002605318744224128
20070131,-0.00036341824862237264
20070201,-0.00011309290459383034
20070202,-0.00020925108067059011
20070203,-0.0005221149104158171
20070204,-0.0005110066252010165
20070205,-0.0002951444793717794
20070206,-0.0006031060695965867
20070207,-0.00041146169339292073
20070208,-0.0007078758581838012
20070209,-0.000648975555273235
20070210,-0.0005826935382925774
20070211,-0.0013925557601438614
20070212,-0.0015874895023474445
20070213,-0.0013562945934672552
20070214,-0.0008535809231116141
20070215,-0.0009417551193813939
20070216,-0.0010310470520084776
20070217,-0.0007468705697430639
20070218,-0.0007483599189407744
20070219,-0.00044117282957903945
20070220,-0.0007084172598756806
20070221,-0.0006672970219106722
20070222,-0.0008139264260288442
20070223,-0.0009718741673114534
20070224,-0.0013171054794611612
20070225,-0.0018889095397732465
20070226,-0.0012434903478696024
20070227,-0.000910841718015706
20070228,-0.0018073847892412813
20070301,-0.0019045327317204796
20070302,-0.001457134848749745
20070303,-0.0019539338704592127
20070304,-0.0013555227838434355
20070305,-0.0017715928060294006
20070306,-0.0015720739196718326
20070307,-0.0017507502847205537
20070308,-0.000977668077261337
20070309,-0.0009818767107544859
20070310,-0.0013870549035981347
20070311,-0.0013892178451951434
20070312,-0.001515920363600574
20070313,-0.0014961279200396511
20070314,-0.0013634873059732208
20070315,-0.0015723371605440633
20070316,-0.0014976904380950959
20070317,-0.0005198921610706532
20070318,-0.001432687418738916
20070319,-0.0013028796945267148
20070320,-0.0015296127975734481
20070321,-0.0015003046395376854
20070322,-0.0006357262099015491
20070323,-0.0008713338806493104
20070324,-0.0004568141104064342
20070325,-0.0013279944144497459
20070326,-0.0020255746349785446
20070327,-0.002131446428301597
20070328,-0.0019663588146643014
20070329,-0.0017546658525254136
20070330,-0.0015409952125225686
20070331,-0.001205673640715463
20070401,-0.001998493300887662
20070402,-0.0024888771781966844
20070403,-0.002394204883867588
20070404,-0.0019128132858540932
20070405,-0.002586239755290291
20070406,-0.0025181827910348946
20070407,-0.0022742789492537843
20070408,-0.0026721104655089544
20070409,-0.002680426170294516
20070410,-0.0021678639681060557
20070411,-0.0027599253987213327
20070412,-0.0029805738150965313
20070413,-0.0031657257328887274
20070414,-0.0033757255323384827
20070415,-0.003662491450076945
20070416,-0.003722451331054477
20070417,-0.0031398893817374896
20070418,-0.0025186936120887076
20070419,-0.002963997674893906
20070420,-0.0028054755390702585
20070421,-0.0030088597354281316
20070422,-0.0032686799090583607
20070423,-0.0030289754855005037
20070424,-0.0030994468440506684
20070425,-0.0036685378804523503
20070426,-0.003927944763437282
20070427,-0.0033781561235961453
20070428,-0.002988509540846103
20070429,-0.0031748429637807685
20070430,-0.0038880479634092408
20070501,-0.003816285704791911
20070502,-0.00361282658708929
20070503,-0.002987225952066152
20070504,-0.0032294578703674515
20070505,-0.0028153640880891504
20070506,-0.003332163379978164
20070507,-0.0017782254170097204
20070508,-0.003050513509847577
20070509,-0.0018033734013481095
20070510,-0.0035004937787659583
20070511,-0.002776619397638646
20070512,-0.003390307089955774
20070513,-0.0034835589274555667
20070514,-0.0027491766112290044
20070515,-0.0034210211031064546
20070516,-0.002102902171708673
20070517,-0.0011880497704383139
20070518,-0.0020019323201761405
20070519,-0.0025025370024993458
20070520,-0.003335836399157769
20070521,-0.00401258023459697
20070522,-0.003917436354500586
20070523,-0.003380204618472361
20070524,-0.00391454594422147
20070525,-0.004290813237417379
20070526,-0.0033464391575114957
20070527,-0.0030051607548498335
20070528,-0.002624349693345221
20070529,-0.0025978635991199886
20070530,-0.0035357121186829605
20070531,-0.0033703779135089433
20070601,-0.001845809727618302
20070602,-0.003545131746564418
20070603,-0.003559304917509952
20070604,-0.0035556385086828357
20070605,-0.004031842348865327
20070606,-0.004292212708328435
20070607,-0.004183906071177588
20070608,-0.004064831145479211
20070609,-0.003398562722310197
20070610,-0.0037550384545539718
20070611,-0.0036564992544248732
20070612,-0.003254590098932314
20070613,-0.003729015575075936
20070614,-0.0036295507697236013
20070615,-0.0024741787373923035
20070616,-0.00397218347500959
20070617,-0.0043167004313487975
20070618,-0.00445358438795796
20070619,-0.004947279012058966
20070620,-0.0037935415545708342
20070621,-0.003034247685648218
20070622,-0.0033525066380309682
20070623,-0.003396916954751932
20070624,-0.003570593033314861
20070625,-0.0039124657984154244
20070626,-0.0035007729987744885
20070627,-0.003388615386477707
20070628,-0.003260263084779138
20070629,-0.0027672398611791643
20070630,-0.002679729751850227
20070701,-0.0030292728161161538
20070702,-0.003867517595221384
20070703,-0.002243042446133989
20070704,-0.003718118886923791
20070705,-0.0029600821105350327
20070706,-0.0036201724617782776
20070707,-0.0037192796573720407
20070708,-0.003280031722523321
20070709,-0.00336335820606216
20070710,-0.003080521018849337
20070711,-0.0029318338401584177
20070712,-0.003087221736373964
20070713,-0.003553592154559143
20070714,-0.005224147000849525
20070715,-0.006043630254106691
20070716,-0.0059948134688506275
20070717,-0.0036808486698677425
20070718,-0.004036552718724957
20070719,-0.002309898382373721
20070720,-0.003058396577456537
20070721,-0.0030989431888256286
20070722,-0.004046854233926149
20070723,-0.0022086050869528227
20070724,-0.003679860886448888
20070725,-0.004063195012015932
20070726,-0.004581452534309981
20070727,-0.003406736141612917
20070728,-0.0031124987841996956
20070729,-0.0019211840249002807
20070730,-0.0036376149673069194
20070731,-0.003574708168007402
20070801,-0.004531565374420963
20070802,-0.0033079996391775284
20070803,-0.003140313944252791
20070804,-0.004102235468884155
20070805,-0.0049029427457729655
20070806,-0.004051193287444262
20070807,-0.0020072193065381366
20070808,-0.0018411201635828527
20070809,-0.0010471579341707153
20070810,-0.001716651276188836
20070811,-0.0027940878512308304
20070812,-0.0030683239129522446
20070813,-0.0034995831729750884
20070814,-0.0038702893265347977
20070815,-0.0032487840569554666
20070816,-0.0037043018375924066
20070817,-0.003073806529531349
20070818,-0.0027708623397526533
20070819,-0.0030164328408614715
20070820,-0.0018813410973316986
20070821,-0.0019092210619026213
20070822,-0.0015212831470596121
20070823,-0.0032177129653380276
20070824,-0.0030213914109144336
20070825,-0.003175944351815519
20070826,-0.003260739419955772
20070827,-0.0028257035477832195
20070828,-0.002999073986999078
20070829,-0.0029369430533307543
20070830,-0.003322199632115452
20070831,-0.0017933109427983277
20070901,-0.0021173684176303215
20070902,-0.002064829417573294
20070903,-0.0014377349502356894
20070904,-0.002602273259829492
20070905,-0.0018946917146250976
20070906,-0.0008137124171284715
20070907,-0.001456912154551091
20070908,-0.001722564981696966
20070909,-0.0020041659916176105
20070910,-0.0015451928993247214
20070911,-0.0018066794249281294
20070912,-0.0017195574204620936
20070913,-0.0023195015700111787
20070914,-0.00233560558190475
20070915,-0.001961711572809187
20070916,-0.0024655610273955283
20070917,-0.001769381368552625
20070918,-0.002392251596039201
20070919,-0.0017467740666716957
20070920,-0.002072353265367108
20070921,-0.002074299882109278
20070922,-0.002085203350544359
20070923,-0.002107231129727236
20070924,-0.0017525429295601224
20070925,-0.0019798579405316116
20070926,-0.001450076731607721
20070927,-0.0008900870854945354
20070928,-0.0012767318583369325
20070929,-0.0018087649142298305
20070930,-0.001489021016590905
20071001,-0.0013803370015195665
20071002,-0.0011052310596198804
20071003,-0.0012972876945330826
20071004,-0.0013419905877581986
20071005,-0.0012794506281787318
20071006,-0.001632337921083195
20071007,-0.0015313190356207184
20071008,-0.0013168329945205288
20071009,-0.0009196544225711685
20071010,-0.0012180469867928488
20071011,-0.0013629269218473853
20071012,-0.0007972228508733896
20071013,-0.0010982142381633943
20071014,-0.0013901919885218393
20071015,-0.0011825205295935078
20071016,-0.0011282748649603421
20071017,-0.0011516081680515704
20071018,-0.0012728801187349504
20071019,-0.0007701959397268841
20071020,-0.001070060587797676
20071021,-0.00045238752758752055
20071022,-0.0009108401263516498
20071023,-0.0008524612177292821
20071024,-0.0006239295294756879
20071025,-0.0005073375875216943
20071026,-0.0005480954110214795
20071027,-0.0005474635526220681
20071028,-0.0005511192637309485
20071029,-0.0005762799855370653
20071030,-0.0010222284039916373
20071031,-0.00043110245326458715
20071101,-0.0006007776931703826
20071102,-0.0002578358588222655
20071103,-0.0001936001280015557
20071104,-0.0007748223007023775
20071105,-0.0006626324020653187
20071106,-0.001028954972579445
20071107,-0.0007186754680193241
20071108,-0.0006760699038044492
20071109,-0.0016393726968707703
20071110,-0.000655632596870887
20071111,-0.0012416493543049032
20071112,-0.0007728949376945475
20071113,-0.0006362141341134953
20071114,-0.0009021466688059885
20071115,-0.0005087765575295458
20071116,-0.0003820245913975013
20071117,-0.00016417956577793018
20071118,-0.0002417018794871659
20071119,-0.00045999138986803486
20071120,-0.0007581551288929026
20071121,-0.0005351163898956167
20071122,-0.0002986084473803935
20071123,-0.0003422117060168077
20071124,-0.0004877539026403749
20071125,-0.0005372514838183996
20071126,-0.0006834578910495694
20071127,-0.0003879339865088071
20071128,-0.0002658539564465896
20071129,-0.00010985782284654161
20071130,-0.0002492920762742896
20071201,-0.0003543624496438144
20071202,-0.0012900760248410622
20071203,-0.0014957074021315522
20071204,-0.000700212510518602
20071205,-0.0006993590117589446
20071206,-0.0008266924804874887
20071207,-0.0013437789000014238
20071208,-0.0009849999948487518
20071209,-0.0012043771737637518
20071210,-0.0008305819007672694
20071211,-0.0007366592748902029
20071212,-0.00043872983008450103
20071213,-0.0003126752561871177
20071214,-0.0003679993419645305
20071215,-0.00039883289249897035
20071216,-0.00014173841651726957
20071217,-0.00011580622707816531
20071218,-6.019833164628624e-05
20071219,-2.4949847274239922e-05
20071220,1.860411162292051e-06
20071221,-1.6562420566607437e-05
20071222,-1.967259041070119e-05
20071223,-1.8133844537858918e-05
20071224,-2.0874892548136316e-06
20071225,-1.9545325514526748e-05
20071226,-6.588009160309177e-05
20071227,-1.2193635728443373e-05
20071228,-5.705680915958507e-06
20071229,-0.00018975086618203978
20071230,-9.950356863075305e-05
20071231,-0.00013431361888405606
20080101,-0.00021768705867218334
20080102,-0.00024293502869096427
20080103,-0.0003383333657343233
20080104,-0.00023979242108770424
20080105,-0.00047835855155906114
20080106,-0.0003287401958882805
20080107,-0.0006910784499624964
20080108,-0.00011230861538081243
20080109,-0.00022172559180159656
20080110,-0.00033616268540821986
20080111,-0.0009301603699545947
20080112,-0.0007810491030947101
20080113,-0.00019152865563459008
20080114,-0.0005556970675449751
20080115,-0.0012102161458454896
20080116,-0.0013863428764123197
20080117,-0.0007940593426860973
20080118,-0.0007696069299182899
20080119,-0.0005632661343414069
20080120,-0.0004826064099137644
20080121,-0.0005937415084062292
20080122,-0.001295404927518556
20080123,-0.000308449607518458
20080124,-0.0004230957569053571
20080125,-0.00031187894883776023
20080126,-0.00026572361015502475
20080127,-0.0006100140170833149
20080128,-0.00025515553963257476
20080129,-0.0002700462740257449
20080130,-0.00021096292094695105
20080131,-0.000566379875755345
20080201,-0.0004845724439879204
20080202,-0.0007202515303861935
20080203,-0.0004134485370530448
20080204,-0.0004468356511834339
20080205,-0.0007900454426825925
20080206,-0.0014463417983166028
20080207,-0.0004860773164789429
20080208,-0.0007100079688165928
20080209,-0.0007971590746619685
20080210,-0.0006881542352676479
20080211,-0.0007574102137498346
20080212,-0.0006687956459449257
20080213,-0.00041231481548063126
20080214,-0.0003334351941096944
20080215,-0.0005869862018189474
20080216,-0.0006896095719788744
20080217,-0.00047934970497389345
20080218,-0.00037674237462792873
20080219,-0.0003708323958602879
20080220,-0.00027124294191208293
20080221,-0.00036919950535534444
20080222,-0.00048498511804811475
20080223,-0.0006843707537123837
20080224,-0.0008990528503353293
20080225,-0.0004523452122522866
20080226,-0.0011334702818054626
20080227,-0.0010725465745633617
20080228,-0.0005439223949887219
20080229,-0.000824629982245977
20080301,-0.002421831838428313
20080302,-0.0008709388838822185
20080303,-0.0013643266703108519
20080304,-0.0007566816091119267
20080305,-0.0012319544899005194
20080306,-0.0006177800422033637
20080307,-0.000354135078145037
20080308,-0.0010005278149294056
20080309,-0.0010684567392227429
20080310,-0.0016554164595530985
20080311,-0.0020866875463116637
20080312,-0.0025537162005921914
20080313,-0.0014377983790496516
20080314,-0.000738818076216538
20080315,-0.0013720511263698746
20080316,-0.0015680784497965564
20080317,-0.0015057149935271109
20080318,-0.001564480410464023
20080319,-0.0013103622002345982
20080320,-0.0013424742164404105
20080321,-0.0011886091917348972
20080322,-0.0011059376173352632
20080323,-0.0015390952184120197
20080324,-0.0009599885704445433
20080325,-0.0013862895021838255
20080326,-0.0007738585389336872
20080327,-0.0007981355328735802
20080328,-0.0016087244645882413
20080329,-0.0020424180866625823
20080330,-0.002667893155408527
20080331,-0.0017922392500899478
20080401,-0.001874884676686763
20080402,-0.0017814957297568128
20080403,-0.0018067536910542498
20080404,-0.001257529206850236
20080405,-0.0017227980549988533
20080406,-0.002031351193261654
20080407,-0.0015459695085537988
20080408,-0.0015356768771865221
20080409,-0.0008247468794374979
20080410,-0.0009249395113852784
20080411,-0.0010745899983717003
20080412,-0.002189599458947632
20080413,-0.00175321130761543
20080414,-0.0016886431276878164
20080415,-0.0022918856302004196
20080416,-0.0023898559796872824
20080417,-0.002377636104092983
20080418,-0.00275259459581815
20080419,-0.001572335786236369
20080420,-0.0022524210756802838
20080421,-0.0015359842396560162
20080422,-0.0017362743617399313
20080423,-0.002097249976764811
20080424,-0.0029936117848339
20080425,-0.00267387959531699
20080426,-0.0028765939508369996
20080427,-0.0034523765492997724
20080428,-0.001771179207669399
20080429,-0.0030506228673853456
20080430,-0.0025392429286782425
20080501,-0.00297264589814706
20080502,-0.0028024338084471074
20080503,-0.0036327798061432676
20080504,-0.004114759411621875
20080505,-0.004461195265143216
20080506,-0.004252173746587377
20080507,-0.004191140589631085
20080508,-0.004518931035008971
20080509,-0.004635003744308127
20080510,-0.004854504232526177
20080511,-0.004605270973337444
20080512,-0.004450705363945828
20080513,-0.004301465075928567
20080514,-0.004026546702057463
20080515,-0.0032391375995214264
20080516,-0.003325487895958421
20080517,-0.0027962934216685118
20080518,-0.0027401713493754335
20080519,-0.0030502651950475306
20080520,-0.0033396679346367813
20080521,-0.0026608256558170937
20080522,-0.0018719480168491339
20080523,-0.0032852539245006415
20080524,-0.0028397616254027046
20080525,-0.0035385854605296707
20080526,-0.0026411211984342592
20080527,-0.003310224317475188
20080528,-0.0038155177869355203
20080529,-0.0026224446408189103
20080530,-0.002416575145527737
20080531,-0.0020444148784622583
20080601,-0.0036568833376479882
20080602,-0.003569947775206329
20080603,-0.0035992141453425456
20080604,-0.002637860599514771
20080605,-0.0018954857235239642
20080606,-0.00229493660788518
20080607,-0.0017848894598820372
20080608,-0.0037601534247840088
20080609,-0.004785389667931643
20080610,-0.0044308132991680875
20080611,-0.0038740541722827567
20080612,-0.00306106233170277
20080613,-0.003354359301894901
20080614,-0.003468130626908297
20080615,-0.0028710842263969306
20080616,-0.0035050608331717477
20080617,-0.003269003535898003
20080618,-0.003981148015791093
20080619,-0.0036530150095285823
20080620,-0.0033975873124829628
20080621,-0.0033848910429796738
20080622,-0.0038256537517264034
20080623,-0.004606785607867508
20080624,-0.004271421199505865
20080625,-0.003871801227806765
20080626,-0.004132414796191814
20080627,-0.003225398780599173
20080628,-0.002847481884084866
20080629,-0.003600193587159374
20080630,-0.0038827800785037787
20080701,-0.004693144210276867
20080702,-0.00459459672850082
20080703,-0.0018776563951163944
20080704,-0.0038602014825961147
20080705,-0.004177401348482328
20080706,-0.0027306914396583943
20080707,-0.0040987093325266215
20080708,-0.003378251202350504
20080709,-0.0029173032477970468
20080710,-0.004673879284016799
20080711,-0.002818133232172882
20080712,-0.003520464506635613
20080713,-0.0032787469288215808
20080714,-0.003163192776794787
20080715,-0.004228000049946862
20080716,-0.002821536005444818
20080717,-0.002510366258814541
20080718,-0.0024907189797906968
20080719,-0.0030937856616961687
20080720,-0.0029654441154251866
20080721,-0.0026691539477891116
20080722,-0.0017050466634755466
20080723,-0.0034553568925959404
20080724,-0.0044577954553540865
20080725,-0.003742448478848091
20080726,-0.003351016922781074
20080727,-0.003619166661085541
20080728,-0.0037673229238858203
20080729,-0.003553807566722547
20080730,-0.0036004902494692448
20080731,-0.004269275930496348
20080801,-0.0025538231827097945
20080802,-0.002847733355861205
20080803,-0.0027508432187725203
20080804,-0.00306308669703421
20080805,-0.00320102251267493
20080806,-0.0038714755668856366
20080807,-0.003050421093892863
20080808,-0.0031043328173172725
20080809,-0.002809192331590708
20080810,-0.0028272951208638533
20080811,-0.002344967128011477
20080812,-0.002420154593695639
20080813,-0.0037219311878287304
20080814,-0.0030411760516109135
20080815,-0.003038481024268759
20080816,-0.0031753722596421377
20080817,-0.0032045857253061934
20080818,-0.003440876258074551
20080819,-0.002478734607982801
20080820,-0.002748447145118894
20080821,-0.0025705296985784583
20080822,-0.001494064481934015
20080823,-0.0026191146220782297
20080824,-0.002325743420879182
20080825,-0.0016623802037178798
20080826,-0.001961689860341859
20080827,-0.00256628919876799
20080828,-0.0018896209743606012
20080829,-0.001981881612574853
20080830,-0.003236583943469565
20080831,-0.002961231516164835
20080901,-0.0024982768180520426
20080902,-0.002738516473115262
20080903,-0.0014781465224568211
20080904,-0.0020446604904342143
20080905,-0.0018985568715556755
20080906,-0.0023181667069459527
20080907,-0.0019541415306955916
20080908,-0.0023169572633995276
20080909,-0.003023531108565086
20080910,-0.0018417874722682613
20080911,-0.002030261568208738
20080912,-0.0012470139990179423
20080913,-0.0011015882652781793
20080914,-0.0026550776675998
20080915,-0.0016742936465660877
20080916,-0.0016941044685897459
20080917,-0.002024903387735483
20080918,-0.0018270430505321759
20080919,-0.0017979882248463162
20080920,-0.0022304574947640873
20080921,-0.0018413394941814603
20080922,-0.001459283578168216
20080923,-0.0011214733612101599
20080924,-0.0013938417398278254
20080925,-0.001530386389357991
20080926,-0.002020162648868795
20080927,-0.0018624697205298847
20080928,-0.001673474805901722
20080929,-0.001147278889889654
20080930,-0.001243871492909462
20081001,-0.0017946691236586075
20081002,-0.0019786989621114093
20081003,-0.0013373643659127304
20081004,-0.0018066016714089418
20081005,-0.001602361401558625
20081006,-0.0013096703135034552
20081007,-0.0009999280788874773
20081008,-0.0007836961421869882
20081009,-0.0009516055862429196
20081010,-0.0009431319869361436
20081011,-0.0008164697809514883
20081012,-0.0011679061791681582
20081013,-0.0011069766874700346
20081014,-0.0008414124212144913
20081015,-0.000854444135510261
20081016,-0.0011248371358622783
20081017,-0.0009606619450084349
20081018,-0.0009433688909664841
20081019,-0.0009691045414620255
20081020,-0.0007768676376999895
20081021,-0.0009583746179896201
20081022,-0.0007818991000574214
20081023,-0.0007930331232255018
20081024,-0.0007260210822166152
20081025,-0.0009148614511785113
20081026,-0.0008726119142219459
20081027,-0.0007766123260477054
20081028,-0.0007090595598553877
20081029,-0.0006859662302459454
20081030,-0.000913170642690901
20081031,-0.0008880830267443784
20081101,-0.0006969799366058258
20081102,-0.0006133867111146849
20081103,-0.0005826407753468594
20081104,-0.0007579710564929009
20081105,-0.0006927039910477929
20081106,-0.000585406720824444
20081107,-0.0006279556022585487
20081108,-0.0006561197796779889
20081109,-0.0010516803048195925
20081110,-0.0011806072668909125
20081111,-0.0013361427323211278
20081112,-0.0005428436837982436
20081113,-0.000324590108711629
20081114,-0.00040950266817931994
20081115,-0.00021778322634151735
20081116,-0.00031969985009242045
20081117,-0.0006615453462414356
20081118,-0.0002551310296149583
20081119,-0.0005949598977516575
20081120,-0.0005887847269027819
20081121,-0.0014529260396160138
20081122,-0.0006583245549553015
20081123,-0.0004599431915103343
20081124,-0.00032343038404155744
20081125,-0.00017592775476029982
20081126,-0.00013012066120856333
20081127,-0.00022158315167661218
20081128,-0.00021600640933392096
20081129,-0.00013997705912011495
20081130,-0.00037002047645523484
20081201,-0.00011422253143571552
20081202,-0.00048306722387840627
20081203,-0.00041590682542699787
20081204,-0.00029948177798229283
20081205,-0.00047843895276911667
20081206,-0.00036909208289380815
20081207,-0.0003204263204228371
20081208,-0.00015225393849468594
20081209,-0.00015516328082157847
20081210,-0.0002568801906708407
20081211,-0.00017859166396663213
20081212,-0.00014824531646520062
20081213,-0.00021338454971009125
20081214,-0.0001697790713770472
20081215,4.8521986196718864e-05
20081216,-0.00010275643101255997
20081217,-0.0002067171736321249
20081218,-0.00013748175656662416
20081219,1.053472269119919e-05
20081220,1.7428894945417944e-05
20081221,-0.00024304416513862018
20081222,-0.00014810524073329803
20081223,-0.0002666484300077924
20081224,-0.0001491681024264642
20081225,-0.000495078011847801
20081226,-0.0005960642589681018
20081227,-0.00027628411453844135
20081228,-9.181100600314928e-05
20081229,-3.655154252737279e-05
20081230,-2.402389443595535e-05
20081231,-0.00015623348837102586
20090101,-0.00018408118056003394
20090102,-0.0002072544234079385
20090103,-7.90978465823404e-05
20090104,-2.9140991531624362e-05
20090105,-5.0828986714173226e-05
20090106,-9.221807548184929e-05
20090107,-4.6127804175745316e-05
20090108,-5.9126461757698866e-05
20090109,-1.9075101728102226e-05
20090110,-1.3541456873489315e-05
20090111,-1.3337738979730967e-05
20090112,-9.564896237690626e-05
20090113,-0.00013354761241281097
20090114,-7.954902924061069e-05
20090115,-0.00012549554685048624
20090116,-9.883841788822342e-05
20090117,-0.00014148874631988412
20090118,-0.000630681713889428
20090119,-0.000740095401514779
20090120,-0.0004365515082060043
20090121,-0.00010481477613536543
20090122,-0.00040113159932154887
20090123,-0.0010301977739147683
20090124,-0.00026604174754976483
20090125,-0.00022182383933465894
20090126,-9.048013611153714e-05
20090127,-0.00010790625742608299
20090128,-0.0001154544410086085
20090129,-0.00015710459633080833
20090130,-0.00016977969899530248
20090131,-0.00015646943713748835
20090201,-0.00013893264078756643
20090202,-0.00036141770347242343
20090203,-0.00018648080613622572
20090204,-0.0001331336796817023
20090205,-0.00042001003331827594
20090206,-0.00030630278072985375
20090207,-0.0004066297965414269
20090208,-0.00067568268664704
20090209,-0.0003457829610485021
20090210,-0.0015361477121806455
20090211,-0.0006931634211627964
20090212,-0.0005906292168124202
20090213,-0.00036870297883768636
20090214,-0.0004993268648320167
20090215,-0.00021499379582052191
20090216,-4.605874395587246e-05
20090217,3.287773311543951e-05
20090218,-0.0006204005374906288
20090219,-0.00021910271795384803
20090220,-0.0001523949525864425
20090221,-0.00038962089715133036
20090222,-0.00014354088854353974
20090223,-0.0006249720626414514
20090224,-0.0005635451137943697
20090225,-0.0006790662219457463
20090226,-0.0004555539516431888
20090227,-0.0003861827031428281
20090228,-0.0006358475960090439
20090301,-0.0009747305121451564
20090302,-0.0008846696797495997
20090303,-0.0009610065176377917
20090304,-0.001232145559845391
20090305,-0.0010998166569607568
20090306,-0.0010233701294617684
20090307,-0.0007398071991749453
20090308,-0.0005867941390973287
20090309,-0.0016146412756137315
20090310,-0.000827584578637375
20090311,-0.0015087028104021794
20090312,-0.0004069738156816028
20090313,-0.000767205204488841
20090314,-0.001109461515755023
20090315,-0.001292922422877232
20090316,-0.0008370061055833747
20090317,-0.0012625948752092505
20090318,-0.00174850696219501
20090319,-0.001913249490143844
20090320,-0.0017437364430311884
20090321,-0.0015292397245991658
20090322,-0.0010312515639953003
20090323,-0.0012636543627875623
20090324,-0.0018779722444442674
20090325,-0.0009983840645703345
20090326,-0.0011871480537508047
20090327,-0.0019527020209690901
20090328,-0.0017086298156744324
20090329,-0.0016122016899220888
20090330,-0.0017688249228889365
20090331,-0.002318286049813215
20090401,-0.0020883711030837294
20090402,-0.002205268939837877
20090403,-0.0019558990605322586
20090404,-0.0020008843652512265
20090405,-0.002008145588755884
20090406,-0.0023932046734234814
20090407,-0.0023671254547212735
20090408,-0.002406224341345154
20090409,-0.002064872662364035
20090410,-0.003003603559661942
20090411,-0.002826518626782963
20090412,-0.0028618038465965923
20090413,-0.002377618338983802
20090414,-0.0030263911777418085
20090415,-0.003463181645396779
20090416,-0.0017162390815419243
20090417,-0.001879565982225989
20090418,-0.0013206780061338287
20090419,-0.0028734499769768173
20090420,-0.003463866884625826
20090421,-0.0036516934220079842
20090422,-0.0033703404500228583
20090423,-0.0024786950537602436
20090424,-0.0031004205810928978
20090425,-0.0025179599447398182
20090426,-0.0022652353171548146
20090427,-0.0024621542244670546
20090428,-0.001976606895554378
20090429,-0.0022592155842748305
20090430,-0.00234872152120613
20090501,-0.0029267782279151448
20090502,-0.0032534479988760674
20090503,-0.002727256318206689
20090504,-0.0032317853089479306
20090505,-0.0008308123389345523
20090506,-0.001958021694850385
20090507,-0.0034319432389160035
20090508,-0.002722359369583157
20090509,-0.002429251551896753
20090510,-0.003086970888428752
20090511,-0.0024716377823519563
20090512,-0.0023851625288220657
20090513,-0.002690365049743445
20090514,-0.0025810797410251536
20090515,-0.0020095253915340537
20090516,-0.0027778579669191835
20090517,-0.0032362904004019795
20090518,-0.0033906277260068
20090519,-0.003607353628826064
20090520,-0.003680503574381181
20090521,-0.002772145612989213
20090522,-0.003925034328907081
20090523,-0.004473871134001766
20090524,-0.004402078024212161
20090525,-0.005042697253381273
20090526,-0.003400137357876035
20090527,-0.0031553687449398815
20090528,-0.0018115466003746211
20090529,-0.004644228364298367
20090530,-0.004406813832001781
20090531,-0.003343230035356083
20090601,-0.003834874802860951
20090602,-0.004516606341641529
20090603,-0.004038545619617179
20090604,-0.002932353922489122
20090605,-0.003156293068686621
20090606,-0.001971296894251141
20090607,-0.0029130892980674047
20090608,-0.0029663539202561436
20090609,-0.004174988304391372
20090610,-0.0036752145198438464
20090611,-0.004207240628705104
20090612,-0.003374119723142975
20090613,-0.003214581834062441
20090614,-0.0037351527796020425
20090615,-0.0016492907162188781
20090616,-0.004124113512854174
20090617,-0.0046373641491289745
20090618,-0.003406074872247782
20090619,-0.003098601786623263
20090620,-0.003315644752777219
20090621,-0.003156620835883109
20090622,-0.003359256511339361
20090623,-0.003696744252058606
20090624,-0.0047570674425344685
20090625,-0.004321066192511759
20090626,-0.0037359692269611795
20090627,-0.002798931972109871
20090628,-0.0035399426331220113
20090629,-0.0038360381126587525
20090630,-0.003982245364036109
20090701,-0.004294349273311084
20090702,-0.004677113577099659
20090703,-0.004141733873246804
20090704,-0.004210568146531663
20090705,-0.0039880454859651865
20090706,-0.003929045362372585
20090707,-0.003706595179121811
20090708,-0.0034178248456162392
20090709,-0.0033943076456416426
20090710,-0.003190803730409649
20090711,-0.002642864229124788
20090712,-0.002365410340927089
20090713,-0.002740113174808286
20090714,-0.0027577812706688176
20090715,-0.00437288959254902
20090716,-0.004358671865140679
20090717,-0.003540208014144539
20090718,-0.003430618842046134
20090719,-0.003430355962194166
20090720,-0.0036140517440534504
20090721,-0.004680289133566597
20090722,-0.004432572935505085
20090723,-0.0034574057525284486
20090724,-0.0038404326186111328
20090725,-0.003591465162314633
20090726,-0.004005710996551331
20090727,-0.004371782228902016
20090728,-0.0035803183482702983
20090729,-0.004409573813965723
20090730,-0.0037469222059643733
20090731,-0.0034579538725777186
20090801,-0.004225857467859657
20090802,-0.0029359876997661952
20090803,-0.0028865951891079863
20090804,-0.003740582259496561
20090805,-0.00432529583915418
20090806,-0.004398166853544596
20090807,-0.003569630018547248
20090808,-0.0025252694055832563
20090809,-0.0024759168185917286
20090810,-0.0029682995896262326
20090811,-0.001996007378160287
20090812,-0.0032429154635948048
20090813,-0.0019277908882678948
20090814,-0.0031333553495771155
20090815,-0.0037685813910580514
20090816,-0.0036936111984477494
20090817,-0.003161254611313869
20090818,-0.003529793508276467
20090819,-0.0037631274165015006
20090820,-0.00412554613314435
20090821,-0.00265899768319172
20090822,-0.0026448332900345863
20090823,-0.003449077567989791
20090824,-0.0034133426365998434
20090825,-0.0023136867199668753
20090826,-0.0023299648677911865
20090827,-0.002866911370724814
20090828,-0.0020050124487817635
20090829,-0.0021358264333879535
20090830,-0.0025498634885177673
20090831,-0.002934296377405381
20090901,-0.0023606695416502534
20090902,-0.0021737250758885425
20090903,-0.0030275837234745254
20090904,-0.002242594685940604
20090905,-0.0020861918015634548
20090906,-0.0016423583494608195
20090907,-0.0026111086990225347
20090908,-0.002918989793204734
20090909,-0.002834936984789771
20090910,-0.0014350198083105277
20090911,-0.0018950019971651934
20090912,-0.0021814416445334697
20090913,-0.0014703995410154862
20090914,-0.0016178513943060835
20090915,-0.0015731045177696822
20090916,-0.00116817192022076
20090917,-0.001135889037734811
20090918,-0.0012729477775347644
20090919,-0.001435289743029289
20090920,-0.0016714939083267708
20090921,-0.0014327600045729262
20090922,-0.0016566664690722966
20090923,-0.0016959288403162992
20090924,-0.0012381314525582766
20090925,-0.0015354871085117164
20090926,-0.0017234494878203086
20090927,-0.0016805890470208977
20090928,-0.0014271329339079735
20090929,-0.0011048407329246862
20090930,-0.0010544672618369446
20091001,-0.0010526135504004338
20091002,-0.0009817562542002568
20091003,-0.0011237501811240654
20091004,-0.0008334069705185976
20091005,-0.000881714995556149
20091006,-0.0010206918177779443
20091007,-0.0016537922799212945
20091008,-0.0013837158455486016
20091009,-0.0011300031812515132
20091010,-0.0012117431556393223
20091011,-0.0009070872337420016
20091012,-0.0018324969727367907
20091013,-0.0011646896382420408
20091014,-0.001032159202861248
20091015,-0.0008591887105158157
20091016,-0.0005761076810691336
20091017,-0.0010993970256284197
20091018,-0.0008593007087586492
20091019,-0.0008475999317864638
20091020,-0.0010364403386991835
20091021,-0.0011331621977042382
20091022,-0.0006884118200735439
20091023,-0.000586751160401853
20091024,-0.0006403205084359392
20091025,-0.000804353562562063
20091026,-0.0007197204315329562
20091027,-0.0007013581249108634
20091028,-0.0005981646096668488
20091029,-0.00036724023115131956
20091030,-0.0006658465250040861
20091031,-0.0005536741116668228
20091101,-0.0007665528491256712
20091102,-0.001261150783623556
20091103,-0.0008104174677413478
20091104,-0.0015887788944946998
20091105,-0.0010494210603915915
20091106,-0.0007775363078291925
20091107,-0.0009489406490816078
20091108,-0.000700818893849308
20091109,-0.0007422159902295354
20091110,-0.0006857523516674136
20091111,-0.000572703181651281
20091112,-0.0003726198435763779
20091113,-0.000497664709558164
20091114,-0.0010458513738097021
20091115,-0.0005913729982724653
20091116,-0.0007265885630833639
20091117,-0.0006159700279556747
20091118,-0.0006124333846985315
20091119,-0.0003842011698651382
20091120,-0.0006789351707085563
20091121,-0.0006530783500603911
20091122,-0.0012449437728322848
20091123,-0.001798800877992162
20091124,-0.0008290898928245123
20091125,-0.0011654064944734244
20091126,-0.0010146272754288422
20091127,-0.0014235735480439833
20091128,-0.0015103878635184108
20091129,-0.00108415408139984
20091130,-0.0005229002443486629
20091201,-0.0003323803855144702
20091202,-0.0006058620498098722
20091203,-0.0009729237609359527
20091204,-0.0005844703853561378
20091205,-0.00045956775533592404
20091206,-0.0010636544236674436
20091207,-0.0002177896472935714
20091208,-0.0010860741347832805
20091209,-0.00035136512506575037
20091210,-0.000513496465949918
20091211,-0.0005830197920737448
20091212,-0.0006008785314850396
20091213,-0.000424830924445694
20091214,-0.0003037194077403284
20091215,-0.00012834589021455873
20091216,-5.832378408699664e-05
20091217,-5.956850954376069e-05
20091218,-7.37575615269863e-05
20091219,-6.82883260110857e-05
20091220,-5.600823492162401e-05
20091221,-9.706922310413134e-05
20091222,3.235152050535886e-05
20091223,-8.203328785738868e-06
20091224,0.00010590416068400199
20091225,-0.0003979515153180817
20091226,-6.434805192952717e-05
20091227,-0.00027872319775794043
20091228,-9.155854778393152e-05
20091229,2.2545997437509945e-05
20091230,5.1402934675697184e-05
20091231,-0.00016762117320219864
20100101,-0.0004665034351313897
20100102,-0.0002674448069831804
20100103,-0.00020195858197518679
20100104,-0.00010429572171307722
20100105,-4.258276257645953e-05
20100106,-3.511121167145165e-05
20100107,-3.159383469126359e-05
20100108,-0.00021199944772330303
20100109,-0.0003217905167993301
20100110,-0.00011686438430812995
20100111,-9.690108469263405e-05
20100112,-9.890373665730574e-05
20100113,-1.1758427190324135e-05
20100114,0.00010467905456544214
20100115,-5.137058678416265e-05
20100116,-0.00017052471293521918
20100117,9.244421718834981e-05
20100118,-5.390331583797041e-05
20100119,-0.00011948789830844173
20100120,-0.0002608169003866518
20100121,-9.903102228336545e-05
20100122,-0.0001894024594149
20100123,-0.00025302203023883237
20100124,-0.00018309376969501487
20100125,-0.0002770941268628938
20100126,-0.0004046128382737391
20100127,-0.00027917613489191693
20100128,-0.00027808416016397166
20100129,-0.00020912437705189016
20100130,-0.0002780423684080928
20100131,-0.0001036688086070924
20100201,-0.00012301860866706583
20100202,-0.0001422214653645803
20100203,0.0003386370365614545
20100204,-4.716922647390862e-05
20100205,1.5189406879476083e-05
20100206,-0.00014640697832250834
20100207,-0.0002221291779003149
20100208,-0.0005193160276265685
20100209,-0.00037537965965491165
20100210,-0.0003082102932168301
20100211,-0.00028582828509385614
20100212,-0.00034916884614906435
20100213,-0.00020695147553496327
20100214,-0.00018132791942552983
20100215,-0.00023109659580908046
20100216,-0.00015185280006860174
20100217,-0.00016798529815142447
20100218,-0.000335816853862958
20100219,-0.00026619823485798266
20100220,-0.00046027365444652955
20100221,-0.00048712337372765164
20100222,-0.0008127532828615623
20100223,-0.00047241955337918993
20100224,-0.0008713925296113898
20100225,-0.0012953742252163505
20100226,-0.001609894910330457
20100227,-0.0014379798187555575
20100228,-0.0021137386984010436
20100301,-0.0012957439649927175
20100302,-0.0008715611242975588
20100303,-0.001147797439841401
20100304,-0.0012297314037051932
20100305,-0.0008698570300260149
20100306,-0.0009887146032464694
20100307,-0.0007017936728104492
20100308,-0.0005786814768669747
20100309,-0.0006917108991776037
20100310,-0.0008346448743995951
20100311,-0.0007270145680225822
20100312,-0.00039341104822800127
20100313,-0.0005156906322767441
20100314,-0.0007418231555887004
20100315,-0.0010389611951054291
20100316,-0.0012067827350411206
20100317,-0.0013694541237761228
20100318,-0.001638916384948911
20100319,-0.002001832073251928
20100320,-0.0017941703475468592
20100321,-0.0010416380435559532
20100322,-0.001386586567817601
20100323,-0.0015544296433747903
20100324,-0.0020223433889641064
20100325,-0.00217939386403708
20100326,-0.001213583836108623
20100327,-0.0014912043151467877
20100328,-0.0015695708505994188
20100329,-0.001800859470520069
20100330,-0.0020533243330356234
20100331,-0.0024143089426371285
20100401,-0.002128898669546903
20100402,-0.0022078656965318862
20100403,-0.001993467061058369
20100404,-0.002191068420424605
20100405,-0.0019007915338737648
20100406,-0.0026882013850251
20100407,-0.0023437944592664475
20100408,-0.0013323302390810432
20100409,-0.002441457971204133
20100410,-0.0021363052924154467
20100411,-0.0023209440113696506
20100412,-0.0017456360690518344
20100413,-0.0018481892532763416
20100414,-0.0025724987752223727
20100415,-0.002348811375075144
20100416,-0.0024322682015396873
20100417,-0.0030089706320905675
20100418,-0.0031886047804224097
20100419,-0.0030897275826621395
20100420,-0.0029173814634167717
20100421,-0.0026205755757566325
20100422,-0.002941587724691935
20100423,-0.003574425782769166
20100424,-0.0037259241524033567
20100425,-0.003589303582822493
20100426,-0.0026630269038921276
20100427,-0.0026056429128859518
20100428,-0.0036513738786889223
20100429,-0.0036636260502415953
20100430,-0.0023238337981458944
20100501,-0.002057066079409412
20100502,-0.0027268158012174297
20100503,-0.0024475787073967243
20100504,-0.002238293635018865
20100505,-0.0027962951552843642
20100506,-0.0014783435387424073
20100507,-0.002321079256271688
20100508,-0.002510956073333371
20100509,-0.002697590992103047
20100510,-0.0021745198560328455
20100511,-0.0017370737281317118
20100512,-0.0017933945853025749
20100513,-0.001531227580503395
20100514,-0.001749319519559315
20100515,-0.0025901242886483423
20100516,-0.0027660265430027348
20100517,-0.0022266769456482823
20100518,-0.003038706440270872
20100519,-0.002380868372418665
20100520,-0.0026103942238217444
20100521,-0.003662427254453847
20100522,-0.004058560784048483
20100523,-0.004274823776384866
20100524,-0.004568864322996163
20100525,-0.003776683705896651
20100526,-0.0029305401568632487
20100527,-0.00246121443477067
20100528,-0.0034001214669004388
20100529,-0.003271214506184547
20100530,-0.0033542937723498195
20100531,-0.0025184456340186477
20100601,-0.0021068472203764703
20100602,-0.0035434611495478714
20100603,-0.004142029249614077
20100604,-0.004596381510122264
20100605,-0.0047539106892064715
20100606,-0.0035190688995334935
20100607,-0.00357115043728516
20100608,-0.0030419101633834206
20100609,-0.0035010799860242625
20100610,-0.0036827646187026376
20100611,-0.004992645196015867
20100612,-0.003338466647290065
20100613,-0.0028641486980863326
20100614,-0.0036154229939640114
20100615,-0.003587576190986963
20100616,-0.004285701943099378
20100617,-0.0019019845982771216
20100618,-0.0038532476088608096
20100619,-0.0034568911767793157
20100620,-0.0028684738693661475
20100621,-0.0026486328200482166
20100622,-0.0034720077384212573
20100623,-0.004220341933738443
20100624,-0.004417324713783661
20100625,-0.004085577701284437
20100626,-0.004155911370928887
20100627,-0.0047183556710613216
20100628,-0.004221416873198684
20100629,-0.003992822430639745
20100630,-0.004428848501527695
20100701,-0.0042429840129364176
20100702,-0.004539457640380398
20100703,-0.0036780218984642267
20100704,-0.004102027249259256
20100705,-0.0038851852191366457
20100706,-0.0037673568477946564
20100707,-0.004466133231481537
20100708,-0.004734697796225949
20100709,-0.004027270300341311
20100710,-0.004485906956686901
20100711,-0.004159300738280376
20100712,-0.003165943506473971
20100713,-0.0034832522011750285
20100714,-0.004332302198673614
20100715,-0.004194542738952855
20100716,-0.004489360847692574
20100717,-0.003076624616949242
20100718,-0.0038541979590033565
20100719,-0.004168782029153123
20100720,-0.004122183099637433
20100721,-0.003586108395061054
20100722,-0.001849380826760764
20100723,-0.002760176632467279
20100724,-0.0032238051949870774
20100725,-0.0019290419781571905
20100726,-0.0023736288775839604
20100727,-0.002577782213510574
20100728,-0.002617799648704786
20100729,-0.002942101684501011
20100730,-0.0030737694803616737
20100731,-0.003422863723090137
20100801,-0.00368582431760864
20100802,-0.003059722529234646
20100803,-0.003158262818195325
20100804,-0.0026277955322116815
20100805,-0.0028286335572680786
20100806,-0.002889182529173515
20100807,-0.0036189999971189
20100808,-0.0026470373019782216
20100809,-0.002746773370981137
20100810,-0.0032026938874699993
20100811,-0.0020597000881300786
20100812,-0.0030105666936434956
20100813,-0.002787347639807967
20100814,-0.002571679808839599
20100815,-0.0016648663500684307
20100816,-0.0011905646404407118
20100817,-0.002055026332230516
20100818,-0.00221451130936609
20100819,-0.002932196468008033
20100820,-0.0036154882438211616
20100821,-0.003733500245379911
20100822,-0.0028180101912488684
20100823,-0.002763339402493159
20100824,-0.002949546965471974
20100825,-0.0029557571131979318
20100826,-0.0029525684667571343
20100827,-0.002945513690047107
20100828,-0.0030642179040470847
20100829,-0.0025639123630434263
20100830,-0.0026831086145255494
20100831,-0.0021018648944667547
20100901,-0.0024498977409954815
20100902,-0.002540659543660273
20100903,-0.0023740668304958724
20100904,-0.0023211580435286054
20100905,-0.0029223927279603216
20100906,-0.0033378891881318488
20100907,-0.0015075473875469547
20100908,-0.002459321157702675
20100909,-0.002277376740060292
20100910,-0.001743618173275821
20100911,-0.0025372450822273664
20100912,-0.0021849810723716745
20100913,-0.002062297347913188
20100914,-0.001838888634608274
20100915,-0.0017263806291824657
20100916,-0.002092344840123158
20100917,-0.002126834795952894
20100918,-0.0017895839354746205
20100919,-0.0020732936308070046
20100920,-0.002214516803918433
20100921,-0.0021660672219790214
20100922,-0.002143598880828509
20100923,-0.0020045225606936876
20100924,-0.000917372718551606
20100925,-0.0015837925592220494
20100926,-0.001370867433935709
20100927,-0.001168511843538071
20100928,-0.0006089047345139237
20100929,-0.0009584416371072799
20100930,-0.0003621982417584418
20101001,-0.0014999774263478273
20101002,-0.0012716886113516616
20101003,-0.0025578345985251376
20101004,-0.0018082560630014917
20101005,-0.001029515237896638
20101006,-0.0016200201835470593
20101007,-0.0011369911854807483
20101008,-0.001486706053126072
20101009,-0.001502731111303624
20101010,-0.0020120145702350253
20101011,-0.002147081820367405
20101012,-0.0016442197824177078
20101013,-0.0011837568167733861
20101014,-0.0010695140288939844
20101015,-0.0006719471071248985
20101016,-0.0014138097612344475
20101017,-0.0009471004944737253
20101018,-0.0007738606081161075
20101019,-0.0008358850639904185
20101020,-0.0013646339995522878
20101021,-0.0009657493303403585
20101022,-0.0004898532901511146
20101023,-0.001077693729872284
20101024,-0.0010209131774577237
20101025,-0.0008578656415654908
20101026,-0.0007667994541815449
20101027,-0.0004802786151692397
20101028,-0.00046135682807775513
20101029,-0.0010540061605320643
20101030,-0.0009449149378768347
20101031,-0.000999020796394489
20101101,-0.0006870733912011593
20101102,-0.0007163893073859603
20101103,-0.0005181739763406109
20101104,-0.0007649972544344007
20101105,-0.0007820709328327688
20101106,-0.0006242569363858251
20101107,-0.0007764665456736117
20101108,-0.0012619930328616237
20101109,-0.0009870252875481974
20101110,-0.0008487678535307545
20101111,-0.0012324822231035075
20101112,-0.001609532051704851
20101113,-0.001361863461149685
20101114,-0.0014168175624494185
20101115,-0.00059107001050432
20101116,-0.000711228995827632
20101117,-0.0003856877013759709
20101118,-0.00037344205884034913
20101119,-0.0004153101560420407
20101120,-0.00036308362923980793
20101121,-0.000340587808874916
20101122,-0.0005042670307666904
20101123,-0.0007068173689628917
20101124,-0.0006309752667169077
20101125,-0.0002792099847681182
20101126,-0.0003244989420923674
20101127,-0.00026422880057683066
20101128,-0.00015439417997937925
20101129,-0.00011253857268028755
20101130,-0.00020056571439602513
20101201,-0.0003677221601318839
20101202,-0.00011900690770398656
20101203,-5.5193025224944155e-05
20101204,-0.0003426805717043139
20101205,-0.0006603877632493725
20101206,-4.069410509017138e-05
20101207,9.279131830873548e-06
20101208,-3.088428145411114e-05
20101209,-0.00028748929503855813
20101210,-6.6790241894867546e-06
20101211,0.00021616960568492975
20101212,-0.00020732994683544015
20101213,-0.0003576401222541429
20101214,-0.0002499928498187523
20101215,-9.883655431075475e-05
20101216,-0.00018114292644723695
20101217,-6.117731404372886e-05
20101218,-0.0001260885290877372
20101219,-0.00023592744115019426
20101220,-6.889058337422372e-05
20101221,0.00022840422432183875
20101222,0.00012914913582870894
20101223,-3.717521775405746e-06
20101224,-0.0004187142476189337
20101225,-0.00019487428153941997
20101226,-3.039071670797358e-06
20101227,-5.011906354045854e-05
20101228,-4.1999106241080876e-05
20101229,-5.967639579290072e-06
20101230,-6.234305264824511e-05
20101231,-5.085821020654951e-05
20110101,-1.801146931767988e-05
20110102,-0.00016811763389082483
20110103,-8.51022142636744e-05
20110104,-0.00011927601535500029
20110105,-0.00014119417733079014
20110106,0.0003943300785145315
20110107,0.0003395089624112876
20110108,-0.0005998080159443804
20110109,-0.0006429904865388492
20110110,-0.0002691760123414859
20110111,-0.0001922856334914965
20110112,-0.00029594119764971325
20110113,-8.272779835004934e-05
20110114,-0.0005860394507891856
20110115,-0.0005635761597898789
20110116,-0.00019488473289140058
20110117,-0.0002434625448420223
20110118,-0.00040165759355620444
20110119,-0.0006262018251776822
20110120,-0.0004302064470433508
20110121,-0.00043954804561811156
20110122,-0.00026787861340171347
20110123,-9.712680609047083e-05
20110124,-0.00020110421763968296
20110125,-0.0003214654804113202
20110126,-0.00018174067071974375
20110127,-0.0004787642375958508
20110128,-0.0004219171706569138
20110129,-0.00019630530585784464
20110130,-0.00015958770067494047
20110131,-9.401502336566567e-05
20110201,-9.529032638541956e-05
20110202,-0.0001156782628305869
20110203,-5.207244033732372e-05
20110204,-0.00010358246930342572
20110205,-0.0005501441899386332
20110206,-0.0005033007073610337
20110207,-0.0007156781243804849
20110208,-0.00038934633928211374
20110209,-0.0003862736842043773
20110210,-0.0005825808001040381
20110211,-0.0007533850608244705
20110212,-0.0005987978331717961
20110213,-0.0005008846770771795
20110214,-0.0005044439874243148
20110215,-0.0007224697528585425
20110216,-0.0007373333953738981
20110217,-0.0006662264087494927
20110218,-0.00049024640632748
20110219,-0.0005097919019749991
20110220,-0.0005899845260167941
20110221,-0.0006400972845222529
20110222,-0.000596495798230346
20110223,-0.0003491993635027185
20110224,-0.00010371616663437346
20110225,-0.00019786079762476987
20110226,-0.0004681345233307567
20110227,-0.0009418760762788255
20110228,-0.000722245072154802
20110301,-0.0011619545799982597
20110302,-0.0016522867627976998
20110303,-0.0012470751930906531
20110304,-0.0010403222958350943
20110305,-0.0010675841894125793
20110306,-0.001072530723371647
20110307,-0.0014558316137874474
20110308,-0.0011548276585423489
20110309,-0.0012720328249493694
20110310,-0.0011368362819049805
20110311,-0.0011735480419758594
20110312,-0.0011844532754494745
20110313,-0.000921820011753376
20110314,-0.0010539918262870687
20110315,-0.0017308520368674904
20110316,-0.0012401522960554783
20110317,-0.0005608087444195311
20110318,-0.0008821901633602297
20110319,-0.001552602033351525
20110320,-0.00170868994034102
20110321,-0.0018744601461591803
20110322,-0.0020634011471316717
20110323,-0.0020414916979811285
20110324,-0.002007814795204115
20110325,-0.002175469523645842
20110326,-0.0016637862406848735
20110327,-0.001779421401548726
20110328,-0.001925457597683024
20110329,-0.0021435830716708985
20110330,-0.0016415591099562044
20110331,-0.0008112448229645583
20110401,-0.001213996024289154
20110402,-0.0026119198576408822
20110403,-0.0018586950759835869
20110404,-0.0022551082733340043
20110405,-0.002070878288983361
20110406,-0.0021662804079971014
20110407,-0.0030057954922141365
20110408,-0.0025659120871346077
20110409,-0.0029027357671906895
20110410,-0.003113531460926566
20110411,-0.003011250061444058
20110412,-0.0025369123968786815
20110413,-0.0022268771929307017
20110414,-0.0019635880379936773
20110415,-0.0024042506434532834
20110416,-0.0021092576214452857
20110417,-0.0023210093181473585
20110418,-0.0031005250192172227
20110419,-0.003285123388666911
20110420,-0.0030528127378411023
20110421,-0.0031151379520134204
20110422,-0.0033288498417235303
20110423,-0.003398730529457538
20110424,-0.0027996753498217082
20110425,-0.003822080471028846
20110426,-0.0025897042892107144
20110427,-0.0022298633420069548
20110428,-0.0023988839721640048
20110429,-0.0026719512061928624
20110430,-0.0031170401419321546
20110501,-0.0030845385865588696
20110502,-0.003220961936939132
20110503,-0.0030548138511229304
20110504,-0.002810163686427786
20110505,-0.0031956369904304026
20110506,-0.0030796476386887464
20110507,-0.0037049862453659146
20110508,-0.0036724325859186888
20110509,-0.003609967989930681
20110510,-0.0029009253015803782
20110511,-0.002863341797569086
20110512,-0.002573294825262088
20110513,-0.002864386058239228
20110514,-0.002248594563899717
20110515,-0.0023222525154087477
20110516,-0.0013273134260268211
20110517,-0.002405291676614666
20110518,-0.002571736080680121
20110519,-0.0025579264052354397
20110520,-0.0029632498314760263
20110521,-0.003141306761693081
20110522,-0.002799242203104051
20110523,-0.0032833911060109796
20110524,-0.0029453054696647763
20110525,-0.003335221708944755
20110526,-0.002599257095095456
20110527,-0.0023918449141497895
20110528,-0.001974067376544356
20110529,-0.0027646511671498395
20110530,-0.003336702268655305
20110531,-0.0017035700113968316
20110601,-0.0025747861020469867
20110602,-0.003782789797806825
20110603,-0.003396151283526837
20110604,-0.0033495371321349207
20110605,-0.0033028797178481836
20110606,-0.002874967323028935
20110607,-0.0029384221132139595
20110608,-0.0027727839350542845
20110609,-0.002822095360566655
20110610,-0.0031253130445207406
20110611,-0.00343480305913034
20110612,-0.0030050882756364407
20110613,-0.002078343961209408
20110614,-0.002263975643470577
20110615,-0.002920463698496025
20110616,-0.0024245520350964192
20110617,-0.002685239219275853
20110618,-0.0038357313726917258
20110619,-0.0033903856826129185
20110620,-0.001139651974823859
20110621,-0.003164167645201964
20110622,-0.0027387717195417275
20110623,-0.0032737847500176795
20110624,-0.0032219416446984004
20110625,-0.0016089481758673585
20110626,-0.0039057282315493125
20110627,-0.004796741042103206
20110628,-0.004924233060844834
20110629,-0.0020664519584449588
20110630,-0.0031684075264662025
20110701,-0.003213605625829624
20110702,-0.0026073650923649676
20110703,-0.003155261100702352
20110704,-0.0034499187400821732
20110705,-0.003534846719736073
20110706,-0.0026090042316772788
20110707,-0.002753119600379324
20110708,-0.0029810491775792013
20110709,-0.0030106048667562562
20110710,-0.002122018219859229
20110711,-0.0029536265493249193
20110712,-0.0036358711946933033
20110713,-0.002155579451793885
20110714,-0.0025318856942093413
20110715,-0.003061642133331135
20110716,-0.0033908029491539747
20110717,-0.002972731353051152
20110718,-0.0034331348424958045
20110719,-0.002424614557761758
20110720,-0.0024152718097780307
20110721,-0.002488886548836112
20110722,-0.0028086372474221883
20110723,-0.002907236364399608
20110724,-0.002191155813881593
20110725,-0.0025490192577422572
20110726,-0.002279056701557666
20110727,-0.0029020225828080143
20110728,-0.0027534438268071834
20110729,-0.0027845815422861166
20110730,-0.0021165388807040334
20110731,-0.0016762461611934789
20110801,-0.003030490671594784
20110802,-0.0038716673184763664
20110803,-0.002883510479485407
20110804,-0.0031581031872159808
20110805,-0.00255779327161379
20110806,-0.002629790632749308
20110807,-0.003238824335632745
20110808,-0.0036083628401037348
20110809,-0.0026930275319309864
20110810,-0.003109099330670222
20110811,-0.0036199272099387866
20110812,-0.002349068819521264
20110813,-0.002577305039062711
20110814,-0.002139697811341228
20110815,-0.0029115669573453917
20110816,-0.002782669554370489
20110817,-0.0035273241350592278
20110818,-0.003617233744416419
20110819,-0.0030762975286695513
20110820,-0.003463358218225947
20110821,-0.0031030133687629437
20110822,-0.003456101842280888
20110823,-0.003964685738720519
20110824,-0.0028277396566776386
20110825,-0.0023247867724569228
20110826,-0.0031099472306402344
20110827,-0.003063630188977376
20110828,-0.002350002434507347
20110829,-0.002423003180977408
20110830,-0.0022657711201689223
20110831,-0.0028700585446723857
20110901,-0.0029987151088963124
20110902,-0.0025882370111057745
20110903,-0.0030107229894862806
20110904,-0.002289788953635567
20110905,-0.002791250408235887
20110906,-0.0025425744498491346
20110907,-0.002798658226568267
20110908,-0.0016347192463055718
20110909,-0.0009265462146060326
20110910,-0.0028310099315044085
20110911,-0.001723357006527593
20110912,-0.002829390961269921
20110913,-0.001957769562718081
20110914,-0.002313321696941032
20110915,-0.0022122937895354016
20110916,-0.0020318735368891785
20110917,-0.0017592326329214966
20110918,-0.0024657114193292508
20110919,-0.0019252084001087496
20110920,-0.001383462646386073
20110921,-0.00175350884294555
20110922,-0.001448975800095598
20110923,-0.0016923198427571066
20110924,-0.0019452128587215032
20110925,-0.0018865770452127278
20110926,-0.0017239670402130075
20110927,-0.0019041768727435268
20110928,-0.002033255270395403
20110929,-0.0019136526005077805
20110930,-0.001787175853983621
20111001,-0.001702483252174755
20111002,-0.0016383273081191725
20111003,-0.0017001348382435185
20111004,-0.0014996049626421553
20111005,-0.0011917779089878463
20111006,-0.0014647736358351596
20111007,-0.0018567222168263675
20111008,-0.0013887444038042879
20111009,-0.0009937201206065885
20111010,-0.0010121025269679
20111011,-0.0009216347017585285
20111012,-0.0008128204094760371
20111013,-0.0009780838336469208
20111014,-0.0014373280942711953
20111015,-0.0013227630689287319
20111016,-0.0009320410039256595
20111017,-0.0007619622368469655
20111018,-0.0012041728006457865
20111019,-0.0011170951079788423
20111020,-0.0008195012370036278
20111021,-0.0005920768130743121
20111022,-0.0008435837708838782
20111023,-0.0007950581772183625
20111024,-0.0008523877689995189
20111025,-0.0009185614841225695
20111026,-0.0010282095101759694
20111027,-0.0006976029531754516
20111028,-0.0006041067413844243
20111029,-0.0005522100027954097
20111030,-0.0004304543764548028
20111031,-0.0005228765552907421
20111101,-0.0007409604670905366
20111102,-0.0007427063038989747
20111103,-0.0006953603845435141
20111104,-0.001354873698166498
20111105,-0.0006575779659606499
20111106,-0.0007456847113990433
20111107,-0.00036663505624361326
20111108,-0.000455655898717963
20111109,-0.0004300182271334228
20111110,-0.00040833021741243684
20111111,-0.0004695766166573309
20111112,-0.00035829652328312877
20111113,-0.0003043498525727623
20111114,-0.0003127518886490542
20111115,-0.00035400259682689245
20111116,-0.0003258057372617865
20111117,-0.00014272183852686644
20111118,-0.00020421549535475615
20111119,-0.0003593195782186764
20111120,-0.0003639815955264621
20111121,-0.00032805006174316557
20111122,-0.00020305540352734758
20111123,-0.00022557151336610883
20111124,-0.00024075174166729161
20111125,-0.00025767175048948377
20111126,-0.0002486942202149486
20111127,-0.00026302572500991686
20111128,-0.0002143645838718694
20111129,-0.00036423146226000373
20111130,-0.00031725259427827624
20111201,-0.0006948161618590186
20111202,-0.0006421959381630674
20111203,-0.000724404663498001
20111204,-0.0005990714012535342
20111205,-0.0013412575956757325
20111206,-0.0008572007877677533
20111207,-0.0011587339154700413
20111208,-0.00045042993872890496
20111209,-0.0010392027589239431
20111210,-0.0005549694395129744
20111211,-0.00023572543262926815
20111212,-0.0008562406587954278
20111213,-0.001567481711502422
20111214,-0.0014622138573779089
20111215,-0.0011406543320762975
20111216,-0.00162121156255966
20111217,-0.0005487861755244619
20111218,-0.00025255555538778834
20111219,-0.0003226179217142032
20111220,-9.974227799309416e-05
20111221,-1.5042971207536317e-05
20111222,0.0002705970570771689
20111223,-0.0002764400015421205
20111224,-0.0009425166556788854
20111225,-0.00021593411407316894
20111226,-0.00014000065411741783
20111227,-0.00016031955117204918
20111228,-0.00039718598396331543
20111229,-0.0006848228072462535
20111230,-0.0008119603651704728
20111231,0.00020453398426516776
20120101,-7.47490747026336e-05
20120102,-0.0010674857501527777
20120103,-0.0007963803374220446
20120104,-0.0012014625260790715
20120105,-0.0017618338006256005
20120106,-0.0007938913764264842
20120107,-0.0005480110657598437
20120108,-0.000655613384805513
20120109,-0.00025082821731672053
20120110,-0.0002680914154681139
20120111,-0.0002420504318950912
20120112,-0.00033298337942105764
20120113,-0.00044050032355177703
20120114,-0.00023490666562801292
20120115,-0.0002651494140389963
20120116,-0.0002699955744945299
20120117,-5.952043211622071e-05
20120118,-7.083442580407304e-05
20120119,5.506369326192492e-05
20120120,-0.0009111105414412235
20120121,-0.0004909947196586739
20120122,-0.0010704858997177547
20120123,-0.0007242828967305961
20120124,-0.0004920032722152203
20120125,-0.00029598827042180985
20120126,-0.00043889254949157743
20120127,-0.00036248227161433716
20120128,-0.00041802856999686587
20120129,-0.0003476126870982406
20120130,-0.00018880871785241333
20120131,-0.00035044034510782674
20120201,-0.000299837314530159
20120202,-0.0002724932420901123
20120203,-0.00012331016878280377
20120204,-8.353869804636627e-05
20120205,-8.2530670807876e-05
20120206,-6.917983492827509e-05
20120207,-0.0001251960776656095
20120208,-0.00014750892594212253
20120209,-7.631773178744541e-05
20120210,-0.00011621091837359302
20120211,-0.00010992113567397719
20120212,-7.87410933538122e-05
20120213,-5.323360748592413e-05
20120214,-0.00010955828874162513
20120215,-0.0005928537347345941
20120216,-5.3670316574358964e-05
20120217,2.8471004919758315e-06
20120218,7.908993268005377e-05
20120219,-0.0007661513655818446
20120220,-0.0002630280508686152
20120221,-0.00010032748461567808
20120222,-0.00016310915990271437
20120223,-0.0001503191616031286
20120224,-3.3449728547381756e-05
20120225,-0.00014225132420996823
20120226,-0.0006770973139867642
20120227,-0.0004911480225148295
20120228,-0.00029575127452422515
20120229,-0.00022237367469818864
20120301,-0.0006021349130436625
20120302,-0.0005369446369113772
20120303,-0.0006989507995296418
20120304,-0.0007686609535000396
20120305,-0.0015414706230958012
20120306,-0.0010008004894617433
20120307,-0.0007582698845807773
20120308,-0.0014694997111268423
20120309,-0.0010293810684186724
20120310,-0.0006095042397038198
20120311,-0.0007918845969428427
20120312,-0.001139364767887347
20120313,-0.0012103988325917277
20120314,-0.001394604225526258
20120315,-0.0016008409995882209
20120316,-0.0018984093624913182
20120317,-0.001786634620391151
20120318,-0.0011603839931960992
20120319,-0.0015089787594531453
20120320,-0.0017768981530089508
20120321,-0.002067974929656244
20120322,-0.002316046235020166
20120323,-0.0020765053112422583
20120324,-0.0020977844526199824
20120325,-0.002441790848604319
20120326,-0.0026190355321445108
20120327,-0.0025306196601772757
20120328,-0.002511468963349934
20120329,-0.002387664852188845
20120330,-0.001025601131152738
20120331,-0.001321861803394462
20120401,-0.002199643253113659
20120402,-0.0020064316190931955
20120403,-0.0024167154334379685
20120404,-0.001832480042167747
20120405,-0.0016522441209762312
20120406,-0.0015024614827380885
20120407,-0.0018371344972298333
20120408,-0.0016507503317349974
20120409,-0.0015441183873175785
20120410,-0.002332172012284065
20120411,-0.0023290440672118305
20120412,-0.0020610335375269365
20120413,-0.0022568707065585883
20120414,-0.0025292804183952434
20120415,-0.0020915588106813826
20120416,-0.0021519677791295346
20120417,-0.002535324666763875
20120418,-0.0027043343147475927
20120419,-0.0023194989360686303
20120420,-0.0023450531209226245
20120421,-0.0026481047971755123
20120422,-0.0024879118843957387
20120423,-0.0027476520656998715
20120424,-0.002175712298623684
20120425,-0.002212772585704867
20120426,-0.002151859519616166
20120427,-0.0022859927662745826
20120428,-0.0035454252845728094
20120429,-0.0027530228399142787
20120430,-0.0030001915308495797
20120501,-0.0032137562177502266
20120502,-0.0023029561050572633
20120503,-0.002597184260028555
20120504,-0.0034961345131261303
20120505,-0.0021747705418576784
20120506,-0.0024262455726655127
20120507,-0.002347247690617622
20120508,-0.0032590958280301267
20120509,-0.0020384418718253894
20120510,-0.00405841303783977
20120511,-0.0039096871570096624
20120512,-0.0035548214166027585
20120513,-0.00355101194871072
20120514,-0.0038891337143580093
20120515,-0.003007942297273337
20120516,-0.00362651220643129
20120517,-0.003848512095724692
20120518,-0.003203872948599593
20120519,-0.0031358157155011836
20120520,-0.003816896143710112
20120521,-0.0027701315560791384
20120522,-0.0034715904116284
20120523,-0.003132460723845568
20120524,-0.004487107193878651
20120525,-0.005987889593850424
20120526,-0.005664352835341877
20120527,-0.004373861385408097
20120528,-0.003755389935647764
20120529,-0.004396996861435879
20120530,-0.0035848355984116377
20120531,-0.0031555952263630695
20120601,-0.00266364650718807
20120602,-0.0029560564539818993
20120603,-0.0021904233672722503
20120604,-0.0029243832325400176
20120605,-0.002957997780746932
20120606,-0.0030269194547219527
20120607,-0.0030250779027051716
20120608,-0.004278196765554896
20120609,-0.00394919258270264
20120610,-0.0033071115065072274
20120611,-0.0022701118480770973
20120612,-0.0023234530454481804
20120613,-0.0019828939857793404
20120614,-0.0032797949898433413
20120615,-0.002969350068017266
20120616,-0.002760277956541578
20120617,-0.0036059852542497314
20120618,-0.004097992490356779
20120619,-0.0024294917014343657
20120620,-0.002140033415628443
20120621,-0.0034149993750604117
20120622,-0.004251044363205898
20120623,-0.0038866404585620883
20120624,-0.003244328119141489
20120625,-0.0033353923381717367
20120626,-0.0031640297434114275
20120627,-0.0027937900489797256
20120628,-0.0043410178407750815
20120629,-0.0042515482814177614
20120630,-0.0038412136680749396
20120701,-0.003434167788890326
20120702,-0.0027074504694621173
20120703,-0.0036871865026874106
20120704,-0.00375176547054601
20120705,-0.00342555429000314
20120706,-0.003915136917096106
20120707,-0.0041089049884397095
20120708,-0.00381599487280273
20120709,-0.0035793346604443346
20120710,-0.0038081977136421702
20120711,-0.003041512979466688
20120712,-0.003636268905514875
20120713,-0.0026512392605304745
20120714,-0.0039337226496929225
20120715,-0.0033661084473670016
20120716,-0.0031105444103220288
20120717,-0.0026966439267771744
20120718,-0.004180719990187651
20120719,-0.002934706180383081
20120720,-0.0021345659404572942
20120721,-0.0033417743235132835
20120722,-0.0036989421683060104
20120723,-0.004905173122025234
20120724,-0.004636525542924034
20120725,-0.004702194778207579
20120726,-0.004529294861429004
20120727,-0.004424777375727457
20120728,-0.002994800962102162
20120729,-0.004422978323361934
20120730,-0.003522818789810873
20120731,-0.0031201790617699497
20120801,-0.00467284271464449
20120802,-0.0036196503478858506
20120803,-0.0034827818763585663
20120804,-0.003605584366125702
20120805,-0.003413973196087731
20120806,-0.0036103501669802265
20120807,-0.0030127393027669425
20120808,-0.003313915916769035
20120809,-0.003320043566592234
20120810,-0.003975512094390159
20120811,-0.0041707385639474905
20120812,-0.004061906750783996
20120813,-0.0029044148617315413
20120814,-0.0030930875265243254
20120815,-0.004449791089946236
20120816,-0.004084278281195861
20120817,-0.003932281701874574
20120818,-0.004432099345733532
20120819,-0.004522479745956923
20120820,-0.0036059551280287518
20120821,-0.003458835919742238
20120822,-0.003943759380056967
20120823,-0.003463484522201556
20120824,-0.003081086073481344
20120825,-0.0033658957810573345
20120826,-0.0026733572769526755
20120827,-0.0033019161801480642
20120828,-0.0025467822045214823
20120829,-0.002883308240979063
20120830,-0.002379875327080448
20120831,-0.001903164050174339
20120901,-0.002053127226806808
20120902,-0.002271284926078703
20120903,-0.002507321252085473
20120904,-0.002898463168509823
20120905,-0.0018855210321625708
20120906,-0.002487017215388003
20120907,-0.0026216821302360483
20120908,-0.002744473572241264
20120909,-0.0027309398077434042
20120910,-0.0026797947285232405
20120911,-0.002104888911075818
20120912,-0.0019397716573459093
20120913,-0.0013819811928622197
20120914,-0.0015919207702759237
20120915,-0.0015144243860568992
20120916,-0.002126599628902868
20120917,-0.0020776190987656304
20120918,-0.001703374257986672
20120919,-0.0020068219812617973
20120920,-0.001702038147692748
20120921,-0.001869675211929766
20120922,-0.001545546587918369
20120923,-0.0013122844831204912
20120924,-0.002261742402274874
20120925,-0.0017618606057136436
20120926,-0.001465928345749832
20120927,-0.0021297169227588175
20120928,-0.0015850554475700792
20120929,-0.001484898613148447
20120930,-0.0015620614216030003
20121001,-0.0013440818184379745
20121002,-0.0012426770952374832
20121003,-0.0016707468465704508
20121004,-0.0019377663265621155
20121005,-0.0012883099233140455
20121006,-0.0016736092821551672
20121007,-0.0017041584201714375
20121008,-0.001191738346235912
20121009,-0.0008731286406376666
20121010,-0.0012066952689465092
20121011,-0.0007683156764419563
20121012,-0.001093971838522388
20121013,-0.0013151758751147413
20121014,-0.0009622628075481382
20121015,-0.00129349252106897
20121016,-0.0006535619676276115
20121017,-0.0013021586476938886
20121018,-0.001803147727769037
20121019,-0.0014157779983953798
20121020,-0.0013158952667576896
20121021,-0.0012207462569428916
20121022,-0.0010893718628615626
20121023,-0.0011143368706853065
20121024,-0.0009739091241582277
20121025,-0.0007217941242786756
20121026,-0.0008379632548766324
20121027,-0.0013788348432735823
20121028,-0.0008588295949785708
20121029,-0.0005171522192204207
20121030,-0.0005325066255454981
20121031,-0.0008365557145242089
20121101,-0.0010597866646902784
20121102,-0.0015411795341969989
20121103,-0.001279474508440586
20121104,-0.0007839041660119395
20121105,-0.0008649730406783911
20121106,-0.0008132273375943825
20121107,-0.0006038199026458461
20121108,-0.0006102211083095688
20121109,-0.0004661602969105722
20121110,-0.0003808055755230949
20121111,-0.0006171819710824827
20121112,-0.00044345355591592783
20121113,-0.000372406168470423
20121114,-0.000331537138664193
20121115,-0.0002698634888997603
20121116,-0.0003346811995592743
20121117,-0.0001920507029241858
20121118,-0.00021335110338310223
20121119,-0.0003966991996575055
20121120,-0.0002977834222813802
20121121,-0.0004405676224492765
20121122,-0.0002504117486850856
20121123,-0.00034384514463041643
20121124,-0.0004394751325149925
20121125,-0.0007374976699609416
20121126,-0.0006274367158670533
20121127,-0.0006476948553668828
20121128,-0.0006329033468622756
20121129,-0.0006772683092044917
20121130,-0.0004099908298187353
20121201,-0.00020501254756792364
20121202,-0.0003118183689593296
20121203,-1.1738125978328177e-05
20121204,-0.00032058919792359427
20121205,-0.0004039482145463016
20121206,-0.0003644508796436711
20121207,-0.00023452467928500258
20121208,-0.00010357175592389503
20121209,-0.0001247823038792193
20121210,-0.0003049399378096211
20121211,-0.00038174885499955673
20121212,-5.2752937376103603e-05
20121213,-0.00018458311716161018
20121214,-0.0003532194773448516
20121215,-0.0005143360594371466
20121216,-0.0007134794047916349
20121217,-0.0005216733418148852
20121218,-0.0003321480214401661
20121219,-0.000252564102010598
20121220,-0.00042308841403705677
20121221,-0.00017634532903936466
20121222,-0.0003489355498444024
20121223,-0.0006228715024336346
20121224,-0.0006825015773879604
20121225,-0.0010674783342526993
20121226,-0.0012290835239847126
20121227,-0.0014631269496359599
20121228,-0.0007348971642944143
20121229,-0.0006665450067203059
20121230,-0.0009048510471993524
20121231,-0.0004407984960637618
20130101,-0.0007383550850202818
20130102,-0.00032642638318183364
20130103,-0.00019272588575326455
20130104,-0.0001701367384070773
20130105,-0.00041602376357172035
20130106,-0.000305265879672672
20130107,-0.00026999120782026243
20130108,-0.00022498227115408544
20130109,-0.00030739117126869417
20130110,-0.00029851380186307136
20130111,-0.0003711759894530619
20130112,-0.0003425847384877548
20130113,-0.0002985477424814564
20130114,-0.00018741614778783057
20130115,-0.00011444183700852928
20130116,-9.507638202853165e-05
20130117,-0.00013475060968141407
20130118,-0.00015447531907045666
20130119,-0.0003103616199072097
20130120,-0.0005008317324261714
20130121,-0.00021324744066329246
20130122,-0.00014785556379638367
20130123,-4.276920076854387e-05
20130124,-0.00022417339775380346
20130125,-0.00021216771276675803
20130126,-0.0001825039329192861
20130127,-0.00025737440255505303
20130128,4.670284517422371e-05
20130129,-7.066086878657361e-05
20130130,-0.0009958108925993865
20130131,-0.0007097428057994897
20130201,-0.00037093378847066923
20130202,-0.0009647560446539855
20130203,-0.0005725879525389748
20130204,-0.00021423812316133427
20130205,-0.001083874046696022
20130206,-0.0005161970848747709
20130207,-0.0004883298900624156
20130208,-0.00041880681896710445
20130209,-0.00032194060300570797
20130210,-0.0004241323894361099
20130211,-0.0004748671846844684
20130212,-0.00018854694690358792
20130213,-0.00024745880678399095
20130214,-0.00032170335524372496
20130215,-1.321983100883223e-05
20130216,-0.00018913612773559794
20130217,-0.00028405819498740725
20130218,-0.0003528889763490204
20130219,-0.00023169158178635286
20130220,-0.0007219545911843155
20130221,-0.0005257676208694503
20130222,-0.0004742069328673244
20130223,-0.000307490331183249
20130224,-0.00024519009596939785
20130225,-0.00012749920108726305
20130226,-0.00010628733138117883
20130227,-0.00039775706872752367
20130228,-0.0003576759479643991
20130301,-0.00046889131660054605
20130302,-0.0007599308651618263
20130303,-0.0004926667519435679
20130304,-0.0008885518188319449
20130305,-0.0008963155129744823
20130306,-0.0012286979121906086
20130307,-0.0006211203514457423
20130308,-0.0005560185049754302
20130309,-0.0011543510021078478
20130310,-0.0009242793854635848
20130311,-0.0007429338043236133
20130312,-0.0007879549058999044
20130313,-0.0007316240438934732
20130314,-0.0006079895375471676
20130315,-0.0006465800655239863
20130316,-0.0010681154285998068
20130317,-0.0005859154780681774
20130318,-0.001008178661779944
20130319,-0.0012118957241613584
20130320,-0.0011689825659876793
20130321,-0.0011845933802883655
20130322,-0.0015930655343940508
20130323,-0.0012479199594186171
20130324,-0.0016483559626255494
20130325,-0.0013560450855585892
20130326,-0.0010581086844391294
20130327,-0.001137178100100254
20130328,-0.0008343627038451577
20130329,-0.0009489501142789613
20130330,-0.0010611078224583188
20130331,-0.0012256550431166047
20130401,-0.0015325210376867285
20130402,-0.0017099358548862923
20130403,-0.0013857370410926423
20130404,-0.0019648643403288295
20130405,-0.0015885773658314453
20130406,-0.0012104270783663688
20130407,-0.001753669022233411
20130408,-0.0014294542619615398
20130409,-0.0014941578097846689
20130410,-0.0019407031197140401
20130411,-0.0018089200024054089
20130412,-0.002635561017359003
20130413,-0.0026275503300502378
20130414,-0.003335475937758227
20130415,-0.003013118366546015
20130416,-0.002780846406320284
20130417,-0.0030504425102734333
20130418,-0.0024174445968855596
20130419,-0.002214831283535732
20130420,-0.0019641489913784153
20130421,-0.0014893739958156097
20130422,-0.0025491569949096828
20130423,-0.002266336434346192
20130424,-0.0031845288319900197
20130425,-0.0035550532558288237
20130426,-0.0014657431756450081
20130427,-0.0023098375951575005
20130428,-0.0012623541736397402
20130429,-0.002712659324795217
20130430,-0.0017513842580908288
20130501,-0.002551701257653601
20130502,-0.0028163680485812186
20130503,-0.0025558493194488253
20130504,-0.0031855669648218708
20130505,-0.0034065128159526128
20130506,-0.0030323937205643955
20130507,-0.0028802850620730115
20130508,-0.0029192445092222075
20130509,-0.002371793601425236
20130510,-0.0026237220449885266
20130511,-0.0030168559726668548
20130512,-0.0036892135247691177
20130513,-0.0019305718613692822
20130514,-0.002445317280374982
20130515,-0.0019489440275140936
20130516,-0.0013619235613187733
20130517,-0.00126652321505301
20130518,-0.003238284726254585
20130519,-0.0016838212038530708
20130520,-0.001979535054264472
20130521,-0.002019446090465181
20130522,-0.0020766123542342286
20130523,-0.0024225303614856183
20130524,-0.002982796340832717
20130525,-0.0034119015005607185
20130526,-0.0015538490808145497
20130527,-0.003758475072156579
20130528,-0.0036343468064871016
20130529,-0.002416657482632399
20130530,-0.002893308465280552
20130531,-0.0019209833410604267
20130601,-0.0023742029137701413
20130602,-0.004020552041385906
20130603,-0.0034644298152255314
20130604,-0.004224120841155474
20130605,-0.004153884744657143
20130606,-0.004994934567610784
20130607,-0.004504774052355064
20130608,-0.004138697957214902
20130609,-0.002358284798058658
20130610,-0.0015970374111930934
20130611,-0.0031136009887879194
20130612,-0.00258809720861741
20130613,-0.00387282698959286
20130614,-0.0031914516258356213
20130615,-0.0034819975173022775
20130616,-0.004297799201119744
20130617,-0.005248669410715972
20130618,-0.005351433770026783
20130619,-0.005059621351341287
20130620,-0.0028964370795808085
20130621,-0.0037835888103608935
20130622,-0.003668448345224624
20130623,-0.00404228100227843
20130624,-0.003397398112399962
20130625,-0.0028970565401607285
20130626,-0.0030746540023002373
20130627,-0.0032451273909440965
20130628,-0.00238204824495306
20130629,-0.0023070637083920033
20130630,-0.002903347313244199
20130701,-0.0038914686439382473
20130702,-0.003929249021402192
20130703,-0.0017832139002705645
20130704,-0.0024972389821602894
20130705,-0.002719130219660872
20130706,-0.0046675820984900225
20130707,-0.005183503411099805
20130708,-0.005580658200334265
20130709,-0.004970791982791125
20130710,-0.0050031378449556406
20130711,-0.0042949662344737615
20130712,-0.004440174279630407
20130713,-0.004117340452539765
20130714,-0.004403720857932949
20130715,-0.00365147393459649
20130716,-0.0045866506625521835
20130717,-0.004336298798818783
20130718,-0.004481270972207348
20130719,-0.004750204684340016
20130720,-0.004539784116428842
20130721,-0.004564006695971302
20130722,-0.004291272066716258
20130723,-0.004047126376080192
20130724,-0.0028544378198958288
20130725,-0.003700249024056979
20130726,-0.0034920688601170063
20130727,-0.005251598550962382
20130728,-0.0021588979324068144
20130729,-0.002595809623752892
20130730,-0.0030992207935586144
20130731,-0.003214651457907592
20130801,-0.004770124651962827
20130802,-0.005445832252430025
20130803,-0.0035201037759430088
20130804,-0.003555301370410566
20130805,-0.004021605319375401
20130806,-0.0030497672697806844
20130807,-0.002616864548659284
20130808,-0.0022322300961060927
20130809,-0.0030340630317466587
20130810,-0.0029858271863259906
20130811,-0.002839313728053598
20130812,-0.0024464330427563874
20130813,-0.0029861216169364394
20130814,-0.0026096991005025065
20130815,-0.0032616237658655376
20130816,-0.003667944972502147
20130817,-0.003156764250617668
20130818,-0.0024786858834533842
20130819,-0.003009423164656068
20130820,-0.002990613799076456
20130821,-0.00319387650104549
20130822,-0.003057270349309054
20130823,-0.003063800801638846
20130824,-0.0015933406319185235
20130825,-0.002222493506792555
20130826,-0.0016026379419502093
20130827,-0.0019961889510661415
20130828,-0.0025270774690255306
20130829,-0.0026961750282716757
20130830,-0.0026208729697044207
20130831,-0.0017694367337322589
20130901,-0.002184694045499136
20130902,-0.0025163647314796543
20130903,-0.0026803687925503077
20130904,-0.002969060287713508
20130905,-0.0030955629152960994
20130906,-0.0028987193658315535
20130907,-0.0016040041358753477
20130908,-0.0018817060242639003
20130909,-0.002686734392934522
20130910,-0.0025206772603841078
20130911,-0.001987496702876396
20130912,-0.001795837845950146
20130913,-0.0018366273911742377
20130914,-0.0010760257634008486
20130915,-0.0013267667113031414
20130916,-0.0018792750999856718
20130917,-0.0021781711941290466
20130918,-0.0017358764461352315
20130919,-0.0017539162382723367
20130920,-0.0018487486334848107
20130921,-0.0015989423780777938
20130922,-0.0016873590268846439
20130923,-0.0016511420325077944
20130924,-0.0019069370609752375
20130925,-0.0016524880319014731
20130926,-0.0015777314137607205
20130927,-0.001548417889000188
20130928,-0.001572529852347776
20130929,-0.0018907094464818478
20130930,-0.0016762577672888423
20131001,-0.0013631790419043833
20131002,-0.0016194183920403011
20131003,-0.0017257334129698152
20131004,-0.0011588336811273465
20131005,-0.000779201220742928
20131006,-0.001245880347131725
20131007,-0.00091484831632401
20131008,-0.0009806806064791226
20131009,-0.0012789994565212354
20131010,-0.0019527083504458042
20131011,-0.001067185881401464
20131012,-0.000811745154383925
20131013,-0.001170496586541363
20131014,-0.0011085088415166305
20131015,-0.0013212684060818392
20131016,-0.0009916056995816212
20131017,-0.0011627095293896507
20131018,-0.0008986775660112455
20131019,-0.0013177426621709812
20131020,-0.000850407595198298
20131021,-0.0009958581106522802
20131022,-0.0016975398357023557
20131023,-0.0015539171556532814
20131024,-0.0008499746043487655
20131025,-0.0010370939254489436
20131026,-0.0014849322169363372
20131027,-0.0023835789361724303
20131028,-0.0024219564177000836
20131029,-0.0012387182529658048
20131030,-0.0006573998162129358
20131031,-0.0006138718634431861
20131101,-0.0008194844277409028
20131102,-0.001298319609082191
20131103,-0.001903695302594997
20131104,-0.0017178162765300446
20131105,-0.0010488474462621955
20131106,-0.0008314931491243716
20131107,-0.0009186462320033106
20131108,-0.0010787767613900932
20131109,-0.0014873706427347083
20131110,-0.00103167974098623
20131111,-0.00040678999987087643
20131112,-0.0002870834007811213
20131113,-0.0006215882711030151
20131114,-0.000470785465239585
20131115,-0.0007216213669290313
20131116,-0.00039124485173694314
20131117,-0.0002958814847998616
20131118,-0.0003023196422896159
20131119,-0.00040959668719238804
20131120,-0.0007871726269726097
20131121,-0.0004358200646881909
20131122,-0.0005463959998340138
20131123,-0.00030819425302139097
20131124,-0.0004756020778294956
20131125,-0.0004322886202607608
20131126,-0.00041377677511045014
20131127,-0.00024390003044541303
20131128,-6.221064766447834e-05
20131129,-0.000233557200040473
20131130,-0.0003036548872201319
20131201,-0.00026763324471946635
20131202,-0.0004144551126705151
20131203,-0.0001284856459570382
20131204,-0.0001460545565039174
20131205,-0.00047991504246908806
20131206,-0.000865813105745699
20131207,-0.00018933407978499855
20131208,-0.00019247186450114544
20131209,-0.00022468655797669651
20131210,-9.920928759228425e-05
20131211,-8.998481566739804e-05
20131212,-0.00016758419947062022
20131213,-7.154949729209572e-05
20131214,-0.00013348225844815983
20131215,-0.00043252884895183857
20131216,-0.0005866498042597407
20131217,-0.00039577266666057464
20131218,-0.0002476719225724966
20131219,-0.0008928548149366008
20131220,-0.0002719345818081884
20131221,-0.00028176351285387924
20131222,-0.0010645758260996742
20131223,-0.0006691409494887422
20131224,-0.0016551439059417263
20131225,-0.0010552997790488285
20131226,-0.00037708970390695344
20131227,-0.0005947935079257553
20131228,-0.0009747570005827518
20131229,-0.0004964561780574418
20131230,-0.0003781045585776763
20131231,-0.0004597209953827176
20140101,-0.0006834309835085153
20140102,-0.0011956640844877477
20140103,-0.0008095537911430681
20140104,-0.00042761143494606
20140105,-0.0007410124724880667
20140106,-0.0010615460453283897
20140107,-0.0006387558726449891
20140108,-0.0004990658784363941
20140109,-0.0010451632424452186
20140110,-0.0004813253105087784
20140111,-0.00036888971542366417
20140112,-0.0002083526674728003
20140113,-7.743190464606437e-05
20140114,-0.00041329256231294507
20140115,-0.0005358177294042772
20140116,-0.00073670908043393
20140117,-0.0006576425252749639
20140118,-0.00039882497723147894
20140119,-0.00022184902798625194
20140120,-0.00026518459974653527
20140121,-0.0005812027331967497
20140122,-0.0003175467817672672
20140123,-0.00043692138952849485
20140124,-0.0005919206972586685
20140125,-0.00026315069746097556
20140126,-0.0007913731402795175
20140127,-0.000793612989341278
20140128,-0.0006662052887187836
20140129,-0.00047163826972813536
20140130,-0.0004827042798596985
20140131,-0.00032428506679638684
20140201,-0.0005770197565405445
20140202,-0.00046025614378941005
20140203,-0.0003876753061652249
20140204,-0.00045957996497410084
20140205,-0.0007857849830504034
20140206,-0.0013263063688871957
20140207,-0.001289480044768088
20140208,-0.0011059578057239995
20140209,-0.0013047934797128242
20140210,-0.0006458440164335774
20140211,-0.0010062428802898103
20140212,-0.0011455631227645364
20140213,-0.001121744160990721
20140214,-0.0008409821490840974
20140215,-0.0013053940807130342
20140216,-0.0010767547365223245
20140217,-0.0006848499977767422
20140218,-0.00070239535761279
20140219,-0.0005891349058148847
20140220,-0.0008634257974501645
20140221,-0.0013229119391591085
20140222,-0.000638549369047313
20140223,-0.000681503348305109
20140224,-0.0011635334332512047
20140225,-0.0011980701277780573
20140226,-0.00088322007376785
20140227,-0.001044055718630668
20140228,-0.0010954258747826664
20140301,-0.000917200803449552
20140302,-0.0009824772598045753
20140303,-0.0011600421202916293
20140304,-0.0009236374350039586
20140305,-0.0010591840907261739
20140306,-0.0011300041300824242
20140307,-0.001194818929244577
20140308,-0.0014723005354647695
20140309,-0.0016681784754005657
20140310,-0.0017221384339777077
20140311,-0.0019933718779345756
20140312,-0.0018671672289064965
20140313,-0.0016497072261259544
20140314,-0.0017263654421574596
20140315,-0.0007259834263166024
20140316,-0.0011625685438230264
20140317,-0.0013131020806214995
20140318,-0.00118006931656967
20140319,-0.001609753630613244
20140320,-0.0021865853070107723
20140321,-0.001645921503859188
20140322,-0.001869187891521987
20140323,-0.0017274845034931543
20140324,-0.0015085500217340477
20140325,-0.0015667327689952155
20140326,-0.001718347170593976
20140327,-0.0017464225830856358
20140328,-0.0021408169344350274
20140329,-0.0024246725023760805
20140330,-0.0024883860008897006
20140331,-0.002345272753304669
20140401,-0.0021097740918312033
20140402,-0.00256820451095381
20140403,-0.001945038345341362
20140404,-0.0026402543517489523
20140405,-0.001843096426739265
20140406,-0.0020044946488544627
20140407,-0.002647252562275984
20140408,-0.0024283571885441325
20140409,-0.00196018942498401
20140410,-0.0022453199506262643
20140411,-0.00256841048170728
20140412,-0.002535900148714211
20140413,-0.002043842445297556
20140414,-0.0021789711106179033
20140415,-0.0017274012923639468
20140416,-0.0026362720793213184
20140417,-0.002812456337193824
20140418,-0.0025936773318958497
20140419,-0.0014972539244721128
20140420,-0.002166964490682025
20140421,-0.0021718140499815087
20140422,-0.0023708325252801235
20140423,-0.0028379372508880573
20140424,-0.0028049810909718726
20140425,-0.0030971864809249986
20140426,-0.0019463344882195285
20140427,-0.002550187282482348
20140428,-0.001690388224928924
20140429,-0.001978929409955604
20140430,-0.0022438846614810594
20140501,-0.0025304406080563567
20140502,-0.0027304746980334614
20140503,-0.00246208841603133
20140504,-0.00331603123948719
20140505,-0.003568708547954843
20140506,-0.0025100965716620847
20140507,-0.0033822232183618574
20140508,-0.0025825081438790084
20140509,-0.003382547881113005
20140510,-0.0025110644437340113
20140511,-0.0036056266811187268
20140512,-0.002962515840800789
20140513,-0.00255388238513258
20140514,-0.0031929750141389533
20140515,-0.0024882313790069947
20140516,-0.003371184591425622
20140517,-0.0032555491312260963
20140518,-0.003213277606990571
20140519,-0.004060938161299925
20140520,-0.003935108327881548
20140521,-0.003894145715819416
20140522,-0.00392902157261586
20140523,-0.003505496800225838
20140524,-0.003410041327061388
20140525,-0.0034540631597537973
20140526,-0.002755134104450977
20140527,-0.0027269697389955597
20140528,-0.002788758844693693
20140529,-0.0029684182997635096
20140530,-0.0024957725608742523
20140531,-0.003360131194856311
20140601,-0.003183453573252419
20140602,-0.003371403590727224
20140603,-0.0033555013885560297
20140604,-0.002226797472695743
20140605,-0.003601533468029235
20140606,-0.00458140493602994
20140607,-0.0047756467243610925
20140608,-0.004774474584109608
20140609,-0.005202580134606111
20140610,-0.00452756034856287
20140611,-0.0035421585689541357
20140612,-0.004096427890194977
20140613,-0.004361738412867321
20140614,-0.0027742340470716617
20140615,-0.0030980202471447504
20140616,-0.0028367312503449343
20140617,-0.0025845119431904913
20140618,-0.0031499912140318395
20140619,-0.003082933793728736
20140620,-0.0022631925015575193
20140621,-0.0031138600997844524
20140622,-0.0032392723874245335
20140623,-0.0031612335327618627
20140624,-0.0031185961440731535
20140625,-0.0026977713399192215
20140626,-0.0026971866679059496
20140627,-0.0021673134012448994
20140628,-0.0017658680140272272
20140629,-0.0032980796229251947
20140630,-0.003309285633240454
20140701,-0.003568231187072052
20140702,-0.0037950529628849234
20140703,-0.004362339655204423
20140704,-0.0036731784543809426
20140705,-0.002456770000151655
20140706,-0.0035648407586011555
20140707,-0.003680370768739201
20140708,-0.0021697275075065916
20140709,-0.00176524015061607
20140710,-0.0022776357560575417
20140711,-0.0024963074926607778
20140712,-0.002757317556177489
20140713,-0.002769854678390031
20140714,-0.003267383864866417
20140715,-0.003384486830214386
20140716,-0.004177167272573609
20140717,-0.0048667809483705846
20140718,-0.005621404899631285
20140719,-0.005595433051481819
20140720,-0.0037481406035154005
20140721,-0.0018503410866054556
20140722,-0.003170300782504806
20140723,-0.0045799077358828445
20140724,-0.0044135844007649385
20140725,-0.003771982459885526
20140726,-0.003426083397699818
20140727,-0.0036930768226780186
20140728,-0.002828907232437068
20140729,-0.002589015585004535
20140730,-0.003333462884701828
20140731,-0.003587914364534875
20140801,-0.003616446092757306
20140802,-0.0030210298032787857
20140803,-0.0029999157219050333
20140804,-0.0028535141810720854
20140805,-0.003555660883916042
20140806,-0.0030098720175529884
20140807,-0.003558246207870921
20140808,-0.002720405184845816
20140809,-0.004122677226329517
20140810,-0.003548182894214872
20140811,-0.0036067278303059656
20140812,-0.0035672452646759796
20140813,-0.001627662383523785
20140814,-0.002887853747160667
20140815,-0.002668711288183511
20140816,-0.002819071436888056
20140817,-0.003064710975979421
20140818,-0.002603067410222763
20140819,-0.0027461748972488625
20140820,-0.0024197370478889002
20140821,-0.002839646938974506
20140822,-0.0027498323008586416
20140823,-0.002501998485924365
20140824,-0.0029123387504876247
20140825,-0.0019004373837506912
20140826,-0.0020770879684079173
20140827,-0.002205900748272377
20140828,-0.002336223695497975
20140829,-0.002462108735443045
20140830,-0.0023468408275205996
20140831,-0.001940654493913987
20140901,-0.0018568099507801719
20140902,-0.0024913883137364858
20140903,-0.0017846284117169267
20140904,-0.0019051160027163555
20140905,-0.0023892198013085128
20140906,-0.002345099302998582
20140907,-0.0022476847291711764
20140908,-0.002271458179343154
20140909,-0.002515815831855681
20140910,-0.0022831241302513254
20140911,-0.002024296547655188
20140912,-0.002044126930467489
20140913,-0.0013727172535210619
20140914,-0.0015356055067123038
20140915,-0.0016751873405191026
20140916,-0.0018192714559318712
20140917,-0.0021876914071215343
20140918,-0.0021997114215316907
20140919,-0.0016287741765954639
20140920,-0.002002729482835745
20140921,-0.0013039040728771414
20140922,-0.0019742075837299333
20140923,-0.0018695831399836364
20140924,-0.001645223461845475
20140925,-0.0017553094503961206
20140926,-0.0015569885370756817
20140927,-0.0016999261384649832
20140928,-0.0019536108845807807
20140929,-0.0015105340832980662
20140930,-0.0010912123189379718
20141001,-0.0015156111472785668
20141002,-0.0016667856362458358
20141003,-0.0017448264200508735
20141004,-0.001523596311821006
20141005,-0.0010326393644398094
20141006,-0.0013745800626938913
20141007,-0.002162648622758905
20141008,-0.0015949093288496307
20141009,-0.0016664544895548432
20141010,-0.0006942751202577033
20141011,-0.0010882064985307935
20141012,-0.0011425224327127582
20141013,-0.0017269183360629262
20141014,-0.0010960312393752496
20141015,-0.0010543183495952684
20141016,-0.0010371425308691924
20141017,-0.0011414004249629367
20141018,-0.0012016447547281805
20141019,-0.001408921464333766
20141020,-0.0008611565546776226
20141021,-0.0017833714108859203
20141022,-0.0014966992333775959
20141023,-0.0005054816159183215
20141024,-0.0008793589728887047
20141025,-0.0007691830553835094
20141026,-0.0007723845490259864
20141027,-0.0005842318218728408
20141028,-0.0006630276471053426
20141029,-0.0005133527657825641
20141030,-0.0006820925931520581
20141031,-0.0006964768055477326
20141101,-0.0007151971511821182
20141102,-0.000610717736011873
20141103,-0.0018381280345320093
20141104,-0.0012194047806527591
20141105,-0.0007035435826351972
20141106,-0.00053614329078734
20141107,-0.0006883577681161648
20141108,-0.0007283110765665873
20141109,-0.0004218268052082943
20141110,-0.0006227804133921281
20141111,-0.0006284355823181624
20141112,-0.00027732691220538983
20141113,-0.0004235053565367444
20141114,-0.0006387131244435172
20141115,-0.0006694343180417252
20141116,-0.0007220469256340396
20141117,-0.000809959122417436
20141118,-0.00043018481828499804
20141119,-0.00035147448630843276
20141120,-0.0003489936679805079
20141121,-0.0004039405636454392
20141122,-0.0002428973129967709
20141123,-0.00048231289525923473
20141124,-0.00036817649238598025
20141125,-0.0004139749516987841
20141126,-0.0004122162660315329
20141127,-0.00036658541992115937
20141128,-0.0005789443743829032
20141129,-0.000357122569895358
20141130,-0.0002494122423361405
20141201,-0.00041954465193378164
20141202,-0.0003194349404357829
20141203,-0.0003793579361917075
20141204,-0.00026484600880780746
20141205,-0.00017816969469147722
20141206,-0.00031718148749511864
20141207,-0.0004484235726018009
20141208,-0.0004363405569453723
20141209,-0.00034034469744330804
20141210,-0.00032904119295115703
20141211,-0.0008422048827056718
20141212,-0.001264861097892485
20141213,-0.0005682830036465798
20141214,-0.00031617463454285073
20141215,-0.00042640900428355923
20141216,-0.00018652245492334723
20141217,-0.00021518854707405414
20141218,-8.264427772097839e-05
20141219,-0.000694548326350211
20141220,-0.0007409033651748681
20141221,-0.0005221985088148163
20141222,-0.00043580232754940654
20141223,-0.0003438518780862985
20141224,-0.0004190649198326679
20141225,-0.0005663532147246386
20141226,-0.0003688245818651538
20141227,-0.00033392182301964646
20141228,-0.0006029774315139301
20141229,-8.798704938429273e-05
20141230,-1.3299668211485473e-05
20141231,-6.217875158372595e-06
20150101,-2.1010909669305144e-05
20150102,-0.00011898142663596568
20150103,0.0002525602428326822
20150104,-0.00022987990459756783
20150105,-0.00011739082230312404
20150106,-0.0001238719676195313
20150107,-9.916872850123913e-05
20150108,-0.00011338190772423583
20150109,-0.0005308341753671445
20150110,-0.0008875961541638471
20150111,-0.0009300385844863777
20150112,-0.000718095975232544
20150113,-0.001214681968219279
20150114,-0.0011890701767723528
20150115,-0.0015586551947004879
20150116,-0.00047876710994489694
20150117,-0.0004542651016131364
20150118,-0.00033564127595746285
20150119,-0.00015561194979637577
20150120,-0.0002575807631009279
20150121,-0.0001596317872960151
20150122,-0.00017508333034185384
20150123,-0.00022486410790309233
20150124,-0.00015015383287021725
20150125,-0.00015689246626237834
20150126,1.2147782857519666e-05
20150127,-0.0002594879296476331
20150128,-0.00034742195580496213
20150129,-0.00039388957248273095
20150130,-0.0004210006443252104
20150131,-0.0002450932400526095
20150201,-0.00034095593388229966
20150202,-0.00026118468597158766
20150203,-0.00017287221486810605
20150204,-0.0004311576795331358
20150205,-0.0007891846234051181
20150206,-0.0012357433945272755
20150207,-0.0006634891698761328
20150208,-0.0005813347420447059
20150209,-8.042996322255788e-05
20150210,-0.0001315581121785675
20150211,-0.00032917237824895513
20150212,-0.0003384880667195548
20150213,-0.00036549853260177645
20150214,-0.0005974750599919313
20150215,-0.0004745251936661845
20150216,-0.0004833216322797915
20150217,-0.0003950296043395463
20150218,-0.0005354129470427256
20150219,-0.0005350403876160202
20150220,-0.0010747624891741003
20150221,-0.0011782464828143358
20150222,-0.0007874199096457369
20150223,-0.00032953780344089696
20150224,-0.0007228103374846628
20150225,-0.0006976423484492915
20150226,-0.0008041846020076108
20150227,-0.0010093221158465429
20150228,-0.0009060293343344715
20150301,-0.0010316277259020778
20150302,-0.0018235161222963311
20150303,-0.0013723599338441206
20150304,-0.0011677289511780027
20150305,-0.001003925467469116
20150306,-0.0009924368344070066
20150307,-0.0009145777946059233
20150308,-0.0010717139675222214
20150309,-0.0010362869319500054
20150310,-0.0005616678031470398
20150311,-0.0014546980947235098
20150312,-0.0014699929150848584
20150313,-0.0013548033652000145
20150314,-0.001118012464483447
20150315,-0.0011021408726875975
20150316,-0.0012557593097566448
20150317,-0.0016197105023879879
20150318,-0.0017752381697385936
20150319,-0.0009578246053794627
20150320,-0.001777391389286754
20150321,-0.0011508547215538813
20150322,-0.0012342933785305494
20150323,-0.0014527501841901022
20150324,-0.001281380693460056
20150325,-0.0010585644711834916
20150326,-0.0014916478796120321
20150327,-0.0018552656853994402
20150328,-0.0008151426374611778
20150329,-0.0013957457189175506
20150330,-0.0025919405802214907
20150331,-0.003059744448794476
20150401,-0.0027347570304273867
20150402,-0.0017190958785157295
20150403,-0.0013546440639514942
20150404,-0.0013175423014699795
20150405,-0.0023459578870843796
20150406,-0.001614062337511382
20150407,-0.002347801830502229
20150408,-0.0023352911416735043
20150409,-0.0027350773281887455
20150410,-0.0031357820208015976
20150411,-0.001877377363355625
20150412,-0.0023278731369548358
20150413,-0.0022090548015112847
20150414,-0.0030350335603079467
20150415,-0.0036067854880074616
20150416,-0.00286592715529762
20150417,-0.0025720412627224633
20150418,-0.003248823807881606
20150419,-0.0033417261273474106
20150420,-0.003355084042885517
20150421,-0.0035153849504289954
20150422,-0.0032389080083157305
20150423,-0.003139185141667312
20150424,-0.0033126766423564164
20150425,-0.001771597413034225
20150426,-0.002807786493688035
20150427,-0.0011926566296950663
20150428,-0.0031711537891081823
20150429,-0.002452703521555559
20150430,-0.002325747557950796
20150501,-0.0010098873152646314
20150502,-0.001685428400496961
20150503,-0.0007395611676206844
20150504,-0.0030403886554981694
20150505,-0.003820826979686774
20150506,-0.0035957603294931736
20150507,-0.0031394095545734277
20150508,-0.00342109978147975
20150509,-0.003211463198180838
20150510,-0.0034886467299662686
20150511,-0.0036320475148809202
20150512,-0.004050787976627671
20150513,-0.0035338997432978582
20150514,-0.002127906070859079
20150515,-0.00233787528565181
20150516,-0.002552877282794921
20150517,-0.003116716051668689
20150518,-0.004217258351488352
20150519,-0.003153500614602515
20150520,-0.0031305905610580016
20150521,-0.0030860974585493763
20150522,-0.0030142533451601194
20150523,-0.0031299016507117684
20150524,-0.002803720434706485
20150525,-0.0021260068797798364
20150526,-0.0025847899039379194
20150527,-0.0032462481969808446
20150528,-0.003032085510724179
20150529,-0.002456036561025293
20150530,-0.0031005089063749994
20150531,-0.0028064693936321
20150601,-0.0021680705014423523
20150602,-0.004327871799701188
20150603,-0.0029759804459295798
20150604,-0.004490060647442878
20150605,-0.0047978526460477865
20150606,-0.0034069524832792504
20150607,-0.004550848044069327
20150608,-0.003272710337255886
20150609,-0.002294293702242868
20150610,-0.0026081303404895877
20150611,-0.0036396942133227507
20150612,-0.003656890394915505
20150613,-0.003476990997851557
20150614,-0.004244339608442353
20150615,-0.001969614531223974
20150616,-0.0030212732414085534
20150617,-0.0038907753888967208
20150618,-0.0017203503586300053
20150619,-0.0021047562286229055
20150620,-0.002216028054994074
20150621,-0.0027019093821632964
20150622,-0.0020074054729893594
20150623,-0.0031701217485308555
20150624,-0.0024758066571859095
20150625,-0.003558785288413981
20150626,-0.0038291354896085486
20150627,-0.003748021441866346
20150628,-0.004210593192315284
20150629,-0.003987170128075941
20150630,-0.004734624732890135
20150701,-0.005043815163671708
20150702,-0.005077467379043375
20150703,-0.004258483101271686
20150704,-0.004677577169418547
20150705,-0.004017384462202168
20150706,-0.00430858872603873
20150707,-0.0035030286690602734
20150708,-0.002793582585687718
20150709,-0.002721217612416096
20150710,-0.0036241620783303047
20150711,-0.003981776835261109
20150712,-0.002754314631688557
20150713,-0.001326945623219821
20150714,-0.001785573970795975
20150715,-0.0025435261721313512
20150716,-0.003433467695483108
20150717,-0.0035959379829220233
20150718,-0.002975305760635097
20150719,-0.0026737612087165633
20150720,-0.001932072378451356
20150721,-0.002769658803617561
20150722,-0.0029311915672930503
20150723,-0.0026889966800582527
20150724,-0.0029542621024150856
20150725,-0.0030691268864629405
20150726,-0.0025549025539527252
20150727,-0.0028773400916785067
20150728,-0.0022799128649869643
20150729,-0.0023089548166477145
20150730,-0.0023809288527824966
20150731,-0.0026042928093258652
20150801,-0.00281945275691601
20150802,-0.0032464526312047624
20150803,-0.0034009649218586695
20150804,-0.002019261959777188
20150805,-0.003168504828867918
20150806,-0.003233147146283096
20150807,-0.003454051723556278
20150808,-0.00269041996325604
20150809,-0.0018566824223677308
20150810,-0.0024840898114395194
20150811,-0.0030346731367785792
20150812,-0.002895732988871288
20150813,-0.0029869587893422535
20150814,-0.0021714264353630127
20150815,-0.0016877254305777735
20150816,-0.0015056602210711228
20150817,-0.00124549331698809
20150818,-0.0016713678091505825
20150819,-0.0019653026228841535
20150820,-0.0019897387741414016
20150821,-0.0021765027582322143
20150822,-0.0024872209151916127
20150823,-0.0020279430750426864
20150824,-0.0022971420860669013
20150825,-0.00274548038055825
20150826,-0.0031924153708733152
20150827,-0.0020203045724576617
20150828,-0.0016949678547425742
20150829,-0.002792435907470029
20150830,-0.0033371421877869795
20150831,-0.0035373452253759786
20150901,-0.0018650628217365516
20150902,-0.002117070637201515
20150903,-0.0021358842834780538
20150904,-0.0019540827456408375
20150905,-0.0015317484087956378
20150906,-0.001821918984448044
20150907,-0.000979424397544507
20150908,-0.0014789931527817257
20150909,-0.0020620020474979885
20150910,-0.002294783699845206
20150911,-0.0020512399656825676
20150912,-0.0017402568690745293
20150913,-0.0013728714288778496
20150914,-0.0027081814426037683
20150915,-0.0017372696996603792
20150916,-0.0023843039643901614
20150917,-0.0019261620776959863
20150918,-0.002111312151700338
20150919,-0.0018824661767158062
20150920,-0.0015316503314868352
20150921,-0.001840652304373327
20150922,-0.0016417014492658495
20150923,-0.0016143284335016792
20150924,-0.0017039265940598145
20150925,-0.001265827265031039
20150926,-0.0017061153533446292
20150927,-0.0021835200630177997
20150928,-0.0021881574595944754
20150929,-0.00218862066210946
20150930,-0.0021000652456717585
20151001,-0.0019166208231467734
20151002,-0.0017548760519546474
20151003,-0.0015827837545754299
20151004,-0.0014069172556731993
20151005,-0.001212386952242863
20151006,-0.0010004940336251096
20151007,-0.0008753033482576692
20151008,-0.0009617175408038865
20151009,-0.0009440992978964613
20151010,-0.0010305338444730517
20151011,-0.0013433094879759517
20151012,-0.001219641563928094
20151013,-0.0009820226998288875
20151014,-0.0010260642869875736
20151015,-0.0007430604655697268
20151016,-0.0006291883819004545
20151017,-0.0006695279180135853
20151018,-0.0006953284742898822
20151019,-0.0005721737157505995
20151020,-0.0005070201332494232
20151021,-0.0006163403961635399
20151022,-0.00030264233196171413
20151023,-0.000719347103687611
20151024,-0.0007744104019432395
20151025,-0.00036598009018448533
20151026,-0.0005576023902332882
20151027,-0.0007232458407799862
20151028,-0.0006871205431664032
20151029,-0.0007337022795811779
20151030,-0.0005336772260650504
20151031,-0.0006078342637591038
20151101,-0.0004989393062706942
20151102,-0.0005300683669237139
20151103,-0.0005694102164380255
20151104,-0.0005762238273506243
20151105,-0.0006247801386056278
20151106,-0.0004920543489357173
20151107,-0.0005392246920699851
20151108,-0.000478963556815347
20151109,-0.0007342778422614881
20151110,-0.0005289984894621995
20151111,-0.0004363193527968541
20151112,-0.00040835892093974986
20151113,-0.000577505689110405
20151114,-0.0008726564333916075
20151115,-0.000797725792728795
20151116,-0.0005484713578038097
20151117,-0.0008985267401637445
20151118,-0.0010715471987955685
20151119,-0.001193042704215671
20151120,-0.00106862971736496
20151121,-0.0008123294441995819
20151122,-0.0008142887832802657
20151123,-0.00036471252263634067
20151124,-0.0003515851191951673
20151125,-0.00014763146871720026
20151126,-0.0004268564040958413
20151127,-0.00020697662109844995
20151128,-0.0006564528901515453
20151129,-0.0009963983183038662
20151130,-0.0012613202352405157
20151201,-0.0007986464372113362
20151202,-0.00043176395338124596
20151203,-0.0002452433481892522
20151204,-0.00036316869769535465
20151205,-0.0002996594005803223
20151206,-0.00028317778448633724
20151207,-0.0001443567051578016
20151208,-0.0002658365144953606
20151209,-0.0004143395997412535
20151210,-0.0002404786746926674
20151211,-0.0002537676276892104
20151212,-0.00015580570913026416
20151213,-0.0002861616023374069
20151214,-0.00018367324965389099
20151215,-0.00020623381279913952
20151216,-0.00017003678759813247
20151217,-0.0002581227955355628
20151218,-0.0003105684248347579
20151219,-0.00031405617770339383
20151220,-0.00038589814688820524
20151221,-0.0011201505683703218
20151222,-0.0007128871286329165
20151223,-0.00040878006863512647
20151224,-0.0006476545216007732
20151225,-0.000582489658459385
20151226,-0.00029119359061627705
20151227,-0.0002686522795891602
20151228,-0.00032699034180590984
20151229,-0.00015219767148380635
20151230,-0.0001896827720351214
20151231,-0.0005180962530940825
20160101,-0.0002084652371461282
20160102,-0.0003811617141258744
20160103,-0.0007445524451610218
20160104,-0.0004068386834849141
20160105,-0.0005131538948611348
20160106,-0.00039836460502766703
20160107,-0.0006094670964995503
20160108,-0.00027987906983646096
20160109,-0.00014672114992312894
20160110,-0.0008884027428064905
20160111,-0.0008799936880399535
20160112,-0.0010776729993370886
20160113,-0.0008951586573140091
20160114,-0.000546916428425991
20160115,-0.0006768203863633642
20160116,-0.00028197579169912646
20160117,-0.00023713786231553726
20160118,-0.00012504949154831362
20160119,-9.831464768650677e-05
20160120,-0.00010140452943454192
20160121,-4.843305403079457e-05
20160122,-0.00017336961361026607
20160123,0.00023540011782369788
20160124,-0.0001717482343612616
20160125,-0.00043960227764386204
20160126,-0.00020115153684657777
20160127,-0.000606113039968781
20160128,-0.000681289798697378
20160129,-0.000498792884306909
20160130,-0.000937854264607223
20160131,-0.0004925474811078569
20160201,-0.0007640931352450982
20160202,-0.0007145405034742978
20160203,-0.0009826217609103284
20160204,-0.0004865203403839967
20160205,-0.00035786140485576963
20160206,-0.0008305626684356363
20160207,-0.0009756922782669178
20160208,-0.0019644364229194507
20160209,-0.001750993842356617
20160210,-0.0011992349119093722
20160211,-0.0007368869422703266
20160212,-0.000757347311432422
20160213,-0.00054013176710432
20160214,-0.000810079274569184
20160215,-0.0008126973368824052
20160216,-0.0006930977285114109
20160217,-0.0004112672975851517
20160218,-0.0006237900798930217
20160219,-0.000745698861200266
20160220,-0.0002432712885707367
20160221,-0.0005622363850322165
20160222,-0.0007861426542057553
20160223,-0.0008491583252953093
20160224,-0.0007444720211426804
20160225,-0.0009256118139451196
20160226,-0.0006618970910952774
20160227,-0.0009175168958875427
20160228,-0.0008340911085934146
20160229,-0.0007786291493678403
20160301,-0.0008630537395699039
20160302,-0.0009593606435376766
20160303,-0.0007458762651716078
20160304,-0.000576827050145571
20160305,-0.0008353681377651838
20160306,-0.0007816722975302923
20160307,-0.0008445676186713055
20160308,-0.0008776156526994668
20160309,-0.0011233457651740398
20160310,-0.0007901034722459895
20160311,-0.0009270841268906564
20160312,-0.0012332589144145678
20160313,-0.001156589519968577
20160314,-0.001482128312821042
20160315,-0.0011793107027279403
20160316,-0.0014970497684936139
20160317,-0.0015499580976962133
20160318,-0.0015736007355640054
20160319,-0.000971514549264125
20160320,-0.00116288708199899
20160321,-0.0011491674751961279
20160322,-0.0013504583227571911
20160323,-0.0013433954437258593
20160324,-0.000979879163391597
20160325,-0.0009577759871644912
20160326,-0.0016223677554945853
20160327,-0.0020350700145280653
20160328,-0.0020237860385248683
20160329,-0.0024505639814073506
20160330,-0.0014040086149959472
20160331,-0.0013220333730028352
20160401,-0.0010537815510119144
20160402,-0.0019767266900467054
20160403,-0.0015655128347724545
20160404,-0.002099256357986086
20160405,-0.001333347990697081
20160406,-0.0021641646567977326
20160407,-0.002586297705977439
20160408,-0.001959657385691328
20160409,-0.002230103081456658
20160410,-0.002577101755207562
20160411,-0.0027316215800341215
20160412,-0.002689394356134012
20160413,-0.0015120574726424617
20160414,-0.002176078601245736
20160415,-0.0028209876331294946
20160416,-0.0026325914111799647
20160417,-0.0025637986579263687
20160418,-0.0025187870305096705
20160419,-0.002099577687503448
20160420,-0.003369908876013106
20160421,-0.0035859364824272397
20160422,-0.0023689860978945475
20160423,-0.0019107702371148295
20160424,-0.002411816920265229
20160425,-0.0021050552900299378
20160426,-0.0026690423339483407
20160427,-0.0023978967550085523
20160428,-0.0025202788508530203
20160429,-0.002449987850028056
20160430,-0.0022234443854050783
20160501,-0.0025522383857057725
20160502,-0.003478522574817169
20160503,-0.0029272214233351896
20160504,-0.0032352628675058836
20160505,-0.003993251318030421
20160506,-0.004158965022630574
20160507,-0.0038504356715360444
20160508,-0.004546924038061053
20160509,-0.0037094150880789263
20160510,-0.0017055875128105227
20160511,-0.003418957807242436
20160512,-0.0019601778229950484
20160513,-0.0033537766530365343
20160514,-0.003510417952929166
20160515,-0.003053489768827084
20160516,-0.0028913603979210103
20160517,-0.002820543678538133
20160518,-0.0029834007234002206
20160519,-0.0027061508766964434
20160520,-0.0021840448072392347
20160521,-0.00358610895564508
20160522,-0.0033311658619559733
20160523,-0.001904673255548572
20160524,-0.0015072693973299895
20160525,-0.002576806109358551
20160526,-0.0036709705285152294
20160527,-0.0036173548612874694
20160528,-0.003936509293374982
20160529,-0.0024077740608453185
20160530,-0.0014030911873385587
20160531,-0.0016947603884891723
20160601,-0.002087738824502128
20160602,-0.0018425018013965451
20160603,-0.0027009763306862903
20160604,-0.0024902041679294015
20160605,-0.0033071141100269965
20160606,-0.004483049164593457
20160607,-0.003676357030898372
20160608,-0.003138283367298981
20160609,-0.0044758316178655335
20160610,-0.004335038053865031
20160611,-0.002438704463960945
20160612,-0.0032599322190130426
20160613,-0.0033735111676864776
20160614,-0.0026358677483284657
20160615,-0.003383519375062585
20160616,-0.0026271949628691267
20160617,-0.0032162509614853487
20160618,-0.003054514306938915
20160619,-0.0032768046762064584
20160620,-0.0034853055149376587
20160621,-0.0015672123131541117
20160622,-0.003490085939276973
20160623,-0.005266936473991737
20160624,-0.003887462528710765
20160625,-0.0027273941588165213
20160626,-0.003969581750447872
20160627,-0.0019345716397903864
20160628,-0.0030513130461380764
20160629,-0.0043317744962335
20160630,-0.0032841827962421834
20160701,-0.003491569931474131
20160702,-0.0037692808483771718
20160703,-0.0027286779429364595
20160704,-0.002855466801029839
20160705,-0.003705016397034997
20160706,-0.0036654569594864596
20160707,-0.004661003713001544
20160708,-0.004693336443706997
20160709,-0.004110538663515693
20160710,-0.005121672790781145
20160711,-0.003882023351681699
20160712,-0.0030433771020414472
20160713,-0.0034389219428865385
20160714,-0.0034842175728877415
20160715,-0.003059056578750514
20160716,-0.003016370773617772
20160717,-0.003577139660519378
20160718,-0.0038933738723630636
20160719,-0.005016099246749049
20160720,-0.005170543054907627
20160721,-0.0036512054217597845
20160722,-0.0034973207568782154
20160723,-0.00292023676110853
20160724,-0.0031916067111313288
20160725,-0.004004822943152764
20160726,-0.0031631443920322653
20160727,-0.003940983523585982
20160728,-0.0027668864014878452
20160729,-0.0031690037566990113
20160730,-0.003634347458235589
20160731,-0.0031840676196568255
20160801,-0.0034209061338443944
20160802,-0.0015065722186415038
20160803,-0.0029372619612833134
20160804,-0.0016979588769601244
20160805,-0.0032070358662700128
20160806,-0.0031609396511218255
20160807,-0.004021105994882159
20160808,-0.0035367507381717416
20160809,-0.0034162005897012356
20160810,-0.0030856763797858532
20160811,-0.0025168046408062836
20160812,-0.0025892620127358898
20160813,-0.0039026888538119258
20160814,-0.0037516460430397952
20160815,-0.0037092346635048228
20160816,-0.003658845465577571
20160817,-0.003274712423272328
20160818,-0.0022211113956427525
20160819,-0.002938582324602015
20160820,-0.0021969636824699774
20160821,-0.0025376392260238107
20160822,-0.002206709982191488
20160823,-0.0035836560850679056
20160824,-0.0038773463597815876
20160825,-0.0037307072783929218
20160826,-0.0036376960512658255
20160827,-0.003528178249838895
20160828,-0.0034345583506501954
20160829,-0.0024037568867217377
20160830,-0.0027741217884690045
20160831,-0.0025624646165470543
20160901,-0.0025741824564459587
20160902,-0.0026205376980953563
20160903,-0.0024278810836747345
20160904,-0.001923261267378816
20160905,-0.0016190709713232775
20160906,-0.0025605105953613086
20160907,-0.0026873357462738447
20160908,-0.0027205755390274
20160909,-0.0024555502933924682
20160910,-0.0022266438782711485
20160911,-0.0020065371513304105
20160912,-0.002348855290804334
20160913,-0.0025572841314124134
20160914,-0.002487789775337599
20160915,-0.0016157498422762241
20160916,-0.0014211193150304707
20160917,-0.001545648825996379
20160918,-0.001396228109979022
20160919,-0.0015356329156640536
20160920,-0.0010467458337956018
20160921,-0.0017842617164625632
20160922,-0.001761739093443612
20160923,-0.0015506572393519452
20160924,-0.0019435465656192578
20160925,-0.0018071250100707807
20160926,-0.001630229972880617
20160927,-0.001583536202785755
20160928,-0.001392355720553304
20160929,-0.0015998849371328836
20160930,-0.0010754050796911924
20161001,-0.0014898534634048947
20161002,-0.0017573822326235865
20161003,-0.0010939438034560883
20161004,-0.0009017509463895773
20161005,-0.0015055017709452775
20161006,-0.0008032835689654881
20161007,-0.0007053452547552091
20161008,-0.0009080787607314768
20161009,-0.001085281669246778
20161010,-0.0008998620213041432
20161011,-0.0010226009309886222
20161012,-0.0008368503576481684
20161013,-0.000917529591118613
20161014,-0.0009127933769661035
20161015,-0.0007512763068094023
20161016,-0.000978837084038505
20161017,-0.0004989470110765311
20161018,-0.0009331700795796944
20161019,-0.0012194956390558674
20161020,-0.0009911569140362213
20161021,-0.0008824874364302579
20161022,-0.0007321517658197939
20161023,-0.0006182476384174622
20161024,-0.0005025559687687972
20161025,-0.000694483320587548
20161026,-0.0006766996581292863
20161027,-0.0005641748032218255
20161028,-0.0006689780328949694
20161029,-0.0005623915060566644
20161030,-0.0008356772446476685
20161031,-0.0007491352935815134
20161101,-0.000591133713745205
20161102,-0.0007903276036970357
20161103,-0.00043314873503051996
20161104,-0.0005154345196104076
20161105,-0.00029954701360046087
20161106,-0.0007623025209629493
20161107,-0.0006420921006270872
20161108,-0.0005830720037981572
20161109,-0.0007494792659764952
20161110,-0.0007167849617222565
20161111,-0.0008496404245044764
20161112,-0.0005702727062270737
20161113,-0.0005180573764987997
20161114,-0.0005359081381299446
20161115,-0.0001600517303008541
20161116,-2.340765528115154e-05
20161117,-0.0009506064800138421
20161118,-0.0018463831091613887
20161119,-0.0007305589396983905
20161120,-0.0012181783299689344
20161121,-0.0011099900915139797
20161122,-0.0005768870626442239
20161123,-0.0003717568334356093
20161124,-0.0005262454185422878
20161125,-0.0004697756843893385
20161126,-0.00027266058500060946
20161127,-0.0003417096751010504
20161128,-0.0005706666339294846
20161129,-0.0005292836471927582
20161130,-0.00011701691345403605
20161201,-0.00018157841950373768
20161202,5.9947235243501555e-06
20161203,-0.0004139520484760838
20161204,-0.0002731390962341038
20161205,-0.00011133806595572204
20161206,-8.35366411019734e-05
20161207,-0.00014949284350258902
20161208,-0.00022708173319396771
20161209,-0.00014391711569399507
20161210,-0.00019575789190858048
20161211,-0.0003165825291270056
20161212,-0.000171935548792434
20161213,-0.00025818761883738493
20161214,-0.0001972538011750866
20161215,-0.00011639963583358512
20161216,-0.00019098825426543746
20161217,-0.00010955166110934139
20161218,-8.326361920087388e-05
20161219,-0.00029299549783471003
20161220,-0.0001736612124946624
20161221,-2.6217881494626136e-05
20161222,-8.137096610640464e-05
20161223,-0.0001566507590448803
20161224,-0.0004277142662300739
20161225,-0.0003731983916400046
20161226,-0.00021018481097985278
20161227,-0.00020997827052203163
20161228,-9.049493238347736e-05
20161229,-0.00011211788002657555
20161230,-7.566541411442164e-05
20161231,-5.733426899499363e-05
20170101,-7.214934598708505e-05
20170102,-3.871030119842703e-06
20170103,-9.032390459606774e-05
20170104,-0.0001764475924429348
20170105,-0.0002600583264702115
20170106,-0.00010410591182095179
20170107,-0.00017487140379412777
20170108,-4.391259244836574e-05
20170109,-8.582803023526121e-05
20170110,-0.00011319223258675207
20170111,8.58133399081773e-05
20170112,-0.00026898035313784307
20170113,-0.000860296575809271
20170114,-0.00037607593365853267
20170115,-0.00017223254172885565
20170116,-7.19185019043215e-05
20170117,-0.00024300965043520838
20170118,-0.0003178304966582163
20170119,-0.000244826032721522
20170120,-0.00022448590824179174
20170121,-6.673806637617564e-05
20170122,-6.055073730343758e-05
20170123,-5.691962392612836e-05
20170124,-0.00013138691599277855
20170125,-0.0001583996263289276
20170126,-9.295583088081156e-05
20170127,-0.0001224070868876714
20170128,-4.801482236165819e-05
20170129,8.217593536374653e-05
20170130,7.435428444834793e-05
20170131,-4.4294379821402764e-05
20170201,-0.00011405550984093018
20170202,-0.00042967653047317405
20170203,-0.000747082593580087
20170204,-0.0007900469818042133
20170205,-0.0004719203308333519
20170206,-0.0005133869745018947
20170207,-0.0004528487174785569
20170208,-0.000518313420339875
20170209,-0.0005975854519756563
20170210,-0.00036482507741833
20170211,-0.0004860603728539038
20170212,-0.0007046721839659617
20170213,-0.0007514102061712778
20170214,-0.0006724389884379852
20170215,-0.0005945149545224821
20170216,-0.0004692754969784871
20170217,-0.0007024460031772732
20170218,-0.0006524987998030225
20170219,-0.0007164703992926506
20170220,-0.0004205403855470829
20170221,-0.00011836590702202046
20170222,-0.0007495952220926445
20170223,-0.0012908206348179578
20170224,-0.0011914385125201864
20170225,-0.000885040989781596
20170226,-0.0010871292838301831
20170227,-0.0016144855775102717
20170228,-0.001704885908413124
20170301,-0.0013472310092576612
20170302,-0.0018747861107138385
20170303,-0.001094615392130202
20170304,-0.001226411648311205
20170305,-0.0017957956905028788
20170306,-0.001475414430711041
20170307,-0.0013036235860009826
20170308,-0.00048385575441196405
20170309,-0.00042837360519602194
20170310,-0.0014288624026227083
20170311,-0.0015108060710993694
20170312,-0.0017643401683205768
20170313,-0.001554996522036741
20170314,-0.001460556236744328
20170315,-0.0010409003452026874
20170316,-0.0017397914588016868
20170317,-0.00112185213518554
20170318,-0.0009522331378910657
20170319,-0.0008576739869652089
20170320,-0.0011938840784791313
20170321,-0.0012480977518336766
20170322,-0.0013911856645405386
20170323,-0.0019848662619788913
20170324,-0.0015815427729752513
20170325,-0.0024498326446758772
20170326,-0.0023129758726402544
20170327,-0.002490894365308051
20170328,-0.0023238332049483825
20170329,-0.0021178731826064284
20170330,-0.0023982717868258315
20170331,-0.00280068895870907
20170401,-0.0015978724042847697
20170402,-0.001746537060444149
20170403,-0.0022616564675537157
20170404,-0.0022054147218300126
20170405,-0.002122434131269759
20170406,-0.0016389908137074691
20170407,-0.0021004675275261846
20170408,-0.0024205328008226413
20170409,-0.0028760283213423964
20170410,-0.0024671264474191096
20170411,-0.0023125329781026925
20170412,-0.0026651786273686386
20170413,-0.0016908477986081328
20170414,-0.0018852600113064791
20170415,-0.0013166352659797942
20170416,-0.0018639531322953912
20170417,-0.0022740840562005173
20170418,-0.0023664069501698366
20170419,-0.00221247318411547
20170420,-0.002555296333352405
20170421,-0.0024511101285903565
20170422,-0.0016249835094268971
20170423,-0.002169686693356418
20170424,-0.0029916346114131397
20170425,-0.0015910293298401902
20170426,-0.0023004650878498682
20170427,-0.0025897624248301747
20170428,-0.002465040465663128
20170429,-0.0024622073548504673
20170430,-0.0036257183200950898
20170501,-0.002398166301002608
20170502,-0.0021691486714605704
20170503,-0.00238252188932962
20170504,-0.002341469434226182
20170505,-0.0024734743421650635
20170506,-0.0023635695978858513
20170507,-0.0013442435279548217
20170508,-0.0017725171942641767
20170509,-0.0028677942242551877
20170510,-0.003813663006215506
20170511,-0.0033981969400402917
20170512,-0.0033688200941508757
20170513,-0.003458985981356515
20170514,-0.0033546992716634613
20170515,-0.003984504802534926
20170516,-0.004285222398172507
20170517,-0.004807847816036707
20170518,-0.002572729286041515
20170519,-0.001827709921394805
20170520,-0.0031461257811783248
20170521,-0.003712273610640391
20170522,-0.0043370061599977755
20170523,-0.004168940582679685
20170524,-0.003201077438872151
20170525,-0.004324546857122762
20170526,-0.004800605221990515
20170527,-0.004939364083708424
20170528,-0.004296305932271507
20170529,-0.005238667873932449
20170530,-0.0037988832994218635
20170531,-0.004010168202127289
20170601,-0.0034220217800556827
20170602,-0.003686512734280265
20170603,-0.003462592829840746
20170604,-0.0038762834050269923
20170605,-0.0036065162282931016
20170606,-0.003769158286752639
20170607,-0.0037095804546651255
20170608,-0.004401951601877809
20170609,-0.0031380244605951893
20170610,-0.004222511182177218
20170611,-0.004671971588864201
20170612,-0.004288653783102185
20170613,-0.0039511444364368304
20170614,-0.004205134287030332
20170615,-0.003855165430692047
20170616,-0.0037760092593051887
20170617,-0.0021013259592993373
20170618,-0.003938385212585895
20170619,-0.004628572382618906
20170620,-0.0045008912750627884
20170621,-0.004225999175475579
20170622,-0.004129481327472394
20170623,-0.0033676852079717683
20170624,-0.003215789079169617
20170625,-0.002288655593039858
20170626,-0.003209391413796502
20170627,-0.0023860947279385103
20170628,-0.002610892724512979
20170629,-0.00329940285048362
20170630,-0.0031441781307296724
20170701,-0.001727231599423522
20170702,-0.0016107025020986635
20170703,-0.0033605159853392313
20170704,-0.0036809305643177776
20170705,-0.004231386482164422
20170706,-0.00447939321259077
20170707,-0.00413527711213242
20170708,-0.0040962139181851724
20170709,-0.0033573682322669504
20170710,-0.0032522735726069124
20170711,-0.003313052674196463
20170712,-0.002973457408038665
20170713,-0.004032759537176083
20170714,-0.0036758509691406796
20170715,-0.0025884739402718066
20170716,-0.00213098813371062
20170717,-0.0032616416699490112
20170718,-0.0037999806435421732
20170719,-0.004500385457885843
20170720,-0.003484177012853234
20170721,-0.0030734776606696295
20170722,-0.0035451194552017784
20170723,-0.003141280747284555
20170724,-0.003263810484452889
20170725,-0.0026584283750204817
20170726,-0.0031215190512108113
20170727,-0.0022557132271044077
20170728,-0.002980043059137265
20170729,-0.003911788442719517
20170730,-0.0037203105231442078
20170731,-0.002900402258728823
20170801,-0.002479897191343649
20170802,-0.003153429419037869
20170803,-0.003704359726506786
20170804,-0.0030806825052290916
20170805,-0.0028444578388353227
20170806,-0.0034692570137727966
20170807,-0.0038227821268225935
20170808,-0.00251708971764416
20170809,-0.002745698858613554
20170810,-0.0015575676337386845
20170811,-0.0018134440024382182
20170812,-0.0016348337689995468
20170813,-0.002624878818995482
20170814,-0.0026808750810092675
20170815,-0.0033637865728989927
20170816,-0.0026810818186952315
20170817,-0.002862640053970097
20170818,-0.0018697268498870153
20170819,-0.00306722809424909
20170820,-0.0026223370122699743
20170821,-0.001993308493015551
20170822,-0.0031007413431967342
20170823,-0.0034773689199915038
20170824,-0.002770444701693081
20170825,-0.0025818590987391862
20170826,-0.0029033126239140722
20170827,-0.0027223809168039786
20170828,-0.0029820206972515184
20170829,-0.0031951098249245282
20170830,-0.002710240376816061
20170831,-0.002402287382102365
20170901,-0.0021811819231595743
20170902,-0.0023102552334346876
20170903,-0.0020885313204530107
20170904,-0.0014212891755925163
20170905,-0.0017129163319958916
20170906,-0.002056681842405071
20170907,-0.0016743941061617166
20170908,-0.0015062211043004633
20170909,-0.0024683306176488213
20170910,-0.0016840958206260507
20170911,-0.002433094187090834
20170912,-0.0019360441781793392
20170913,-0.0024470595511294807
20170914,-0.003276536937029778
20170915,-0.0018216835538057033
20170916,-0.001727284143475818
20170917,-0.0018280589821373099
20170918,-0.0016451757763894636
20170919,-0.0015019203938547142
20170920,-0.0015237014590372623
20170921,-0.0020375865763432367
20170922,-0.0018828595185574855
20170923,-0.0015680948263662895
20170924,-0.0017249785045867453
20170925,-0.0017633307643926425
20170926,-0.0014405364102375237
20170927,-0.0016475552325205113
20170928,-0.001579990914674327
20170929,-0.0015845688777129372
20170930,-0.0010028536071249791
20171001,-0.0016438289406891327
20171002,-0.0011279370357758169
20171003,-0.0020226294495615566
20171004,-0.0012517263608912842
20171005,-0.0011217046551760628
20171006,-0.0014092032481264002
20171007,-0.001174522014279912
20171008,-0.00128880188380748
20171009,-0.001017871918809342
20171010,-0.0008679312616862657
20171011,-0.0011906023070146282
20171012,-0.0011593204557802383
20171013,-0.0011252386334265501
20171014,-0.001176373947439056
20171015,-0.0013617092840030095
20171016,-0.0015272317525147577
20171017,-0.0012976912700582647
20171018,-0.0013550503173715112
20171019,-0.0015074449155132394
20171020,-0.0014322281827933644
20171021,-0.00099148319902592
20171022,-0.001335140800676305
20171023,-0.000933631635264795
20171024,-0.000512889713814443
20171025,-0.0007211454073322161
20171026,-0.0007225021127927757
20171027,-0.0012410922097024933
20171028,-0.0006356888172423006
20171029,-0.0011364842071578975
20171030,-0.0007077777723587389
20171031,-0.0006335145896031059
20171101,-0.0007757645116073237
20171102,-0.0005615630978073109
20171103,-0.0005164172473791712
20171104,-0.0007730810037202396
20171105,-0.0010486739752563338
20171106,-0.0005587179020928014
20171107,-0.00034073720898183805
20171108,-0.0004437771987751929
20171109,-0.0005232150988394735
20171110,-0.000529654379758104
20171111,-0.0003986481381768534
20171112,-0.000569711302545795
20171113,-0.0008187706094428223
20171114,-0.00036072405685271577
20171115,-0.0003568944196787104
20171116,-0.00030362872198976687
20171117,-0.00020895054122799234
20171118,-0.00053430663751458
20171119,-0.0008907585672982569
20171120,-0.00037768544837734757
20171121,-0.0004659322929787877
20171122,-0.0006188234856928733
20171123,-0.0009430054215482288
20171124,-0.0010068553348550218
20171125,-0.0008514084243163306
20171126,-0.0005505832595293813
20171127,-0.0006647160472153036
20171128,-0.0006870693449441723
20171129,-0.0005049009736586068
20171130,-0.0004173460179560439
20171201,-0.00028743561135080885
20171202,-0.000351784178318648
20171203,-0.00022063276692840808
20171204,-6.258121677402398e-06
20171205,-0.00010964558912417831
20171206,-0.00014614796836122512
20171207,-0.0006549970213493813
20171208,-0.0007271306134346737
20171209,-0.0004424165930722629
20171210,-0.0003655783261413488
20171211,-0.000846304746333673
20171212,-0.0006856687240103988
20171213,-0.0005272390433693112
20171214,-0.0010806813917047422
20171215,-0.0004311889717750304
20171216,-0.0003751718948216637
20171217,-0.00030561510555181617
20171218,-9.518370795658623e-05
20171219,-9.242292057373332e-05
20171220,1.620494941723923e-05
20171221,9.634985598727132e-05
20171222,8.805797918900095e-05
20171223,-0.0002459979292432928
20171224,-0.00032855490336914186
20171225,-0.0004906722286597488
20171226,-0.000746549287616801
20171227,-0.0008841545423776413
20171228,-0.0007206803962225038
20171229,-0.0003818733339847243
20171230,-8.683310276618884e-05
20171231,-0.0010186852320850075
20180101,-0.0015031982170767735
20180102,-0.0011694841156793723
20180103,-0.001694679649049698
20180104,-0.0007512952653304784
20180105,-0.0006916882970043534
20180106,-0.0002491570656153091
20180107,-0.0005466722310680443
20180108,-0.00037560023537511254
20180109,-0.0002039386753933767
20180110,-0.0005919402494400517
20180111,-0.0002684494711911996
20180112,-0.0002901990202342166
20180113,-0.00035692992818094397
20180114,-0.00030812679422118473
20180115,-0.0007008160752957466
20180116,-0.0015523211741866555
20180117,-0.0011586667311481258
20180118,-0.000758212177499409
20180119,-0.0007038287940262671
20180120,-0.0002987832743531291
20180121,-0.0004931134478150661
20180122,0.00029779974870641697
20180123,-0.0004518882069603221
20180124,-0.00048245484599930067
20180125,-0.0006835221298604682
20180126,-0.00042875944218117624
20180127,-0.0004034399598987032
20180128,-0.0003384686255720579
20180129,-0.000499998209639335
20180130,-0.0004296309240803298
20180131,-0.0009095987068038138
20180201,-0.0008537237293023668
20180202,-0.0005088978189950422
20180203,-0.0005634471783146653
20180204,-0.00044750607241545413
20180205,-0.0005780509234454868
20180206,-0.00035650761642760747
20180207,-0.000336072077796788
20180208,-0.0002606747563189575
20180209,-0.0003381434153327459
20180210,-0.00020450177417702254
20180211,-0.00034173290001025174
20180212,-0.0006474687352798016
20180213,-0.00048369277106671306
20180214,-0.00041945780541039623
20180215,-1.663365932665804e-06
20180216,-0.0005621188655713776
20180217,-0.0002581855117081647
20180218,-0.0004491395791875918
20180219,-0.0002976359315366484
20180220,-0.0005257330886005537
20180221,-0.0006156010418325459
20180222,-0.0007972536930975549
20180223,-0.0006933676882920755
20180224,-0.0008543184152415025
20180225,-0.000500057291084705
20180226,-0.0003109647902177266
20180227,-0.00015429210457978127
20180228,-0.00019638430939003266
20180301,-0.0003182926510249497
20180302,-0.00032034994018254645
20180303,-0.00021951410060440423
20180304,-0.0007301569115919551
20180305,-0.00101428153824603
20180306,-0.0007484298155014784
20180307,-0.0008776270713212526
20180308,-0.001493872430216119
20180309,-0.0007327253566978254
20180310,-0.0007487968273364822
20180311,-0.0009201663276103426
20180312,-0.0015891355249882475
20180313,-0.0010943105593772358
20180314,-0.0014354167280140517
20180315,-0.0006847809287657653
20180316,-0.0012629096242464393
20180317,-0.0009323062918071054
20180318,-0.0007563163622233304
20180319,-0.0008560293430095369
20180320,-0.0011094772627352424
20180321,-0.0012990398824631706
20180322,-0.0002858995198216969
20180323,-0.0005346323323919645
20180324,-0.0016403992411966955
20180325,-0.0014802897074916049
20180326,-0.0016165960490188388
20180327,-0.0013417728817160621
20180328,-0.0011962353816204895
20180329,-0.0018607176519912392
20180330,-0.0015907376054487463
20180331,-0.0019358767299983942
20180401,-0.0018470166379641424
20180402,-0.0022603774476759957
20180403,-0.0027781220664925884
20180404,-0.002022887407535139
20180405,-0.0022968961430683238
20180406,-0.0027018231141809723
20180407,-0.002940752263908606
20180408,-0.0029426823828932664
20180409,-0.002394805376187714
20180410,-0.002004763944647225
20180411,-0.002829079475234912
20180412,-0.002169011125520681
20180413,-0.0018710330309566763
20180414,-0.0027523970797094337
20180415,-0.0028430852255821506
20180416,-0.0025916840836853637
20180417,-0.0031320968212609304
20180418,-0.003854691380763409
20180419,-0.003847321784062378
20180420,-0.003669647007766452
20180421,-0.00331521576983729
20180422,-0.0035810574076375465
20180423,-0.002726173361192359
20180424,-0.0028660462643493624
20180425,-0.0022627596432967145
20180426,-0.003115968783909043
20180427,-0.003538330973010388
20180428,-0.002697588795531528
20180429,-0.0035977463434280787
20180430,-0.003681793741944456
20180501,-0.0025276294496897993
20180502,-0.0027213545991839286
20180503,-0.002763186557625384
20180504,-0.0037665621751986887
20180505,-0.00419153328402113
20180506,-0.0045794805326077525
20180507,-0.004578180553929606
20180508,-0.00447377882152116
20180509,-0.0035296551361057014
20180510,-0.002453592042398872
20180511,-0.0033359980297900348
20180512,-0.003488810076997946
20180513,-0.0017366384561279661
20180514,-0.0022215807469025905
20180515,-0.00414911452498473
20180516,-0.003271516522387508
20180517,-0.003588199109357378
20180518,-0.003913316026948425
20180519,-0.003981409788854525
20180520,-0.0034853977679984677
20180521,-0.003951407458842185
20180522,-0.0035761365603182165
20180523,-0.0028559551947359174
20180524,-0.0034160587220026456
20180525,-0.004011587745451205
20180526,-0.004468294912640835
20180527,-0.0035456364909665352
20180528,-0.0038376356564726543
20180529,-0.0033261839825129836
20180530,-0.0039909908022402706
20180531,-0.0040900897486958465
20180601,-0.0031673053624579864
20180602,-0.003665860646726825
20180603,-0.004178587133671452
20180604,-0.004482539614190924
20180605,-0.004349215976314057
20180606,-0.0040685208807586925
20180607,-0.0026638060700671638
20180608,-0.0033519635964253
20180609,-0.0036085939142801765
20180610,-0.004261782325086736
20180611,-0.0024269933293583315
20180612,-0.0027363263856884047
20180613,-0.0031198022271503602
20180614,-0.0030714968208057306
20180615,-0.0030214049739320523
20180616,-0.003774829221423636
20180617,-0.0028229612399038842
20180618,-0.0027187055422248844
20180619,-0.002898300154229409
20180620,-0.004678175920473497
20180621,-0.0038905498008825314
20180622,-0.00297933694211799
20180623,-0.0032938257064176286
20180624,-0.003089128008815861
20180625,-0.00263198365512375
20180626,-0.004202309759403966
20180627,-0.004414221863363178
20180628,-0.0038062919290342222
20180629,-0.004221142022453623
20180630,-0.004670757345909199
20180701,-0.004914755910993515
20180702,-0.004632044311001308
20180703,-0.003934742036378808
20180704,-0.003606957884116092
20180705,-0.002416243305629151
20180706,-0.003778107172451036
20180707,-0.0036227510183430393
20180708,-0.004223950258621751
20180709,-0.003492392990727497
20180710,-0.002153793781431005
20180711,-0.0021411151496426085
20180712,-0.002604154293237792
20180713,-0.0028598494940632667
20180714,-0.003247210274794367
20180715,-0.003230998896147491
20180716,-0.0035450916386435645
20180717,-0.0034076201720742594
20180718,-0.003004009862823467
20180719,-0.0032403702877780976
20180720,-0.002919350815692354
20180721,-0.0025081896136689243
20180722,-0.002721791292002309
20180723,-0.002372630137793439
20180724,-0.002947974562119217
20180725,-0.0030830464981908183
20180726,-0.003332469630693713
20180727,-0.0030964326688462853
20180728,-0.0026528577842195094
20180729,-0.002840351358235626
20180730,-0.0028102645429448655
20180731,-0.00267031846791969
20180801,-0.002437934486148384
20180802,-0.0027706953040293174
20180803,-0.002752689041081524
20180804,-0.0025199424554087527
20180805,-0.002369761967830947
20180806,-0.0025168877189452638
20180807,-0.0025167623257448942
20180808,-0.0017697540516682108
20180809,-0.0024650997864809816
20180810,-0.0023340736320996568
20180811,-0.0022499786104747364
20180812,-0.0026998737155609622
20180813,-0.0025946179066109916
20180814,-0.002133610900270575
20180815,-0.0017312606246482223
20180816,-0.0027196153593175175
20180817,-0.0022531766146636377
20180818,-0.00259723546729303
20180819,-0.002410510705538981
20180820,-0.0016958769005337145
20180821,-0.0019056732219063447
20180822,-0.0022094465919909284
20180823,-0.002181934273237174
20180824,-0.0015368979413293651
20180825,-0.001994981452210198
20180826,-0.001829883002452738
20180827,-0.0014869901512828989
20180828,-0.0020333939270719913
20180829,-0.0022641954265336206
20180830,-0.002228572246070566
20180831,-0.0017441972220379283
20180901,-0.002115846930186545
20180902,-0.0012003394875637315
20180903,-0.0013922211173097768
20180904,-0.0016145685768537647
20180905,-0.0017538963303632968
20180906,-0.0018040207252006132
20180907,-0.0016299928740728668
20180908,-0.0017880616530876678
20180909,-0.0019011001845057728
20180910,-0.001863617462362838
20180911,-0.0018683715927399073
20180912,-0.0018867781271018826
20180913,-0.0010904628729204655
20180914,-0.0014363775254062322
20180915,-0.0013539215984420849
20180916,-0.0015616925398788508
20180917,-0.0016471211540147013
20180918,-0.001652949057964272
20180919,-0.0015267060385407382
20180920,-0.0013664869317979269
20180921,-0.0014644410873786038
20180922,-0.0012149648723711
20180923,-0.0019143340682523618
20180924,-0.0016362234244457834
20180925,-0.0016197899688980414
20180926,-0.0016551763626932892
20180927,-0.0016119979587051077
20180928,-0.0013958889651463871
20180929,-0.0014980373110502273
20180930,-0.0013681634098166057
20181001,-0.0012281782238457428
20181002,-0.0005034208201787697
20181003,-0.001035404632515315
20181004,-0.0011690989674590204
20181005,-0.0012346232686961604
20181006,-0.0012177839554367183
20181007,-0.000890684167965369
20181008,-0.0009629446986535662
20181009,-0.0009085900172509775
20181010,-0.0009400659749744122
20181011,-0.0007120833426766322
20181012,-0.0010948588886113483
20181013,-0.0011033543177610056
20181014,-0.0010926533627026729
20181015,-0.0010210810927377243
20181016,-0.0008974303539218151
20181017,-0.0008105873457244456
20181018,-0.0006775345600191951
20181019,-0.0006075961447554981
20181020,-0.0005792564617373783
20181021,-0.0006126311256025923
20181022,-0.0003973886949458489
20181023,-0.0004499087759637433
20181024,-0.00021222301526710528
20181025,-0.0005061026445104609
20181026,-0.0005114264077985488
20181027,-0.0007806009401761212
20181028,-0.0008408440963140416
20181029,-0.0008113317503158923
20181030,-0.001289497740910434
20181031,-0.0005019723019001723
20181101,-0.0004876699397153897
20181102,-0.0005407810171084805
20181103,-0.0006200514544173019
20181104,-0.00039065789637858744
20181105,-0.00031818447750451493
20181106,-0.0005057663802884757
20181107,-0.0006806916104812741
20181108,-0.0007201710635807997
20181109,-0.0006290958417489205
20181110,-0.001265764189309517
20181111,-0.0011769094971664925
20181112,-0.000878821810208112
20181113,-0.0008643834436530967
20181114,-0.0003892121200972428
20181115,-0.0004020712698664296
20181116,-0.0004672813572813641
20181117,-0.0005857637871955155
20181118,-0.0006526898256293994
20181119,-0.0005258883925237377
20181120,-0.0005069608460376467
20181121,-0.00030183317528932656
20181122,-0.00024228445830327692
20181123,-0.00023554586167272968
20181124,-0.0003621320816749698
20181125,-0.0002986044145488396
20181126,-0.0004896682964813567
20181127,-0.00039970504011324685
20181128,-0.0005287577410901572
20181129,-0.0005933434238349283
20181130,-0.00039135813489166074
20181201,-0.0007311407237585897
20181202,-0.00047641116145045754
20181203,-0.0009400803726890303
20181204,-0.0006084653933084949
20181205,-0.00026325753561051306
20181206,-0.00029632174112134935
20181207,-0.0010920597743578693
20181208,-0.001602313945337432
20181209,-0.0018859609375277517
20181210,-0.0008457166024420324
20181211,-0.0004123166458084554
20181212,-0.00021484097378630942
20181213,-0.00036617431290047884
20181214,-0.0002846846171878283
20181215,-0.0002260717893814514
20181216,-6.084210015024093e-05
20181217,-7.56604503242363e-05
20181218,-0.00034266708237618595
20181219,-0.00029870839494854366
20181220,-0.0006217436137218349
20181221,-0.0009772760633334461
20181222,-0.001143617757878902
20181223,-0.00029083118126701986
20181224,-0.0007968532736873069
20181225,-0.0001723787843731912
20181226,-0.00010575040834921898
20181227,-7.795880299949994e-05
20181228,-8.702466211816313e-05
20181229,-0.00010335581147296439
20181230,-9.317607125886822e-05
20181231,4.34735193210809e-06
20190101,-0.0004971935965926089
20190102,-0.0005813876361821723
20190103,-0.00014495651875811487
20190104,-0.00022266863557020137
20190105,-0.0002420369932875929
20190106,-0.000330938957691523
20190107,-0.00028548979498992615
20190108,-0.0008845492521616043
20190109,-0.0007530396855131335
20190110,-0.00032779210635894236
20190111,-8.462447864746877e-05
20190112,-9.43665496310709e-05
20190113,-0.0002309875445659931
20190114,-0.0007873715421525813
20190115,-0.00036856711226099584
20190116,-0.00042737300502441306
20190117,-0.0008666858856423784
20190118,-0.00034171977641297963
20190119,-0.0001690311732693219
20190120,-0.00011994319999848098
20190121,-8.943174482597202e-05
20190122,-6.998570474518941e-05
20190123,-9.100909234798119e-05
20190124,-0.00010103149606519171
20190125,-0.0001310163820478602
20190126,0.00012240699471300525
20190127,-0.00069640935930265
20190128,-0.0006159863221075286
20190129,-0.0004589743740540283
20190130,-0.00036267970328588285
20190131,-0.000320647029362005
20190201,0.00011438200593897145
20190202,-0.00015662460491588844
20190203,-0.000617993961892619
20190204,-0.00027569220269514714
20190205,-0.00029853594143986265
20190206,-0.0001626903484711294
20190207,-0.00037978399218273963
20190208,-0.0004243049846984978
20190209,-0.0012998004884309032
20190210,-0.001865641943845216
20190211,-0.0010246740455418638
20190212,-0.00043547810383867024
20190213,-0.000458652984714011
20190214,-0.0005888369624715555
20190215,-0.0006857297778966445
20190216,-0.0007702356987465856
20190217,-0.0009891268656276383
20190218,-0.0009404219964632834
20190219,-0.0007442923766327236
20190220,-0.0006307647744191717
20190221,-0.0008112759150672183
20190222,-0.0005848466799768382
20190223,-0.0012646049303822503
20190224,-0.00146019045312762
20190225,-0.0013502677023404172
20190226,-0.0011923711931789546
20190227,-0.0011455897619056972
20190228,-0.0011313430538926936
20190301,-0.0010877788614182533
20190302,-0.0008451307463438096
20190303,-0.0008903343533169926
20190304,-0.002352708891158633
20190305,-0.0014505459671484999
20190306,-0.001653259873692557
20190307,-0.0024326138063457885
20190308,-0.0016908444427182689
20190309,-0.001340411436172292
20190310,-0.001953527241750102
20190311,-0.0017879052143122054
20190312,-0.0016754300559843793
20190313,-0.002048615650941764
20190314,-0.0009334435549159422
20190315,-0.0008641997299963158
20190316,-0.0014972740296758011
20190317,-0.0014771617808018867
20190318,-0.001603268118557594
20190319,-0.0015771910546429184
20190320,-0.0015575926823580715
20190321,-0.0020504058228798007
20190322,-0.002029349522388629
20190323,-0.0018672902688375822
20190324,-0.0012785246431255006
20190325,-0.00187572082060209
20190326,-0.0014491993653329032
20190327,-0.0013696568992985652
20190328,-0.0018797991671378207
20190329,-0.0021345345948418845
20190330,-0.002304242421283084
20190331,-0.0022829128282997402
20190401,-0.0023188831963638196
20190402,-0.002262742853882567
20190403,-0.0016112508853006807
20190404,-0.0014340105784199717
20190405,-0.0015176444037314025
20190406,-0.0019975711301808956
20190407,-0.0018502117884912793
20190408,-0.0013422779481661257
20190409,-0.0015991226196171043
20190410,-0.00198570723242924
20190411,-0.0029431258163132917
20190412,-0.002158508700046628
20190413,-0.0020655837922648915
20190414,-0.002058763680162904
20190415,-0.0024832341760475905
20190416,-0.0017239566864607132
20190417,-0.002362693661126978
20190418,-0.003714144076633639
20190419,-0.0034943796639586044
20190420,-0.004089933481097315
20190421,-0.004202463617232629
20190422,-0.004293702106311622
20190423,-0.00324711312580068
20190424,-0.0031944508788163766
20190425,-0.0023887786733109186
20190426,-0.002447383949296515
20190427,-0.0023630693501421984
20190428,-0.0022337292374124762
20190429,-0.002175229495499207
20190430,-0.0025525751466607097
20190501,-0.0028203367475264254
20190502,-0.002802277355506247
20190503,-0.002962923883847113
20190504,-0.0021236118269485557
20190505,-0.0030192159328287036
20190506,-0.0026172944026803544
20190507,-0.0025243629057563224
20190508,-0.0018359863286320926
20190509,-0.0022462641010598094
20190510,-0.003025511118115481
20190511,-0.002474801211099923
20190512,-0.0034677849813403282
20190513,-0.004308926463759384
20190514,-0.003995813088074052
20190515,-0.0041365576540965876
20190516,-0.002955176289263657
20190517,-0.0027535647006953767
20190518,-0.002953349666438694
20190519,-0.0025414345509119952
20190520,-0.0027715219934592323
20190521,-0.001769434276281691
20190522,-0.003808022595674354
20190523,-0.003595237802618848
20190524,-0.00348935457449702
20190525,-0.004001846898391604
20190526,-0.0035322318085035343
20190527,-0.0015849377211955902
20190528,-0.0034547325472990133
20190529,-0.0033894592863879017
20190530,-0.0025275059559429916
20190531,-0.0029479858402612037
20190601,-0.0043551112501317496
20190602,-0.00518981863077201
20190603,-0.004253901922407703
20190604,-0.005057573312887212
20190605,-0.004669980349714952
20190606,-0.0028447064580166565
20190607,-0.004518710310195198
20190608,-0.0038207372063331487
20190609,-0.003735992841639419
20190610,-0.0028638170031815026
20190611,-0.0023646828872480865
20190612,-0.003329223656717822
20190613,-0.0045168360121950685
20190614,-0.00348194680612169
20190615,-0.0040688905998543185
20190616,-0.0037530906232229903
20190617,-0.004626548618989263
20190618,-0.003906237263332881
20190619,-0.00490418289711407
20190620,-0.0037287071636329405
20190621,-0.0047667235392879915
20190622,-0.004063760634671616
20190623,-0.0038035130016057708
20190624,-0.005272624800813046
20190625,-0.005514284966867487
20190626,-0.005348702325297983
20190627,-0.00550041769970101
20190628,-0.005336166258653336
20190629,-0.005330880128432123
20190630,-0.004861897242735308
20190701,-0.003974499900794586
20190702,-0.004259602743820562
20190703,-0.0041331228268013664
20190704,-0.004124485132919903
20190705,-0.004064192779852307
20190706,-0.0038449817487758455
20190707,-0.0028857359308050693
20190708,-0.0025454841506406833
20190709,-0.0029587946715710087
20190710,-0.0032637574269412583
20190711,-0.0019659346498928014
20190712,-0.0030087506736406343
20190713,-0.002454034566953938
20190714,-0.0024893731887961333
20190715,-0.002594020053136308
20190716,-0.00313268307421964
20190717,-0.0033867847832309123
20190718,-0.0027453191840959984
20190719,-0.002413150078516537
20190720,-0.0030631947261344616
20190721,-0.0034746135909388114
20190722,-0.0034283335932742995
20190723,-0.004101082746477756
20190724,-0.00408473638801879
20190725,-0.004028431222313603
20190726,-0.0031695709030963265
20190727,-0.002363179295970028
20190728,-0.001701755659169234
20190729,-0.003515646855740318
20190730,-0.003437923086317909
20190731,-0.0028856776786151755
20190801,-0.002787722246974878
20190802,-0.0025737231875634114
20190803,-0.0024323010587408394
20190804,-0.003050137311821319
20190805,-0.0030655582519821165
20190806,-0.0021059139604573847
20190807,-0.002092770070222886
20190808,-0.0032936163526894172
20190809,-0.0028812975409002704
20190810,-0.003638753626594498
20190811,-0.002613092875532795
20190812,-0.0025762789400282874
20190813,-0.0029675546926414887
20190814,-0.002496231836885439
20190815,-0.0026697124557455657
20190816,-0.002581996212605455
20190817,-0.001669303805972249
20190818,-0.002723158094095621
20190819,-0.003144898716612877
20190820,-0.001895719940312068
20190821,-0.0031691447870289147
20190822,-0.003314451623392445
20190823,-0.003447219533989337
20190824,-0.0032927349848095016
20190825,-0.0030754287533784636
20190826,-0.003122915089188899
20190827,-0.003017632604034948
20190828,-0.0028421362539626503
20190829,-0.0023887810055828996
20190830,-0.002717352012096448
20190831,-0.0026620683106894677
20190901,-0.0015050335705737398
20190902,-0.002078232962590538
20190903,-0.001963206921862615
20190904,-0.00196505007371553
20190905,-0.001326346014949186
20190906,-0.0016510928807462713
20190907,-0.001643750281777383
20190908,-0.0015663735797259476
20190909,-0.0017070347612955057
20190910,-0.0018478166840062704
20190911,-0.001445252430057141
20190912,-0.0014186585493955197
20190913,-0.00111814299573342
20190914,-0.0018440213420148966
20190915,-0.0019000390974160289
20190916,-0.0017084168987578838
20190917,-0.0013126939147147876
20190918,-0.001438343733854202
20190919,-0.001334922503668223
20190920,-0.0014366395394648183
20190921,-0.0015192973649943515
20190922,-0.0013244594529679928
20190923,-0.0018702573466753821
20190924,-0.0012490093098370977
20190925,-0.0017198761385802295
20190926,-0.0009862487361934223
20190927,-0.0017489263332355338
20190928,-0.001884121856654882
20190929,-0.0022559031530724263
20190930,-0.0018353454557545367
20191001,-0.0016776129567202265
20191002,-0.001917690152019212
20191003,-0.0011617140913060347
20191004,-0.0015061874190603229
20191005,-0.0012329595918316172
20191006,-0.0008482446059498514
20191007,-0.000841690688023605
20191008,-0.001042303345759201
20191009,-0.0015926383738251576
20191010,-0.0017346904569304103
20191011,-0.001259494554321766
20191012,-0.001548298515552855
20191013,-0.0019991214360269645
20191014,-0.0019321349987621518
20191015,-0.001009614577218134
20191016,-0.0013614501359548782
20191017,-0.0011532493652970353
20191018,-0.0017203345925235485
20191019,-0.0012689539004415733
20191020,-0.0009236166034296458
20191021,-0.0010032817636634694
20191022,-0.000745349792594311
20191023,-0.0009977939377035418
20191024,-0.0010391177950372765
20191025,-0.001053234666068311
20191026,-0.0011928552866856252
20191027,-0.0007544726912165722
20191028,-0.0009535510381339629
20191029,-0.000625259719060174
20191030,-0.0007184362739203161
20191031,-0.0007930895037960605
20191101,-0.0006886484758595107
20191102,-0.0013898601349356479
20191103,-0.0015880827129008714
20191104,-0.0014071636862892831
20191105,-0.0008707195179456523
20191106,-0.0005853604960990187
20191107,-0.0010003596073217063
20191108,-0.00048720619602316586
20191109,-0.0005365473555968587
20191110,-0.0005109491714831937
20191111,-0.0006573281741671054
20191112,-0.0007233437632030822
20191113,-0.0004318453647953222
20191114,-0.0005426131851154391
20191115,-0.0005597188679594381
20191116,-0.00031074662788636815
20191117,-0.0003360878129779218
20191118,-0.0002737504691245915
20191119,-0.00038136796336619066
20191120,-0.00015507964726866526
20191121,-0.00022210211470668313
20191122,-0.0004939537309200997
20191123,-0.0006367029813734895
20191124,-0.00022575177891647776
20191125,-0.00010727536727421952
20191126,-0.00041842342706936253
20191127,-0.001667379935822503
20191128,-0.0014461350000595878
20191129,-0.0006778390627582948
20191130,-0.0003097881417237979
20191201,-0.0003784928692632971
20191202,-0.00034964829503866785
20191203,-0.00015853387765423104
20191204,-0.0003270332062642766
20191205,-8.954341601019639e-05
20191206,-0.0004012999871474649
20191207,-0.0002483089515777953
20191208,-0.000712412653337218
20191209,-0.0013049456541509147
20191210,-0.00033276453073943053
20191211,-0.0005324931079883972
20191212,-0.0006529995086037178
20191213,-0.0008833811350267575
20191214,-0.0012172155635362288
20191215,-0.0010780312306059134
20191216,-0.00046850566569759587
20191217,-0.0009224998313098324
20191218,-0.000376807884881545
20191219,-0.00045299720479845414
20191220,-0.0006630714975542053
20191221,-0.0004378333855720445
20191222,-0.0011584633531942304
20191223,-0.0008839041532450316
20191224,-0.0008558824460621797
20191225,-0.000870447144765205
20191226,-0.00022383630276174047
20191227,-0.0003084947486457057
20191228,-0.00032495401206853765
20191229,-0.0002975267478628778
20191230,-0.0002186954484870249
20191231,-7.34495675070121e-05
20200101,-9.84171289235321e-05
20200102,-0.0001289520988075651
20200103,-0.000204505647729407
20200104,-0.00045401827206683574
20200105,-0.00019714271615981323
20200106,-0.0001915590709835703
20200107,-0.00025124303608957947
20200108,-5.457197621428502e-05
20200109,-0.0007724139809252594
20200110,-0.0009973593701964258
20200111,-0.0003789437530689729
20200112,-0.00027129556340991097
20200113,-0.0003800575407701922
20200114,-0.0007181318420912601
20200115,-0.0007503604237530206
20200116,-0.0004287186788191417
20200117,-0.00043297901699439466
20200118,-0.0006403323070841904
20200119,-0.00036718147274639206
20200120,-0.0003748846584900036
20200121,-0.00024676314564360703
20200122,-0.00018991718320327908
20200123,-0.00020469334375569108
20200124,-0.00013769714968511266
20200125,-9.920621641395085e-05
20200126,-0.00021380284331944195
20200127,-0.0008448530955019824
20200128,-0.0015103130372671407
20200129,-0.0007676762177330393
20200130,-0.0004832759611257358
20200131,-0.0003153788504916707
20200201,-0.000926276721502229
20200202,-0.000749879050534984
20200203,-0.0012549387549539808
20200204,-0.0013846843962462571
20200205,-0.000781958421535093
20200206,-0.0005437724682611348
20200207,-0.0005456764274190739
20200208,-0.0004955288124685626
20200209,-0.0010366596973173689
20200210,-0.002982095806588911
20200211,-0.0019281653597094436
20200212,-0.0010419034691252437
20200213,-0.001420285961818484
20200214,-0.000986113222700575
20200215,-0.0008722879595503123
20200216,-0.00186000327768981
20200217,-0.0017438527162267103
20200218,-0.0012732201483639032
20200219,-0.0015473589093524664
20200220,-0.001215937858227074
20200221,-0.0009610512566324467
20200222,-0.0011107176760770134
20200223,-0.0011245569556507166
20200224,-0.0007223320543419998
20200225,-0.0013144685367046298
20200226,-0.0013673042566356968
20200227,-0.0007000661951317524
20200228,-0.0011895132642452586
20200229,-0.0015047096014137017
20200301,-0.001798137897512473
20200302,-0.0011164407627949579
20200303,-0.0013508377706838279
20200304,-0.000993672127613963
20200305,-0.0009464915619893989
20200306,-0.0013747957087544094
20200307,-0.001282945649083785
20200308,-0.001217567275956477
20200309,-0.0013777657018065105
20200310,-0.0005800864581473193
20200311,-0.0010700987673060581
20200312,-0.0016219152072928776
20200313,-0.001602937397281925
20200314,-0.0013472846803602434
20200315,-0.0017944861064326256
20200316,-0.0016539075633263277
20200317,-0.0012981160787397552
20200318,-0.001226243305252003
20200319,-0.0014436188305527056
20200320,-0.00161737415515805
20200321,-0.0015790407035987646
20200322,-0.0022709505705347487
20200323,-0.0023007115557844918
20200324,-0.002215190017527916
20200325,-0.00219320299350621
20200326,-0.0020558795134819194
20200327,-0.0020500721492430697
20200328,-0.0022678129272101027
20200329,-0.001654813483771447
20200330,-0.002082832937603412
20200331,-0.0017611770180358908
20200401,-0.002033467499988077
20200402,-0.0020421575433077184
20200403,-0.0016441852154836065
20200404,-0.0022366148594849897
20200405,-0.0028294701460539946
20200406,-0.003028495510566164
20200407,-0.002713316055362446
20200408,-0.0027386081183814882
20200409,-0.0027039710252004983
20200410,-0.0028538537356283034
20200411,-0.002622223150680142
20200412,-0.0029523156981814975
20200413,-0.0027149078359678955
20200414,-0.002254787618917148
20200415,-0.0029069541549702964
20200416,-0.0029232939449591404
20200417,-0.0029229015353605726
20200418,-0.0023831708127626723
20200419,-0.0022818803460195494
20200420,-0.003330155425356884
20200421,-0.0034774661977432703
20200422,-0.0035558162448503816
20200423,-0.003345370758572912
20200424,-0.0029883452972424163
20200425,-0.0028825143458076396
20200426,-0.002802130983493279
20200427,-0.002806906792924294
20200428,-0.0023513582218534983
20200429,-0.0024437718770448655
20200430,-0.003125092307999718
20200501,-0.003140230234468816
20200502,-0.002617024490585323
20200503,-0.0023635938280521904
20200504,-0.002559413580187532
20200505,-0.002673809963263092
20200506,-0.0036374135868173325
20200507,-0.0036785755959399266
20200508,-0.0033322867168976405
20200509,-0.002444562436662555
20200510,-0.0028335896654973275
20200511,-0.0024937736161807053
20200512,-0.0033862425943196046
20200513,-0.0025863514085872285
20200514,-0.002742245660799381
20200515,-0.003473825002044325
20200516,-0.003676926370282388
20200517,-0.0035829757691074045
20200518,-0.003811961795245818
20200519,-0.004206043691026476
20200520,-0.0033699148754129534
20200521,-0.0036010976738842814
20200522,-0.002567991883325413
20200523,-0.0025118603747031265
20200524,-0.0028879415117782467
20200525,-0.002805033117835388
20200526,-0.0039056054783371467
20200527,-0.004066324858619675
20200528,-0.003936712422445679
20200529,-0.004154480654129032
20200530,-0.0037953616938468326
20200531,-0.0035430645237424442
20200601,-0.003833387301985918
20200602,-0.003849933314120079
20200603,-0.003279633671904414
20200604,-0.00281738570274045
20200605,-0.002539410673053845
20200606,-0.0030551811985462026
20200607,-0.0028956466440032387
20200608,-0.0033477558312155166
20200609,-0.002892291983775237
20200610,-0.0027106057733806647
20200611,-0.0030077902306515384
20200612,-0.0034183232139710557
20200613,-0.0031971321023225164
20200614,-0.0026958705108483813
20200615,-0.0030673525231678794
20200616,-0.003196937627662078
20200617,-0.00157181122001778
20200618,-0.003931139139824117
20200619,-0.0032707067314513318
20200620,-0.003496307464618758
20200621,-0.003553382301613906
20200622,-0.0037481266114680095
20200623,-0.0049257917780389255
20200624,-0.005395009948430501
20200625,-0.004995419765660348
20200626,-0.0037081602731506703
20200627,-0.003956873168771768
20200628,-0.0026738348809076814
20200629,-0.0031979634939987536
20200630,-0.002615720545839349
20200701,-0.0030274137531454692
20200702,-0.003173695722851252
20200703,-0.0028540704391068895
20200704,-0.0038079520225962104
20200705,-0.002494137365743587
20200706,-0.0030019503084642214
20200707,-0.0029456394116547566
20200708,-0.002324194851351965
20200709,-0.0036329252015959873
20200710,-0.0022670388369372208
20200711,-0.003098385199491571
20200712,-0.0033229801939415856
20200713,-0.0033614095083545586
20200714,-0.0027934143448625466
20200715,-0.0023564483020295933
20200716,-0.0011607419089832748
20200717,-0.0023146305591040155
20200718,-0.0026003698763025947
20200719,-0.0034860965379674307
20200720,-0.0029613674289964117
20200721,-0.0033844300192960096
20200722,-0.003258258960917173
20200723,-0.0030796021851814365
20200724,-0.002217662676222412
20200725,-0.002112807426617869
20200726,-0.0030690261112964754
20200727,-0.003401024882214117
20200728,-0.002362686355495624
20200729,-0.0027289382463686206
20200730,-0.0031649302200074465
20200731,-0.0033745613878586682
20200801,-0.0026190739341117627
20200802,-0.0030353637105706207
20200803,-0.001836280341279089
20200804,-0.002465565794130444
20200805,-0.003107325669600656
20200806,-0.003010611661390197
20200807,-0.003101528024506731
20200808,-0.0030521122577586222
20200809,-0.002876049183856345
20200810,-0.0025780479999837004
20200811,-0.002628648543025365
20200812,-0.0026773223835424606
20200813,-0.0019816251061058683
20200814,-0.001881916597557484
20200815,-0.0020875268907831496
20200816,-0.002236623110513848
20200817,-0.0025972851949413
20200818,-0.0021517442670726345
20200819,-0.0024230268498221853
20200820,-0.0033996364912629723
20200821,-0.0025981271596978123
20200822,-0.002867227300663278
20200823,-0.002177094683857439
20200824,-0.0017611481556923827
20200825,-0.0017766133710715177
20200826,-0.0017855791915346842
20200827,-0.0017930778021423364
20200828,-0.001993640930129285
20200829,-0.0015970851820991511
20200830,-0.001145375564217915
20200831,-0.001639229662475178
20200901,-0.0016858451444837267
20200902,-0.0016500496777124398
20200903,-0.001098688283873835
20200904,-0.0023053691366741627
20200905,-0.0014503521479532616
20200906,-0.0013208149156078899
20200907,-0.0017694590280676493
20200908,-0.0017407318635999877
20200909,-0.0015734408755042728
20200910,-0.001440780604116514
20200911,-0.001562466652637159
20200912,-0.0015825664186122062
20200913,-0.0016119529067078493
20200914,-0.001669165281998552
20200915,-0.0016386928820823709
20200916,-0.0016257254289703882
20200917,-0.0012493904759576524
20200918,-0.0012347934618937059
20200919,-0.0011725876018070659
20200920,-0.0011651533790316454
20200921,-0.0011454486530638741
20200922,-0.0010976265098774853
20200923,-0.0009803273329826632
20200924,-0.0015780639016233177
20200925,-0.0022196424528321736
20200926,-0.0018471198231589253
20200927,-0.0012167936026108849
20200928,-0.0009796265835518533
20200929,-0.0009422175420695103
20200930,-0.0011250739960509
20201001,-0.0012927581062833775
20201002,-0.0012122198184333869
20201003,-0.0016427132756843363
20201004,-0.0028280226463726515
20201005,-0.0015750199629034776
20201006,-0.0019529495738996661
20201007,-0.001838812652109556
20201008,-0.001072642509777666
20201009,-0.000909383607066487
20201010,-0.0017817192602768244
20201011,-0.0011076554143436678
20201012,-0.0009182413043534925
20201013,-0.0008278212799449032
20201014,-0.0009771043580468544
20201015,-0.0007685374035291901
20201016,-0.0005880554902632393
20201017,-0.0007363468113612058
20201018,-0.0006940683314439261
20201019,-0.0010303670188786644
20201020,-0.0010223692958238595
20201021,-0.0018241002433494367
20201022,-0.0013397035328855148
20201023,-0.0008653661744253286
20201024,-0.0010170987717426827
20201025,-0.001100458589000585
20201026,-0.0011823299750576852
20201027,-0.0011103684958974917
20201028,-0.0015676187992791275
20201029,-0.00149257086180787
20201030,-0.0008541218597597342
20201031,-0.0010724335207864405
20201101,-0.0010976598018778794
20201102,-0.001514504468182657
20201103,-0.0009734945039036882
20201104,-0.0007089682652718588
20201105,-0.0006671558363513708
20201106,-0.0006979880475905165
20201107,-0.000670379542206981
20201108,-0.00048393616438988985
20201109,-0.0005290956728695087
20201110,-0.00039939998220175834
20201111,-0.00042965191226195215
20201112,-0.0004527250465228264
20201113,-0.0004906922515844253
20201114,-0.0006008074976332806
20201115,-0.0012282032263971564
20201116,-0.00080541255246042
20201117,-0.0004185859474140038
20201118,-0.00060481904377257
20201119,-0.0010982358304001882
20201120,-0.0004896458326652828
20201121,-0.0004278223576685076
20201122,-0.00032101349442594245
20201123,-0.00034295927499790156
20201124,-0.0002956238101304727
20201125,-0.00036592958537897167
20201126,-0.0002903312560094997
20201127,-0.0002709558177002061
20201128,-0.0003493647547179091
20201129,-0.000363542423626956
20201130,-0.00026261395005084613
20201201,-0.0002510629042863417
20201202,-0.0003239643181340705
20201203,-0.0006318275324846462
20201204,-0.0008168775899119123
20201205,-0.00039743329685451464
20201206,-0.0001862570578237243
20201207,-0.0003520388259324809
20201208,-0.00021890120367166365
20201209,-0.0003353063863973536
20201210,-0.0002546416704427246
20201211,-0.00038148650489319306
20201212,-0.00015302572934366564
20201213,-0.00042228809923451133
20201214,-0.0006689205173063474
20201215,-0.00031035916402248295
20201216,-0.0003521916073953576
20201217,-0.000288174466943804
20201218,-0.0001029847402291209
20201219,-0.0004989934742921729
20201220,-0.00019586774278017194
20201221,-0.0005692739029668695
20201222,-0.0003946345088776085
20201223,-0.0009546768676819171
20201224,-0.0012845868655341204
20201225,-0.000678806882769207
20201226,-0.00026878971660181117
20201227,-0.000970005058178389
20201228,-0.0005266111565895256
20201229,-0.0004600777300142158
20201230,-0.0002796461041206221
20201231,-0.0003507922650509282
20210101,-0.0002766976081243232
20210102,-0.00022169589469663215
20210103,-0.00016701038022684113
20210104,-0.0002521471401467
20210105,-0.00023742652537415726
20210106,-0.00017800708573639275
20210107,-0.0002964829093056539
20210108,-0.00030114117738230876
20210109,-0.00024749757054063384
20210110,-0.00018844452038950765
20210111,-0.0001963838048469108
20210112,0.00013812068065399835
20210113,-8.460055086400966e-05
20210114,-0.00015433267930928962
20210115,-0.00025155114808216635
20210116,-0.00016727548832951104
20210117,3.0987424477063376e-05
20210118,-1.1536128275854483e-05
20210119,-0.0006982040648921921
20210120,-0.0006642001795226273
20210121,-0.0011584524890313932
20210122,-0.00082188252956245
20210123,-0.0004194029373589075
20210124,-0.0007736363175874536
20210125,-0.0002234155960848711
20210126,-0.0004162012186526253
20210127,-0.0001913274717688923
20210128,0.00041129858488301864
20210129,-0.00107261457828891
20210130,-0.0004900282318397468
20210131,-0.0005540711315169571
20210201,-0.0002939378056104195
20210202,-0.0003598009860925953
20210203,-0.0013943428515471568
20210204,-0.0006432119812207475
20210205,-0.00040304156375502956
20210206,-0.00040443658902871327
20210207,-0.0006799762208824939
20210208,-0.0005080715295224395
20210209,-0.00039628892202615113
20210210,-0.00030175199722439985
20210211,-0.00019566238987464376
20210212,-0.00035230754416140615
20210213,-0.00036881630515385146
20210214,-0.00029023894938655495
20210215,-0.000568501510212548
20210216,-0.0006488392014568175
20210217,-0.0005644802960975247
20210218,-0.0008939751477142167
20210219,-0.000615220390573014
20210220,-0.0012695533042654493
20210221,-0.0013868057117293702
20210222,-0.0010022014714843603
20210223,-0.0012233347670452342
20210224,-0.001215099604792101
20210225,-0.0013800266931625936
20210226,-0.0008096534855334068
20210227,-0.0010336891007775135
20210228,-0.0012424732129960303
20210301,-0.0012930496780232282
20210302,-0.0012396316146934454
20210303,-0.0013170236972488854
20210304,-0.0011074517650686633
20210305,-0.0012868393913085144
20210306,-0.0013678189385570375
20210307,-0.0010447355671091153
20210308,-0.001030877046144987
20210309,-0.0007319009129510167
20210310,-0.0011228040534238118
20210311,-0.0018396180864725276
20210312,-0.002150275292479718
20210313,-0.0025185496746555455
20210314,-0.0014587187224389944
20210315,-0.0014356879871915132
20210316,-0.0013117063569947967
20210317,-0.001361522449674041
20210318,-0.0012432408412633763
20210319,-0.0015927664500323352
20210320,-0.001249619850271704
20210321,-0.000769004126526265
20210322,-0.0007462217098923681
20210323,-0.0013813722208488608
20210324,-0.0018225349445321185
20210325,-0.0013038006475322905
20210326,-0.0016265255882660819
20210327,-0.002204349979283915
20210328,-0.0021415421443707486
20210329,-0.002571939129649693
20210330,-0.0026166352076024777
20210331,-0.0026228847751047966
20210401,-0.002795882519315673
20210402,-0.0021397669696234848
20210403,-0.0017916566804803094
20210404,-0.0020228623630632013
20210405,-0.0012794213521278126
20210406,-0.0018538951011551924
20210407,-0.001366202542632463
20210408,-0.0015111983784748108
20210409,-0.0023468601183767104
20210410,-0.0018792076386618224
20210411,-0.0012334090170845662
20210412,-0.002471833412088501
20210413,-0.0023457895164293277
20210414,-0.002316095536247255
20210415,-0.0023951953885678807
20210416,-0.0019777277008659728
20210417,-0.0023907841735323807
20210418,-0.0021137626360485796
20210419,-0.0019810265296827272
20210420,-0.002539247609600897
20210421,-0.0027711628918809066
20210422,-0.0031392231393247154
20210423,-0.0032777624202078195
20210424,-0.003384187949501151
20210425,-0.0032861816698967266
20210426,-0.003519427527067182
20210427,-0.0035268334219731227
20210428,-0.0031375278185124442
20210429,-0.003053123196923008
20210430,-0.0017454918884886907
20210501,-0.0020644671138591365
20210502,-0.002896735426136763
20210503,-0.002864625487071685
20210504,-0.0023551259589571273
20210505,-0.003216146518976941
20210506,-0.0020288962613491585
20210507,-0.0034029855129247112
20210508,-0.002374366078355663
20210509,-0.004944831745536831
20210510,-0.0022809001025010365
20210511,-0.0018248907667648363
20210512,-0.0031542968382770346
20210513,-0.0029390908784789173
20210514,-0.0030853624140349486
20210515,-0.002647424225277186
20210516,-0.003044828491159901
20210517,-0.0031953973405419414
20210518,-0.0028859117330944577
20210519,-0.0028573316772966626
20210520,-0.00305367756841043
20210521,-0.0033371350944032437
20210522,-0.004162571661065678
20210523,-0.0033358508689201017
20210524,-0.0028768125413580177
20210525,-0.0037104646842777323
20210526,-0.002484525612836818
20210527,-0.0029108685669804856
20210528,-0.0035457694136620914
20210529,-0.004155048086432048
20210530,-0.004704258497486162
20210531,-0.0050225257408359186
20210601,-0.005152567783831143
20210602,-0.004408412535376623
20210603,-0.0032115692016894955
20210604,-0.003908157976930634
20210605,-0.002063075631344675
20210606,-0.0021991756643367287
20210607,-0.0025619185638461064
20210608,-0.002990893061229039
20210609,-0.0043289153975263036
20210610,-0.004383614943264624
20210611,-0.0043148333095894
20210612,-0.003807344094019246
20210613,-0.0049100178175413315
20210614,-0.005093607497296483
20210615,-0.004762288721372583
20210616,-0.0050114608702003915
20210617,-0.004986717494881721
20210618,-0.004033716899529345
20210619,-0.0045196072539396125
20210620,-0.0041998520699288566
20210621,-0.0042012266773209985
20210622,-0.002570275034126749
20210623,-0.0034853233478038944
20210624,-0.0020049753384106177
20210625,-0.0034666550463755452
20210626,-0.0036071441709068985
20210627,-0.003335750697847289
20210628,-0.003393303286654717
20210629,-0.003054818041001346
20210630,-0.0020961991511936357
20210701,-0.002416095500835141
20210702,-0.003316690570341396
20210703,-0.0036409466884014187
20210704,-0.002923454539249954
20210705,-0.0024667829337539564
20210706,-0.002716256593438802
20210707,-0.00414679894423161
20210708,-0.002028994015084372
20210709,-0.003690752970975711
20210710,-0.003437940072207526
20210711,-0.0035515713126909295
20210712,-0.0021949870882283177
20210713,-0.001223807750740197
20210714,-0.0010172351606594105
20210715,-0.002374181368154163
20210716,-0.00248841836434103
20210717,-0.003147268123761205
20210718,-0.005001451721053765
20210719,-0.004816009301207957
20210720,-0.00468069130293697
20210721,-0.004757615104301394
20210722,-0.004188793841736435
20210723,-0.004823654258919751
20210724,-0.003397802762481052
20210725,-0.004126319181305895
20210726,-0.0036534443790309135
20210727,-0.0025126511351830573
20210728,-0.003663612082761759
20210729,-0.004169748617769682
20210730,-0.004236755590560083
20210731,-0.0032983936811273873
20210801,-0.003329333154892331
20210802,-0.003029602314317251
20210803,-0.0027404543737682982
20210804,-0.0025681971152640717
20210805,-0.0025916619462387066
20210806,-0.00353153038738656
20210807,-0.0029960263832131944
20210808,-0.0037896563486708437
20210809,-0.0034999871141889096
20210810,-0.0022551333884716115
20210811,-0.003496921543851982
20210812,-0.003902676116670492
20210813,-0.0037877448336081127
20210814,-0.0040395912582326205
20210815,-0.0037600215289220894
20210816,-0.0026948490530568545
20210817,-0.0022288971850246953
20210818,-0.0018478185552021614
20210819,-0.002313469255135721
20210820,-0.0026060147320765563
20210821,-0.00344288098052441
20210822,-0.002536389435752814
20210823,-0.0025982229515869658
20210824,-0.0035430070930544547
20210825,-0.003583099472118172
20210826,-0.0017913613601306295
20210827,-0.0024715373755643524
20210828,-0.0018554872087143928
20210829,-0.001704597765897704
20210830,-0.002418739507742722
20210831,-0.002491478028853873
20210901,-0.0027987793339831033
20210902,-0.0033200912430185942
20210903,-0.0031176511790769364
20210904,-0.003109519902661901
20210905,-0.0027904845342152846
20210906,-0.0029147910348978
20210907,-0.003139549973759734
20210908,-0.003304937656662561
20210909,-0.0020424169951950206
20210910,-0.001435870311644056
20210911,-0.0022848124552070637
20210912,-0.002167591687782552
20210913,-0.0023625876214514716
20210914,-0.0016872651571331614
20210915,-0.001826768106580786
20210916,-0.00207733201140621
20210917,-0.001998600653196297
20210918,-0.002374683635456121
20210919,-0.0013798913125480045
20210920,-0.0013538895484043862
20210921,-0.0023237696022539458
20210922,-0.0020880401298490983
20210923,-0.002167568296100856
20210924,-0.0014478256836013622
20210925,-0.0019961758752661484
20210926,-0.0011044243524650252
20210927,-0.0015454000817222235
20210928,-0.0015341250937302119
20210929,-0.0018439635254361329
20210930,-0.0015458927976673151
20211001,-0.0019816067288815045
20211002,-0.002159923550481154
20211003,-0.0021959858702354494
20211004,-0.0015105218921643959
20211005,-0.0016003911392495653
20211006,-0.0015869067136433943
20211007,-0.0012621000130943255
20211008,-0.0015014630268782492
20211009,-0.00165213496053351
20211010,-0.0014013917248952494
20211011,-0.0006086894842479612
20211012,-0.0007362283544112201
20211013,-0.0010049545605238265
20211014,-0.0009975747493740199
20211015,-0.0008164423215182515
20211016,-0.0007189383938752143
20211017,-0.0006585900210132903
20211018,-0.0008525512223858598
20211019,-0.0013133323118399852
20211020,-0.0014930697983259926
20211021,-0.0028307699549022743
20211022,-0.0011547505523776735
20211023,-0.0007243392211368898
20211024,-0.0009803133950073593
20211025,-0.0008133297017157648
20211026,-0.00075733841560511
20211027,-0.0006187126546517697
20211028,-0.0007159156586819037
20211029,-0.001292373359370833
20211030,-0.0010295625956299687
20211031,-0.0013182660952137813
20211101,-0.0014600462854506462
20211102,-0.0008446907182493116
20211103,-0.0008171810015834157
20211104,-0.0008505786253907188
20211105,-0.0006212163862809058
20211106,-0.00044405666015942356
20211107,-0.00030895123554988045
20211108,-0.0005091724920179203
20211109,-0.0006415969392063955
20211110,-0.00035812915416033044
20211111,-0.00038789887182500186
20211112,-0.0004575738680743513
20211113,-0.000148996006514869
20211114,-0.0004926532416289986
20211115,-0.0003871597228916021
20211116,-0.0002961157787757945
20211117,-0.0003424685354374981
20211118,-0.0004082701847514264
20211119,-0.00021154903690545328
20211120,-0.0003100138305903082
20211121,-0.0003014620927964817
20211122,-0.0007556859992498795
20211123,-0.0004637712254383051
20211124,-0.0003636162627628197
20211125,-0.00023360906453624055
20211126,-0.00047111778938985444
20211127,-0.0004731948361651178
20211128,-0.00028907840617271294
20211129,-0.0004454531605725659
20211130,-0.0002051365155877414
20211201,-0.0005268876545921644
20211202,-0.0006416933351044441
20211203,-0.00048605194147023455
20211204,-0.0002338614625325923
20211205,-0.00044538278874626944
20211206,-0.0004534157028766036
20211207,-0.0006050773413354497
20211208,-0.0003803529469005978
20211209,-0.0003567584721307322
20211210,-0.0004688658242103195
20211211,-0.0001612203989719724
20211212,-0.00015035100603228915
20211213,-5.143563712600566e-05
20211214,-0.00015847871508925816
20211215,-0.00010739333050294038
20211216,-0.00014777717194872704
20211217,-0.00020960849549168028
20211218,-0.00026010787930747073
20211219,-0.000178461363050405
20211220,-0.0003145054401750365
20211221,-0.0002001711922808158
20211222,-9.600377083125306e-05
20211223,-0.00016074843972215
20211224,-2.4948990131622483e-05
20211225,-0.00019148879615471534
20211226,-0.00019803399079528535
20211227,-0.0003793204498156691
20211228,-0.001231295065307452
20211229,-0.0002155304530501766
20211230,-0.00025932319583067557
20211231,-0.0002744982069233322
20220101,-0.00013892821466493532
20220102,-0.0007860449497275534
20220103,-0.0011140143552234034
20220104,-0.0012116669194881674
20220105,-0.0009041680715934835
20220106,-0.0002923257162691267
20220107,-0.0003522309161128656
20220108,-0.0004774633786384451
20220109,-0.0004796529617636136
20220110,-0.00025223133996784744
20220111,-0.00013979794274549096
20220112,-0.00017924329608975126
20220113,-0.0001917140938883636
20220114,-0.00011822658189638484
20220115,-7.763136164770591e-05
20220116,-0.00014314745089548484
20220117,-5.860327164926161e-05
20220118,-0.00023620154292639661
20220119,-0.00018783894517205966
20220120,-0.0004773259370082631
20220121,-0.00030061080540093197
20220122,-0.0002523633659583965
20220123,-0.00032926406457797574
20220124,-0.00025805337125177255
20220125,-0.00020591585346159237
20220126,-0.00020679307387683812
20220127,-0.00015736433104866234
20220128,-0.0003202238839511511
20220129,-0.00014377721452035226
20220130,-0.0006721139607417261
20220131,-0.00114405567889119
20220201,-0.0003055182494052168
20220202,-0.00031188260032741265
20220203,-0.0005050951876949233
20220204,-0.0007664373498975796
20220205,-0.0005770704633778781
20220206,-0.0011115148082301168
20220207,-0.0011193742159274912
20220208,-0.00024855647015360635
20220209,-0.0007853700932219831
20220210,-0.0004587169803062886
20220211,-0.0008905748844099496
20220212,-0.0004972525478514236
20220213,-0.0006823602198114136
20220214,-0.0007354150170586845
20220215,-0.0011730097801318786
20220216,-0.0008115403202657509
20220217,-0.0018419624887750826
20220218,-0.0012906966539221738
20220219,-0.0012767644966038445
20220220,-0.0011376916967690757
20220221,-0.002188413592861199
20220222,-0.000623075839111795
20220223,-0.0009015097795958739
20220224,-0.0012359511514424342
20220225,-0.0012481873082253975
20220226,-0.0009680855541375701
20220227,-0.0012438694280785152
20220228,-0.0011689377465975235
20220301,-0.0009750341429717014
20220302,-0.000634678406365042
20220303,-0.0010712804904320675
20220304,-0.0012287731708376908
20220305,-0.0011063396591525258
20220306,-0.001044687968320698
20220307,-0.0010796582874990797
20220308,-0.0012588232347593529
20220309,-0.0011083857083859718
20220310,-0.0014773393754326813
20220311,-0.0017013684694120767
20220312,-0.001448807025353126
20220313,-0.0011755520263637958
20220314,-0.0016335692441193346
20220315,-0.0007200947580918484
20220316,-0.001544801331868576
20220317,-0.0012229132770974187
20220318,-0.0019708172894007943
20220319,-0.002127590097313416
20220320,-0.001627295742959784
20220321,-0.001900630265250832
20220322,-0.0021234214033797358
20220323,-0.002146883074496343
20220324,-0.00233999914734069
20220325,-0.002380015519339668
20220326,-0.002627213422614292
20220327,-0.0024578025734684843
20220328,-0.0023719635636017806
20220329,-0.0017302688239925193
20220330,-0.0015792628489775494
20220331,-0.0012313608943840227
20220401,-0.0013672606239602365
20220402,-0.0012911683253780735
20220403,-0.0014229731172054583
20220404,-0.0016750974892220487
20220405,-0.0005241022844245781
20220406,-0.0014944228823110027
20220407,-0.002289218468020576
20220408,-0.0011010781983407283
20220409,-0.0019037517661826004
20220410,-0.0019402794379345103
20220411,-0.002826616347294385
20220412,-0.0032941245213136193
20220413,-0.0027195895203510905
20220414,-0.0020618751667333866
20220415,-0.002672080364564278
20220416,-0.002799717594691275
20220417,-0.0035281681197063173
20220418,-0.003328107503977788
20220419,-0.003185548738852968
20220420,-0.003502498433606103
20220421,-0.00279335056702534
20220422,-0.0025625847320608535
20220423,-0.0022504603845158624
20220424,-0.0016357305246847919
20220425,-0.002441491387031273
20220426,-0.002574414152939172
20220427,-0.00234980948060987
20220428,-0.003803188618222052
20220429,-0.0025541994971048595
20220430,-0.002583839757816604
20220501,-0.002000834021982808
20220502,-0.002653796762560114
20220503,-0.00312987862645964
20220504,-0.003134841255934694
20220505,-0.0027274101452459862
20220506,-0.003676470468565384
20220507,-0.003393179923424507
20220508,-0.003475718188408949
20220509,-0.0036611073790367953
20220510,-0.0030269392492559594
20220511,-0.005032604416590781
20220512,-0.0036311783102556867
20220513,-0.0038649078056463516
20220514,-0.00393185631779776
20220515,-0.004300571536901624
20220516,-0.002718306180371463
20220517,-0.0033034027038484942
20220518,-0.004504827790727214
20220519,-0.0036787859854866393
20220520,-0.0045320601969096735
20220521,-0.0037343247391519404
20220522,-0.003394395083799377
20220523,-0.0026968985373261732
20220524,-0.0039011343890613284
20220525,-0.003399805858750083
20220526,-0.0028922362789778277
20220527,-0.0020516581089707726
20220528,-0.003460825868166345
20220529,-0.003408656142681401
20220530,-0.0032908594052004805
20220531,-0.0038148011676844853
20220601,-0.0037880404473887254
20220602,-0.004067819770750252
20220603,-0.002763172150806856
20220604,-0.0031436577348172645
20220605,-0.0029498787698012912
20220606,-0.003514532363069925
20220607,-0.003186925424586681
20220608,-0.002022157573283174
20220609,-0.003029177034481953
20220610,-0.0033395654605515575
20220611,-0.0038168515949245914
20220612,-0.004252079986474371
20220613,-0.004144867220947026
20220614,-0.004717923266994732
20220615,-0.004829339922673141
20220616,-0.005222087524511779
20220617,-0.0046922000635969486
20220618,-0.005269580613828318
20220619,-0.005145381083799689
20220620,-0.003739145744074628
20220621,-0.004298643962983719
20220622,-0.0026813581055210776
20220623,-0.004041119329822556
20220624,-0.0036250877530340075
20220625,-0.0038920302072337843
20220626,-0.00260891574806416
20220627,-0.002771883266120409
20220628,-0.00451674679888096
20220629,-0.0043211808489254135
20220630,-0.0038973172945924723
20220701,-0.004027362528969792
20220702,-0.004810432815979773
20220703,-0.004978972631574112
20220704,-0.004581408505986584
20220705,-0.004576768146106908
20220706,-0.0041597305936256195
20220707,-0.0023675999038031293
20220708,-0.004084488560152262
20220709,-0.0035672387634850212
20220710,-0.0034215179526300974
20220711,-0.0033501626615075634
20220712,-0.004227959288391402
20220713,-0.004121286947857184
20220714,-0.003967456269756899
20220715,-0.003830738216369499
20220716,-0.0035693628949906146
20220717,-0.004114728417314447
20220718,-0.004187122390913775
20220719,-0.004530603867966422
20220720,-0.003296301127951389
20220721,-0.003492224196325461
20220722,-0.003641029022157978
20220723,-0.0033445060087762693
20220724,-0.004020150136184761
20220725,-0.00332397965336216
20220726,-0.002461451283823553
20220727,-0.002775343445704226
20220728,-0.0027398811477921795
20220729,-0.003026444550808241
20220730,-0.0029638258296652053
20220731,-0.0028199780761760523
20220801,-0.0019985543378331933
20220802,-0.002917732440392126
20220803,-0.003304844982807214
20220804,-0.0030226248267066604
20220805,-0.002287170532890571
20220806,-0.0026912084443311535
20220807,-0.002731058556556925
20220808,-0.002759881699061795
20220809,-0.002735219490336868
20220810,-0.0026455690298979096
20220811,-0.0025320543258609313
20220812,-0.0024651506134860785
20220813,-0.0023266333658494153
20220814,-0.0020381177416017287
20220815,-0.00204692811835395
20220816,-0.0019517950653399254
20220817,-0.00197165051589234
20220818,-0.0020300904415332323
20220819,-0.0022725429514795416
20220820,-0.00299981251922109
20220821,-0.0025970353868629147
20220822,-0.0025666759946478676
20220823,-0.002301146120652017
20220824,-0.002854463188992542
20220825,-0.002598568263150423
20220826,-0.0018229981716066871
20220827,-0.0016078354402181039
20220828,-0.0018890510107068038
20220829,-0.0021188817337768717
20220830,-0.00171605511333523
20220831,-0.002515631315696247
20220901,-0.002032838526376002
20220902,-0.0024186530831673356
20220903,-0.0023496279515166523
20220904,-0.0021131727846988263
20220905,-0.0022766065872911185
20220906,-0.0022615549355491644
20220907,-0.002226196220626396
20220908,-0.00257503467310297
20220909,-0.002650965240346792
20220910,-0.00219324765996768
20220911,-0.0018806508047624184
20220912,-0.0025278157572794758
20220913,-0.0016196215846572286
20220914,-0.0016476594867187522
20220915,-0.0021461745864736668
20220916,-0.002229368270534356
20220917,-0.0021768387833967944
20220918,-0.0018748371751087394
20220919,-0.0018685936845070808
20220920,-0.001407360509644289
20220921,-0.0018576565164458467
20220922,-0.0020888575669980444
20220923,-0.0014813626501092147
20220924,-0.0013955405521021021
20220925,-0.0014462497358469749
20220926,-0.001752567318713528
20220927,-0.002232761704336774
20220928,-0.0017522803516899048
20220929,-0.0012333138998378544
20220930,-0.0015264944677109461
20221001,-0.001919926799016816
20221002,-0.0008904386975470634
20221003,-0.0012435410502957076
20221004,-0.0014906567845554726
20221005,-0.0016825168899573105
20221006,-0.0016733822051985593
20221007,-0.0014356032512552355
20221008,-0.001270795082175743
20221009,-0.0015099174178880863
20221010,-0.0011531483446886896
20221011,-0.0013573547830969506
20221012,-0.0010219869528958513
20221013,-0.0010176730972649385
20221014,-0.0008431095134316982
20221015,-0.0011718171357026062
20221016,-0.001095734645054709
20221017,-0.001471145512655793
20221018,-0.0009559089742926437
20221019,-0.0009237360261806181
20221020,-0.0008481026494958767
20221021,-0.0010915576514262304
20221022,-0.0012072303508894322
20221023,-0.001482548239559722
20221024,-0.0017027044604412858
20221025,-0.0012118669183981213
20221026,-0.0012108581679425767
20221027,-0.0010038556649446943
20221028,-0.0013629932006537946
20221029,-0.0012066819243388613
20221030,-0.001303346271098486
20221031,-0.0006986836249505365
20221101,-0.0015278385264066142
20221102,-0.0010893772750317895
20221103,-0.0009925907699354806
20221104,-0.0008970387396192148
20221105,-0.0009009313178018461
20221106,-0.0009506266990391291
20221107,-0.0006156903332545816
20221108,-0.0012197375666067008
20221109,-0.0010400836345109046
20221110,-0.0005464688579551348
20221111,-0.0004470018136373188
20221112,-0.0004918519354838676
20221113,-0.0006745520500929548
20221114,-0.00035096664327924565
20221115,-0.0007084956823761717
20221116,-0.0011536708724428084
20221117,-0.0017461479584501244
20221118,-0.0008888629892485878
20221119,-0.000620875352487046
20221120,-0.0010579136572744787
20221121,-0.0010135078815485883
20221122,-0.0010009464618935939
20221123,-0.0008455016009863738
20221124,-0.00077061237721673
20221125,-0.0005054657020509824
20221126,-0.00036005480907355073
20221127,-0.0005047977799049463
20221128,-0.00034710533015511186
20221129,-0.00037956280110536684
20221130,-0.00046445184352108816
20221201,-0.00047481245690284923
20221202,-0.0004575195538971257
20221203,-0.000437986729108601
20221204,-0.0002860835602598415
20221205,-0.00029325133536946556
20221206,-0.00029219554882387857
20221207,-0.00024232817916146666
20221208,-0.0003709984002064442
20221209,-0.00021565142816340314
20221210,-0.00023953667676213862
20221211,-0.00016091717698246176
20221212,-5.6890967549052e-05
20221213,-0.00012168708444258765
20221214,-8.714569245969091e-05
20221215,-0.00015815456891113847
20221216,-7.154603468566545e-05
20221217,-1.3762733507829652e-05
20221218,-0.00012550128199142067
20221219,0.00010536329279313423
20221220,-0.00030899562988515787
20221221,-0.0004081171998471122
20221222,-0.0011507263946986949
20221223,-0.0003863178645129927
20221224,-0.0005345631354943805
20221225,-0.0005003721250675058
20221226,-0.0011160461650661937
20221227,-0.00036531265210353015
20221228,-0.0007107921039364913
20221229,-0.0012576607266821605
20221230,-0.0009607263835574207
20221231,-0.001129002384178175
20230101,-0.0007784791376786086
20230102,-0.0008505324304041948
20230103,-0.00041690676075205915
20230104,-0.0008432184953821748
20230105,-0.0006039186411203528
20230106,-0.0005314593066862571
20230107,-0.0006277520664223442
20230108,-0.0011090511207043413
20230109,-0.0012733111742483396
20230110,-0.0008167407263200523
20230111,-0.0007642511101584471
20230112,-0.0010418118112334417
20230113,-0.0013863894163528444
20230114,-0.0012524247644158677
20230115,-0.0015350485911843135
20230116,-0.0013666554004948153
20230117,-0.0004148680831716753
20230118,-0.0002679614209621161
20230119,-0.00032027043345385505
20230120,-0.00014720243445317955
20230121,-0.0003468813171583926
20230122,-0.00030665862434868963
20230123,-0.0004171777795229532
20230124,-0.0003228982421935119
20230125,-0.00013803733868054716
20230126,-0.0002899669129465776
20230127,-0.0004416712005146586
20230128,-0.000424015152262112
20230129,-0.0002591895590740095
20230130,-9.407710106539837e-05
20230131,-6.775481459937427e-05
20230201,-0.0006811485077678399
20230202,-0.00038131964742831156
20230203,-0.00048563946859957473
20230204,-0.0004637227060147318
20230205,-0.0007049195352867096
20230206,-0.0007088195365976736
20230207,-0.0007191713168568817
20230208,-0.0006389672450042768
20230209,-0.00021481461674881312
20230210,-0.0001485114300215282
20230211,-0.0002740419091341452
20230212,-0.0003988781144703435
20230213,-0.000555694791039895
20230214,-0.000639671490993476
20230215,-0.0007274519419951457
20230216,-0.0005566165230048129
20230217,-0.0003756238323724306
20230218,-0.0008445855184170699
20230219,-0.0010582433170777945
20230220,-0.0007612234689417641
20230221,-0.0009009518746276592
20230222,-0.0006996446103625961
20230223,-0.0006813182581789146
20230224,-0.0007061930991306966
20230225,-0.001050696479075528
20230226,-0.0010327211268081151
20230227,-0.0010690470950684725
20230228,-0.0007963956502605123
20230301,-0.0009086580082389468
20230302,-0.0009700174971430924
20230303,-0.0009196449119540174
20230304,-0.0007429095016719192
20230305,-0.000656317442552258
20230306,-0.0009490517322168518
20230307,-0.0010586559955262076
20230308,-0.0006110362215679264
20230309,-0.0016592208814039274
20230310,-0.0018947215487078288
20230311,-0.0011243850748258607
20230312,-0.0008989543473323735
20230313,-0.0016123366952854787
20230314,-0.0020947904605722652
20230315,-0.0012274009621968192
20230316,-0.0015411297403743196
20230317,-0.001883553507657314
20230318,-0.0018540195772377998
20230319,-0.001308982360583709
20230320,-0.0011344691020252616
20230321,-0.0011309825497380485
20230322,-0.0016252641051699344
20230323,-0.0018625152988938551
20230324,-0.0027956915326375004
20230325,-0.0025277537165451906
20230326,-0.0021053814082219935
20230327,-0.002094244906633279
20230328,-0.0018787728027906498
20230329,-0.001924684246962685
20230330,-0.0026250251248828003
20230331,-0.0029484444737360714
20230401,-0.0016700711855702774
20230402,-0.001283623520277279
20230403,-0.0021533767399849074
20230404,-0.00225043725737972
20230405,-0.002068142534533498
20230406,-0.0014500856392089148
20230407,-0.0016954380773483969
20230408,-0.0015896420531621694
20230409,-0.0019967051407204393
20230410,-0.0024640602001688187
20230411,-0.002790531562493739
20230412,-0.0021266103781133537
20230413,-0.0026998124365244834
20230414,-0.002569191172158092
20230415,-0.0025821648897749174
20230416,-0.0014202404857585856
20230417,-0.002503967877285372
20230418,-0.0016582169584544854
20230419,-0.0021502136093850886
20230420,-0.00249656890952577
20230421,-0.0032259208734865714
20230422,-0.0025051380944239128
20230423,-0.002679450227635626
20230424,-0.003150181228416491
20230425,-0.002526348171850904
20230426,-0.002235743047754015
20230427,-0.002533374833351328
20230428,-0.0015211538022733202
20230429,-0.001916561693694003
20230430,-0.0027608105385466923
20230501,-0.0026742548501325733
20230502,-0.00259149941617644
20230503,-0.0036869149875770665
20230504,-0.004043418170501992
20230505,-0.002428137833400873
20230506,-0.002666370689112709
20230507,-0.002331187018307152
20230508,-0.002414698254420188
20230509,-0.0017967283530461715
20230510,-0.0030103843925778917
20230511,-0.002199520276648415
20230512,-0.0027046333550365966
20230513,-0.003683575855450693
20230514,-0.003579126600558278
20230515,-0.003386096981861484
20230516,-0.0031062726917620667
20230517,-0.0031955868040326966
20230518,-0.003772919433516237
20230519,-0.0031838055961344197
20230520,-0.003118092303543404
20230521,-0.0038894267621254267
20230522,-0.003423347470070827
20230523,-0.002693824080904586
20230524,-0.003804636328059209
20230525,-0.004023032697598945
20230526,-0.004232504289303659
20230527,-0.004707628752874003
20230528,-0.0049285465839895475
20230529,-0.004815769194226256
20230530,-0.00462071418093583
20230531,-0.005144756360355546
20230601,-0.004821411535583217
20230602,-0.0041458145999612
20230603,-0.0043321552528476906
20230604,-0.004566383418716548
20230605,-0.0047581962961921265
20230606,-0.003924493710587604
20230607,-0.0038659767295935554
20230608,-0.003940117899690052
20230609,-0.004262636676995109
20230610,-0.004358841462002848
20230611,-0.004432226553212083
20230612,-0.004542968773118953
20230613,-0.004583673865156717
20230614,-0.004091834246204658
20230615,-0.0033058372710302424
20230616,-0.0036314581714854913
20230617,-0.0037524141395863454
20230618,-0.0036267891008510767
20230619,-0.0029314944051172585
20230620,-0.00396746881198399
20230621,-0.003088705048851921
20230622,-0.003383763929905639
20230623,-0.0036723795381465533
20230624,-0.004197280814397104
20230625,-0.004520588941080533
20230626,-0.0037001042751000513
20230627,-0.002718773020667132
20230628,-0.0022326138560957356
20230629,-0.002418952299718053
20230630,-0.0029888791720848926
20230701,-0.0012145879631265503
20230702,-0.0025236404719006524
20230703,-0.0021655539291968017
20230704,-0.0026698660215966714
20230705,-0.0033912388124272166
20230706,-0.0033515363760240158
20230707,-0.004213679448165547
20230708,-0.0037295743149395547
20230709,-0.00334647877315578
20230710,-0.0033430104722137455
20230711,-0.0034758532583878225
20230712,-0.0032284197869776685
20230713,-0.002491180436789723
20230714,-0.003093235109116842
20230715,-0.002920420199320022
20230716,-0.003542768746787734
20230717,-0.002953857327917051
20230718,-0.003212049927691334
20230719,-0.0029861753893217005
20230720,-0.002654735406775885
20230721,-0.0022576223286251314
20230722,-0.0020882307839351017
20230723,-0.0018750313258471707
20230724,-0.002651020013456456
20230725,-0.002440096135192293
20230726,-0.002973121483156633
20230727,-0.002115640538208178
20230728,-0.0017874036294490058
20230729,-0.0030758933148649897
20230730,-0.003324498306521947
20230731,-0.0026867465210617257
20230801,-0.0038128149201188174
20230802,-0.002718841778668016
20230803,-0.0028156148430294238
20230804,-0.0027592658056684563
20230805,-0.00283752433346366
20230806,-0.002981674050245189
20230807,-0.0031055703756503257
20230808,-0.0025995904863113347
20230809,-0.0027047689013381775
20230810,-0.0039839311474458424
20230811,-0.004175746594286466
20230812,-0.0027381865540917175
20230813,-0.002293583355724753
20230814,-0.003211990327690045
20230815,-0.0025246548320745146
20230816,-0.002887934974509559
20230817,-0.003134240809444726
20230818,-0.0039836432055403714
20230819,-0.0034960104278916933
20230820,-0.0037024358902178808
20230821,-0.003630352000424594
20230822,-0.003922253953924677
20230823,-0.0037999235031920273
20230824,-0.0033789706727065387
20230825,-0.001981266790574457
20230826,-0.0033105779237012386
20230827,-0.0024519557169871073
20230828,-0.0017201610954941833
20230829,-0.0020894942810625442
20230830,-0.002384002620220352
20230831,-0.0022999493603277736
20230901,-0.0023139087083176115
20230902,-0.0028590796411259124
20230903,-0.002853182301601593
20230904,-0.0035457661969039503
20230905,-0.0036887307324296455
20230906,-0.003386871774387386
20230907,-0.0032120480624660778
20230908,-0.003024778567149067
20230909,-0.0029149760306776693
20230910,-0.002998079542196803
20230911,-0.002945795202066488
20230912,-0.002411229857592469
20230913,-0.0020196647543449806
20230914,-0.001877998285748137
20230915,-0.002206829852339359
20230916,-0.0017536933504297518
20230917,-0.002415851939528315
20230918,-0.0025992350765886795
20230919,-0.0022076850629820315
20230920,-0.0024659673622463418
20230921,-0.0020001737446403455
20230922,-0.002453108936627457
20230923,-0.0017946375824639247
20230924,-0.001994362915829689
20230925,-0.0020328752378929184
20230926,-0.0019782084986099653
20230927,-0.002002926424114376
20230928,-0.0017912171890677234
20230929,-0.0014437250113130146
20230930,-0.0013628253509485905
20231001,-0.0016741545035306503
20231002,-0.0018090946879599763
20231003,-0.0016701315072412365
20231004,-0.0010632913703198675
20231005,-0.0010059270433459932
20231006,-0.0013301534531105076
20231007,-0.001326160193084039
20231008,-0.0014128537610540294
20231009,-0.0013385656340628475
20231010,-0.0013603932151025067
20231011,-0.0015854653461950339
20231012,-0.0010034205511587704
20231013,-0.0018966103672912276
20231014,-0.0016618715404972605
20231015,-0.0012050199537056692
20231016,-0.0009928657664643715
20231017,-0.0009282440708695091
20231018,-0.0010103162058510385
20231019,-0.0010884775019091293
20231020,-0.0014099868908465198
20231021,-0.0020931426053744937
20231022,-0.0009420165613743651
20231023,-0.0008737067569359439
20231024,-0.0005464703771431512
20231025,-0.0011548295311215218
20231026,-0.0006947864573356349
20231027,-0.0012101857938820416
20231028,-0.001612395387192594
20231029,-0.001979115865369056
20231030,-0.0011857812699058471
20231031,-0.001077498302667306
20231101,-0.0013682907791786028
20231102,-0.002117432285106439
20231103,-0.0009932086624583644
20231104,-0.0016469923779049065
20231105,-0.002200871493066149
20231106,-0.0010626527115317644
20231107,-0.00114295708211047
20231108,-0.0009148227577656711
20231109,-0.0013996337958800897
20231110,-0.0015151816975354632
20231111,-0.0011613631195042692
20231112,-0.0005588165848927219
20231113,-0.0012011839119057
20231114,-0.001223506682770731
20231115,-0.0011769205959388125
20231116,-0.0007607910830253172
20231117,-0.0007472501081141138
20231118,-0.0007875738576704674
20231119,-0.0009875927763050348
20231120,-0.001197899862514341
20231121,-0.0007474697783309086
20231122,-0.0006987845482833682
20231123,-0.0002419630287796507
20231124,-0.0012037612304806118
20231125,-0.0006779825927086516
20231126,-0.00054152800174439
20231127,-0.0005316199682399117
20231128,-0.0006337340132035818
20231129,-0.0003067562086503574
20231130,-0.00012926436724780614
20231201,-0.00046589918257807883
20231202,-0.00044663534479308424
20231203,-0.0003954747626701123
20231204,-0.0006303679424106126
20231205,-0.00015336007887702135
20231206,-0.00043746621819283025
20231207,-0.00029946502033922245
20231208,-0.00018527456184121158
20231209,-0.0006812857263183551
20231210,-0.0010634716871218421
20231211,-0.0006835653767282989
20231212,-0.00031071042583695203
20231213,-0.0005957867632110912
20231214,-0.0004829058006199738
20231215,-0.00024015999170721853
20231216,-0.0002624782174689634
20231217,-0.00013420230068838276
20231218,-0.0002510458014998703
20231219,-0.0002049987058194121
20231220,-0.0005774646360237989
20231221,-0.0007956957423983729
20231222,-0.001539297420073092
20231223,-0.0009662991633601827
20231224,-0.0008492636479808624
20231225,-0.0005312670980603551
20231226,-0.0005568289266887295
20231227,-0.0006193733841226011
20231228,-0.0008509674867117381
20231229,-0.0006361198621156546
20231230,-0.0005641864980014657
20231231,-0.0010502863886699308
20240101,-0.0010037870396594516
20240102,-0.0021250878909494578
20240103,-0.0020342468632310513
20240104,-0.0011832363623675232
20240105,-0.0004482001803621021
20240106,-0.0003784155661497403
20240107,-0.0006396618314272213
20240108,-0.0004840526326583655
20240109,-0.0002233611476216268
20240110,-0.00011667415183149534
20240111,-8.213658996828588e-05
20240112,-3.230622755227607e-05
20240113,-5.4168030020933324e-05
20240114,-6.979631811749458e-05
20240115,-9.012797521872443e-05
20240116,-4.553424266379053e-05
20240117,-5.584541226717371e-05
20240118,-0.0003086020276687351
20240119,-0.00013190291144808718
20240120,-6.090225228555429e-05
20240121,-0.00037526276915171694
20240122,-0.0005469468761304092
20240123,-0.0007158577711242275
20240124,-0.0006552455576377544
20240125,-0.00010982510269329671
20240126,-0.00046644719566221645
20240127,-0.0004027897374751299
20240128,-0.0004468543499284794
20240129,-0.0004685509358630662
20240130,-0.0003857777471274334
20240131,-0.00040821623535370824
20240201,-0.00043563170261177287
20240202,-0.0004801960171048433
20240203,-0.0002986957323350677
20240204,-0.0003999976829847414
20240205,-0.0006055263872258712
20240206,-0.0005042585958555021
20240207,-0.0008123698038165488
20240208,-0.0008051395846984439
20240209,-0.001382004880860491
20240210,-0.0004910765974990486
20240211,-0.0011749373339271353
20240212,-0.0008656720630815772
20240213,-0.0005933552817479737
20240214,-0.0005043006165512441
20240215,-0.0009062988598432931
20240216,-0.0007033132945014485
20240217,-0.0007977614066125902
20240218,-0.0006548288590872171
20240219,-0.0009355232211639008
20240220,-0.0008997399601631174
20240221,-0.0010087984476229305
20240222,-0.0021836278299264254
20240223,-0.0014947895638547557
20240224,-0.0013492447419254949
20240225,-0.0015792664010556665
20240226,-0.001269868935169807
20240227,-0.00112294852614339
20240228,-0.0008701512024571108
20240229,-0.0010881926968537318
20240301,-0.0010613050949976716
20240302,-0.0012900429951452255
20240303,-0.0009692984970983634
20240304,-0.0005717969941792953
20240305,-0.0010923317881347129
20240306,-0.0009789913190041152
20240307,-0.001127311695351995
20240308,-0.0015074333739636028
20240309,-0.0016303334400221442
20240310,-0.0009235663428908199
20240311,-0.0014761387648969603
20240312,-0.0014388691296572007
20240313,-0.0006704978362323014
20240314,-0.0015015558902175448
20240315,-0.0014813069449498963
20240316,-0.0015850241815594632
20240317,-0.0011333516073507642
20240318,-0.0014085494283788596
20240319,-0.001367240134266293
20240320,-0.0017109576805609972
20240321,-0.001767035685035797
20240322,-0.0017727256708167185
20240323,-0.002362596794473369
20240324,-0.002040982725320438
20240325,-0.002070883462205228
20240326,-0.0018381367490626602
20240327,-0.0013180332110471636
20240328,-0.0024554642303826714
20240329,-0.0013108871118734206
20240330,-0.0012442811580754168
20240331,-0.0016211999881327215
20240401,-0.0017265879061438218
20240402,-0.002376217917221941
20240403,-0.001498764472132542
20240404,-0.0021735796426368002
20240405,-0.00206316762843021
20240406,-0.004079028193447302
20240407,-0.0030974554819388636
20240408,-0.003299182098466863
20240409,-0.0024592917415599378
20240410,-0.0021798809151778948
20240411,-0.0020322128516834024
20240412,-0.0017962306683579248
20240413,-0.0029740541060090967
20240414,-0.0029149862236684753
20240415,-0.0029067406578322796
20240416,-0.002675521664949067
20240417,-0.0025885596070015135
20240418,-0.00260640076615331
20240419,-0.0017030475184116017
20240420,-0.0026931489358394474
20240421,-0.0028479391513211586
20240422,-0.002815127519923599
20240423,-0.002441622857665492
20240424,-0.0025691968918300392
20240425,-0.0024939199534996593
20240426,-0.002792367537780857
20240427,-0.003173891764912381
20240428,-0.0026990411572043933
20240429,-0.0023149556358643152
20240430,-0.0036657982390909945
20240501,-0.0037770168955195207
20240502,-0.0020384810086677557
20240503,-0.003124754874321412
20240504,-0.002722465742412693
20240505,-0.002027187161330109
20240506,-0.0015478843942507165
20240507,-0.0022540090274438796
20240508,-0.002979919613154351
20240509,-0.0034656790030309133
20240510,-0.004218639869369953
20240511,-0.004574639774550626
20240512,-0.004296532963616549
20240513,-0.003425814440180357
20240514,-0.0038436707117110256
20240515,-0.001936921926289984
20240516,-0.00312134194431959
20240517,-0.001599067610001177
20240518,-0.002822050854618535
20240519,-0.0028168483630284795
20240520,-0.0036369554872579157
20240521,-0.0017324873363155277
20240522,-0.0033444587824261168
20240523,-0.003018716073819186
20240524,-0.002688088686052187
20240525,-0.0033496096855725405
20240526,-0.0033283673732340965
20240527,-0.0032983046983819245
20240528,-0.0031095896415901806
20240529,-0.0023390587274390766
20240530,-0.003340962191064763
20240531,-0.00297121096256129
20240601,-0.0025543379080245543
20240602,-0.002467421428618346
20240603,-0.0033677098699168703
20240604,-0.0034536188278081353
20240605,-0.0029313893276121396
20240606,-0.004034543931944806
20240607,-0.00430922051794484
20240608,-0.004286415808948119
20240609,-0.004603411636009653
20240610,-0.0030216527052760577
20240611,-0.0034939786239383433
20240612,-0.0034975101701615456
20240613,-0.003400833256609405
20240614,-0.0017302583108223567
20240615,-0.004497153214272955
20240616,-0.00286379227875829
20240617,-0.0028316702705345367
20240618,-0.0033818583641539914
20240619,-0.002397836206894288
20240620,-0.0028660636944450135
20240621,-0.002875492910539029
20240622,-0.0024174186823760573
20240623,-0.003362923074214919
20240624,-0.004888600115561241
20240625,-0.0054194832358356515
20240626,-0.004625232803009096
20240627,-0.004376742348766994
20240628,-0.004606130316328573
20240629,-0.004304882140090859
20240630,-0.0021915287546246864
20240701,-0.0037230931530170415
20240702,-0.001719692261376915
20240703,-0.0021630792743247496
20240704,-0.0034668632881495786
20240705,-0.0036836077687433725
20240706,-0.0037374775613992985
20240707,-0.003854920739722812
20240708,-0.004403504022987832
20240709,-0.00530480469787098
20240710,-0.0036455512390096514
20240711,-0.00385117464086102
20240712,-0.003526200274992237
20240713,-0.0037126110297771883
20240714,-0.003918928667895589
20240715,-0.004646757654585845
20240716,-0.004359419961087924
20240717,-0.0037722594015256396
20240718,-0.004601105239522777
20240719,-0.004692225446084259
20240720,-0.004905231845403238
20240721,-0.0030307770259464326
20240722,-0.0041855123213414966
20240723,-0.0026036493937539517
20240724,-0.0035667639494556666
20240725,-0.004084874426886353
20240726,-0.0028049376422247547
20240727,-0.0017454959247704797
20240728,-0.004869730929664106
20240729,-0.005124386169301959
20240730,-0.004630254380203939
20240731,-0.003736653096170387
20240801,-0.002274617688667706
20240802,-0.0036375308163204374
20240803,-0.0038637510961409913
20240804,-0.002434422757551784
20240805,-0.004135897371084925
20240806,-0.004243880448797924
20240807,-0.0029840932432045543
20240808,-0.0032679419744805964
20240809,-0.003581885456740128
20240810,-0.003951412418491044
20240811,-0.0045064510394031195
20240812,-0.004415322802634962
20240813,-0.004292634661063908
20240814,-0.00255888167765931
20240815,-0.0036384738818477764
20240816,-0.004211428952374019
20240817,-0.002486796868965773
20240818,-0.002540492800263553
20240819,-0.003167155278998427
20240820,-0.0028981757313542304
20240821,-0.0037518641080705626
20240822,-0.0036892325331495794
20240823,-0.0032391860459357953
20240824,-0.0045051330267663345
20240825,-0.0033861803586495926
20240826,-0.0030284697357429234
20240827,-0.003537885842858818
20240828,-0.0035203824557131004
20240829,-0.003249329859673238
20240830,-0.002651703992444839
20240831,-0.0032928655502541797
20240901,-0.0033537368018948972
20240902,-0.0023893202925121316
20240903,-0.002694977634463396
20240904,-0.0016682315092284572
20240905,-0.002715719209722609
20240906,-0.002582777313377039
20240907,-0.003208370989524619
20240908,-0.0026872257326987867
20240909,-0.002333010726163368
20240910,-0.0024166480602595968
20240911,-0.0022275378921247954
20240912,-0.0022692672112943385
20240913,-0.002159171654162712
20240914,-0.0018132442886761545
20240915,-0.0021168203571257866
20240916,-0.0012577398802310832
20240917,-0.0018859427838682457
20240918,-0.0026209630128877907
20240919,-0.002822099319617203
20240920,-0.002354941789759273
20240921,-0.002189208242273896
20240922,-0.00185387054979656
20240923,-0.0018223962581763555
20240924,-0.0018194300626319538
20240925,-0.0020075643186625077
20240926,-0.002475980354041738
20240927,-0.002626851515443243
20240928,-0.0020889775033577475
20240929,-0.0015013120916171007
20240930,-0.0013449688553290903
20241001,-0.0017046311836278708
20241002,-0.0011049023308214972
20241003,-0.0012017107563043667
20241004,-0.0011346044516675662
20241005,-0.001213437135630196
20241006,-0.0011758224638633418
20241007,-0.0012347213604843503
20241008,-0.0011357153373439308
20241009,-0.001937362132177587
20241010,-0.0018400645201958083
20241011,-0.001415007837771893
20241012,-0.0012314735437455114
20241013,-0.001738823519273732
20241014,-0.0009313328122605825
20241015,-0.0007453578654243202
20241016,-0.0010393219411385859
20241017,-0.0007297769572599313
20241018,-0.0006276716626988901
20241019,-0.0011002163014124848
20241020,-0.0008622271202470855
20241021,-0.0013838329717299344
20241022,-0.0011918170933911808
20241023,-0.0011077224667572622
20241024,-0.0008034136413392748
20241025,-0.0009995011668057904
20241026,-0.0008412570708909666
20241027,-0.0007914206066813789
20241028,-0.0007231995596356021
20241029,-0.0008101787690449705
20241030,-0.0005753992727696315
20241031,-0.0004885619165867783
20241101,-0.0006131878483342026
20241102,-0.0006153869658826662
20241103,-0.0007379261236764361
20241104,-0.0006100689172358331
20241105,-0.0004755872949014978
20241106,-0.00034832871157033566
20241107,-0.0007127284076080291
20241108,-0.0004262679327388788
20241109,-0.0005088571332698119
20241110,-0.00044028733474898795
20241111,-0.00034474804600990576
20241112,-0.0007524845208683886
20241113,-0.000471443397762315
20241114,-0.00026310532021080256
20241115,-0.00044274794500294196
20241116,-0.0005254165063318186
20241117,-0.0004960585059021009
20241118,-0.0006292473365401656
20241119,-0.0010022400892080647
20241120,-0.0009082717923902894
20241121,-0.00033783602921648383
20241122,-0.00043704517834819656
20241123,-0.0007650300503333856
20241124,-0.001051296730829922
20241125,-0.0014270764731563997
20241126,-0.00055260273287146
20241127,-0.0008712797679725433
20241128,-0.0007480902865006316
20241129,-0.000232503254064833
20241130,-0.00022855144127434182
20241201,-0.00033879644338999316
20241202,-9.667437275776265e-05
20241203,-0.00041875346186053724
20241204,-0.00026101792688052903
20241205,-0.0006882070479511603
20241206,-0.0009898134688452194
20241207,-0.0008565980466415428
20241208,-0.0005196465776868152
20241209,-0.0007294884348715165
20241210,-0.00042091175449605303
20241211,-0.0003014386639901204
20241212,-0.00024795425189989183
20241213,-0.00019090429082160807
20241214,-0.0001958068842023788
20241215,-0.00019109443066728682
20241216,-5.307020531556127e-05
20241217,-0.00020955718948350118
20241218,-0.0006724778704390046
20241219,-0.0012700412519443508
20241220,-0.0005339392142757797
20241221,-0.0004718284243221599
20241222,-0.0009610976566660928
20241223,-0.0005627729039919956
20241224,-0.0001910005014298089
20241225,-0.00014005336991348887
20241226,-0.0003884535865797645
20241227,-0.00022393877513667736
20241228,-8.985325692872551e-05
20241229,-0.0001470157810458317
20241230,-0.00014366132124780896
20241231,-0.00017187866433360962
20250101,-0.0004504812201173297
20250102,-0.0004935945801595602
20250103,-0.0003945066256368072
20250104,-0.0002177273162824572
20250105,-0.00011188210963920751
20250106,-0.0013739774811505727
20250107,-0.0009392175909802268
20250108,-0.00040801463366547204
20250109,-0.0009114313847743765
20250110,-0.00029132812754808574
20250111,-0.00018179530765435387
20250112,-0.00023232020653357822
20250113,-0.00015361298909754897
20250114,-5.2974622750722875e-05
20250115,2.9107836457441893e-05
20250116,-0.0002020898698339427
20250117,-0.00012544952228365743
20250118,-0.00017894184562109008
20250119,-8.718226304100011e-05
20250120,-0.0001191129841743961
20250121,-8.467638847567745e-05
20250122,-0.0001314387091181959
20250123,-0.0006505533152245607
20250124,-0.0010057187864415092
20250125,-0.0009335107228875912
20250126,-0.001241657465861192
20250127,-0.0017745717121914755
20250128,-0.0011970093686244148
20250129,-0.0011855088182430736
20250130,-0.0006153479497803403
20250131,-0.0006035512447608174
20250201,-0.00048228361859510875
20250202,-0.0003231098328715981
20250203,-0.00020552631626488696
20250204,-0.00022970254797879226
20250205,-5.893852699384669e-05
20250206,-0.00032172585824802465
20250207,-0.0005072550601749455
20250208,-0.0005827570304650634
20250209,-0.0004164258065481857
20250210,-0.0006178130881479806
20250211,-0.0006159546217565815
20250212,-0.0004397200325746593
20250213,-0.0007455183460949917
20250214,-0.0005285711113763901
20250215,-0.0004934625677398489
20250216,-0.0006620912010837581
20250217,-0.0005435928881643713
20250218,-0.00045615012119975623
20250219,-0.0004928199113242652
20250220,-0.00028654114728710007
20250221,-0.0009580000721593091
20250222,-0.0006549139467625144
20250223,-0.0009076478691307464
20250224,-0.0007674454693729681
20250225,-0.0008287822254640004
20250226,-0.0013016244482179353
20250227,-0.001419560072689811
20250228,-0.0011584514591630986
20250301,-0.0008947580809805051
20250302,-0.0011672832427871245
20250303,-0.0011125872145854392
20250304,-0.00119437923119633
20250305,-0.001225797798191757
20250306,-0.001396692377026693
20250307,-0.0014420440247427118
20250308,-0.001540312470749006
20250309,-0.0016111444836240257
20250310,-0.0007434695091200704
20250311,-0.0011734396280561957
20250312,-0.001057486109235986
20250313,-0.0007915277083879984
20250314,-0.00121364467522155
20250315,-0.0012107694899783923
20250316,-0.001292976946540998
20250317,-0.0013387542989450642
20250318,-0.0019332968598285935
20250319,-0.001772380010704665
20250320,-0.001912775159120521
20250321,-0.002079231737854492
20250322,-0.0018784471357253393
20250323,-0.0015516397974022751
20250324,-0.0016240102805831552
20250325,-0.0017564042814170616
20250326,-0.0010046750562385583
20250327,-0.002058161716112641
20250328,-0.002064113479216396
20250329,-0.0020990461340211625
20250330,-0.0008919457355675327
20250331,-0.0017947223720048008
20250401,-0.00205504997761908
20250402,-0.002624645895932443
20250403,-0.0026395425361739723
20250404,-0.0029476483365362127
20250405,-0.0030060388717478475
20250406,-0.0027927446716949707
20250407,-0.002559476481244966
20250408,-0.0026518178672475874
20250409,-0.0027068297193154284
20250410,-0.0022532575176449836
20250411,-0.0026703643121137777
20250412,-0.003172481842037832
20250413,-0.0021759031118633266
20250414,-0.0022236976075332283
20250415,-0.001643238930173271
20250416,-0.0010221883336893453
20250417,-0.0016081025581043563
20250418,-0.001823857099958844
20250419,-0.0026386201962497772
20250420,-0.0020776808446245506
20250421,-0.0020445060230890487
20250422,-0.0024393157682170556
20250423,-0.0017245672417729478
20250424,-0.002076296093841432
20250425,-0.0026819507206557076
20250426,-0.0025818923801933483
20250427,-0.003568751270942256
20250428,-0.003942922072050678
20250429,-0.0041794953365398785
20250430,-0.004094117177192821
20250501,-0.0038353791332795717
20250502,-0.004254785453426792
20250503,-0.0036500245957104423
20250504,-0.00312822910453554
20250505,-0.0028416279730792563
20250506,-0.003011930439848808
20250507,-0.0026032011390554263
20250508,-0.0032424874875176157
20250509,-0.0037353664836429225
20250510,-0.0040734887874660855
20250511,-0.00444995968727753
20250512,-0.0031742777822183423
20250513,-0.0037232545536528814
20250514,-0.004015354531196344
20250515,-0.0033620941693188124
20250516,-0.003607400041265613
20250517,-0.002421811508826645
20250518,-0.002849614827645494
20250519,-0.0037041414387350867
20250520,-0.003431499608644409
20250521,-0.0026687781231749586
20250522,-0.002965520818318547
20250523,-0.0026765464339313055
20250524,-0.002340645353174291
20250525,-0.0020752314280336804
20250526,-0.002817464104522731
20250527,-0.0024249334094564854
20250528,-0.0020577830469184163
20250529,-0.002822113577108598
20250530,-0.003913603684897878
20250531,-0.00371092317695775
20250601,-0.0033322188310919566
20250602,-0.002408878714379936
20250603,-0.0032099008763913374
20250604,-0.002799468116098204
20250605,-0.003471668598614265
20250606,-0.0027998267889456146
20250607,-0.003430876945162323
20250608,-0.004190891668710836
20250609,-0.003252419160803815
20250610,-0.0038296484888240903
20250611,-0.004502943872780543
20250612,-0.005103905180224862
20250613,-0.0048358694223269005
20250614,-0.004598905246356661
20250615,-0.0027847725103339496
20250616,-0.003825375468491537
20250617,-0.00461187220590909
20250618,-0.004436172047978223
20250619,-0.004820389748602558
20250620,-0.004811588224256604
20250621,-0.004762930350535768
20250622,-0.00459606807301997
20250623,-0.0033461210024398782
20250624,-0.003819443552087553
20250625,-0.0040570233834245064
20250626,-0.003563514862362629
20250627,-0.002796423821370997
20250628,-0.003062385800824579
20250629,-0.004296406468376098
20250630,-0.004170245140717827
20250701,-0.004206558031361984
20250702,-0.004198392091258052
20250703,-0.004081508868468188
20250704,-0.0038940369687862774
20250705,-0.0035148451049200856
20250706,-0.0017893165456160868
20250707,-0.002922574181517102
20250708,-0.0028891981844285097
20250709,-0.002448885464080123
20250710,-0.0038560793609784014
20250711,-0.003297627000865187
20250712,-0.003424051517130198
20250713,-0.003697166414758773
20250714,-0.00314965963764874
20250715,-0.003215493547842565
20250716,-0.0025163850445619387
20250717,-0.002827497043051093
20250718,-0.0033963063001552357
20250719,-0.002964333426973412
20250720,-0.0028524272147220863
20250721,-0.0031109018627241557
20250722,-0.0030273202452508583
20250723,-0.0027006380763545065
20250724,-0.0026032812811867543
20250725,-0.0031921968237829685
20250726,-0.003044016060270736
20250727,-0.002664560846614732
20250728,-0.003255633270788193
20250729,-0.003063054234369517
20250730,-0.0031208023507472565
20250731,-0.0027543409395915713
20250801,-0.0030060214346018074
20250802,-0.0029626081840739937
20250803,-0.0025845704858564
20250804,-0.0032020367051402835
20250805,-0.0030273703872074993
20250806,-0.0034534866678662393
20250807,-0.003989339457613237
20250808,-0.004006000114869208
20250809,-0.0039740890842003915
20250810,-0.003924650730343133
20250811,-0.004136781446704269
20250812,-0.003979625064043807
20250813,-0.0038546449310444537
20250814,-0.0034253481090949613
20250815,-0.0034325642928680453
20250816,-0.0028651609015940367
20250817,-0.0025393477850275924
20250818,-0.002647119570461812
20250819,-0.0027335438713715315
20250820,-0.0020227769830898886
20250821,-0.0025819791792996757
20250822,-0.002198476178480589
20250823,-0.0015409216491727258
20250824,-0.002392295531951029
20250825,-0.0025902753289191835
20250826,-0.0025874681698019953
20250827,-0.0020128934756176707
20250828,-0.0020270332642987714
20250829,-0.00266652645090673
20250830,-0.0022379231509146863
20250831,-0.0017174472060153842
20250901,-0.0023655489496226135
20250902,-0.002456433689741798
20250903,-0.002308285301244732
20250904,-0.00216746278234163
20250905,-0.002299324419157796
20250906,-0.0027292392714657844
20250907,-0.002902654553533085
20250908,-0.0017460168859721522
20250909,-0.0020181695506088105
20250910,-0.002137065466711415
20250911,-0.0025673509952133374
20250912,-0.0027494890233439673
20250913,-0.0023800515776226305
20250914,-0.0022480526442777856
20250915,-0.002695218227743771
20250916,-0.00218160834393739
20250917,-0.0012851900439839001
20250918,-0.002462144604049176
20250919,-0.002632676476200114
20250920,-0.0027191954983938975
20250921,-0.0011814515911774406
20250922,-0.0019174842583134658
20250923,-0.002204971280094346
20250924,-0.0015391947764667082
20250925,-0.0010395204164671574
20250926,-0.001210319017188612
20250927,-0.0012727069042532703
20250928,-0.0015114038086877191
20250929,-0.001181512490519291
20250930,-0.0014375264646122544
20251001,-0.001716572685902303
20251002,-0.001776320278134154
20251003,-0.0011873953373299061
20251004,-0.0018818558369208668
20251005,-0.0017543800099773731
20251006,-0.0005820981530497201
20251007,-0.0006426039775205276
20251008,-0.0009056640815706718
20251009,-0.0009084550626768444
20251010,-0.0010920120985535207
20251011,-0.0011951794679838062
20251012,-0.0012668314031715143
20251013,-0.0009583506760532756
20251014,-0.001262432438285411
20251015,-0.000998330710197792
20251016,-0.0007783374573311501
20251017,-0.0008984558340514086
20251018,-0.001050478671347146
20251019,-0.000885454365478798
20251020,-0.0013602932061464938
20251021,-0.0016189089054735738
20251022,-0.0008373239148733421
20251023,-0.0026360039314999393
20251024,-0.001844157907056851
20251025,-0.0014820168049902514
20251026,-0.001490393603029258
20251027,-0.0016872737983432153
20251028,-0.0008635243977669393
20251029,-0.0012693083396829296
20251030,-0.0014731636565849455
20251031,-0.0005479073290576176
20251101,-0.0005364975105811346
20251102,-0.0009090129996725311
20251103,-0.0006008775320657987
20251104,-0.0008669834098960126
20251105,-0.0010794536645928362
20251106,-0.0008820948138591717
20251107,-0.0006365868030408198
20251108,-0.0004018852673158378
20251109,-0.0005725188993196966
20251110,-0.0005128978009108263
20251111,-0.0006458004177105461
20251112,-0.000738393467820511
20251113,-0.0010518340239463208
20251114,-0.0012473906624240374
20251115,-0.0007414454065612404
20251116,-0.00039936939277210803
20251117,-0.0010349565526605914
20251118,-0.0003795101807345524
20251119,-0.0006273047677502497
20251120,-0.0006386607930976549
20251121,-0.00041648395597486805
20251122,-0.0002315733978607151
20251123,-0.00035416864197301156
20251124,-8.578398571734865e-05
20251125,-0.000265036284366208
20251126,-0.0005650302941350135
20251127,-0.0004287099773628626
20251128,-0.000141365057013316
20251129,-0.00019221120714272655
20251130,-0.00038983262078454964
20251201,-0.0003587543800618719
20251202,-0.0003753632077581011
20251203,-0.0002970416965422411
20251204,-0.0005665066352944423
20251205,-0.00034739931304267726
20251206,-0.0009540192291533202
20251207,-0.0004065387465401002
20251208,-0.00022267807385203289
20251209,-0.0003593373410928347
20251210,-0.00030033161555443737
20251211,-0.0002574797467036067
20251212,-0.0002537590136976718
20251213,-0.00017225198545924006
20251214,-0.0002214833458573356
20251215,-0.0004351221342349792
20251216,-0.0002394923410463441
20251217,-0.00015008657454844082
20251218,-0.00040510666795045744
20251219,-0.0003961169310037684
20251220,-0.0003166282651574959
20251221,-0.00046846416080461873
20251222,-0.00024975167550159687
20251223,-0.00029742872668821066
20251224,-0.0005424828188538962
20251225,-0.00043332458450642174
20251226,-0.00020413616155681553
20251227,-0.00026220199529877595
20251228,-0.0002551841296904151
20251229,-0.00011390974075997691
20251230,-0.00017695134428587618
20251231,-4.298708000808261e-05
