datetime,precip_mm_kalman
2000-06-01,0.018512965060624983
2000-06-02,0.1275833975448269
2000-06-03,1.5559886507665115
2000-06-04,5.695926324920502
2000-06-05,7.023097007258392
2000-06-06,2.901902078527447
2000-06-07,0.16816994286396947
2000-06-08,0.0002281936593658324
2000-06-09,1.845059932323875
2000-06-10,4.033584503746049
2000-06-11,4.396119334732672
2000-06-12,0.0018489797841427836
2000-06-13,0.001798225625890329
2000-06-14,0.0419251750755259
2000-06-15,0.16200021971295353
2000-06-16,0.007648622119392267
2000-06-17,0.0001516698335537857
2000-06-18,0.0003235000233027172
2000-06-19,0.0003892936109051093
2000-06-20,0.016174704930011642
2000-06-21,0.20199965110816942
2000-06-22,0.19732469715651824
2000-06-23,0.36537919429132865
2000-06-24,0.9571367944283808
2000-06-25,0.48627987621935226
2000-06-26,0.06857015549816814
2000-06-27,0.0008695973887117483
2000-06-28,0.0368124654790713
2000-06-29,0.0007662045774518297
2000-06-30,0.09845691469150133
2000-07-01,3.00984049543507
2000-07-02,7.12837776127485
2000-07-03,8.311197462359257
2000-07-04,8.77002386557971
2000-07-05,0.6986848100627389
2000-07-06,0.17328922375741337
2000-07-07,11.726965201064603
2000-07-08,2.4682802458826085
2000-07-09,5.004860357920877
2000-07-10,4.488164045988214
2000-07-11,2.276828527539471
2000-07-12,1.3336633580229922
2000-07-13,3.4957908259670507
2000-07-14,6.259951595537459
2000-07-15,3.902173515060424
2000-07-16,2.1121403957073217
2000-07-17,0.790005172899428
2000-07-18,0.14468527330389983
2000-07-19,0.16641440656984605
2000-07-20,0.14532404617954
2000-07-21,0.0023506593038240867
2000-07-22,0.024408842570924492
2000-07-23,0.43142263653686874
2000-07-24,5.5439464367282465
2000-07-25,4.727235721715157
2000-07-26,9.965873644059299
2000-07-27,4.844502515327714
2000-07-28,6.317922312394092
2000-07-29,3.579165066278053
2000-07-30,0.3269272914200946
2000-07-31,0.0572686600576896
2000-08-01,0.0009769230567455596
2000-08-02,1.9005635200471513
2000-08-03,1.4601037450434668
2000-08-04,0.6405009443777625
2000-08-05,0.250480775543229
2000-08-06,0.08362872612959699
2000-08-07,0.3134565427058819
2000-08-08,0.5779317463587307
2000-08-09,0.25670084173386165
2000-08-10,0.13373074053915046
2000-08-11,0.0038043201829285047
2000-08-12,0.0007232122230947353
2000-08-13,0.0008451218428490155
2000-08-14,0.3607233390857455
2000-08-15,0.44157293500233696
2000-08-16,0.2944379643612355
2000-08-17,0.4612729502377157
2000-08-18,1.876039816849469
2000-08-19,5.812320041268546
2000-08-20,7.846773782643307
2000-08-21,5.480708353590195
2000-08-22,1.2725008372000077
2000-08-23,0.0034380678642071437
2000-08-24,0.0001830707923137975
2000-08-25,0.0003208076186138849
2000-08-26,0.12958772062070695
2000-08-27,5.8574303341507665
2000-08-28,0.27857460400979056
2000-08-29,0.18052418251487037
2000-08-30,0.752580886034275
2000-08-31,1.6183543425781743
2000-09-01,2.2812997204550975
2000-09-02,2.4806018000842682
2000-09-03,1.030617878488595
2000-09-04,0.5412584697805175
2000-09-05,0.15688119739848266
2000-09-06,3.232983739876756
2000-09-07,0.3002336581609723
2000-09-08,0.011308718983394556
2000-09-09,0.008766775688013257
2000-09-10,0.0007509167138091041
2000-09-11,0.0005636956041745486
2000-09-12,2.346965132383384
2000-09-13,3.72291829315001
2000-09-14,1.0878350561931096
2000-09-15,2.3397565471030553
2000-09-16,3.391334268280871
2000-09-17,1.34315673701906
2000-09-18,0.6336639246493025
2000-09-19,1.4782218017667303
2000-09-20,11.234567671645365
2000-09-21,1.9166673613503813
2000-09-22,0.12966065670007176
2000-09-23,0.0014832228272298302
2000-09-24,0.07571079936516055
2000-09-25,0.38271744133982294
2000-09-26,0.05772848453493812
2000-09-27,1.5086875304791851
2000-09-28,1.7056439695808943
2000-09-29,1.3355509735434858
2000-09-30,5.961936924287791
2000-10-01,2.490536574155894
2000-10-02,0.7232636222693872
2000-10-03,0.281714958377728
2000-10-04,0.03854955419323975
2000-10-05,0.5536466385799196
2000-10-06,0.4412846518331992
2000-10-07,0.41845831981300785
2000-10-08,3.4321753835056046
2000-10-09,5.625327111784936
2000-10-10,8.1080498226568
2000-10-11,7.636263275720851
2000-10-12,2.6529446599951125
2000-10-13,2.0340856822880298
2000-10-14,1.9622119348530023
2000-10-15,3.126216229089335
2000-10-16,2.490042290241209
2000-10-17,1.2138450575720185
2000-10-18,0.8766951192571001
2000-10-19,1.917420400707019
2000-10-20,1.5363095091509749
2000-10-21,1.8645991908107438
2000-10-22,0.00011884400247474468
2000-10-23,0.3656925110834603
2000-10-24,0.9096263897566391
2000-10-25,1.1198086448330629
2000-10-26,1.2108174094291702
2000-10-27,1.1668484919811948
2000-10-28,0.3590468957729488
2000-10-29,0.7302625196506626
2000-10-30,7.738168430819098
2000-10-31,8.271789754825232
2000-11-01,4.859943663918472
2000-11-02,4.028870131720118
2000-11-03,5.8361292136874
2000-11-04,1.0441024749293457
2000-11-05,0.1717146831800758
2000-11-06,5.964548536780487
2000-11-07,4.089803972244321
2000-11-08,2.6022060455631624
2000-11-09,1.2796650327164314
2000-11-10,0.48170465224878356
2000-11-11,0.018270308686351457
2000-11-12,6.161232727279335
2000-11-13,9.731562301022768
2000-11-14,4.809458806079608
2000-11-15,0.5680970452840001
2000-11-16,0.2896794349649974
2000-11-17,0.9061719237450165
2000-11-18,0.555786067916664
2000-11-19,1.2843553430003272
2000-11-20,1.740630176602733
2000-11-21,3.915670226046308
2000-11-22,6.356475838230237
2000-11-23,6.131935198892856
2000-11-24,2.5465570600545777
2000-11-25,4.081243985246501
2000-11-26,4.598311048080054
2000-11-27,0.5701254873272598
2000-11-28,1.8100139400219404
2000-11-29,2.1685141901326417
2000-11-30,0.5259723174765315
2000-12-01,3.3271366380351535
2000-12-02,2.876451150279348
2000-12-03,2.23610630131877
2000-12-04,2.047206184305586
2000-12-05,3.672844395331602
2000-12-06,6.215567627956442
2000-12-07,5.886247077703914
2000-12-08,3.809536555852748
2000-12-09,0.14096599359558
2000-12-10,1.4382614655982071
2000-12-11,0.7180952444186974
2000-12-12,4.274667098365094
2000-12-13,5.511916035593403
2000-12-14,5.272208261150027
2000-12-15,2.2123291113528256
2000-12-16,1.5514596335191257
2000-12-17,1.3881715180625638
2000-12-18,1.4410310102054118
2000-12-19,0.7912742410681087
2000-12-20,0.002170539734878115
2000-12-21,0.0005881129714462432
2000-12-22,0.0003258639712646503
2000-12-23,0.0004949477672861438
2000-12-24,1.602579458196416
2000-12-25,2.489957986532814
2000-12-26,3.754215393928523
2000-12-27,4.406817644286367
2000-12-28,2.5118897778319687
2000-12-29,2.387690260747755
2000-12-30,2.110888589895015
2000-12-31,0.2267707508212474
2001-01-01,2.456573291503825
2001-01-02,3.374567165749936
2001-01-03,3.9434796451103398
2001-01-04,7.583744401183116
2001-01-05,10.519445038775185
2001-01-06,5.63947513485467
2001-01-07,1.0573508277118564
2001-01-08,0.4687462210704833
2001-01-09,0.8464249985918034
2001-01-10,2.3376729133154335
2001-01-11,1.2187323746474876
2001-01-12,0.030017813517635647
2001-01-13,0.004292358006490869
2001-01-14,0.0024506746045627917
2001-01-15,0.0021910268324651684
2001-01-16,0.0033231580237481186
2001-01-17,0.13728954094026474
2001-01-18,0.33890501389372996
2001-01-19,0.12053365306186337
2001-01-20,1.7240331934815625
2001-01-21,3.6662934799739544
2001-01-22,5.118942663949394
2001-01-23,5.488291934228765
2001-01-24,7.393949596417279
2001-01-25,3.7290357089811437
2001-01-26,1.9798507201046978
2001-01-27,3.0354666233598273
2001-01-28,0.056925716150740525
2001-01-29,0.11217568144237774
2001-01-30,0.06979919168605578
2001-01-31,0.0590548802168811
2001-02-01,0.06491617122187042
2001-02-02,3.174632732653438
2001-02-03,7.317898867684669
2001-02-04,6.347959596732055
2001-02-05,8.014222924739855
2001-02-06,5.198445033846793
2001-02-07,6.407179818821599
2001-02-08,2.5693176437356304
2001-02-09,1.2247980257870112
2001-02-10,0.005146580324824296
2001-02-11,0.272641699492816
2001-02-12,2.628316136982033
2001-02-13,1.0174282055218387
2001-02-14,0.004023588872777507
2001-02-15,0.0009475723571873812
2001-02-16,0.1829950515490049
2001-02-17,0.633062643191641
2001-02-18,0.056444077446107056
2001-02-19,0.1205594122294829
2001-02-20,0.2984742372993284
2001-02-21,0.6059915093152717
2001-02-22,1.5034056382531014
2001-02-23,1.7453116714891777
2001-02-24,0.5925013476419223
2001-02-25,0.09312780220749066
2001-02-26,0.27807801816223154
2001-02-27,0.24988718544213928
2001-02-28,1.3109705610740077
2001-03-01,2.412989512761433
2001-03-02,4.853715933933186
2001-03-03,8.463162583991185
2001-03-04,6.1742265387348745
2001-03-05,0.051208500157144295
2001-03-06,0.0014659130083019794
2001-03-07,4.915131264083137
2001-03-08,5.36768722983327
2001-03-09,3.1669700456125778
2001-03-10,3.932841233649658
2001-03-11,6.315688659307621
2001-03-12,10.474583578315684
2001-03-13,5.833022278567866
2001-03-14,3.7142083427566654
2001-03-15,3.1785984615293774
2001-03-16,0.4524347542655244
2001-03-17,5.028470469521703
2001-03-18,3.9570421082688045
2001-03-19,2.3312906308892107
2001-03-20,6.003146784947649
2001-03-21,11.819617521040513
2001-03-22,8.585681896502688
2001-03-23,5.456392545843445
2001-03-24,5.040232473155421
2001-03-25,2.595145688080025
2001-03-26,0.09552910337638748
2001-03-27,0.025635358156084878
2001-03-28,3.1756316237972246
2001-03-29,5.005185839684235
2001-03-30,1.3982426099139733
2001-03-31,0.001134941537852286
2001-04-01,0.003770632292885513
2001-04-02,0.001250330383733126
2001-04-03,0.8261423440993755
2001-04-04,3.154584563973663
2001-04-05,6.473004491381138
2001-04-06,8.021514654953886
2001-04-07,4.946156104426222
2001-04-08,3.5250111889532434
2001-04-09,5.065790305924049
2001-04-10,6.474158300915546
2001-04-11,3.0037083628195567
2001-04-12,0.16105316956327043
2001-04-13,0.2841085856773683
2001-04-14,1.9809407956393343
2001-04-15,7.780393261349288
2001-04-16,3.6735676261174466
2001-04-17,1.3842038084550974
2001-04-18,1.6054652485252945
2001-04-19,0.8725271798771093
2001-04-20,0.929731047130606
2001-04-21,0.731486360083151
2001-04-22,0.3445752213648008
2001-04-23,0.2610842807071857
2001-04-24,2.6340548959671803
2001-04-25,6.650317524597451
2001-04-26,3.8148805078359516
2001-04-27,3.038707215529291
2001-04-28,2.940600734757584
2001-04-29,3.737833486293712
2001-04-30,2.990743342229153
2001-05-01,2.3070535679871402
2001-05-02,1.8383322196844687
2001-05-03,0.46102623659370634
2001-05-04,0.988745352615752
2001-05-05,1.0756417440451553
2001-05-06,0.2975844854879414
2001-05-07,0.02444240155233434
2001-05-08,0.0631957170718989
2001-05-09,0.10298801664526269
2001-05-10,0.027783119525399542
2001-05-11,0.0021770932390348567
2001-05-12,0.000920087461026387
2001-05-13,0.01591156478727165
2001-05-14,1.2907008796235449
2001-05-15,2.103458698891975
2001-05-16,3.4612068168322128
2001-05-17,7.287990435157114
2001-05-18,1.0494983761621826
2001-05-19,0.030006914836157916
2001-05-20,0.0005109072082881856
2001-05-21,0.0005576526702551689
2001-05-22,0.0009463049686885887
2001-05-23,0.0027030957943839167
2001-05-24,0.12018118609517109
2001-05-25,0.008893809361333901
2001-05-26,0.01492248492871627
2001-05-27,0.05480643746109303
2001-05-28,0.0013204721216607065
2001-05-29,0.013779382283194712
2001-05-30,0.18636464524193416
2001-05-31,0.7555017142119951
2001-06-01,0.47485794755892297
2001-06-02,2.0451978327056883
2001-06-03,0.9552682592201434
2001-06-04,0.21819170649759886
2001-06-05,0.23920919026944007
2001-06-06,1.3890849989237406
2001-06-07,1.6431620174419834
2001-06-08,2.468786877217461
2001-06-09,1.8218278353174977
2001-06-10,1.2762935748335866
2001-06-11,0.7547643537814572
2001-06-12,0.00167312624032303
2001-06-13,0.20309516872227498
2001-06-14,0.3544167447915976
2001-06-15,7.294925711133031
2001-06-16,7.963896187148014
2001-06-17,4.360474246615914
2001-06-18,1.7717327073625686
2001-06-19,0.07118729034570799
2001-06-20,0.010925276162235596
2001-06-21,0.025926153063475694
2001-06-22,0.028731542785623045
2001-06-23,0.0007602576351889861
2001-06-24,0.00418606674343967
2001-06-25,0.0013913240614943745
2001-06-26,0.0006253764821369089
2001-06-27,2.9036593537136546
2001-06-28,1.4607802876338343
2001-06-29,1.008590885176671
2001-06-30,2.167584004672809
2001-07-01,0.7932306988374985
2001-07-02,0.006818562549910599
2001-07-03,0.0013968393474988465
2001-07-04,0.017389838291388984
2001-07-05,0.7956119113398392
2001-07-06,10.015702433989349
2001-07-07,2.858546003821147
2001-07-08,1.417090034024484
2001-07-09,0.2620679048932093
2001-07-10,0.44007892025477285
2001-07-11,0.811913223127809
2001-07-12,2.6246803803198135
2001-07-13,4.054704283137887
2001-07-14,5.897346757284628
2001-07-15,4.497794988204972
2001-07-16,3.4589946394322646
2001-07-17,2.60354743619794
2001-07-18,2.4753664391034578
2001-07-19,2.277821874652306
2001-07-20,0.6030675235356949
2001-07-21,0.012382774613872764
2001-07-22,0.00680452393857793
2001-07-23,4.858547040881502
2001-07-24,2.343750101359545
2001-07-25,0.2957680291082497
2001-07-26,0.4111013139615678
2001-07-27,0.2312082000243046
2001-07-28,2.222475828995608
2001-07-29,0.08750471283892419
2001-07-30,0.0008944204979084681
2001-07-31,0.01325356228914826
2001-08-01,0.002201872602995428
2001-08-02,4.9615095636440465
2001-08-03,2.907628036524693
2001-08-04,2.539623781001991
2001-08-05,1.410489931942351
2001-08-06,2.3183463425795083
2001-08-07,3.5043060245270574
2001-08-08,2.88754453113519
2001-08-09,0.6136557149111347
2001-08-10,0.42981186120971693
2001-08-11,0.06213448333652394
2001-08-12,0.14088592758014057
2001-08-13,0.004597737756096631
2001-08-14,0.00017040714917872934
2001-08-15,0.02971570490322455
2001-08-16,1.2889456565023127
2001-08-17,3.646309024383654
2001-08-18,1.8078092761668432
2001-08-19,3.9451746049914167
2001-08-20,4.835482855470924
2001-08-21,0.13604584589784574
2001-08-22,0.007449946895690598
2001-08-23,0.0065062640513665025
2001-08-24,0.004947148016682999
2001-08-25,0.006212883934707549
2001-08-26,0.006208417592004319
2001-08-27,0.1250067267099311
2001-08-28,0.0019737399175040336
2001-08-29,0.7632899745904298
2001-08-30,1.9860388687613295
2001-08-31,2.043086407309757
2001-09-01,0.6040305039004374
2001-09-02,0.39863262751846607
2001-09-03,1.3079775434427148
2001-09-04,3.458108349115695
2001-09-05,1.0274747831481141
2001-09-06,3.3010170036838744
2001-09-07,2.062192837479588
2001-09-08,5.165394939624619
2001-09-09,2.8351567603019627
2001-09-10,1.638418528305504
2001-09-11,0.654056487371662
2001-09-12,0.8481714950875345
2001-09-13,3.3068375022032357
2001-09-14,2.6202620435936175
2001-09-15,2.7826923821717093
2001-09-16,2.989043171826808
2001-09-17,1.0261502883786686
2001-09-18,0.4455702068764112
2001-09-19,13.820892178091999
2001-09-20,5.847108958339946
2001-09-21,0.8836687147689944
2001-09-22,0.16380160745501451
2001-09-23,0.9884593550047114
2001-09-24,0.4929574677992719
2001-09-25,0.4266469479967839
2001-09-26,0.9964939695834946
2001-09-27,0.8151948693661605
2001-09-28,1.0899582675577615
2001-09-29,2.562549432938987
2001-09-30,1.599336160545908
2001-10-01,6.338006437546939
2001-10-02,0.7400965551113804
2001-10-03,3.164422150999932
2001-10-04,0.43841091229455237
2001-10-05,0.027600131578317387
2001-10-06,1.188336939425575
2001-10-07,4.258126921141516
2001-10-08,1.9432711659477329
2001-10-09,0.16265417980605987
2001-10-10,0.0040608209760484995
2001-10-11,0.001104354761498107
2001-10-12,0.0012805423480086486
2001-10-13,0.00047175363928636017
2001-10-14,0.08842823403006175
2001-10-15,0.04977020359717145
2001-10-16,0.003430166260788677
2001-10-17,0.0036925356968948203
2001-10-18,0.3110934986350217
2001-10-19,0.02463666382143901
2001-10-20,1.1945623244107295
2001-10-21,3.7958240622494928
2001-10-22,1.8550003804004809
2001-10-23,3.5319337788838796
2001-10-24,2.3354459784988113
2001-10-25,1.2457141781445797
2001-10-26,0.028298394755775915
2001-10-27,0.45276579579124987
2001-10-28,0.38673468188389104
2001-10-29,0.5198209708054173
2001-10-30,0.4307756555020068
2001-10-31,0.6092960094604821
2001-11-01,0.01586188464806446
2001-11-02,0.0007177179133400367
2001-11-03,0.00046549888293312354
2001-11-04,0.015419375519685537
2001-11-05,0.47849566887660805
2001-11-06,3.9296819864957047
2001-11-07,9.8390575233243
2001-11-08,10.819421617673981
2001-11-09,0.2811828753138385
2001-11-10,0.001878229638213804
2001-11-11,0.0034867971993490362
2001-11-12,0.5481419263450107
2001-11-13,0.8182972936302577
2001-11-14,0.18694144216420117
2001-11-15,0.0003642532196381727
2001-11-16,0.022077649482963937
2001-11-17,0.02898328195933139
2001-11-18,0.0365656302792425
2001-11-19,0.0820261176030314
2001-11-20,0.12881015026182868
2001-11-21,0.1912311608932283
2001-11-22,3.544672275913447
2001-11-23,0.41470602859706585
2001-11-24,1.2105945204029709
2001-11-25,0.9126484898680848
2001-11-26,2.3787701253993117
2001-11-27,1.8104199851965763
2001-11-28,3.4434624982380817
2001-11-29,7.605059195807808
2001-11-30,5.90914455105459
2001-12-01,1.4122908079344396
2001-12-02,0.5863944268271328
2001-12-03,0.6003140307351389
2001-12-04,4.1402781437197325
2001-12-05,1.537687744915191
2001-12-06,0.30834197992351814
2001-12-07,0.002409561509198979
2001-12-08,0.0021367081990758133
2001-12-09,0.00024911592065274355
2001-12-10,0.00035470951144336144
2001-12-11,0.03888509666549351
2001-12-12,0.05881573384549109
2001-12-13,0.02811212677452898
2001-12-14,0.0006006872358767785
2001-12-15,0.002413670205178033
2001-12-16,0.005288610083036205
2001-12-17,0.061962031593974475
2001-12-18,0.058170566327256555
2001-12-19,0.24666485125179669
2001-12-20,0.6172766676636798
2001-12-21,1.6954971458885584
2001-12-22,1.8334468747562485
2001-12-23,0.6142505550101819
2001-12-24,1.3790965745595298
2001-12-25,4.255741082467001
2001-12-26,2.7923917586981855
2001-12-27,3.6306841021283316
2001-12-28,8.118022768092237
2001-12-29,15.708448567411736
2001-12-30,1.188971262723597
2001-12-31,0.0505632366873966
2002-01-01,0.022373101737121502
2002-01-02,0.0065877226254212815
2002-01-03,0.002008625582681445
2002-01-04,0.0007936753428759332
2002-01-05,0.003894883864912497
2002-01-06,0.2817146929442601
2002-01-07,0.0826667702053363
2002-01-08,0.002330147763344091
2002-01-09,0.002162812408246967
2002-01-10,0.0025608865570542856
2002-01-11,0.20585941424452797
2002-01-12,0.11116601229381552
2002-01-13,0.004532979669296366
2002-01-14,0.00855262985162465
2002-01-15,0.3048892267659904
2002-01-16,0.42004179848271084
2002-01-17,0.09433079464349807
2002-01-18,0.330807980133772
2002-01-19,1.6308478784981102
2002-01-20,2.908392921990665
2002-01-21,0.7559934207363086
2002-01-22,0.638654705535955
2002-01-23,3.103891533736463
2002-01-24,2.8627659934681042
2002-01-25,2.618770852369897
2002-01-26,6.158333932434584
2002-01-27,8.178001575941515
2002-01-28,0.9508759063043564
2002-01-29,0.02983936069461493
2002-01-30,0.014629708980815254
2002-01-31,0.16973991297021337
2002-02-01,0.19381778952291612
2002-02-02,0.007881285170104838
2002-02-03,0.5778911046250969
2002-02-04,1.271420464771454
2002-02-05,3.2274476265861227
2002-02-06,3.4592922723089052
2002-02-07,4.570662606876388
2002-02-08,7.408558172953723
2002-02-09,12.593130038828948
2002-02-10,5.953698532760278
2002-02-11,2.125406514225028
2002-02-12,2.787067356960469
2002-02-13,5.943558689134165
2002-02-14,7.45779791776161
2002-02-15,0.004684296229818352
2002-02-16,0.00215713165266952
2002-02-17,0.004203373071420482
2002-02-18,0.8455854898081078
2002-02-19,3.71062512414873
2002-02-20,9.231668773342868
2002-02-21,1.7348075719452862
2002-02-22,9.23029679894873
2002-02-23,5.771864072794307
2002-02-24,5.2527438284384
2002-02-25,7.91343534789829
2002-02-26,9.666853160300539
2002-02-27,5.52778648803813
2002-02-28,1.9725058023685713
2002-03-01,1.2725872718422973
2002-03-02,1.7685934494550262
2002-03-03,0.04488879038692239
2002-03-04,0.002894454158458715
2002-03-05,1.5442945358002829
2002-03-06,2.0763826355276893
2002-03-07,1.2729057516479563
2002-03-08,0.0027756961293400927
2002-03-09,0.14273600854736526
2002-03-10,0.01819661686483438
2002-03-11,0.025229009428289904
2002-03-12,0.24187519322214052
2002-03-13,0.20246793846592068
2002-03-14,3.4072910369090366
2002-03-15,1.893255822064889
2002-03-16,2.2362303215658383
2002-03-17,0.2497163803913079
2002-03-18,8.607665106945042
2002-03-19,11.402269332480767
2002-03-20,8.242419922154305
2002-03-21,5.2098733484929065
2002-03-22,2.1982264070681836
2002-03-23,0.1630499562072138
2002-03-24,0.008688262186383845
2002-03-25,0.0064691030480180925
2002-03-26,0.00380095438501043
2002-03-27,0.0004083418623975866
2002-03-28,0.0004269498046700248
2002-03-29,0.00045366577631054136
2002-03-30,2.142241254588218
2002-03-31,0.13458411244475713
2002-04-01,0.002189635339248466
2002-04-02,0.00030648736865771214
2002-04-03,0.00026814901881621836
2002-04-04,0.000645762546076676
2002-04-05,0.0006270137065289404
2002-04-06,0.00026772837032863804
2002-04-07,0.07013143920510052
2002-04-08,0.001090311630795765
2002-04-09,0.04210817644107655
2002-04-10,0.10812453747115228
2002-04-11,0.0004687125759917159
2002-04-12,1.3901334573131485
2002-04-13,1.3922769158911672
2002-04-14,1.4244770480801854
2002-04-15,1.4980769786218455
2002-04-16,3.3045413253319307
2002-04-17,2.274551502904978
2002-04-18,1.864567078729418
2002-04-19,2.068342477610158
2002-04-20,0.7834791660081785
2002-04-21,0.034302527202242465
2002-04-22,0.030858298025829567
2002-04-23,0.41087194795107373
2002-04-24,0.3829003336023559
2002-04-25,0.28021691917809216
2002-04-26,4.622090617903817
2002-04-27,1.8769375559120598
2002-04-28,1.7346477516454977
2002-04-29,1.4732705925702991
2002-04-30,0.2525251757907156
2002-05-01,3.4079127602977013
2002-05-02,2.9015069061691006
2002-05-03,11.219237163746994
2002-05-04,7.536784792674924
2002-05-05,4.1376104371801725
2002-05-06,0.1634309791110805
2002-05-07,0.1738834456692741
2002-05-08,2.284146814377586
2002-05-09,2.072636415905518
2002-05-10,1.0523187914193333
2002-05-11,1.7023864530940862
2002-05-12,1.2422147202074576
2002-05-13,1.0251437683283269
2002-05-14,0.9448925452037935
2002-05-15,0.07022210756652235
2002-05-16,0.0006981650108402885
2002-05-17,0.0010097064493922055
2002-05-18,2.2006247492387354
2002-05-19,0.9113363180039631
2002-05-20,0.3593844661098392
2002-05-21,0.3144687229455989
2002-05-22,1.6150039897273303
2002-05-23,2.458112083709345
2002-05-24,0.7957485531452215
2002-05-25,1.1881154808693293
2002-05-26,0.9279626439340771
2002-05-27,0.6081739701970762
2002-05-28,0.33199200575838034
2002-05-29,0.4716066267493245
2002-05-30,0.05765082481046038
2002-05-31,0.0008337617239129674
2002-06-01,0.0006171796056964593
2002-06-02,0.007037140646534845
2002-06-03,2.37251860544968
2002-06-04,3.7876238141956713
2002-06-05,6.038693055134667
2002-06-06,2.5287976081307697
2002-06-07,1.6636220135601052
2002-06-08,0.5192592701057694
2002-06-09,0.8054146631841345
2002-06-10,0.9962518993589706
2002-06-11,0.8052255191973731
2002-06-12,0.6485511882661913
2002-06-13,0.4179561197822897
2002-06-14,0.16917637416235864
2002-06-15,0.44351947446454953
2002-06-16,0.15111144282871827
2002-06-17,0.009996022256896506
2002-06-18,0.0030026288248541765
2002-06-19,1.1893491395705893
2002-06-20,4.755481991507992
2002-06-21,1.8948717511743605
2002-06-22,0.023001014762829054
2002-06-23,1.8979448457964898
2002-06-24,1.3910802873270434
2002-06-25,0.0005824571103577159
2002-06-26,0.000446967047153696
2002-06-27,0.01487896396020405
2002-06-28,0.12347472576566268
2002-06-29,0.08451309929885666
2002-06-30,0.0006417959137297101
2002-07-01,1.1386743314153371
2002-07-02,1.5569089833436736
2002-07-03,2.574941257051081
2002-07-04,0.87978528484579
2002-07-05,0.8387703588562694
2002-07-06,0.832286573816335
2002-07-07,0.2611645843832343
2002-07-08,0.000188914949706958
2002-07-09,0.6961671861744692
2002-07-10,8.290072477601312
2002-07-11,0.2442864489656393
2002-07-12,0.22278090008613716
2002-07-13,3.4114376607743577
2002-07-14,2.3093134460225695
2002-07-15,1.764346395411621
2002-07-16,3.0197246053291154
2002-07-17,2.262094572877913
2002-07-18,0.0734359889409712
2002-07-19,0.0012848018951426784
2002-07-20,0.0014949540386290415
2002-07-21,0.08631162599112296
2002-07-22,0.15411955105766975
2002-07-23,0.24782958918193987
2002-07-24,0.9130334406583888
2002-07-25,0.5316994867745992
2002-07-26,0.3236248613307225
2002-07-27,0.09036441497545433
2002-07-28,0.0013881934478268845
2002-07-29,0.0026951642681229434
2002-07-30,3.718722139209006
2002-07-31,3.6705065732688196
2002-08-01,2.6991884210432233
2002-08-02,0.14946633545984728
2002-08-03,1.3332917790825902
2002-08-04,0.9945931739512903
2002-08-05,0.8286305148953542
2002-08-06,1.2409290775727218
2002-08-07,1.343236758311331
2002-08-08,0.9374046692274697
2002-08-09,1.8928670920789858
2002-08-10,2.5677404444438436
2002-08-11,1.1679503874171684
2002-08-12,0.7196019226154354
2002-08-13,0.10023651996556779
2002-08-14,0.0006336474986025245
2002-08-15,0.0003517578356824614
2002-08-16,0.002054698437962012
2002-08-17,0.0009844981695683159
2002-08-18,0.14041463917381106
2002-08-19,3.1895257015624976
2002-08-20,4.772137499600626
2002-08-21,2.4139775364934293
2002-08-22,1.408473900038633
2002-08-23,0.5501294442621879
2002-08-24,3.0461062595031234
2002-08-25,0.02947289985537408
2002-08-26,4.898958012752943
2002-08-27,10.081569206403593
2002-08-28,3.1397449054881257
2002-08-29,0.5336744432639291
2002-08-30,0.28472848763252234
2002-08-31,0.28695465746568993
2002-09-01,0.09519459903670698
2002-09-02,0.003628781668196295
2002-09-03,2.4722506428442528
2002-09-04,1.8220206742886003
2002-09-05,0.26653461461743255
2002-09-06,0.10279647871999079
2002-09-07,0.3392764968309558
2002-09-08,0.8994793303822908
2002-09-09,4.583188366524439
2002-09-10,3.577597211722642
2002-09-11,1.4933561326700762
2002-09-12,0.012593104711274481
2002-09-13,8.299082427385864e-05
2002-09-14,0.08417340335458975
2002-09-15,0.18540513208865025
2002-09-16,0.10238675157202162
2002-09-17,0.1321884264456466
2002-09-18,0.0026514501602115637
2002-09-19,1.2315504980037548
2002-09-20,0.1912660885308331
2002-09-21,0.04969045005188739
2002-09-22,2.1470302595452067
2002-09-23,1.3930461770810025
2002-09-24,0.33275383605503117
2002-09-25,3.4084170217679244
2002-09-26,8.248897787875539
2002-09-27,3.0728747690489424
2002-09-28,0.17056131709971661
2002-09-29,0.0007024054642242484
2002-09-30,0.00025954894987554824
2002-10-01,0.5639039098661928
2002-10-02,0.9387773262500105
2002-10-03,1.2100045550930987
2002-10-04,2.0120302279159286
2002-10-05,3.3358610668537314
2002-10-06,3.0499355439587412
2002-10-07,0.05295138677033746
2002-10-08,0.04663832451341942
2002-10-09,0.04438326859437229
2002-10-10,0.08249106709206291
2002-10-11,0.11395614414526761
2002-10-12,0.43831138663294594
2002-10-13,1.3621904452931748
2002-10-14,3.9592403965696272
2002-10-15,6.371108984376355
2002-10-16,9.395427738330394
2002-10-17,5.971216446293869
2002-10-18,5.118703778051721
2002-10-19,1.71887825085194
2002-10-20,0.46123012697485594
2002-10-21,9.048331449136311
2002-10-22,9.754036707294487
2002-10-23,6.2617383866428815
2002-10-24,4.649769026923924
2002-10-25,6.744440485988048
2002-10-26,3.3077972153661546
2002-10-27,3.397955792111996
2002-10-28,0.6165627920020375
2002-10-29,0.43910858551235704
2002-10-30,0.9708180780068878
2002-10-31,0.9416000298564575
2002-11-01,5.869019151586172
2002-11-02,11.728164971645962
2002-11-03,7.94276489736428
2002-11-04,1.7815005302029285
2002-11-05,0.698515113452699
2002-11-06,0.798272085453916
2002-11-07,2.9063806953106486
2002-11-08,3.4491081748315517
2002-11-09,4.032741339124775
2002-11-10,4.272325002634232
2002-11-11,4.1067819642738606
2002-11-12,0.7800471385477101
2002-11-13,1.7225745282974598
2002-11-14,8.362299883321137
2002-11-15,10.565760993591228
2002-11-16,9.984183192785002
2002-11-17,0.9597063748339117
2002-11-18,0.12984137501222168
2002-11-19,0.0673620957943186
2002-11-20,0.017768662761730784
2002-11-21,1.479729172480242
2002-11-22,1.7774734885332222
2002-11-23,2.3923894498239484
2002-11-24,5.2020225195042995
2002-11-25,4.6835104911172225
2002-11-26,0.20524086009258613
2002-11-27,0.06594088633029302
2002-11-28,1.268003598003379
2002-11-29,0.8743386331819221
2002-11-30,0.4105383285305526
2002-12-01,1.3207362312380553
2002-12-02,1.1563769246601159
2002-12-03,0.5995712531487366
2002-12-04,0.13245162623051387
2002-12-05,0.15994664245700213
2002-12-06,0.021151165861051386
2002-12-07,0.007255762521497527
2002-12-08,0.00452969134786639
2002-12-09,0.004600961575003829
2002-12-10,0.005903466642321739
2002-12-11,0.02088712361953499
2002-12-12,0.352522218259654
2002-12-13,0.48455967443211634
2002-12-14,0.2947597135136334
2002-12-15,2.2904558463155738
2002-12-16,2.7002969105088055
2002-12-17,0.36702899347809165
2002-12-18,0.13406604785067486
2002-12-19,0.005956751766125958
2002-12-20,2.0373739763593117
2002-12-21,5.943295491658952
2002-12-22,12.933595679565402
2002-12-23,7.790121225655364
2002-12-24,1.9917704795200242
2002-12-25,3.8401854095863146
2002-12-26,6.87735876270587
2002-12-27,7.3416590310060625
2002-12-28,7.162240051625468
2002-12-29,7.0164491482674425
2002-12-30,6.425752915880256
2002-12-31,5.326253579032371
2003-01-01,8.93048850162002
2003-01-02,15.645191102422583
2003-01-03,9.690318899140586
2003-01-04,7.5376373917054895
2003-01-05,0.8524530314984519
2003-01-06,0.05949161278642524
2003-01-07,0.0475765131116274
2003-01-08,0.0035123314217122034
2003-01-09,0.0048044913869379
2003-01-10,0.0068853204594261225
2003-01-11,0.004833931685203062
2003-01-12,0.0025476747844408424
2003-01-13,1.7180463593259845
2003-01-14,0.38431685216059286
2003-01-15,0.3763557538145823
2003-01-16,0.44662985841466124
2003-01-17,0.05865586363465453
2003-01-18,0.568021355161137
2003-01-19,1.5860588021220028
2003-01-20,2.4773086568852607
2003-01-21,6.2414516931267885
2003-01-22,2.803876562445489
2003-01-23,1.1175319052320247
2003-01-24,0.08425717906732108
2003-01-25,0.3544627353104787
2003-01-26,1.1258375709105843
2003-01-27,1.3380301666439776
2003-01-28,3.198271741453487
2003-01-29,3.036740168542451
2003-01-30,2.642298133491847
2003-01-31,1.328018538736608
2003-02-01,1.5053927525668231
2003-02-02,3.0764411878164757
2003-02-03,6.668421774768393
2003-02-04,2.755499093095492
2003-02-05,1.629661439224324
2003-02-06,0.7454807058396641
2003-02-07,0.6084162978648814
2003-02-08,0.2891342782109967
2003-02-09,0.06567539911899672
2003-02-10,0.0009383944873232353
2003-02-11,0.0010076576164018667
2003-02-12,0.001293331191159448
2003-02-13,0.0014022224354085715
2003-02-14,0.0008688566607273968
2003-02-15,0.003814227446410754
2003-02-16,0.019005841036080565
2003-02-17,0.010517355077864343
2003-02-18,0.0014538824043328444
2003-02-19,0.0009407554947824359
2003-02-20,0.0007404965262448217
2003-02-21,0.0006691293215127556
2003-02-22,0.0006184272754670996
2003-02-23,0.00095246785111427
2003-02-24,0.0009866199336672939
2003-02-25,0.000900170206477919
2003-02-26,0.028879674328310883
2003-02-27,0.027534924946662098
2003-02-28,0.4512010945862964
2003-03-01,4.574116622490662
2003-03-02,4.169875573577067
2003-03-03,1.824845459257268
2003-03-04,0.05348300219322048
2003-03-05,0.1590644971876562
2003-03-06,2.101853179973024
2003-03-07,2.5022511476352336
2003-03-08,2.0238312183720697
2003-03-09,1.7118745270520128
2003-03-10,1.167718605084206
2003-03-11,1.0720528427124756
2003-03-12,0.9907066708657902
2003-03-13,0.009163612110755861
2003-03-14,0.00024151507429616471
2003-03-15,0.0004948445419284553
2003-03-16,0.0005765514898667907
2003-03-17,0.00031728881555718167
2003-03-18,0.0005057668780353753
2003-03-19,0.0002457255517991641
2003-03-20,0.006014679294063256
2003-03-21,0.8221804240196862
2003-03-22,3.182706723815825e-05
2003-03-23,7.839923770608633e-05
2003-03-24,0.0002693314147207656
2003-03-25,0.34981753565331847
2003-03-26,0.5777471213295308
2003-03-27,0.10846460774112177
2003-03-28,0.12418680115743339
2003-03-29,0.2509120663972013
2003-03-30,0.35888638058940026
2003-03-31,0.016845016619175604
2003-04-01,4.254526561172494
2003-04-02,2.490601450447188
2003-04-03,0.25396495882636133
2003-04-04,0.010135125602630059
2003-04-05,0.1818204842165943
2003-04-06,0.050628912135180865
2003-04-07,0.02317670206568121
2003-04-08,0.0018938955825033113
2003-04-09,0.0014550893523539834
2003-04-10,0.14336008931872585
2003-04-11,0.012306365001989698
2003-04-12,0.12282619431141044
2003-04-13,0.7686997738991134
2003-04-14,0.01806063554670281
2003-04-15,7.780394674705068e-05
2003-04-16,0.00016864999982689987
2003-04-17,0.0005692103607997716
2003-04-18,0.0007338017511847508
2003-04-19,0.0384716157591355
2003-04-20,0.8272866444047188
2003-04-21,0.5726371976901361
2003-04-22,0.6459109487255197
2003-04-23,0.11942438217788655
2003-04-24,0.023616235593923764
2003-04-25,0.10481924247228745
2003-04-26,4.095157082678357
2003-04-27,2.948124144744943
2003-04-28,3.9211240859314533
2003-04-29,6.919542969208543
2003-04-30,9.210153681449405
2003-05-01,4.120382013954828
2003-05-02,2.411865779388698
2003-05-03,0.12951682109808832
2003-05-04,0.0006607773857148804
2003-05-05,2.757402324977725
2003-05-06,1.537691880749167
2003-05-07,0.2572028018005728
2003-05-08,2.999771416642466
2003-05-09,1.976329420538136
2003-05-10,0.5073084486230479
2003-05-11,0.5960703730373988
2003-05-12,0.8023510214926239
2003-05-13,1.4833792529431387
2003-05-14,1.4565289884239783
2003-05-15,0.4645016406360851
2003-05-16,0.0009391304053601178
2003-05-17,1.3366904527408732
2003-05-18,4.370828175016229
2003-05-19,5.217466720060945
2003-05-20,1.861158942273898
2003-05-21,1.720395557342906
2003-05-22,2.090435624281827
2003-05-23,1.8832980178514493
2003-05-24,4.609695956009448
2003-05-25,0.8969146261283008
2003-05-26,0.07041773494480139
2003-05-27,0.12348120928241191
2003-05-28,0.4729140317440746
2003-05-29,1.5508904665845624
2003-05-30,2.645741262591158
2003-05-31,1.4927231171742281
2003-06-01,0.16939946279198825
2003-06-02,2.1194875027610474
2003-06-03,2.468737193642041
2003-06-04,0.313807213019391
2003-06-05,0.9773316873029851
2003-06-06,0.38465543666716845
2003-06-07,0.9081068703905464
2003-06-08,2.3010934890180996
2003-06-09,0.024380184873261407
2003-06-10,0.6341993475234184
2003-06-11,0.04837298183476937
2003-06-12,3.798593753563547
2003-06-13,2.843294512359042
2003-06-14,3.2530927073813016
2003-06-15,0.3199817005090829
2003-06-16,0.3936890476087463
2003-06-17,0.9788055899168968
2003-06-18,0.7154335229362541
2003-06-19,0.21648558068196042
2003-06-20,0.18149428921224497
2003-06-21,0.0013714483891969329
2003-06-22,0.002047196591618497
2003-06-23,0.8422632545932547
2003-06-24,0.6642562806388856
2003-06-25,0.9805133453571783
2003-06-26,0.7135423560348102
2003-06-27,0.677146682497283
2003-06-28,0.28247050311061306
2003-06-29,0.03846525093256159
2003-06-30,2.028594390535771
2003-07-01,3.458781306790267
2003-07-02,3.1975921724071372
2003-07-03,3.356247471834433
2003-07-04,2.4570927336938997
2003-07-05,0.33785027676845647
2003-07-06,0.15449552716603182
2003-07-07,0.16271235732711423
2003-07-08,0.011132107801798975
2003-07-09,0.018877434613538295
2003-07-10,5.3371116202975764e-05
2003-07-11,0.10003498301730339
2003-07-12,0.006264381723682726
2003-07-13,0.00017553704219618415
2003-07-14,0.00020768142759636503
2003-07-15,0.05444131650998829
2003-07-16,1.5545505311016248
2003-07-17,0.6239527018857931
2003-07-18,0.025731926123609
2003-07-19,0.0011177079749064111
2003-07-20,1.0705479544863126
2003-07-21,2.3759310052869984
2003-07-22,0.6237540107739904
2003-07-23,0.27501861215943074
2003-07-24,1.0737245794475507
2003-07-25,1.019601664507166
2003-07-26,3.8242134615958676
2003-07-27,4.4371845209061895
2003-07-28,0.04719415266571585
2003-07-29,0.027307951557653993
2003-07-30,5.702879203901112
2003-07-31,1.132547100843255
2003-08-01,0.010341864123260817
2003-08-02,0.0005642996984555826
2003-08-03,0.0018202911007069692
2003-08-04,0.0011034500992973765
2003-08-05,0.005856350079779077
2003-08-06,0.0006436784938878529
2003-08-07,0.2875942506510506
2003-08-08,0.11778548332698006
2003-08-09,0.11322144950807889
2003-08-10,0.0008837027928132412
2003-08-11,0.0009151137647318032
2003-08-12,0.02041925274839413
2003-08-13,0.03833931013269446
2003-08-14,0.4394562318753084
2003-08-15,0.593144492100648
2003-08-16,0.6770570011915524
2003-08-17,1.9321970331197094
2003-08-18,3.6840666810320566
2003-08-19,0.20716735796656696
2003-08-20,0.041582190912471916
2003-08-21,0.026321379118993446
2003-08-22,0.01134122453436445
2003-08-23,0.019191510894091723
2003-08-24,0.0014388613000824776
2003-08-25,0.00023852329419908657
2003-08-26,0.019796996382155367
2003-08-27,0.03484990920794469
2003-08-28,9.69564184599935
2003-08-29,11.370100616521556
2003-08-30,5.3009977967289075
2003-08-31,0.3760103024857843
2003-09-01,0.28776198045496976
2003-09-02,0.019875631038360427
2003-09-03,0.011670445942115306
2003-09-04,0.0004770900255536965
2003-09-05,1.3829268534952455
2003-09-06,3.0975306201679924
2003-09-07,10.336628374843945
2003-09-08,5.932527557645389
2003-09-09,2.674272491572489
2003-09-10,2.272545990896221
2003-09-11,1.9603933802692695
2003-09-12,1.5629802263192178
2003-09-13,0.06552694302316824
2003-09-14,0.00036734071499832543
2003-09-15,0.00026180323308047036
2003-09-16,0.00019319562214916057
2003-09-17,0.0003855100176853283
2003-09-18,0.000592306901667508
2003-09-19,0.00050199511769253
2003-09-20,0.0013765114203819662
2003-09-21,0.0017481426611927746
2003-09-22,1.362919155052273
2003-09-23,1.356797451446487
2003-09-24,0.001863150633850842
2003-09-25,0.0007733598646105939
2003-09-26,0.0018153724509237165
2003-09-27,0.018711990983812498
2003-09-28,0.47546862324232353
2003-09-29,0.1016192100595466
2003-09-30,0.0004441985817294032
2003-10-01,5.153545522317328
2003-10-02,0.35825696229606924
2003-10-03,2.1021892794325625
2003-10-04,2.6775763865702116
2003-10-05,3.260208152441403
2003-10-06,7.467171187057851
2003-10-07,16.48373920027575
2003-10-08,8.07318623301544
2003-10-09,2.545644842710401
2003-10-10,0.40939185551787893
2003-10-11,0.15327396584577493
2003-10-12,0.0031729698579245572
2003-10-13,0.0075820599162365
2003-10-14,0.0028452183726435727
2003-10-15,0.0007995084901655596
2003-10-16,0.000869130559150539
2003-10-17,0.00047529255828137755
2003-10-18,0.00021657965289109915
2003-10-19,2.383031415266371
2003-10-20,4.7368700791834
2003-10-21,3.0715731055873263
2003-10-22,0.26286359979809615
2003-10-23,4.296872544609213
2003-10-24,0.2159964749876859
2003-10-25,0.27320959561196173
2003-10-26,0.21821808893246594
2003-10-27,0.06510735463647184
2003-10-28,0.18040126734322523
2003-10-29,2.966143213164767
2003-10-30,7.99984100622991
2003-10-31,18.657547873463425
2003-11-01,8.612541434425845
2003-11-02,0.4609344707355057
2003-11-03,1.085364132927127
2003-11-04,0.021716581006207658
2003-11-05,0.003734124566547802
2003-11-06,0.0006124434485518626
2003-11-07,0.001052148154068412
2003-11-08,0.0108929211620287
2003-11-09,0.07874444534542652
2003-11-10,0.009589249052123171
2003-11-11,0.008389569065554379
2003-11-12,0.6418374503798175
2003-11-13,0.8592197208959952
2003-11-14,1.4245895396760606
2003-11-15,0.455825473413717
2003-11-16,3.562144123552316
2003-11-17,1.5589405875542812
2003-11-18,2.1910034361096993
2003-11-19,0.9137412648099217
2003-11-20,0.18106176221167378
2003-11-21,0.15749425894053473
2003-11-22,2.3030437306664795
2003-11-23,1.8285282657354722
2003-11-24,1.896934171182945
2003-11-25,1.774523091742333
2003-11-26,3.1452958859278732
2003-11-27,7.985195445359022
2003-11-28,3.2012723383454165
2003-11-29,1.8760915338594129
2003-11-30,3.533105855459278
2003-12-01,2.9597474301949025
2003-12-02,3.0198850263111265
2003-12-03,1.318936932788873
2003-12-04,0.1607928573724666
2003-12-05,0.03314754467062095
2003-12-06,0.12735459830178578
2003-12-07,0.0006324553599191969
2003-12-08,0.0005129384176872226
2003-12-09,0.0004910268244215855
2003-12-10,0.007740599452801328
2003-12-11,2.4902086715466054
2003-12-12,4.076437091643333
2003-12-13,7.177767362144833
2003-12-14,4.242159847187592
2003-12-15,1.4705847365204394
2003-12-16,0.13448045963693936
2003-12-17,0.09037839458678659
2003-12-18,0.0004998204635897043
2003-12-19,0.02680735654596978
2003-12-20,2.4818691848499563
2003-12-21,2.4087380733120916
2003-12-22,0.660874245250258
2003-12-23,0.7389071407875624
2003-12-24,0.02748760252964843
2003-12-25,0.09890821865133959
2003-12-26,0.08198348102339784
2003-12-27,3.4410268462878197
2003-12-28,2.765023568882283
2003-12-29,0.04405813132018056
2003-12-30,0.2533771757619479
2003-12-31,0.1273352655431523
2004-01-01,1.865181743499136
2004-01-02,0.5444933746823604
2004-01-03,0.08980897991421082
2004-01-04,0.547956866667431
2004-01-05,1.2048821177736415
2004-01-06,2.9131406204831016
2004-01-07,2.5838684696238507
2004-01-08,4.666635585703364
2004-01-09,3.488422652445903
2004-01-10,1.3197420394666766
2004-01-11,10.97543810350129
2004-01-12,13.302360963770928
2004-01-13,16.55181425359176
2004-01-14,7.493125726009408
2004-01-15,4.3495371125711335
2004-01-16,5.469085723040144
2004-01-17,2.761910090235243
2004-01-18,0.8595837067057244
2004-01-19,4.046222368821024
2004-01-20,3.3560548622990733
2004-01-21,0.0482076794506932
2004-01-22,0.14799032875422208
2004-01-23,0.24256640070740562
2004-01-24,1.0495140622153607
2004-01-25,0.5916781058411394
2004-01-26,2.200495059449039
2004-01-27,2.2506819685309054
2004-01-28,2.58639024203454
2004-01-29,4.220268905888341
2004-01-30,2.593522737388213
2004-01-31,1.976668469348385
2004-02-01,1.7931138156716364
2004-02-02,1.8694930110379988
2004-02-03,1.107157794319558
2004-02-04,0.7117574677142772
2004-02-05,0.02291669216577688
2004-02-06,1.81517879846163
2004-02-07,2.548203671653565
2004-02-08,2.5730939356368085
2004-02-09,0.7072099633786797
2004-02-10,2.1082061134450236
2004-02-11,2.1454186751315145
2004-02-12,0.02311139173620827
2004-02-13,0.05563717893801609
2004-02-14,0.09880547494150095
2004-02-15,0.1117375776719877
2004-02-16,0.0027237220018814065
2004-02-17,0.051485792944240834
2004-02-18,0.13929537074105452
2004-02-19,0.07033332066992609
2004-02-20,0.0005381992570775236
2004-02-21,2.5897055723821696
2004-02-22,4.253752286886383
2004-02-23,1.6110084269177607
2004-02-24,0.5857791154117188
2004-02-25,0.9279553083966777
2004-02-26,0.4175627887876517
2004-02-27,0.38917840961549527
2004-02-28,0.4349084182991733
2004-02-29,0.28853946761593585
2004-03-01,0.10040149072503111
2004-03-02,0.12479562997808896
2004-03-03,0.001521927921152484
2004-03-04,0.0005951073071494374
2004-03-05,1.134778158834088
2004-03-06,0.8814367324705051
2004-03-07,0.7270900769145805
2004-03-08,0.4393016712857377
2004-03-09,0.9745966293523873
2004-03-10,0.5897630717137524
2004-03-11,0.26051070385583663
2004-03-12,5.330483709625286
2004-03-13,2.2595445204566684
2004-03-14,0.17563583548816916
2004-03-15,0.10260837280030531
2004-03-16,0.03648310134790068
2004-03-17,0.0005596768642159368
2004-03-18,0.06546098233478584
2004-03-19,3.547959742040822
2004-03-20,3.933532561742106
2004-03-21,3.915065339048272
2004-03-22,1.9623687126547962
2004-03-23,1.1254823102763056
2004-03-24,0.48610218219953283
2004-03-25,0.4282557611422165
2004-03-26,0.20188340582203246
2004-03-27,0.0007281395799002874
2004-03-28,0.00035612882431395096
2004-03-29,0.0005574022725511811
2004-03-30,0.000719676213990184
2004-03-31,0.03332195828368213
2004-04-01,0.020580780746415298
2004-04-02,1.0338723346947472
2004-04-03,1.261337227437152
2004-04-04,1.8718368285313607
2004-04-05,3.011153778597428
2004-04-06,3.3733904711006484
2004-04-07,2.0442079176026606
2004-04-08,0.7767996772243126
2004-04-09,0.12531601246535068
2004-04-10,0.3179801235655185
2004-04-11,0.27563153833748116
2004-04-12,0.0008784688794769946
2004-04-13,0.11351942206312698
2004-04-14,0.0050834346497696395
2004-04-15,0.018646857934183428
2004-04-16,0.001715817980896928
2004-04-17,0.32367687784117133
2004-04-18,1.4486981530051664
2004-04-19,1.7445457041120602
2004-04-20,0.6902870110330521
2004-04-21,0.18284111928608704
2004-04-22,2.579274841448955
2004-04-23,2.076675611962124
2004-04-24,0.0022316603647674605
2004-04-25,0.0013372518327975117
2004-04-26,0.002031015755141781
2004-04-27,0.33402811402251226
2004-04-28,1.5326145849391861
2004-04-29,3.140450034330401
2004-04-30,4.437987050536976
2004-05-01,1.6011145901711128
2004-05-02,0.946053614953377
2004-05-03,1.684570185012335
2004-05-04,2.007415737713709
2004-05-05,2.6602918374998072
2004-05-06,3.593613803208242
2004-05-07,8.018763320651892
2004-05-08,14.416148088743421
2004-05-09,6.583258723573951
2004-05-10,3.0703448654556196
2004-05-11,1.8306833473908724
2004-05-12,0.08832245463482088
2004-05-13,0.18831493748588574
2004-05-14,0.1584092069753158
2004-05-15,0.015554875443476005
2004-05-16,0.1478417471670784
2004-05-17,0.0009455465503795378
2004-05-18,0.001272582261646814
2004-05-19,0.0004292492649928114
2004-05-20,0.010560426864727183
2004-05-21,0.31881141263867346
2004-05-22,0.033932234488328265
2004-05-23,0.28502947136668244
2004-05-24,0.0007590201487057862
2004-05-25,0.0022979647462487798
2004-05-26,0.04533338769854243
2004-05-27,0.042460348669383266
2004-05-28,0.002800267893762835
2004-05-29,0.0002607937665020684
2004-05-30,1.9837414906148205
2004-05-31,2.07980252160677
2004-06-01,2.2784215587485566
2004-06-02,3.418460761972088
2004-06-03,2.6282995541243257
2004-06-04,3.8030745853761907
2004-06-05,0.840503916619045
2004-06-06,0.0047231453423218555
2004-06-07,0.0006843428286024183
2004-06-08,0.0006667505228086843
2004-06-09,0.23947869853630716
2004-06-10,6.0376396697435775
2004-06-11,5.1074465089762455
2004-06-12,2.0083549405152024
2004-06-13,0.7232231001860974
2004-06-14,0.006956931662911827
2004-06-15,0.03495781831517353
2004-06-16,0.01261456428574623
2004-06-17,0.16262459464906723
2004-06-18,0.6893641890312872
2004-06-19,1.1636271771396944
2004-06-20,0.721585572240202
2004-06-21,0.9576648065123078
2004-06-22,2.1957759472485017
2004-06-23,4.3583325716115375
2004-06-24,0.8063237425852128
2004-06-25,0.277292903470325
2004-06-26,0.019953363514987905
2004-06-27,0.20839302524846667
2004-06-28,0.04064173556548094
2004-06-29,0.006531609960949088
2004-06-30,0.04482130561158781
2004-07-01,0.5599328032385711
2004-07-02,1.6217914503449196
2004-07-03,0.6318852874460041
2004-07-04,0.6027180175896193
2004-07-05,0.538725206683068
2004-07-06,0.5015318483421448
2004-07-07,5.701825340694878
2004-07-08,7.082116716986738
2004-07-09,4.6047720422286575
2004-07-10,2.4942345457423776
2004-07-11,2.004213904879917
2004-07-12,1.5875758157316233
2004-07-13,1.132403439876812
2004-07-14,0.8670097554784655
2004-07-15,0.7179198358591568
2004-07-16,0.23633827934725274
2004-07-17,6.2310312682548235
2004-07-18,2.2021263750353226
2004-07-19,1.0621906821389935
2004-07-20,4.663042175483536
2004-07-21,3.7294350098239146
2004-07-22,1.8835806095866132
2004-07-23,2.701194671870852
2004-07-24,0.31694188362781056
2004-07-25,0.40831151059666093
2004-07-26,0.6229436666478679
2004-07-27,0.04862533653518015
2004-07-28,0.00048053672913274907
2004-07-29,0.0005499861181951279
2004-07-30,0.000966724738233051
2004-07-31,0.0014208795415613998
2004-08-01,0.0008318054468685644
2004-08-02,0.001048414707205304
2004-08-03,1.6290954006951197
2004-08-04,1.1491114939331217
2004-08-05,0.5981388577899893
2004-08-06,1.2509445122055352
2004-08-07,2.152293401713285
2004-08-08,0.06761966916088862
2004-08-09,0.008929257026744582
2004-08-10,4.386969231630319
2004-08-11,2.5205427188288545
2004-08-12,7.517416445783822
2004-08-13,4.330915452447454
2004-08-14,2.1241144620069834
2004-08-15,0.19559058531228685
2004-08-16,6.046870088786313
2004-08-17,4.4990427824559065
2004-08-18,6.22078912355444
2004-08-19,0.9604472494605746
2004-08-20,1.0604932366598987
2004-08-21,1.3354123466798957
2004-08-22,0.018893923487448935
2004-08-23,0.36693020152272493
2004-08-24,6.01126879464021
2004-08-25,3.64385901816673
2004-08-26,1.500756257040368
2004-08-27,0.46250985560989094
2004-08-28,2.0219497134556943
2004-08-29,1.0318081673448969
2004-08-30,1.1454852077440778
2004-08-31,0.09611240340358958
2004-09-01,0.013879842922001943
2004-09-02,0.0001340696039320283
2004-09-03,0.1118581113586086
2004-09-04,0.001603155929628962
2004-09-05,0.00045826849807683895
2004-09-06,0.0002861144524054595
2004-09-07,0.0001788800678697334
2004-09-08,0.0003013325351243308
2004-09-09,0.00026154416071274026
2004-09-10,0.16698812199045088
2004-09-11,1.2532244625724092
2004-09-12,0.6369962987974671
2004-09-13,0.2652306226747272
2004-09-14,0.39063645619568965
2004-09-15,0.31140803456670063
2004-09-16,0.0018369615587426383
2004-09-17,0.0016104393782500395
2004-09-18,0.1377661947161275
2004-09-19,0.5922977968506
2004-09-20,2.030725795859255
2004-09-21,1.3522820593887608
2004-09-22,1.9725551592187642
2004-09-23,3.800996798938556
2004-09-24,1.4048510373911351
2004-09-25,5.422293371744523
2004-09-26,0.8928954018963475
2004-09-27,0.7551021850996364
2004-09-28,0.7465167412576488
2004-09-29,0.7953534228367017
2004-09-30,0.47098926583370976
2004-10-01,0.6543611881407821
2004-10-02,0.13259111836311324
2004-10-03,0.010048075720132653
2004-10-04,0.003449133398862261
2004-10-05,0.39528974631549035
2004-10-06,0.5415383913483034
2004-10-07,0.036068013806797146
2004-10-08,3.926212086541218
2004-10-09,4.474043420855942
2004-10-10,5.258216128575311
2004-10-11,0.03323902966455773
2004-10-12,0.3936046002035854
2004-10-13,1.3111742616555115
2004-10-14,2.1707076286837483
2004-10-15,3.0497303380275813
2004-10-16,1.839175436855262
2004-10-17,2.0241592396860595
2004-10-18,1.4111166837133486
2004-10-19,1.479896689979939
2004-10-20,3.135906228732551
2004-10-21,0.9000117417951077
2004-10-22,0.010308070285407063
2004-10-23,0.19009160798246916
2004-10-24,0.6160031385311042
2004-10-25,3.7195373607966364
2004-10-26,8.011874528065217
2004-10-27,6.879114890208944
2004-10-28,8.53676607682853
2004-10-29,5.682799541990822
2004-10-30,4.344170729512637
2004-10-31,0.8603817127567283
2004-11-01,2.856431808058762
2004-11-02,2.9569413906709157
2004-11-03,2.1607155686833366
2004-11-04,2.108227276257569
2004-11-05,1.856161113614407
2004-11-06,0.7600961718561925
2004-11-07,0.4788448081454601
2004-11-08,0.5066798731129944
2004-11-09,0.6427588557622353
2004-11-10,1.219677259071041
2004-11-11,0.0508640283953247
2004-11-12,0.10462823946632355
2004-11-13,0.21990926305439454
2004-11-14,0.060356322120635096
2004-11-15,0.047459222269351134
2004-11-16,0.19741898371281713
2004-11-17,0.5205661565392438
2004-11-18,3.9281489963221277
2004-11-19,2.731537865287998
2004-11-20,0.32549514793115136
2004-11-21,0.5520089379748183
2004-11-22,0.9705905136106118
2004-11-23,0.679407414222739
2004-11-24,0.0025813400657598074
2004-11-25,0.00211807585476098
2004-11-26,0.3869918039518974
2004-11-27,1.0308968057875625
2004-11-28,2.4481340519446
2004-11-29,0.26049613062414795
2004-11-30,0.07687052353682909
2004-12-01,0.48446124053903555
2004-12-02,0.47672574883745983
2004-12-03,0.22300134084660453
2004-12-04,0.016687294801080815
2004-12-05,0.03413346854123911
2004-12-06,0.027381002593771797
2004-12-07,0.01592254438871416
2004-12-08,0.01750097814125859
2004-12-09,0.0027644451051683974
2004-12-10,0.004103553003751588
2004-12-11,0.008338229682323364
2004-12-12,0.0021910732693231423
2004-12-13,0.0012552268846548426
2004-12-14,0.0016811727075850707
2004-12-15,0.0010242393153039313
2004-12-16,4.415117071695401
2004-12-17,11.328212920382464
2004-12-18,6.629821599118939
2004-12-19,6.396024584262294
2004-12-20,0.0005995904025027081
2004-12-21,0.007122024092306712
2004-12-22,1.806308706705078
2004-12-23,1.9714567814762116
2004-12-24,2.452567199716837
2004-12-25,4.480198023522865
2004-12-26,0.32357010505716904
2004-12-27,0.11278188010049159
2004-12-28,4.065110701380911
2004-12-29,0.383834775115633
2004-12-30,0.23817645194198656
2004-12-31,0.704348390553666
2005-01-01,0.8045837302879939
2005-01-02,0.8269801375050969
2005-01-03,0.13201384450036122
2005-01-04,0.08059734844314734
2005-01-05,1.328617827624754
2005-01-06,1.1407641372668127
2005-01-07,0.40251235263825375
2005-01-08,2.130865636376814
2005-01-09,1.1215809086438686
2005-01-10,0.0257824146141779
2005-01-11,0.25590640903526435
2005-01-12,0.7950968463705367
2005-01-13,0.03255076598135113
2005-01-14,0.010188682802781743
2005-01-15,0.0011616122383777698
2005-01-16,0.0007123716379170229
2005-01-17,0.8043298159673267
2005-01-18,6.770988724955758
2005-01-19,1.7999800130165395
2005-01-20,2.7214390815438256
2005-01-21,2.2558467441670813
2005-01-22,0.31770867401175057
2005-01-23,1.3257750954183543
2005-01-24,0.6784684494297952
2005-01-25,0.3703998848589014
2005-01-26,0.3329029192296658
2005-01-27,0.28231905433575805
2005-01-28,0.21704382870348207
2005-01-29,0.09610357315713859
2005-01-30,0.36600464009022504
2005-01-31,1.1655745753409523
2005-02-01,1.1909587600994165
2005-02-02,0.8324224087501055
2005-02-03,0.3613317165513864
2005-02-04,0.005587998284003145
2005-02-05,0.005255938374413926
2005-02-06,0.004258424250823554
2005-02-07,0.17609753299302405
2005-02-08,0.059405844684891
2005-02-09,0.0043038392835387995
2005-02-10,4.462213947115874
2005-02-11,7.088251933686085
2005-02-12,10.74220406473689
2005-02-13,6.117629737958418
2005-02-14,4.24511430018769
2005-02-15,1.9496012318684885
2005-02-16,0.2880358817203246
2005-02-17,0.16471864235167946
2005-02-18,0.29851494184266225
2005-02-19,1.695296297329321
2005-02-20,1.7310178580877704
2005-02-21,2.439768335219002
2005-02-22,1.775777838184295
2005-02-23,0.9830336090297676
2005-02-24,0.3476397760021673
2005-02-25,0.022606591568458623
2005-02-26,0.23821504079522168
2005-02-27,0.4309603660790579
2005-02-28,0.006842395093531944
2005-03-01,0.009803015186374825
2005-03-02,0.08545059195456825
2005-03-03,0.48615582163806736
2005-03-04,0.5562566234470082
2005-03-05,1.628414931555701
2005-03-06,0.9877802923413734
2005-03-07,1.1520075489540829
2005-03-08,1.313276459373435
2005-03-09,0.7994697181786163
2005-03-10,0.13401863023643626
2005-03-11,3.3240783254986335
2005-03-12,3.441681615526405
2005-03-13,0.24324286441538648
2005-03-14,0.11098825480416054
2005-03-15,0.00020916982803627268
2005-03-16,0.0006558393816412755
2005-03-17,0.023665477139195163
2005-03-18,0.002630590227977206
2005-03-19,0.03981407543576529
2005-03-20,0.11330904263118072
2005-03-21,0.14691446206867528
2005-03-22,0.9092701746875848
2005-03-23,0.16522542608512494
2005-03-24,3.3699878228540587
2005-03-25,2.4316527415325413
2005-03-26,3.279243140066391
2005-03-27,2.1482057703641337
2005-03-28,1.482417777264319
2005-03-29,1.3253205755959103
2005-03-30,1.932813764525778
2005-03-31,0.6746923988930591
2005-04-01,0.0004390901035620128
2005-04-02,0.036718099638676255
2005-04-03,0.029534594690566227
2005-04-04,0.12163396918783104
2005-04-05,1.714757225549044
2005-04-06,3.97578196804604
2005-04-07,8.338331154237796
2005-04-08,3.6876300203512544
2005-04-09,1.2020880535784002
2005-04-10,0.49680194410217376
2005-04-11,0.0011327558893288168
2005-04-12,0.12267561653921326
2005-04-13,0.13434223333574136
2005-04-14,0.154369457353143
2005-04-15,1.4448905103135885
2005-04-16,7.050087013331612
2005-04-17,4.10293375169572
2005-04-18,2.6005537767953117
2005-04-19,3.625123177645421
2005-04-20,2.658863385305065
2005-04-21,0.003229050081330088
2005-04-22,9.189116950618081e-05
2005-04-23,2.1356590732675587
2005-04-24,4.466321532010916
2005-04-25,5.316744052577713
2005-04-26,2.0407908590472914
2005-04-27,1.0677099956024998
2005-04-28,0.01246198969721855
2005-04-29,0.33074431888501793
2005-04-30,0.015569048526019837
2005-05-01,0.008771263975815919
2005-05-02,1.0384804011683353
2005-05-03,5.606287992726063
2005-05-04,3.670056929437851
2005-05-05,2.0534663396142276
2005-05-06,2.457897834181884
2005-05-07,2.723220405705357
2005-05-08,1.095569417414997
2005-05-09,0.6164219086493323
2005-05-10,0.25099669158561305
2005-05-11,0.007819445783501475
2005-05-12,0.00013317607531165946
2005-05-13,1.8187182554091803
2005-05-14,4.606481847817952
2005-05-15,0.9856632309500052
2005-05-16,1.5336544930868168
2005-05-17,0.6549174453576427
2005-05-18,0.00805072785638684
2005-05-19,0.0034444476156289057
2005-05-20,0.7790487965872407
2005-05-21,4.512487200809359
2005-05-22,3.4574224375661937
2005-05-23,1.2950887566067038
2005-05-24,0.04039825138711097
2005-05-25,0.005792807425823218
2005-05-26,0.0017339599311570553
2005-05-27,0.003080157310160306
2005-05-28,0.006878425110146943
2005-05-29,1.8837723527436574
2005-05-30,3.56567576201811
2005-05-31,0.08570083689704058
2005-06-01,0.06702333394179785
2005-06-02,0.032148056014811334
2005-06-03,2.6567980196496865
2005-06-04,1.1724628708479639
2005-06-05,0.8283871323150402
2005-06-06,0.9384075222366419
2005-06-07,0.03346867807942378
2005-06-08,0.016819256038130365
2005-06-09,0.000840708744142273
2005-06-10,0.02037666457429676
2005-06-11,0.1095981168940176
2005-06-12,0.03075147691445541
2005-06-13,0.06404069207941711
2005-06-14,0.8905036478795588
2005-06-15,0.05553083557027788
2005-06-16,0.16614916356067125
2005-06-17,0.09658776921387384
2005-06-18,0.007112006073132815
2005-06-19,0.0007583071097481647
2005-06-20,0.0012359286520096172
2005-06-21,0.16258823271954007
2005-06-22,0.04234591952762962
2005-06-23,1.911520494371179
2005-06-24,3.4498476852261715
2005-06-25,4.3402596235205255
2005-06-26,2.6875711584251847
2005-06-27,1.8836927555931708
2005-06-28,6.522649702519184
2005-06-29,13.509217815397225
2005-06-30,7.677277319916065
2005-07-01,4.019361619067144
2005-07-02,1.464733787712768
2005-07-03,0.5051699407245843
2005-07-04,5.745694285037966
2005-07-05,0.3353700435302181
2005-07-06,2.3932133555480912
2005-07-07,3.924830418219214
2005-07-08,2.666963508345853
2005-07-09,0.6822110697871474
2005-07-10,0.7266574597137049
2005-07-11,0.4726204697647141
2005-07-12,0.37481450748246625
2005-07-13,0.033877594207124155
2005-07-14,0.03189241282797435
2005-07-15,0.05445149487204172
2005-07-16,0.07743014062167593
2005-07-17,0.00012338772874596874
2005-07-18,1.4952854600519352
2005-07-19,1.4377946395690189
2005-07-20,1.6779108258144673
2005-07-21,0.6401924349457007
2005-07-22,0.6198685858753532
2005-07-23,0.5210819059699434
2005-07-24,2.889151730969971
2005-07-25,2.7758603512489777
2005-07-26,1.8073201653774802
2005-07-27,2.233020009175645
2005-07-28,1.9135208220669697
2005-07-29,8.191116196148107
2005-07-30,1.3985162000835898
2005-07-31,0.9496530142702507
2005-08-01,0.8778718355043443
2005-08-02,1.034842892408448
2005-08-03,0.27187396543561904
2005-08-04,0.20600860997987183
2005-08-05,0.9471869788661791
2005-08-06,1.062124469610265
2005-08-07,1.7146859252562578
2005-08-08,0.9272414357406449
2005-08-09,0.23202196339387365
2005-08-10,0.16840784959327057
2005-08-11,0.3653114341119634
2005-08-12,0.7417815673960698
2005-08-13,0.033300849935743206
2005-08-14,9.393025221255353
2005-08-15,2.52419839759679
2005-08-16,0.09191996879532033
2005-08-17,0.0018837854305989346
2005-08-18,0.12129490748819302
2005-08-19,2.352464479440958
2005-08-20,0.4063237756387888
2005-08-21,1.0105460309044973
2005-08-22,0.8511981090338713
2005-08-23,1.0246653788587052
2005-08-24,0.17247050286645876
2005-08-25,2.912050730481202
2005-08-26,0.2569436349312532
2005-08-27,0.28355574712261566
2005-08-28,0.001507710917320685
2005-08-29,0.00021979829927129739
2005-08-30,0.0003108626841722936
2005-08-31,0.000742315963934452
2005-09-01,0.682729841168598
2005-09-02,0.241109173768297
2005-09-03,0.10960172391805997
2005-09-04,0.0025035469484860403
2005-09-05,0.6317481440869076
2005-09-06,0.08651027296357133
2005-09-07,0.04023322165738586
2005-09-08,0.15907079740339164
2005-09-09,2.865600150994026
2005-09-10,5.5024457545986705
2005-09-11,11.263995428191045
2005-09-12,3.347268319961687
2005-09-13,0.15156882224629598
2005-09-14,0.2656021488182875
2005-09-15,0.9227156118765675
2005-09-16,2.8704416115444022
2005-09-17,0.056073427028940546
2005-09-18,0.0002811612381834223
2005-09-19,0.00012088805947693325
2005-09-20,0.0001003387351234327
2005-09-21,0.00021829679628436214
2005-09-22,0.0003607451549917779
2005-09-23,0.0011471610944540653
2005-09-24,0.6185943840143249
2005-09-25,1.8340874180362066
2005-09-26,0.753057649427355
2005-09-27,0.20436634871653517
2005-09-28,0.758907169706149
2005-09-29,1.429610212411399
2005-09-30,0.667159294974055
2005-10-01,3.2465694383326
2005-10-02,1.6527914707344502
2005-10-03,2.353412337177825
2005-10-04,5.385684678604787
2005-10-05,0.8070489249564898
2005-10-06,0.11793805681926323
2005-10-07,0.09542882726489588
2005-10-08,0.07426949064904036
2005-10-09,0.04024593488248964
2005-10-10,0.0034261327849097944
2005-10-11,0.00243010105798182
2005-10-12,0.002039682032821586
2005-10-13,0.0003905630253671899
2005-10-14,0.0008381131485539832
2005-10-15,0.0007725683468574362
2005-10-16,0.000598658519577477
2005-10-17,0.0006130566373096719
2005-10-18,0.0015190511012974756
2005-10-19,1.5098347843206739
2005-10-20,1.5277714726749547
2005-10-21,3.5618893320966656
2005-10-22,4.002586957375771
2005-10-23,1.9872571961089458
2005-10-24,1.5081720759714605
2005-10-25,1.5987725675734878
2005-10-26,0.32625367506629555
2005-10-27,0.00047562293407532873
2005-10-28,0.00048415537224990034
2005-10-29,0.062191441610655034
2005-10-30,1.676400852736368e-05
2005-10-31,0.5911063780739737
2005-11-01,1.7279757295590397
2005-11-02,1.8863354883726933
2005-11-03,0.38485108994109984
2005-11-04,4.396905928376317
2005-11-05,2.573908761564645
2005-11-06,0.011922438051451371
2005-11-07,0.3006093597720292
2005-11-08,0.009444473187735399
2005-11-09,0.27498872387825674
2005-11-10,0.2684223490939334
2005-11-11,0.34709745812425885
2005-11-12,0.8307716043500029
2005-11-13,0.3710882635780024
2005-11-14,0.008061466998388236
2005-11-15,2.1992437496563153
2005-11-16,1.065680498819358
2005-11-17,0.2985142667853085
2005-11-18,0.19862432082881945
2005-11-19,0.0500598681856673
2005-11-20,0.08368601499878196
2005-11-21,0.13582367589282407
2005-11-22,0.019504539728347807
2005-11-23,0.043712058374752685
2005-11-24,3.5320422831548965
2005-11-25,2.2730653020277205
2005-11-26,2.085284035522424
2005-11-27,2.5846285819415797
2005-11-28,1.766464857251498
2005-11-29,0.1802412398519173
2005-11-30,0.08529773458779051
2005-12-01,0.004171660304102467
2005-12-02,5.576836312872894
2005-12-03,5.297240973059967
2005-12-04,10.038949325005673
2005-12-05,4.621215355281468
2005-12-06,1.6057782531970852
2005-12-07,1.3801239173846218
2005-12-08,1.8281321254488727
2005-12-09,0.14253031022435875
2005-12-10,0.0016000335761558815
2005-12-11,0.001048438161052388
2005-12-12,0.06837086092876735
2005-12-13,0.09363362556459941
2005-12-14,0.2769724236179922
2005-12-15,0.4116710675256132
2005-12-16,2.950444230217153
2005-12-17,1.4990358724085566
2005-12-18,0.4282385847600654
2005-12-19,0.7781520920516956
2005-12-20,0.14635490283516317
2005-12-21,0.22606146659939158
2005-12-22,0.5591598032680244
2005-12-23,0.15150446473833265
2005-12-24,0.150151051680726
2005-12-25,0.26241244378954337
2005-12-26,0.6695611224383119
2005-12-27,1.6779196317234144
2005-12-28,1.119713285262609
2005-12-29,0.6894304541427033
2005-12-30,5.944660696004276
2005-12-31,4.036030546984392
2006-01-01,3.269006378985521
2006-01-02,1.3974296640344475
2006-01-03,0.5577353000981963
2006-01-04,0.07819071879832121
2006-01-05,0.09390914602909657
2006-01-06,0.011348039762563074
2006-01-07,0.010431347196534168
2006-01-08,0.01647902610439243
2006-01-09,0.0008582942814090229
2006-01-10,1.0647788059372167
2006-01-11,2.2155158667077592
2006-01-12,1.6197994327995582
2006-01-13,0.0007281795550584048
2006-01-14,0.0002980044537654515
2006-01-15,0.0003958156582158481
2006-01-16,0.12865182881855902
2006-01-17,5.991585394438113
2006-01-18,1.9586218179924049
2006-01-19,0.1165624280434671
2006-01-20,1.2364031238958149
2006-01-21,0.7140140674556013
2006-01-22,0.17115999414877567
2006-01-23,0.0004992271491995312
2006-01-24,0.00022278179710706606
2006-01-25,0.3261602875147982
2006-01-26,0.45322576876171894
2006-01-27,0.03365641546604085
2006-01-28,0.3888881123365107
2006-01-29,0.19015522584981892
2006-01-30,0.0007509860625685849
2006-01-31,0.0010002579324752056
2006-02-01,0.0009547683237898368
2006-02-02,0.010110013269321674
2006-02-03,0.01213009701399857
2006-02-04,0.046221106965607314
2006-02-05,0.1389606623893318
2006-02-06,0.3464463443702946
2006-02-07,0.7517549671340987
2006-02-08,2.1963483556013026
2006-02-09,1.0830888646214405
2006-02-10,0.3643674158086438
2006-02-11,0.03214719849201624
2006-02-12,0.2908027752486055
2006-02-13,0.27497037460138235
2006-02-14,1.7805631518907907
2006-02-15,6.444142670409746
2006-02-16,8.681012125591272
2006-02-17,6.169064592655601
2006-02-18,8.579787868684253
2006-02-19,6.261636322324657
2006-02-20,3.4828052913560197
2006-02-21,0.5668417997354552
2006-02-22,0.04440957240635977
2006-02-23,0.17016932716259198
2006-02-24,1.1559549288552888
2006-02-25,0.877085426690153
2006-02-26,0.05542342159291188
2006-02-27,0.13942878278852402
2006-02-28,1.4612351410458444
2006-03-01,0.871211604078549
2006-03-02,0.8859052789609796
2006-03-03,5.649027636826457
2006-03-04,6.153242499046211
2006-03-05,1.2939788470139595
2006-03-06,0.9717671474352951
2006-03-07,0.5748222697197348
2006-03-08,7.231860191734338
2006-03-09,5.447399168180892
2006-03-10,3.049199290858562
2006-03-11,1.7401666621861955
2006-03-12,0.08130028568741733
2006-03-13,0.0007650603902767319
2006-03-14,0.0007588792592378419
2006-03-15,0.0037860400270206965
2006-03-16,0.005103834945380537
2006-03-17,0.00530031536024261
2006-03-18,0.0018885349684723508
2006-03-19,0.001127040588747137
2006-03-20,0.158869241408367
2006-03-21,1.6368927431218407
2006-03-22,1.7868715383035016
2006-03-23,0.9361654343042244
2006-03-24,5.523537450582662
2006-03-25,5.067806804152966
2006-03-26,5.747142722928567
2006-03-27,3.840403101036801
2006-03-28,4.373167039449525
2006-03-29,4.513682966555817
2006-03-30,8.824161586690554
2006-03-31,5.122220741859832
2006-04-01,3.6956974588465674
2006-04-02,3.170501668772445
2006-04-03,1.919638777769832
2006-04-04,0.21661646239928917
2006-04-05,1.7176244479561682
2006-04-06,0.004022313332885296
2006-04-07,0.006613243478247927
2006-04-08,0.12337102232847956
2006-04-09,0.8108843307031627
2006-04-10,3.2090886748578047
2006-04-11,0.3516531744741021
2006-04-12,1.5702978810907586
2006-04-13,1.513528129898348
2006-04-14,1.4501823004438856
2006-04-15,4.346176488731552
2006-04-16,2.9554438962901273
2006-04-17,0.9853399563007748
2006-04-18,0.060628969596543285
2006-04-19,0.010393335905589047
2006-04-20,0.013015645076504238
2006-04-21,0.024607273120412287
2006-04-22,0.2056228406145452
2006-04-23,0.0005011017093896929
2006-04-24,0.16639458207903698
2006-04-25,1.105503250932925
2006-04-26,1.2750574393551146
2006-04-27,0.7150864157745568
2006-04-28,0.06263710822096928
2006-04-29,0.3747923985610919
2006-04-30,1.4532838489496507
2006-05-01,1.0481877754210742
2006-05-02,0.006021786567679656
2006-05-03,0.006897182806034463
2006-05-04,0.007336978451642598
2006-05-05,0.317653787973103
2006-05-06,0.2090301464624759
2006-05-07,0.948812506469872
2006-05-08,5.3352158660776725
2006-05-09,6.998498178143
2006-05-10,2.5649242381102075
2006-05-11,0.005839490556061554
2006-05-12,4.461568337290247
2006-05-13,6.9197618206603195
2006-05-14,2.624766123176824
2006-05-15,0.9587438648068918
2006-05-16,4.37171162218243
2006-05-17,1.9295576487483188
2006-05-18,4.383669214054965
2006-05-19,2.195774104419073
2006-05-20,3.410232270488542
2006-05-21,1.056308428835975
2006-05-22,1.7344759029732164
2006-05-23,0.5779971496993789
2006-05-24,3.2575269489541783
2006-05-25,6.00264044125455
2006-05-26,5.808299936796102
2006-05-27,3.9677940872344153
2006-05-28,4.173797860747789
2006-05-29,7.004851353502412
2006-05-30,4.203039737280041
2006-05-31,2.812699551193581
2006-06-01,3.316329253269923
2006-06-02,1.397331868775878
2006-06-03,0.10265033462085914
2006-06-04,0.11705488115003714
2006-06-05,0.386780387192541
2006-06-06,0.025280989327071512
2006-06-07,0.003524314212714948
2006-06-08,0.0005672021768111311
2006-06-09,0.0002464395434875337
2006-06-10,0.00021043191429867303
2006-06-11,0.0006087617267529328
2006-06-12,0.000319514049848994
2006-06-13,0.0009511664460218449
2006-06-14,1.125544795975299
2006-06-15,1.5129204829852356
2006-06-16,0.5743201050652694
2006-06-17,0.5835054941708135
2006-06-18,1.5647190830304927
2006-06-19,3.2979213973983974
2006-06-20,3.8588645892374496
2006-06-21,0.4842945728962619
2006-06-22,0.24503765911836067
2006-06-23,0.0017756720788726678
2006-06-24,0.014609189841044527
2006-06-25,3.3360110371721454
2006-06-26,1.1286526450287366
2006-06-27,2.40016880836346
2006-06-28,3.5508366340340514
2006-06-29,1.1248801211953683
2006-06-30,0.08308072496187492
2006-07-01,0.0005954721073033376
2006-07-02,0.00024222441460930287
2006-07-03,0.00022720933590370126
2006-07-04,0.6327066039086168
2006-07-05,3.311785868279207
2006-07-06,2.7129572729188243
2006-07-07,0.9736040496605881
2006-07-08,0.6879251009538501
2006-07-09,1.0541794140840064
2006-07-10,0.008804230800956334
2006-07-11,0.45016172768035984
2006-07-12,0.8728804796063548
2006-07-13,2.1193841849654187
2006-07-14,0.06868895887471421
2006-07-15,0.0006641290023580696
2006-07-16,0.0009296750983646864
2006-07-17,0.003137766796397331
2006-07-18,0.009002430055967486
2006-07-19,0.047128885015002876
2006-07-20,0.3799610035321879
2006-07-21,0.2721960659535913
2006-07-22,1.9539309775604259
2006-07-23,0.12139046114928814
2006-07-24,0.05811839700855969
2006-07-25,0.04727469621495753
2006-07-26,0.8893220991594957
2006-07-27,2.3754014861158197
2006-07-28,3.425982001429826
2006-07-29,0.8400725202200248
2006-07-30,0.9673335620717449
2006-07-31,2.584389087361001
2006-08-01,1.7498566877032988
2006-08-02,1.7340830896409025
2006-08-03,2.5423219778480766
2006-08-04,3.7978321401250743
2006-08-05,3.5180541030676236
2006-08-06,0.8566641253832171
2006-08-07,0.03322344777989057
2006-08-08,0.5910814371816262
2006-08-09,0.42338302513554393
2006-08-10,1.3858548569064926
2006-08-11,4.943813012151051
2006-08-12,7.033801311808347
2006-08-13,9.518984148398982
2006-08-14,6.6420955219274065
2006-08-15,2.379799579339055
2006-08-16,8.377656118070623
2006-08-17,11.864496942033929
2006-08-18,9.977421689781869
2006-08-19,2.4507660816254293
2006-08-20,1.849081729825245
2006-08-21,2.1510146161532693
2006-08-22,1.2525133594721987
2006-08-23,0.9442647574085623
2006-08-24,5.778590913639823
2006-08-25,6.117201680388327
2006-08-26,7.630229747294215
2006-08-27,5.232407541923437
2006-08-28,10.02178517340863
2006-08-29,6.890449207680871
2006-08-30,1.2365953885986958
2006-08-31,0.03682902415919175
2006-09-01,0.04400433337831405
2006-09-02,1.0382029478956136
2006-09-03,0.6678802546603246
2006-09-04,0.4008872028007247
2006-09-05,0.01665853156214897
2006-09-06,0.000586761288219817
2006-09-07,0.20880907111537025
2006-09-08,0.0009188676897209861
2006-09-09,0.00042490158622398086
2006-09-10,0.11769833811777018
2006-09-11,0.29594867874490194
2006-09-12,0.3061079788799901
2006-09-13,0.21417635258600567
2006-09-14,0.7759015962027985
2006-09-15,4.522644481129159
2006-09-16,8.772244307395951
2006-09-17,17.951385085551767
2006-09-18,9.44839206621436
2006-09-19,1.7642368213951083
2006-09-20,0.11195090245933337
2006-09-21,0.0006755774516238975
2006-09-22,1.0802157034252033
2006-09-23,0.8286396801338198
2006-09-24,3.869726665380689
2006-09-25,4.825895874243506
2006-09-26,1.3141210626840034
2006-09-27,0.051909010912415426
2006-09-28,0.03347376920050227
2006-09-29,0.05201885046770607
2006-09-30,5.563685692849417
2006-10-01,7.5268790683726134
2006-10-02,12.982200633595475
2006-10-03,20.447140497908542
2006-10-04,5.157548769968113
2006-10-05,1.807589146682296
2006-10-06,2.635189174155027
2006-10-07,3.557355225641961
2006-10-08,0.0006720282515686342
2006-10-09,0.010740760869339224
2006-10-10,0.15043122048903035
2006-10-11,0.2944634335973926
2006-10-12,0.31637487347534526
2006-10-13,0.30889082876810003
2006-10-14,0.04786254140139662
2006-10-15,0.003763075644974675
2006-10-16,0.0013125492375886557
2006-10-17,0.004947921319875487
2006-10-18,1.963440537671368
2006-10-19,4.242489163825461
2006-10-20,3.5592365145051814
2006-10-21,4.079157742715603
2006-10-22,8.148404059196238
2006-10-23,16.504999109903242
2006-10-24,8.863799081931688
2006-10-25,1.5272359847761945
2006-10-26,0.002494658118059179
2006-10-27,0.60459746539497
2006-10-28,1.1884178097845721
2006-10-29,0.7994518388490931
2006-10-30,0.005021739185894878
2006-10-31,0.9642192313825642
2006-11-01,0.5371530040869407
2006-11-02,0.17200366687629448
2006-11-03,0.15912880528908677
2006-11-04,0.09404665747176615
2006-11-05,0.38687457657697183
2006-11-06,0.2120258223921867
2006-11-07,0.0856250383514755
2006-11-08,0.16108912119789184
2006-11-09,1.0450973149756377
2006-11-10,0.0734661760875676
2006-11-11,4.087528838549068
2006-11-12,3.180799941863158
2006-11-13,2.0925038830812985
2006-11-14,1.0220393972437056
2006-11-15,0.03265262479793012
2006-11-16,0.21747332273193587
2006-11-17,3.688282306968262
2006-11-18,4.579636203401495
2006-11-19,7.849745221224355
2006-11-20,5.68319286491561
2006-11-21,4.145089212970409
2006-11-22,1.8066856044993154
2006-11-23,4.461483603116556
2006-11-24,4.36138896976906
2006-11-25,5.809654853967723
2006-11-26,2.3050722683139147
2006-11-27,0.006179795920683196
2006-11-28,0.06943012790753934
2006-11-29,0.2292895071289034
2006-11-30,0.03284321202414516
2006-12-01,0.9457792893542432
2006-12-02,2.1862233913689235
2006-12-03,3.8020091040162463
2006-12-04,5.043216947268073
2006-12-05,3.372417394885052
2006-12-06,4.69316886320263
2006-12-07,5.235662301818744
2006-12-08,5.605513209751881
2006-12-09,1.9390034525553426
2006-12-10,1.0956597098391474
2006-12-11,2.1253340478265392
2006-12-12,1.5000853855128222
2006-12-13,0.02803861105469803
2006-12-14,0.01788141753384685
2006-12-15,0.006368800205540294
2006-12-16,1.5165106069089147
2006-12-17,0.7407338951619378
2006-12-18,0.2679259232900609
2006-12-19,0.02009793551867967
2006-12-20,0.019841216439442772
2006-12-21,0.033018169453408096
2006-12-22,0.0002713535394838826
2006-12-23,0.0018228386449969595
2006-12-24,0.0010614903752381784
2006-12-25,0.010341795001738962
2006-12-26,0.011693487819900242
2006-12-27,0.040931646132143736
2006-12-28,0.10020948877330016
2006-12-29,0.6420960698571068
2006-12-30,4.508437723662666
2006-12-31,7.717316629004332
2007-01-01,13.063430387165093
2007-01-02,8.135568257381424
2007-01-03,4.008054807022621
2007-01-04,4.082013091438919
2007-01-05,1.9690718979579647
2007-01-06,2.670405073683047
2007-01-07,0.9164925821303526
2007-01-08,2.852836641596573
2007-01-09,2.3800988075089973
2007-01-10,3.157245740784164
2007-01-11,3.612520873837746
2007-01-12,1.7680970695078904
2007-01-13,0.9661595441618099
2007-01-14,0.3283585431806982
2007-01-15,0.015592935777899657
2007-01-16,0.4604138196844019
2007-01-17,5.826288533981712
2007-01-18,13.98148587617417
2007-01-19,8.037705831467731
2007-01-20,3.658706836404143
2007-01-21,2.365853636950051
2007-01-22,2.8390707479987354
2007-01-23,2.9090021824713586
2007-01-24,1.9416176455379177
2007-01-25,0.09350737204206937
2007-01-26,0.2945060192838683
2007-01-27,0.715247635018717
2007-01-28,0.7472852974295243
2007-01-29,0.3892816445988139
2007-01-30,0.12310646468154976
2007-01-31,0.1170793693384398
2007-02-01,0.12949790491481206
2007-02-02,0.09618516131075573
2007-02-03,0.0402502004609568
2007-02-04,0.013845186243692674
2007-02-05,0.9653894614065519
2007-02-06,1.9376316929000843
2007-02-07,2.91823032389228
2007-02-08,4.899347731769508
2007-02-09,1.9191766652641293
2007-02-10,5.2888432067839695
2007-02-11,10.605172647972497
2007-02-12,10.09811300549821
2007-02-13,5.134065117047383
2007-02-14,5.482662018166498
2007-02-15,0.11421838423849481
2007-02-16,0.2532186051621497
2007-02-17,1.0322302310501947
2007-02-18,0.055723515584180816
2007-02-19,0.06631790928519099
2007-02-20,0.014737691192797856
2007-02-21,0.2732537936341264
2007-02-22,0.3671599493517159
2007-02-23,0.7229197152205172
2007-02-24,4.970041246021988
2007-02-25,8.610791215552942
2007-02-26,6.562499522562812
2007-02-27,6.857727453850892
2007-02-28,9.0198307496284
2007-03-01,11.778068300393151
2007-03-02,6.4371614684638105
2007-03-03,6.372316479993772
2007-03-04,3.7431879052870616
2007-03-05,2.359928861203467
2007-03-06,4.2717260578170855
2007-03-07,2.3722900884151943
2007-03-08,0.041391394233545674
2007-03-09,1.1926935463580866
2007-03-10,0.0036894856568696916
2007-03-11,0.0004871482655499072
2007-03-12,0.0003300998728160138
2007-03-13,0.0007912791019908053
2007-03-14,0.0022345827118957495
2007-03-15,0.0002446680831853867
2007-03-16,0.001215859699248508
2007-03-17,1.8488023471410413
2007-03-18,3.8689259972872843
2007-03-19,3.806163873058326
2007-03-20,3.4838400543921613
2007-03-21,4.2333989157974985
2007-03-22,8.671400325493078
2007-03-23,5.651085389774092
2007-03-24,2.5747655407146404
2007-03-25,0.9088509059778365
2007-03-26,0.000977910504989142
2007-03-27,0.12878779053989417
2007-03-28,0.5202367102232623
2007-03-29,2.3739386549592543
2007-03-30,5.428737244565423
2007-03-31,3.1921562015532117
2007-04-01,0.14402142606367624
2007-04-02,0.07899631173829891
2007-04-03,0.16429902039101194
2007-04-04,0.19063851097232665
2007-04-05,0.00039950763976258336
2007-04-06,0.0010376737700011221
2007-04-07,0.16664091844190415
2007-04-08,0.00020681532007429772
2007-04-09,0.0005813620364192571
2007-04-10,0.043727487347074115
2007-04-11,2.0893739845757895e-05
2007-04-12,0.42884729785188686
2007-04-13,0.5835077644176472
2007-04-14,0.0475997662264996
2007-04-15,0.017209240956011986
2007-04-16,3.1943110064471225e-05
2007-04-17,0.2658709940949727
2007-04-18,0.20123857093105463
2007-04-19,0.0001662248434182276
2007-04-20,0.0009473863299117114
2007-04-21,0.0004121866222408284
2007-04-22,0.00018950360022614458
2007-04-23,0.06684100734150002
2007-04-24,0.37319476857398415
2007-04-25,0.0779703594201121
2007-04-26,0.011466294529759662
2007-04-27,0.27450478386826377
2007-04-28,0.6042435836679356
2007-04-29,1.3731674301667463
2007-04-30,0.0028633249285958612
2007-05-01,0.0012087633422811844
2007-05-02,0.053911460011902
2007-05-03,0.7200938190310403
2007-05-04,1.1850179304074708
2007-05-05,2.133811072534366
2007-05-06,1.5036007679657986
2007-05-07,3.200882549836533
2007-05-08,4.412656970424017
2007-05-09,5.0965287202242795
2007-05-10,1.8671327604614139
2007-05-11,3.2812343990109176
2007-05-12,3.5683492154087535
2007-05-13,5.8283052723915425
2007-05-14,6.864988251953145
2007-05-15,5.168327783258177
2007-05-16,6.490002025947867
2007-05-17,5.15664888850284
2007-05-18,1.0225557326359667
2007-05-19,1.2434070890452837
2007-05-20,1.7686503177333153
2007-05-21,1.9020161081758835
2007-05-22,0.8461601500088941
2007-05-23,0.6561500353315936
2007-05-24,0.7222998064225458
2007-05-25,2.4204105260206723
2007-05-26,5.482900069308643
2007-05-27,5.015541870225323
2007-05-28,7.63776516346005
2007-05-29,4.309866692483366
2007-05-30,2.9754284465511085
2007-05-31,6.508130826065094
2007-06-01,9.051468931938341
2007-06-02,3.146803987021842
2007-06-03,1.2719045986754889
2007-06-04,1.0221168223697228
2007-06-05,0.65663370972062
2007-06-06,1.231381536433376
2007-06-07,2.513702517277346
2007-06-08,5.20810032843061
2007-06-09,3.627110542392876
2007-06-10,1.9237507524998954
2007-06-11,2.3337724418048515
2007-06-12,2.3458014241410314
2007-06-13,3.0010776249245046
2007-06-14,5.953086256419817
2007-06-15,5.315585443484004
2007-06-16,1.7400917524649882
2007-06-17,4.9745373552648315
2007-06-18,1.4464864326426743
2007-06-19,1.4686902568454214
2007-06-20,2.5997374421148463
2007-06-21,8.03605178332066
2007-06-22,8.991609636596875
2007-06-23,6.7666690889820345
2007-06-24,5.823592532120862
2007-06-25,5.569252469819876
2007-06-26,3.9009721275754377
2007-06-27,1.5630827208440914
2007-06-28,1.5431075324482033
2007-06-29,3.3780244846380776
2007-06-30,0.5761992614082588
2007-07-01,7.14384143941055
2007-07-02,6.179784579073998
2007-07-03,7.546035198724175
2007-07-04,6.024642530549028
2007-07-05,3.5353491631199248
2007-07-06,1.589554686577742
2007-07-07,0.01608747768185456
2007-07-08,4.180256442096206
2007-07-09,2.484377265194092
2007-07-10,2.1663167721053873
2007-07-11,1.2808419419331467
2007-07-12,0.6683760681277914
2007-07-13,0.1516158989779223
2007-07-14,0.07513851526945699
2007-07-15,0.0006535200581511195
2007-07-16,0.4169406529976496
2007-07-17,0.2708785590152793
2007-07-18,0.29314329139753015
2007-07-19,5.2584930505865835
2007-07-20,6.345111320974982
2007-07-21,3.721164803337834
2007-07-22,0.29143005984857084
2007-07-23,6.268536322902293
2007-07-24,1.214228612008075
2007-07-25,0.0313511330733936
2007-07-26,0.6264293653400033
2007-07-27,0.4072830706982006
2007-07-28,1.849692331831964
2007-07-29,2.403312332276442
2007-07-30,0.10407234101268506
2007-07-31,0.018727770092835085
2007-08-01,0.023501369805313664
2007-08-02,3.6963760067283653
2007-08-03,0.5395322524173626
2007-08-04,0.0006172842777728806
2007-08-05,0.0002467201312022617
2007-08-06,4.514241274602512
2007-08-07,6.514782451233849
2007-08-08,12.710251405904744
2007-08-09,10.693884633227574
2007-08-10,4.310707276467332
2007-08-11,1.6847131163059539
2007-08-12,1.050446339169741
2007-08-13,0.7744679321786152
2007-08-14,0.8915335017534288
2007-08-15,3.730625241141986
2007-08-16,2.910233608366907
2007-08-17,0.6530355750730479
2007-08-18,0.31728749468129946
2007-08-19,3.055024983061046
2007-08-20,5.344323747769628
2007-08-21,10.217722256653703
2007-08-22,13.973914799076773
2007-08-23,5.8652743447954085
2007-08-24,1.7035909398474534
2007-08-25,0.1082073350317455
2007-08-26,0.024525751834893465
2007-08-27,0.04590345250597991
2007-08-28,0.08623481149130527
2007-08-29,0.9476912180787237
2007-08-30,0.002496351375485715
2007-08-31,0.22302323015304665
2007-09-01,0.3540816954438189
2007-09-02,0.3216264088516276
2007-09-03,4.315302157248237
2007-09-04,0.3581382100128655
2007-09-05,0.06597900885228412
2007-09-06,0.16828273509941338
2007-09-07,0.20203978349023943
2007-09-08,0.17227700359317735
2007-09-09,0.23266069570899411
2007-09-10,0.4237110860705483
2007-09-11,0.1811551027299584
2007-09-12,0.0617157023817077
2007-09-13,0.0015904565590388333
2007-09-14,0.08285019575612122
2007-09-15,0.03726850361787431
2007-09-16,0.00048139440252219207
2007-09-17,2.4293808526040537
2007-09-18,3.8441400419058365
2007-09-19,0.017563816622230388
2007-09-20,0.0006747197960931878
2007-09-21,0.09694895444175555
2007-09-22,0.07038489434362065
2007-09-23,0.0806650315486564
2007-09-24,0.8048168368690454
2007-09-25,0.4299522373139642
2007-09-26,1.501161739696435
2007-09-27,9.583649620353858
2007-09-28,1.8937049756594735
2007-09-29,1.0414140498543474
2007-09-30,0.06184317184888607
2007-10-01,0.7888708448030312
2007-10-02,2.232304137455458
2007-10-03,1.6260892700699152
2007-10-04,0.31072679622389604
2007-10-05,0.08595397682435166
2007-10-06,0.0018018906548288958
2007-10-07,0.00044497629910570546
2007-10-08,0.0005090795909129226
2007-10-09,0.46125717591740134
2007-10-10,2.8643759290027475
2007-10-11,0.04367031311950963
2007-10-12,0.09858073502428909
2007-10-13,0.047458355590980814
2007-10-14,0.0010837637798693698
2007-10-15,0.0022470390123793048
2007-10-16,0.00350041615552849
2007-10-17,0.4465936854469406
2007-10-18,0.15021579517157085
2007-10-19,0.09564772945191438
2007-10-20,0.00923830312939487
2007-10-21,0.3171931876636112
2007-10-22,0.005943572079492746
2007-10-23,0.0010571274913459348
2007-10-24,0.006630895373678399
2007-10-25,0.0072876385300327745
2007-10-26,0.0301581240260266
2007-10-27,0.37012479331929027
2007-10-28,0.028392799088357377
2007-10-29,2.6911565272860556
2007-10-30,1.37496828204283
2007-10-31,0.001022463389165181
2007-11-01,0.006091218234008298
2007-11-02,0.05283323234250612
2007-11-03,0.14644020448145575
2007-11-04,0.1587599507547401
2007-11-05,1.2671227086900096
2007-11-06,2.377970992596462
2007-11-07,1.2894590847392333
2007-11-08,2.0366183095441066
2007-11-09,3.233850339887595
2007-11-10,4.1642024337868335
2007-11-11,3.0870966805910673
2007-11-12,0.8722867671079622
2007-11-13,3.748813178600959
2007-11-14,1.7898313796267917
2007-11-15,0.11800286301137793
2007-11-16,0.017196244170039624
2007-11-17,0.02561411480366203
2007-11-18,0.004176440714438687
2007-11-19,2.80967287176222
2007-11-20,1.819943519768892
2007-11-21,2.822040599952021
2007-11-22,3.8317486602924182
2007-11-23,5.1929845083520005
2007-11-24,0.6735474772001644
2007-11-25,2.020896421678181
2007-11-26,1.0878762104812791
2007-11-27,0.2929319317015332
2007-11-28,0.0017099061028776567
2007-11-29,0.38833689958655443
2007-11-30,0.746210643722992
2007-12-01,9.386057514418479
2007-12-02,19.122118371899525
2007-12-03,9.384309505368227
2007-12-04,2.5070013589330324
2007-12-05,2.843110239460226
2007-12-06,9.718789272244445
2007-12-07,10.975105716587136
2007-12-08,8.425439570513428
2007-12-09,6.4686502752752295
2007-12-10,3.658208690805466
2007-12-11,1.0679611596201164
2007-12-12,0.14241064009105792
2007-12-13,0.011287048042376173
2007-12-14,0.004309473554982801
2007-12-15,0.0020916296644762013
2007-12-16,0.0021870247185605467
2007-12-17,0.0019971519331783596
2007-12-18,0.0007379532923102129
2007-12-19,0.0004903799832897787
2007-12-20,0.0005877446852949252
2007-12-21,0.0006282387581348463
2007-12-22,0.0013948801215935055
2007-12-23,0.0020288519172623324
2007-12-24,0.0030899424661968073
2007-12-25,1.71936884601836
2007-12-26,2.258762398243533
2007-12-27,1.6086707795781099
2007-12-28,0.3047383722035768
2007-12-29,0.9642621965651066
2007-12-30,0.5610013910255008
2007-12-31,0.36033579166218477
2008-01-01,0.20463762472527552
2008-01-02,0.004880841494703318
2008-01-03,0.7985602917840021
2008-01-04,1.6870700641709
2008-01-05,3.9348765658239953
2008-01-06,3.083078820312604
2008-01-07,3.157205833089369
2008-01-08,0.10774627695184866
2008-01-09,1.38861616317418
2008-01-10,2.4377125568310998
2008-01-11,2.327131683157779
2008-01-12,1.7206382332815395
2008-01-13,0.07559962642974823
2008-01-14,2.707652386005422
2008-01-15,5.027555863836192
2008-01-16,5.832235572400104
2008-01-17,5.098068551348904
2008-01-18,3.8869406039055048
2008-01-19,0.923855007591044
2008-01-20,0.4302494735881555
2008-01-21,1.9251510738835864
2008-01-22,3.190298612630011
2008-01-23,0.29172114776838687
2008-01-24,0.769612229149775
2008-01-25,0.10058389177765424
2008-01-26,0.19618370829542778
2008-01-27,0.31829068651692877
2008-01-28,0.05065872238392288
2008-01-29,1.2834689592783026
2008-01-30,2.621834489658304
2008-01-31,1.8690674910577079
2008-02-01,7.564802467380471
2008-02-02,0.8242098091182802
2008-02-03,0.6299961509531637
2008-02-04,5.045119108870146
2008-02-05,6.116455954747908
2008-02-06,4.613936738337157
2008-02-07,0.0024841994224097342
2008-02-08,0.0008051991635956168
2008-02-09,0.0003626554663417621
2008-02-10,0.0004165868648879808
2008-02-11,0.009128377105433863
2008-02-12,0.005646671162969667
2008-02-13,0.0008930187620148048
2008-02-14,0.004159463950605485
2008-02-15,0.010514188052428682
2008-02-16,0.0005257057657664182
2008-02-17,0.0006638235063253361
2008-02-18,0.0005792002820793494
2008-02-19,0.00038378749282732725
2008-02-20,0.9466354848814154
2008-02-21,1.2834781411304297
2008-02-22,0.7408311799836091
2008-02-23,0.05726504447897644
2008-02-24,0.001567804776409399
2008-02-25,0.5838317159669879
2008-02-26,1.5172925872263838
2008-02-27,0.6391764672592883
2008-02-28,2.8392700452504136
2008-02-29,6.398120135806487
2008-03-01,8.852865700168635
2008-03-02,2.4264087937648626
2008-03-03,3.128858569117502
2008-03-04,5.967227338760031
2008-03-05,0.1988149621059109
2008-03-06,0.13078742393994716
2008-03-07,0.8040203777917247
2008-03-08,0.5086490554388965
2008-03-09,0.7246706304698888
2008-03-10,4.564830158072625
2008-03-11,8.289152556843845
2008-03-12,5.8557839339722
2008-03-13,2.722700804003959
2008-03-14,3.94878412094932
2008-03-15,3.8703212730241088
2008-03-16,3.032238221287954
2008-03-17,0.7482417126517297
2008-03-18,0.06025154341691461
2008-03-19,0.6973772845601012
2008-03-20,2.618576776764409
2008-03-21,7.286081751679253
2008-03-22,3.1516963872013015
2008-03-23,0.9401073124367106
2008-03-24,1.3771447600481757
2008-03-25,1.1853918983982101
2008-03-26,1.312807651446246
2008-03-27,2.1522981261466825
2008-03-28,1.4003800097467822
2008-03-29,0.36476638725588917
2008-03-30,0.9691805321496061
2008-03-31,0.43240447440282215
2008-04-01,0.5467759223842701
2008-04-02,0.9909704496077991
2008-04-03,0.6307083084334708
2008-04-04,0.1713885800196503
2008-04-05,1.698299668372876
2008-04-06,2.2577212850676562
2008-04-07,2.0135696459649997
2008-04-08,0.7944591881689393
2008-04-09,4.672047764564757
2008-04-10,4.534352104620682
2008-04-11,6.206994772224777
2008-04-12,4.091906269034322
2008-04-13,5.894242671990835
2008-04-14,7.4509405499260914
2008-04-15,3.684599029861079
2008-04-16,1.1065097287938812
2008-04-17,0.5582459055826137
2008-04-18,1.7888345444800549
2008-04-19,2.356800022946369
2008-04-20,1.0214904329164656
2008-04-21,5.479061510897244
2008-04-22,1.9722635526094947
2008-04-23,1.4922646141485487
2008-04-24,0.6517601561454315
2008-04-25,0.4121472505405836
2008-04-26,0.020765108299780736
2008-04-27,0.05544543884083775
2008-04-28,2.6811356787479372
2008-04-29,0.6006928344756564
2008-04-30,0.670408399724596
2008-05-01,0.632871461782538
2008-05-02,0.2642778637539044
2008-05-03,0.0008479267411203681
2008-05-04,0.0002226546126768176
2008-05-05,0.00019550697416245198
2008-05-06,0.0004436964826257169
2008-05-07,0.0003716916536274407
2008-05-08,0.00017653848096559375
2008-05-09,0.030224430910868117
2008-05-10,1.4024669689007672e-05
2008-05-11,0.07772360987770846
2008-05-12,0.058046122313242444
2008-05-13,0.07262622961534371
2008-05-14,1.2608659265438031
2008-05-15,1.7016341728535953
2008-05-16,2.311390581400304
2008-05-17,2.754120264978244
2008-05-18,1.7835721044742907
2008-05-19,0.26626864127570765
2008-05-20,0.0567112364079634
2008-05-21,0.07165285515264143
2008-05-22,0.1290489842327249
2008-05-23,0.1868020420172848
2008-05-24,1.5415030060265602
2008-05-25,3.4619624045218726
2008-05-26,6.166744400232751
2008-05-27,5.624428568573954
2008-05-28,5.227878800792823
2008-05-29,9.417362861885518
2008-05-30,9.468262623311936
2008-05-31,6.918050304026336
2008-06-01,5.20171650638464
2008-06-02,6.187635019142959
2008-06-03,0.8473800644578025
2008-06-04,1.1086802951352879
2008-06-05,6.4764352782308565
2008-06-06,6.3217529564527455
2008-06-07,2.841121663870203
2008-06-08,1.9276534588702305
2008-06-09,0.3462480109444445
2008-06-10,0.5845369419306526
2008-06-11,0.3180664649837443
2008-06-12,1.6009195987324207
2008-06-13,0.6199011244827058
2008-06-14,0.8103442616843654
2008-06-15,1.2675062738706786
2008-06-16,0.7410744363832166
2008-06-17,0.34912339524831343
2008-06-18,0.014584875786648523
2008-06-19,0.4350085486061582
2008-06-20,0.39569193917274204
2008-06-21,0.1188164218472185
2008-06-22,1.8196539853661964
2008-06-23,1.5575571018943966
2008-06-24,3.3849287942359543
2008-06-25,4.723272845616437
2008-06-26,0.06223974720539421
2008-06-27,0.14449942451229228
2008-06-28,0.10385658665317345
2008-06-29,0.05907730064246466
2008-06-30,0.030355224353469015
2008-07-01,0.012241028880612919
2008-07-02,7.734372652812823
2008-07-03,4.3663995262121515
2008-07-04,0.09292984525768958
2008-07-05,0.4611413932888772
2008-07-06,1.860755975677149
2008-07-07,1.3299322097791282
2008-07-08,1.2363690617789478
2008-07-09,0.33558426969955707
2008-07-10,0.06769901105695661
2008-07-11,2.3012329654622596
2008-07-12,0.8196784973324719
2008-07-13,1.1018571372695418
2008-07-14,0.07190850397025032
2008-07-15,0.0020620737650614077
2008-07-16,0.31251614402397043
2008-07-17,0.6468195402594749
2008-07-18,0.44289466843596204
2008-07-19,1.0472728620408591
2008-07-20,0.5057854416687096
2008-07-21,0.4840032167133005
2008-07-22,0.30753493314395014
2008-07-23,0.004363530015852438
2008-07-24,0.0002218089850426866
2008-07-25,0.0019347130096218019
2008-07-26,2.570636521782945
2008-07-27,5.452283896029367
2008-07-28,3.522530259352151
2008-07-29,2.7537164129943275
2008-07-30,3.038396955843471
2008-07-31,0.13534659893418627
2008-08-01,3.9508569261357356
2008-08-02,0.8935556678767694
2008-08-03,1.1639174682055073
2008-08-04,2.67170868285619
2008-08-05,0.02708981841384878
2008-08-06,0.0006982120717039538
2008-08-07,5.7450998159485565
2008-08-08,4.002349907536818
2008-08-09,0.5753520160365941
2008-08-10,1.1327650477375744
2008-08-11,5.596973273628044
2008-08-12,9.04588139237897
2008-08-13,0.9978635859990661
2008-08-14,0.9369609314745463
2008-08-15,1.0677076428273242
2008-08-16,0.24719825384448812
2008-08-17,0.3485418019354193
2008-08-18,0.19357506569009864
2008-08-19,0.9085114027933843
2008-08-20,0.44614530321229545
2008-08-21,0.30250796415673337
2008-08-22,3.4300052191416905
2008-08-23,1.59861373502631
2008-08-24,1.1990785622892164
2008-08-25,0.5517536299468883
2008-08-26,0.08206123751891313
2008-08-27,0.04941417476166517
2008-08-28,0.07271494764945101
2008-08-29,0.03999574874539245
2008-08-30,0.0018489079039931962
2008-08-31,1.3964229216312836
2008-09-01,1.1425082154043316
2008-09-02,1.0170593525040998
2008-09-03,3.2589250353534145
2008-09-04,0.7095698947794701
2008-09-05,7.032544962044927
2008-09-06,5.392575208320409
2008-09-07,0.7928406004938359
2008-09-08,0.3593826127231842
2008-09-09,0.34201731158651916
2008-09-10,1.4310079450384383
2008-09-11,1.4048378460193804
2008-09-12,4.357618080509794
2008-09-13,14.3051584862992
2008-09-14,0.1489074065130524
2008-09-15,0.05824069759698344
2008-09-16,0.06376631549553159
2008-09-17,0.001620604146119985
2008-09-18,0.09334812476895546
2008-09-19,0.01222055515804751
2008-09-20,0.00245302376534386
2008-09-21,0.01325914388023637
2008-09-22,0.10242556364064254
2008-09-23,0.3705062434370261
2008-09-24,0.18055592898983175
2008-09-25,0.11592810809588518
2008-09-26,0.0015281483916113811
2008-09-27,0.0002823795632915933
2008-09-28,0.00012829123206895574
2008-09-29,0.08169296240743604
2008-09-30,2.5500106069862274
2008-10-01,2.850893868890033
2008-10-02,2.187746318352818
2008-10-03,1.9967330656998625
2008-10-04,2.1430017382845623
2008-10-05,3.743556581512237
2008-10-06,2.0469912304783255
2008-10-07,0.5271856008523318
2008-10-08,0.7031476930723011
2008-10-09,0.3258848309167141
2008-10-10,0.036399637029979025
2008-10-11,0.023877036987971417
2008-10-12,0.12004164867122472
2008-10-13,0.11807282605471194
2008-10-14,0.513383135055595
2008-10-15,1.336135005433269
2008-10-16,2.366481806580342
2008-10-17,0.016611228948242726
2008-10-18,0.0007495065041091313
2008-10-19,0.001076399646559676
2008-10-20,0.009052367185954039
2008-10-21,2.302904497972988
2008-10-22,2.0158515028532396
2008-10-23,0.0019579023895100003
2008-10-24,0.3136531318908977
2008-10-25,0.15109745050342277
2008-10-26,7.407546975652256
2008-10-27,11.868378995984807
2008-10-28,7.763776315334093
2008-10-29,6.615522919928967
2008-10-30,6.937143944435031
2008-10-31,6.472357122361071
2008-11-01,4.4572944547812465
2008-11-02,1.0636431026248983
2008-11-03,0.1259530214651918
2008-11-04,2.0252637302368717
2008-11-05,2.022314212170727
2008-11-06,0.9733253758832968
2008-11-07,0.4474257518716339
2008-11-08,0.02346928505916876
2008-11-09,1.725702468857317
2008-11-10,1.070781084084909
2008-11-11,1.6108751412367606
2008-11-12,0.7017338934032469
2008-11-13,0.01610320879163771
2008-11-14,0.008466546993457712
2008-11-15,0.1252501163714478
2008-11-16,0.5424659465595871
2008-11-17,0.5856246828217834
2008-11-18,1.3578195758404827
2008-11-19,0.9286106206784537
2008-11-20,2.134629096152531
2008-11-21,5.423902042540106
2008-11-22,3.0500930424968247
2008-11-23,2.911940430928093
2008-11-24,1.3112599253415635
2008-11-25,0.18525980649893917
2008-11-26,0.03995417820197096
2008-11-27,0.040062617050756234
2008-11-28,0.6858405717386149
2008-11-29,1.0857615281095838
2008-11-30,2.1449231501152757
2008-12-01,1.73823748336878
2008-12-02,1.8083465251311028
2008-12-03,5.010842241989674
2008-12-04,8.435276961608347
2008-12-05,6.068418707725871
2008-12-06,3.2282683917138253
2008-12-07,0.3607439683738463
2008-12-08,0.022395066449876586
2008-12-09,1.5630361002452187
2008-12-10,1.2816797914385927
2008-12-11,0.5798508582535583
2008-12-12,0.05698809949696751
2008-12-13,0.027824510234512184
2008-12-14,1.599243494317827
2008-12-15,1.7520842910283392
2008-12-16,0.0815376419739712
2008-12-17,0.9178954771575085
2008-12-18,0.7725070174897628
2008-12-19,1.297668346309872
2008-12-20,2.734796994538954
2008-12-21,0.8079010249893571
2008-12-22,0.2901286920015316
2008-12-23,0.030349249177561523
2008-12-24,0.06688600979845385
2008-12-25,0.09553432844757072
2008-12-26,0.0006093657389895962
2008-12-27,0.0006122515392197299
2008-12-28,0.0003559990883063345
2008-12-29,0.00017629287472034416
2008-12-30,0.10918945980846151
2008-12-31,1.1193602643184668
2009-01-01,0.06594260186049027
2009-01-02,0.06419471112911627
2009-01-03,0.01253759317231129
2009-01-04,1.0552915062231396
2009-01-05,1.0316630737145143
2009-01-06,0.028806010987199867
2009-01-07,0.018204397884375893
2009-01-08,0.01105441562568924
2009-01-09,0.001225838181112594
2009-01-10,0.002807956179892373
2009-01-11,0.004111563754089552
2009-01-12,0.2580508575285506
2009-01-13,0.4883637313225296
2009-01-14,0.4850476180980073
2009-01-15,0.051785796071555305
2009-01-16,0.5385865846054128
2009-01-17,0.7190652214918524
2009-01-18,6.727949815439857
2009-01-19,8.587275291903739
2009-01-20,4.04013980860093
2009-01-21,0.2673460048200418
2009-01-22,1.818829806555736
2009-01-23,6.812796761975557
2009-01-24,0.3790321005934674
2009-01-25,0.0158823892379272
2009-01-26,0.022100005960196987
2009-01-27,0.03938102894450478
2009-01-28,0.009651327995891381
2009-01-29,0.0021221116789869295
2009-01-30,0.0007459135667946949
2009-01-31,0.0009372062838266922
2009-02-01,0.36076315102977513
2009-02-02,1.3159400007274016
2009-02-03,1.1543921026378288
2009-02-04,0.7061882503733248
2009-02-05,2.3798070316295874
2009-02-06,4.7098438649000105
2009-02-07,3.4765809822343003
2009-02-08,2.0116080430206598
2009-02-09,4.8486191190180525
2009-02-10,4.494684051401045
2009-02-11,1.2559045229271704
2009-02-12,0.8644798879258049
2009-02-13,0.5088102952270595
2009-02-14,0.4062744108727814
2009-02-15,0.2836050669869357
2009-02-16,2.917527793432788
2009-02-17,4.709505285391267
2009-02-18,0.000562698984602956
2009-02-19,0.06877458864613413
2009-02-20,0.4559712281219853
2009-02-21,0.4114814907636221
2009-02-22,1.2455638264857332
2009-02-23,0.9881865035935407
2009-02-24,0.15227912125626555
2009-02-25,0.05702468890726342
2009-02-26,0.9847962706666903
2009-02-27,0.2790083718377671
2009-02-28,0.014545357120582868
2009-03-01,1.3716149592038107
2009-03-02,0.707039491725888
2009-03-03,0.04689212085021959
2009-03-04,2.0915471174790503
2009-03-05,3.857841987051625
2009-03-06,3.6717779892379387
2009-03-07,1.6665309511690072
2009-03-08,4.209513048447444
2009-03-09,4.243381528105444
2009-03-10,6.3950751924196565
2009-03-11,2.3104628544024135
2009-03-12,2.6183327005664223
2009-03-13,0.3344062155733653
2009-03-14,0.20296296782239925
2009-03-15,0.08690188162322493
2009-03-16,0.030880870217518543
2009-03-17,0.0014824997104542247
2009-03-18,0.0005912757244202557
2009-03-19,0.0005872403335273853
2009-03-20,0.0005014203801667504
2009-03-21,0.0004725631810535709
2009-03-22,0.014827119271162023
2009-03-23,2.3866822086120627
2009-03-24,4.016194300280215
2009-03-25,8.364989233830912
2009-03-26,7.810437659471236
2009-03-27,3.906810994123841
2009-03-28,2.785680609038025
2009-03-29,0.5315722652083957
2009-03-30,0.023738714177534353
2009-03-31,0.0015728685670320518
2009-04-01,0.0018970338388935607
2009-04-02,0.0026195772170360177
2009-04-03,0.5610272235720346
2009-04-04,0.3791945097821967
2009-04-05,0.2139133960073287
2009-04-06,0.26595997940739985
2009-04-07,0.43072598598634826
2009-04-08,0.15123973805228472
2009-04-09,0.1505138496403383
2009-04-10,0.08218425538429477
2009-04-11,0.3045387979414893
2009-04-12,1.617678930368714
2009-04-13,0.424972723909051
2009-04-14,0.2843225541893912
2009-04-15,0.1535417786923895
2009-04-16,6.6219123656521806
2009-04-17,6.663793587037913
2009-04-18,4.472953993690824
2009-04-19,0.1535737343614063
2009-04-20,0.162883523472
2009-04-21,0.08014131961442096
2009-04-22,0.0015567024088450556
2009-04-23,0.006440193113904457
2009-04-24,0.15000538371322622
2009-04-25,0.852458042140038
2009-04-26,2.3226517992525846
2009-04-27,2.4836936721538754
2009-04-28,2.0331560739891463
2009-04-29,1.177437959288779
2009-04-30,0.3661972926064024
2009-05-01,0.4080875124301324
2009-05-02,0.3875010207772908
2009-05-03,0.23774074478137
2009-05-04,0.258201909437942
2009-05-05,0.4571871044564991
2009-05-06,0.25671650887832004
2009-05-07,0.0474467050341233
2009-05-08,2.6304928573908812
2009-05-09,3.0735473391333
2009-05-10,3.852742854179505
2009-05-11,5.21369702029829
2009-05-12,6.672251632094127
2009-05-13,7.6078065644120265
2009-05-14,6.73687350053178
2009-05-15,3.1609296912321936
2009-05-16,0.2374396197066163
2009-05-17,0.7089791751475923
2009-05-18,0.1596927790770252
2009-05-19,0.17732655470496947
2009-05-20,0.18067768940427786
2009-05-21,2.579540665806524
2009-05-22,1.0809818721297746
2009-05-23,0.15512234583397594
2009-05-24,0.12018722295751685
2009-05-25,0.09007187094081061
2009-05-26,0.7992919627401992
2009-05-27,0.18247613452500008
2009-05-28,0.21910505289090879
2009-05-29,0.0019571986002435895
2009-05-30,0.0007122352933958947
2009-05-31,0.33009536890896446
2009-06-01,0.22981159515574662
2009-06-02,0.024203703552309528
2009-06-03,0.0018132171630852849
2009-06-04,0.008488940156535202
2009-06-05,0.12332184749697474
2009-06-06,8.089000876309624
2009-06-07,4.845561695720797
2009-06-08,5.717888900469694
2009-06-09,4.708155260737012
2009-06-10,5.885568220173373
2009-06-11,3.648415102153841
2009-06-12,0.08530970253592357
2009-06-13,0.05366043716573952
2009-06-14,2.000344182441081
2009-06-15,6.794601146357814
2009-06-16,1.8370659401245288
2009-06-17,0.18666666379824112
2009-06-18,0.18703089414019317
2009-06-19,0.3781527368234014
2009-06-20,0.5704234770610975
2009-06-21,0.9298701750757769
2009-06-22,0.1568114391099594
2009-06-23,0.019412060248776796
2009-06-24,0.00047754209316513946
2009-06-25,0.3122729216866187
2009-06-26,3.78577251602334
2009-06-27,5.610117452446271
2009-06-28,2.2473731881260566
2009-06-29,1.1553174811457452
2009-06-30,1.4302082572705057
2009-07-01,1.2104037972445558
2009-07-02,0.9789479334181775
2009-07-03,2.352932540349782
2009-07-04,1.6370002591111414
2009-07-05,2.0634161265474082
2009-07-06,3.60715262222611
2009-07-07,2.8907541076297094
2009-07-08,2.8833999845583764
2009-07-09,0.9914908906653873
2009-07-10,0.48765138024871996
2009-07-11,0.3825185237314148
2009-07-12,2.025977493403028
2009-07-13,5.246369176902639
2009-07-14,9.507463129850759
2009-07-15,4.6451307601449665
2009-07-16,2.1915768577319716
2009-07-17,4.635557883136944
2009-07-18,1.7136881608295145
2009-07-19,1.4049502412417971
2009-07-20,0.8818744823423498
2009-07-21,1.0362824066761023
2009-07-22,7.077335698222899
2009-07-23,5.914887389197489
2009-07-24,2.190582253832442
2009-07-25,1.0021550740495309
2009-07-26,0.01447392215040219
2009-07-27,0.8224158167333332
2009-07-28,0.05953453253204922
2009-07-29,0.19646846172129068
2009-07-30,0.41547082006664293
2009-07-31,0.034053628844252386
2009-08-01,0.0333281904128517
2009-08-02,2.069128731551605
2009-08-03,0.7011088511614691
2009-08-04,0.007693903390372524
2009-08-05,0.0003466045931774263
2009-08-06,0.00015701002924310624
2009-08-07,1.0162880401173668
2009-08-08,5.8680919085190695
2009-08-09,1.2949474182069927
2009-08-10,2.2563886617915583
2009-08-11,0.8747870852160413
2009-08-12,0.27113304169541014
2009-08-13,1.3677084205441221
2009-08-14,0.08262548160209504
2009-08-15,0.0006836515835211726
2009-08-16,0.19653147753040032
2009-08-17,0.36494744902115744
2009-08-18,0.0027484321186136878
2009-08-19,0.0003324112616989669
2009-08-20,0.7791625840696103
2009-08-21,3.676108433314354
2009-08-22,0.06268364086043955
2009-08-23,0.0004609166613160672
2009-08-24,0.558370328442198
2009-08-25,2.0006654583709156
2009-08-26,0.4912896682066005
2009-08-27,0.08438489451888395
2009-08-28,0.11225519559850274
2009-08-29,0.09924832083412115
2009-08-30,0.0006161099890964769
2009-08-31,0.00026404434960723044
2009-09-01,3.36248334777981
2009-09-02,1.1526192786588754
2009-09-03,3.35661150447296
2009-09-04,7.081164560143069
2009-09-05,0.7046479892856324
2009-09-06,0.071429097773043
2009-09-07,0.00321889526525473
2009-09-08,0.0005205524559223695
2009-09-09,0.16460228687069636
2009-09-10,0.3080674172164872
2009-09-11,0.05516227932278923
2009-09-12,0.010306707185025705
2009-09-13,0.1161182437622178
2009-09-14,1.4939278570579604
2009-09-15,0.30014289707987246
2009-09-16,2.2095847331384157
2009-09-17,1.3844350646125805
2009-09-18,0.763571317682109
2009-09-19,0.7549319235288412
2009-09-20,0.7300254836941947
2009-09-21,0.13391109311501895
2009-09-22,0.028624894547986064
2009-09-23,0.008075311068598453
2009-09-24,0.06985221928204753
2009-09-25,0.017038884433403217
2009-09-26,0.00018892982933301953
2009-09-27,0.0004336553743742936
2009-09-28,0.00326456056394086
2009-09-29,0.012954374098162443
2009-09-30,0.295600663693084
2009-10-01,0.16958863853865833
2009-10-02,0.05977236204597156
2009-10-03,0.006860731522075362
2009-10-04,0.2563190231713527
2009-10-05,3.3549131138559267
2009-10-06,3.4758735006370642
2009-10-07,4.251594862338131
2009-10-08,5.26713210312382
2009-10-09,2.562196532916547
2009-10-10,3.580706503058414
2009-10-11,2.9757603569978017
2009-10-12,0.973629549202626
2009-10-13,0.024214281629641204
2009-10-14,0.0030224121285231304
2009-10-15,0.0034683860447997394
2009-10-16,0.4506842749204675
2009-10-17,0.4442871035561195
2009-10-18,0.05853242992224495
2009-10-19,0.00046967700603672987
2009-10-20,0.0003663062738987282
2009-10-21,2.187746304455775
2009-10-22,2.0857006846331894
2009-10-23,1.8191391477869472
2009-10-24,1.4830634757492027
2009-10-25,0.5734941684054493
2009-10-26,0.25303740703956007
2009-10-27,0.0031189792661378835
2009-10-28,0.003264885942570324
2009-10-29,0.014999742724505117
2009-10-30,0.011817396646757607
2009-10-31,1.8725530482205233
2009-11-01,5.217079120478155
2009-11-02,9.787239045946666
2009-11-03,5.246978026303976
2009-11-04,4.197799418215008
2009-11-05,1.3300213915781576
2009-11-06,0.8674730045171927
2009-11-07,2.690156845326499
2009-11-08,3.6047021735357103
2009-11-09,5.8814861471258615
2009-11-10,2.7305231693371605
2009-11-11,0.11966860807440109
2009-11-12,0.5475024522642468
2009-11-13,0.9995833645058271
2009-11-14,2.6932165838629296
2009-11-15,1.5944978305785336
2009-11-16,5.9923394106651955
2009-11-17,3.2699133973048036
2009-11-18,0.00867493157095857
2009-11-19,0.0009357960144988932
2009-11-20,0.04538535031260373
2009-11-21,1.1031004264822115
2009-11-22,2.8466838181403435
2009-11-23,5.114068263420511
2009-11-24,4.0410830920587095
2009-11-25,2.5365082610000975
2009-11-26,1.7296373607109754
2009-11-27,3.2533739391622145
2009-11-28,6.099529052387479
2009-11-29,10.733002254316439
2009-11-30,6.225922790582438
2009-12-01,0.41122983838107485
2009-12-02,0.6113588533427632
2009-12-03,1.0487435696491472
2009-12-04,0.19908150088194587
2009-12-05,1.5296039757674698
2009-12-06,3.218829617468181
2009-12-07,4.689470827436303
2009-12-08,3.4773553991770996
2009-12-09,0.4401271120490986
2009-12-10,1.4788233211330428
2009-12-11,0.6971262828969647
2009-12-12,0.501637629884631
2009-12-13,0.22670009415544307
2009-12-14,0.005660941249726151
2009-12-15,0.056206096662815244
2009-12-16,0.11076459661735885
2009-12-17,0.1310782240962997
2009-12-18,0.37831098452603135
2009-12-19,0.8254221021116543
2009-12-20,3.330485592027585
2009-12-21,7.7460760495052865
2009-12-22,10.59243488320671
2009-12-23,7.942760932220673
2009-12-24,7.789320060485084
2009-12-25,2.2918395557543554
2009-12-26,0.0044379636560966575
2009-12-27,0.5220481886271795
2009-12-28,0.11669092770762397
2009-12-29,5.279734636976656
2009-12-30,7.707533885905228
2009-12-31,4.555745670780404
2010-01-01,2.1038738817797182
2010-01-02,0.5180565741974682
2010-01-03,0.4349838019738769
2010-01-04,0.05708188279616891
2010-01-05,0.15022104304273787
2010-01-06,0.39768626642012656
2010-01-07,0.8962851347036633
2010-01-08,1.3407057790741
2010-01-09,1.8757457867553187
2010-01-10,1.080628666990501
2010-01-11,0.587372218272323
2010-01-12,0.4696570757291289
2010-01-13,1.1441104096528343
2010-01-14,0.02681660560889026
2010-01-15,0.016488201990581267
2010-01-16,4.753750281340878
2010-01-17,2.713377195691634
2010-01-18,0.11008955557063069
2010-01-19,0.1306624535467599
2010-01-20,0.553691437160408
2010-01-21,0.47552213595565657
2010-01-22,0.23227044362650198
2010-01-23,0.5365638412178503
2010-01-24,1.5900375006759186
2010-01-25,0.6166949166270993
2010-01-26,0.24277307749303786
2010-01-27,2.607445349763457
2010-01-28,3.6432160586029667
2010-01-29,5.645310979353182
2010-01-30,2.1056605832281505
2010-01-31,1.697883671032625
2010-02-01,2.2460683738033946
2010-02-02,6.117472622178802
2010-02-03,4.431341911287618
2010-02-04,0.1205809039746582
2010-02-05,3.445870636050344
2010-02-06,0.06626544678187674
2010-02-07,0.10011080995440358
2010-02-08,0.04285597119853811
2010-02-09,0.18680140518430716
2010-02-10,0.20775204077341516
2010-02-11,0.854170510534119
2010-02-12,0.6343394368329255
2010-02-13,0.25634763921889936
2010-02-14,0.38694481096057826
2010-02-15,0.30345360001548977
2010-02-16,0.0065285864481384485
2010-02-17,1.0425267567904362
2010-02-18,1.1046213528536024
2010-02-19,1.452951841426063
2010-02-20,0.9996604155424572
2010-02-21,1.3413835607560889
2010-02-22,2.1038231593244054
2010-02-23,3.044445189610965
2010-02-24,2.7064562378199577
2010-02-25,6.563870730789008
2010-02-26,4.806848518414029
2010-02-27,2.2547951647470654
2010-02-28,2.7847286513641154
2010-03-01,0.44608955698922625
2010-03-02,0.36859161005805524
2010-03-03,0.04930674710665547
2010-03-04,0.01518898458700856
2010-03-05,0.16397254478759374
2010-03-06,0.9337499419689492
2010-03-07,0.0025072292699079026
2010-03-08,0.0009190784861708189
2010-03-09,0.046432242421036427
2010-03-10,0.947371981066565
2010-03-11,0.4689672258150608
2010-03-12,0.26097525431768415
2010-03-13,0.23149478039108587
2010-03-14,0.4760937036906476
2010-03-15,0.6508928349669775
2010-03-16,0.4871023501630544
2010-03-17,0.07025623821260703
2010-03-18,0.08094779319898988
2010-03-19,1.7072774033876474
2010-03-20,3.273061313783459
2010-03-21,1.6911864063335058
2010-03-22,0.0718860716535315
2010-03-23,0.010677800554837183
2010-03-24,0.14906404999476294
2010-03-25,0.7523861402325989
2010-03-26,7.47849829105674
2010-03-27,4.765636924496297
2010-03-28,3.392090640035991
2010-03-29,3.0968830895840647
2010-03-30,2.9778004804995692
2010-03-31,2.5910882995831765
2010-04-01,3.0654245141877587
2010-04-02,3.588803770387821
2010-04-03,3.287094284417937
2010-04-04,1.822794138525425
2010-04-05,0.004131767731607981
2010-04-06,0.0005194690283415223
2010-04-07,0.13545047274835692
2010-04-08,2.969537816537694
2010-04-09,0.010105283503328467
2010-04-10,0.027594829439901325
2010-04-11,0.5901550060357019
2010-04-12,1.023742589057339
2010-04-13,1.4324614009279113
2010-04-14,0.7900132006848322
2010-04-15,0.5083129745218024
2010-04-16,0.021362678797303972
2010-04-17,0.00044038861727602646
2010-04-18,0.00044075831404817426
2010-04-19,0.0009639583429898977
2010-04-20,0.12998958787690393
2010-04-21,0.0625891325242766
2010-04-22,0.004167125686905339
2010-04-23,0.008903069307310447
2010-04-24,0.06992583823074945
2010-04-25,0.5291960422130318
2010-04-26,0.38361978451874407
2010-04-27,0.004980170087123124
2010-04-28,7.290807524210111e-05
2010-04-29,0.01884016471659352
2010-04-30,0.8961259077683611
2010-05-01,1.4288611610101634
2010-05-02,2.0033993851379757
2010-05-03,1.5756711664082141
2010-05-04,1.5549630840575546
2010-05-05,3.2300528570516844
2010-05-06,7.24163038340985
2010-05-07,3.3068617100448887
2010-05-08,1.502454647960607
2010-05-09,2.7652030486515624
2010-05-10,2.540008777252637
2010-05-11,4.052767465271292
2010-05-12,1.885415386774129
2010-05-13,2.921855410878656
2010-05-14,1.548542701667925
2010-05-15,0.8175719491529437
2010-05-16,0.6046549825454116
2010-05-17,0.7162755624971031
2010-05-18,0.27863523145725344
2010-05-19,0.45443674950220064
2010-05-20,0.2519312818567074
2010-05-21,0.0027248902107017826
2010-05-22,0.002276717430666922
2010-05-23,0.0011531840233046178
2010-05-24,0.000887618611933672
2010-05-25,1.9253902335511688
2010-05-26,7.114678261143243
2010-05-27,4.114676283906773
2010-05-28,2.8288442580690165
2010-05-29,6.8754839738077385
2010-05-30,9.79508740126444
2010-05-31,3.5759445771977005
2010-06-01,1.1061006832287104
2010-06-02,0.43197694868192127
2010-06-03,0.006745972376569104
2010-06-04,0.0020454066172106485
2010-06-05,0.0006660661033030352
2010-06-06,3.9115604974677454
2010-06-07,0.5255321048048144
2010-06-08,4.928590185464606
2010-06-09,11.238354573765225
2010-06-10,12.476177775880315
2010-06-11,7.4334889873037095
2010-06-12,1.015052840901588
2010-06-13,0.38213514229040946
2010-06-14,0.4623369663436495
2010-06-15,1.1522342536597123
2010-06-16,1.3765979087767617
2010-06-17,1.8184807753220298
2010-06-18,0.705919102000295
2010-06-19,0.618408477615024
2010-06-20,0.3854847462561058
2010-06-21,0.12281080467679711
2010-06-22,0.0015970378287050184
2010-06-23,0.0011509370971926859
2010-06-24,0.00098471368391681
2010-06-25,0.03800931842502246
2010-06-26,0.03813353223215023
2010-06-27,0.015297086744445671
2010-06-28,0.027585075869465556
2010-06-29,0.434349691884953
2010-06-30,0.02403484562134988
2010-07-01,0.019751800556688705
2010-07-02,0.1339725114647467
2010-07-03,4.28205972208065
2010-07-04,2.1774962024858593
2010-07-05,0.4928570914315189
2010-07-06,0.035874571583829735
2010-07-07,7.741282505845538e-05
2010-07-08,0.00015533547732434356
2010-07-09,0.17124132870138917
2010-07-10,1.6389650586106268
2010-07-11,5.797242038686586
2010-07-12,5.487149012694257
2010-07-13,2.316159704116902
2010-07-14,3.133549077938953
2010-07-15,0.14804941197213323
2010-07-16,0.17554774419216226
2010-07-17,0.7241149703030496
2010-07-18,0.0012219235195874063
2010-07-19,0.0005502960223825339
2010-07-20,0.00048216149776845937
2010-07-21,1.7122026053353114
2010-07-22,3.6357159144025424
2010-07-23,3.2352483526583846
2010-07-24,0.7125984355089973
2010-07-25,0.8333585055025569
2010-07-26,1.3542810198314934
2010-07-27,0.38963021127807596
2010-07-28,2.2168036526161843
2010-07-29,2.0916439805509377
2010-07-30,0.5178115913079704
2010-07-31,0.3844214777636317
2010-08-01,1.8229005517622985
2010-08-02,1.6785556085297628
2010-08-03,0.8551367737720759
2010-08-04,1.6584117668028804
2010-08-05,1.566088134972521
2010-08-06,0.04693649274047045
2010-08-07,0.03672276654575477
2010-08-08,0.5281080521978163
2010-08-09,0.23628953350521023
2010-08-10,0.44779381353243464
2010-08-11,2.097039472504465
2010-08-12,3.0246854273773787
2010-08-13,1.0815000481467363
2010-08-14,4.948136946940825
2010-08-15,16.215014109544736
2010-08-16,10.057094929481984
2010-08-17,4.877092914995771
2010-08-18,0.7872025081857427
2010-08-19,0.03350156952700452
2010-08-20,0.008692630272723273
2010-08-21,0.004385218600409056
2010-08-22,3.2157358350094927
2010-08-23,5.317777566688162
2010-08-24,1.9396976392449008
2010-08-25,0.10957644560397307
2010-08-26,9.636073017227062
2010-08-27,11.18939117150323
2010-08-28,1.1763111730276328
2010-08-29,2.2384429717524306
2010-08-30,1.4898982810502324
2010-08-31,0.03677038849747354
2010-09-01,0.022121736460140647
2010-09-02,0.036491959728823735
2010-09-03,0.07648748580321717
2010-09-04,0.04907492396914991
2010-09-05,0.001012521344407027
2010-09-06,6.812450968183552
2010-09-07,10.37262934455863
2010-09-08,4.758783501704837
2010-09-09,0.8274197920289412
2010-09-10,0.05439482960927529
2010-09-11,1.5789949883707438e-05
2010-09-12,1.5486494702439915
2010-09-13,0.16173884337963945
2010-09-14,1.4148209882399256
2010-09-15,2.551372034910192
2010-09-16,1.3664090185365572
2010-09-17,0.6113941579879133
2010-09-18,0.07181467086338426
2010-09-19,0.0002511964704696365
2010-09-20,0.0005470984127963594
2010-09-21,0.0005019670791086688
2010-09-22,0.00023084952665566072
2010-09-23,5.172754765238212
2010-09-24,9.519187751382685
2010-09-25,2.105104538387421
2010-09-26,1.482401161767428
2010-09-27,0.8072562807529546
2010-09-28,0.7972824818655841
2010-09-29,0.8712637186063439
2010-09-30,2.0420583789703386
2010-10-01,1.456397261046987
2010-10-02,2.036905595263723
2010-10-03,0.9553928882499709
2010-10-04,0.8092977586249245
2010-10-05,0.46486012550113853
2010-10-06,0.007949938853279747
2010-10-07,0.0058479161224746935
2010-10-08,0.008870247961272946
2010-10-09,0.047300132846059446
2010-10-10,0.0006812130415131634
2010-10-11,0.00029340906848006077
2010-10-12,0.00038045986549551525
2010-10-13,0.001541942146613886
2010-10-14,0.009092414320894606
2010-10-15,0.9588106701885717
2010-10-16,2.3401988930260536
2010-10-17,0.22281623052233165
2010-10-18,0.02858635371455441
2010-10-19,1.4796246206724015
2010-10-20,1.1421309780929687
2010-10-21,0.010312141437347579
2010-10-22,3.2253417971352625
2010-10-23,4.745005037084756
2010-10-24,2.152045732010469
2010-10-25,0.021614596188124984
2010-10-26,0.0023584434113139863
2010-10-27,0.0348776840204726
2010-10-28,0.04756368872953883
2010-10-29,1.8524399475197506
2010-10-30,4.830129173561984
2010-10-31,3.9694559516428205
2010-11-01,0.5910393437565084
2010-11-02,0.5961147347144299
2010-11-03,0.680861291674925
2010-11-04,0.5991775640045673
2010-11-05,0.33773308425391957
2010-11-06,4.620384933974453
2010-11-07,9.063196195172281
2010-11-08,4.133282689978112
2010-11-09,4.1685667050235695
2010-11-10,3.278310933224171
2010-11-11,8.469179224602827
2010-11-12,5.841481601395754
2010-11-13,3.7645240675181184
2010-11-14,2.19073741015221
2010-11-15,3.202225234570191
2010-11-16,0.7970053544281314
2010-11-17,0.0496729293769073
2010-11-18,0.1874021275880817
2010-11-19,0.31521745525159334
2010-11-20,0.6916359945712269
2010-11-21,0.859791323244646
2010-11-22,1.4980323167848608
2010-11-23,1.3298198133586552
2010-11-24,1.4306462213772362
2010-11-25,2.4352592760359832
2010-11-26,1.0832810344531703
2010-11-27,0.6783768985857124
2010-11-28,0.49376918785383445
2010-11-29,4.396312023464545
2010-11-30,1.3767521234703506
2010-12-01,1.654638727191994
2010-12-02,0.871965463916086
2010-12-03,0.5135786804647904
2010-12-04,0.9592860325023989
2010-12-05,3.4592560342268674
2010-12-06,7.119685405140525
2010-12-07,9.715991223540907
2010-12-08,9.60304422758519
2010-12-09,1.8490354730764573
2010-12-10,1.5255387740791162
2010-12-11,1.2299198318233786
2010-12-12,0.7981779653335024
2010-12-13,0.5715005159646873
2010-12-14,0.8292801512794242
2010-12-15,1.0954093499223734
2010-12-16,4.9262270765986385
2010-12-17,3.799097312880778
2010-12-18,3.333464008391087
2010-12-19,5.396985844590815
2010-12-20,5.900114460171202
2010-12-21,7.747574614192355
2010-12-22,10.733280484599602
2010-12-23,11.31737936915992
2010-12-24,10.340548086001492
2010-12-25,4.363482746502776
2010-12-26,0.5384725247858307
2010-12-27,0.8033601541233241
2010-12-28,1.390276087353469
2010-12-29,0.08851508523493172
2010-12-30,0.05351403931031618
2010-12-31,0.06134013607677678
2011-01-01,0.15814903498355606
2011-01-02,0.10189871543731376
2011-01-03,0.07394275466118602
2011-01-04,0.07209336197147943
2011-01-05,0.11669129820514779
2011-01-06,6.682138414772424
2011-01-07,8.917103062451844
2011-01-08,5.170713309116857
2011-01-09,6.065954647727724
2011-01-10,0.013628510803893865
2011-01-11,2.824672024244837
2011-01-12,6.068188541026976
2011-01-13,4.106352848982443
2011-01-14,2.5893541483240687
2011-01-15,1.5711882499268022
2011-01-16,0.0772281661378642
2011-01-17,0.11788683227613536
2011-01-18,0.5094473290671678
2011-01-19,0.5719921019135988
2011-01-20,0.4820342968329208
2011-01-21,0.13451734574773633
2011-01-22,0.1771198823100887
2011-01-23,0.23568308438805669
2011-01-24,0.31821386307033817
2011-01-25,1.2963991137404676
2011-01-26,1.4167885188329326
2011-01-27,0.04539022468474247
2011-01-28,0.011464562858072546
2011-01-29,0.0011329229457479255
2011-01-30,0.000414766988819499
2011-01-31,0.0003669750284709256
2011-02-01,0.16328639026113795
2011-02-02,0.7870926330703873
2011-02-03,2.0039740109042357
2011-02-04,1.2645913848914299
2011-02-05,0.2075249299842324
2011-02-06,0.048727183981787416
2011-02-07,0.0023594481007537392
2011-02-08,0.20596776623724014
2011-02-09,0.034404567794606905
2011-02-10,0.4268631594193955
2011-02-11,1.4510195424605183
2011-02-12,1.5244135056875925
2011-02-13,1.0859083436941734
2011-02-14,1.7396355870452755
2011-02-15,1.2738087036514316
2011-02-16,0.07849869523567927
2011-02-17,0.14707925660527715
2011-02-18,0.1400971960907033
2011-02-19,0.5414321040060931
2011-02-20,1.740057890926666
2011-02-21,0.4697886213082042
2011-02-22,0.07125316685961143
2011-02-23,0.249477594304173
2011-02-24,1.6931538800540789
2011-02-25,0.9863509597541006
2011-02-26,3.0718167217587293
2011-02-27,1.4867637899282098
2011-02-28,0.03756433881650819
2011-03-01,0.003438066555268974
2011-03-02,0.0018922408715032638
2011-03-03,0.001858877047077504
2011-03-04,0.0015404195753915384
2011-03-05,0.0024517395702877954
2011-03-06,0.0015145549326736302
2011-03-07,0.0008091669612750894
2011-03-08,0.0011680525692728005
2011-03-09,0.1696606974801115
2011-03-10,0.14152178710449143
2011-03-11,0.2501980555567767
2011-03-12,1.9038062036764862
2011-03-13,2.6917406886480926
2011-03-14,0.9629757182852609
2011-03-15,0.05208383797494789
2011-03-16,1.187006429661398
2011-03-17,0.8859159876104743
2011-03-18,1.3932012575849007
2011-03-19,1.4202662233168244
2011-03-20,0.0069605554108088255
2011-03-21,3.858487180529308e-05
2011-03-22,3.369171257870869e-05
2011-03-23,7.62057719320612e-05
2011-03-24,0.00024256164281193652
2011-03-25,0.0005626454822021419
2011-03-26,0.4763020305403828
2011-03-27,0.5280549189093287
2011-03-28,0.17165648803789899
2011-03-29,0.0009677248426245966
2011-03-30,0.5264499890772202
2011-03-31,1.9995863767362183
2011-04-01,0.4030293998070143
2011-04-02,0.07907443118648073
2011-04-03,1.9693527705612708
2011-04-04,3.328571532183807
2011-04-05,0.8599993247054091
2011-04-06,0.015238769978293612
2011-04-07,0.007160706401455431
2011-04-08,0.0012350518582803993
2011-04-09,0.001050765293676826
2011-04-10,0.001576417728703958
2011-04-11,0.0016397305541853227
2011-04-12,0.6664890047552496
2011-04-13,0.1925345286941077
2011-04-14,0.17326011965550375
2011-04-15,0.012468777908331962
2011-04-16,0.008607138166574399
2011-04-17,0.010952786045284685
2011-04-18,0.01626288421636361
2011-04-19,0.00029659900863580825
2011-04-20,0.006624090318710424
2011-04-21,0.06586700025420415
2011-04-22,0.4431557908957895
2011-04-23,0.8542382315811053
2011-04-24,0.6520222518245081
2011-04-25,0.00034408018642819935
2011-04-26,0.02656583916374645
2011-04-27,0.9109812093868366
2011-04-28,1.5458183033419415
2011-04-29,2.0817013409004916
2011-04-30,1.7640854129642838
2011-05-01,1.0557019792016518
2011-05-02,0.5675223035357813
2011-05-03,0.33552746694580227
2011-05-04,0.0005036089034567887
2011-05-05,0.0002715716422504739
2011-05-06,0.004575235846667236
2011-05-07,0.004824105308917159
2011-05-08,0.011896058196607143
2011-05-09,0.016554544303037686
2011-05-10,2.3790037454774033
2011-05-11,1.4000020632104457
2011-05-12,3.357603741134742
2011-05-13,0.0006327545390225957
2011-05-14,1.02236489824122
2011-05-15,0.7452605395050986
2011-05-16,0.1927775652393781
2011-05-17,0.052201722493623814
2011-05-18,0.06430186585559566
2011-05-19,1.2429201761811175
2011-05-20,0.8938543716172581
2011-05-21,0.08916724186371021
2011-05-22,0.8802779936322206
2011-05-23,1.1417147725640642e-05
2011-05-24,0.021550230063168106
2011-05-25,0.0006581309030902141
2011-05-26,0.04532681396946646
2011-05-27,0.4049201939575146
2011-05-28,0.059993399713764904
2011-05-29,0.001020941619764813
2011-05-30,0.011445620798021472
2011-05-31,2.2789113375018863
2011-06-01,0.23327665125845917
2011-06-02,0.0016781334902975272
2011-06-03,0.0036511956772881417
2011-06-04,3.914266493336676
2011-06-05,4.310547151559184
2011-06-06,4.329256028245211
2011-06-07,5.97099359736299
2011-06-08,4.009787865616232
2011-06-09,1.653068661847265
2011-06-10,1.3483079202146624
2011-06-11,0.5974383122200662
2011-06-12,0.26597314716481335
2011-06-13,0.5553409731734387
2011-06-14,0.6770551315988251
2011-06-15,0.31238160663561815
2011-06-16,2.1402153345113755
2011-06-17,5.312837609226093
2011-06-18,3.302438964960623
2011-06-19,2.348578934731598
2011-06-20,3.4085578261849427
2011-06-21,5.7441569799673875
2011-06-22,11.981643500220436
2011-06-23,4.981071107309501
2011-06-24,0.8542156511464423
2011-06-25,0.29663937854575784
2011-06-26,0.013444660330391347
2011-06-27,6.605690501173061e-05
2011-06-28,2.216804087595142
2011-06-29,2.5560332956989447
2011-06-30,0.12418015774723107
2011-07-01,0.509043986426369
2011-07-02,0.07670562391059686
2011-07-03,0.0008573095078660373
2011-07-04,0.000346073889398425
2011-07-05,0.005981551255131679
2011-07-06,0.13168369191466958
2011-07-07,2.25570213990253
2011-07-08,1.8995768258839663
2011-07-09,0.6828742633174969
2011-07-10,2.663442266290259
2011-07-11,0.18649692106529525
2011-07-12,4.9540470202793285
2011-07-13,4.360426121538662
2011-07-14,0.8300009425460806
2011-07-15,0.03171598222823933
2011-07-16,1.9374020354264878
2011-07-17,7.9298261690276295
2011-07-18,5.032321282622577
2011-07-19,4.973144376196825
2011-07-20,1.741651226081604
2011-07-21,2.1337634770113216
2011-07-22,1.824921173847896
2011-07-23,1.4991377031350548
2011-07-24,1.6129869579640184
2011-07-25,1.4570044128305608
2011-07-26,2.377952595840129
2011-07-27,2.432442288140594
2011-07-28,1.0939795278068438
2011-07-29,0.5990681094147432
2011-07-30,0.20416923994756722
2011-07-31,0.12374534208428033
2011-08-01,0.007233371551029215
2011-08-02,0.0009409714843595645
2011-08-03,1.9491923542716434
2011-08-04,2.457522050067287
2011-08-05,6.028981153190015
2011-08-06,12.932481756690484
2011-08-07,8.270928919012619
2011-08-08,5.0025934203270825
2011-08-09,1.5038037587824833
2011-08-10,0.017320908017258003
2011-08-11,0.038000708700433455
2011-08-12,0.6602698509778966
2011-08-13,0.7199014741741384
2011-08-14,1.3505070891913358
2011-08-15,0.8671615752920211
2011-08-16,0.11636491624509138
2011-08-17,0.14685682395353303
2011-08-18,0.9348157640537644
2011-08-19,0.5952373195764281
2011-08-20,0.014300858879502193
2011-08-21,2.878307099067794
2011-08-22,0.11069492819446748
2011-08-23,1.250275061204413
2011-08-24,2.7027566533998226
2011-08-25,5.05080625891821
2011-08-26,8.613767050918993
2011-08-27,3.4994758315496957
2011-08-28,0.15453432225997168
2011-08-29,0.06925476362415285
2011-08-30,0.03832427982651479
2011-08-31,0.005702759433731124
2011-09-01,1.1894585627973713
2011-09-02,1.739489853267191
2011-09-03,2.0958440175924697
2011-09-04,1.9681529282814096
2011-09-05,0.48724490098911927
2011-09-06,1.9740439973444615
2011-09-07,3.5985542553388905
2011-09-08,3.856529673229613
2011-09-09,1.114786074751665
2011-09-10,0.0337025235962361
2011-09-11,5.264280141404698
2011-09-12,0.1749471330859032
2011-09-13,0.4047240414389989
2011-09-14,0.015525304930382827
2011-09-15,0.0010478315077346093
2011-09-16,0.3087895816351982
2011-09-17,1.091804043315947
2011-09-18,2.798413455248847
2011-09-19,1.3323526082630561
2011-09-20,0.05994683401540448
2011-09-21,0.030600464042294783
2011-09-22,0.06494714096764773
2011-09-23,0.004728190559638407
2011-09-24,0.0033153272489894695
2011-09-25,0.000871129251144649
2011-09-26,0.02620605524695177
2011-09-27,0.030356348894411207
2011-09-28,0.001051278132842715
2011-09-29,0.04382856800332056
2011-09-30,0.0004115431320555879
2011-10-01,0.00034353717484850643
2011-10-02,0.00043976230367062305
2011-10-03,0.00024522834949146615
2011-10-04,0.028485159456054884
2011-10-05,0.4610819580027901
2011-10-06,5.6135496435151016
2011-10-07,2.9776970240816585
2011-10-08,3.6206004250811556
2011-10-09,3.747347065650507
2011-10-10,2.1767826302359983
2011-10-11,1.2945765183449338
2011-10-12,0.8731512506662484
2011-10-13,0.358719378250244
2011-10-14,0.0005652433982331818
2011-10-15,0.000568416324091672
2011-10-16,0.000940291073157194
2011-10-17,0.025240203520580217
2011-10-18,2.5770726746605317
2011-10-19,3.5726971570474144
2011-10-20,0.11145334801087882
2011-10-21,0.000700120134107214
2011-10-22,0.0005573712485664028
2011-10-23,0.0005487509023996104
2011-10-24,0.17139268286941411
2011-10-25,1.4105882447281934
2011-10-26,0.015955459128054402
2011-10-27,0.007727119992291255
2011-10-28,0.009119671152250042
2011-10-29,0.20604258872644934
2011-10-30,0.17640686281419507
2011-10-31,0.021116466231289398
2011-11-01,0.18283658637346875
2011-11-02,0.11188734895454504
2011-11-03,3.274685275449813
2011-11-04,5.494134381748073
2011-11-05,3.155865055701676
2011-11-06,0.03221293626328627
2011-11-07,0.15904137265761104
2011-11-08,0.2941102674438074
2011-11-09,0.010875435622806642
2011-11-10,0.014763234055823434
2011-11-11,0.00983620093731661
2011-11-12,0.0002183335273065668
2011-11-13,0.003426281529895582
2011-11-14,0.0017596005095827378
2011-11-15,0.002829018415790351
2011-11-16,0.0015737852224537708
2011-11-17,0.035793169074044055
2011-11-18,0.038317549714006804
2011-11-19,0.017447741559568013
2011-11-20,0.11425007959963451
2011-11-21,0.004494614765131131
2011-11-22,0.0018523438633181314
2011-11-23,0.00616806994679322
2011-11-24,0.008550421929068673
2011-11-25,0.0939235658784172
2011-11-26,0.09776685385738228
2011-11-27,0.13425374063993167
2011-11-28,0.050485551201657285
2011-11-29,0.04472586235365694
2011-11-30,0.33870846751080985
2011-12-01,0.8801555058132429
2011-12-02,1.318464245812835
2011-12-03,3.380030865763192
2011-12-04,6.753002305489959
2011-12-05,4.744272694133107
2011-12-06,5.018506359433701
2011-12-07,7.515134854949517
2011-12-08,4.412316212848179
2011-12-09,8.747565787516802
2011-12-10,3.8837129350156916
2011-12-11,1.2872753806816009
2011-12-12,6.640926097681705
2011-12-13,7.756760818631988
2011-12-14,5.976441719557047
2011-12-15,6.227250113702592
2011-12-16,19.337786380836626
2011-12-17,8.333811141945942
2011-12-18,3.977174776678583
2011-12-19,2.420226082454318
2011-12-20,3.9465590281759133
2011-12-21,3.044582136111932
2011-12-22,1.9477713431340706
2011-12-23,0.9654042447957334
2011-12-24,1.268584932706713
2011-12-25,0.36327674959541834
2011-12-26,0.29029876294041984
2011-12-27,0.1378357432178027
2011-12-28,0.6273904597598943
2011-12-29,4.358322041637005
2011-12-30,6.107202547284893
2011-12-31,5.361065579147697
2012-01-01,3.6776441384520346
2012-01-02,8.03105213099623
2012-01-03,7.215196081416727
2012-01-04,9.613158161609213
2012-01-05,10.740133238937272
2012-01-06,3.59694287389968
2012-01-07,2.6040179052802204
2012-01-08,1.2250697467953282
2012-01-09,0.8308050271586774
2012-01-10,0.31316157868294403
2012-01-11,0.09275542412738655
2012-01-12,0.2729501837175104
2012-01-13,0.22460074815291303
2012-01-14,0.010664645210127426
2012-01-15,0.004975369170754829
2012-01-16,0.0005776681896810779
2012-01-17,0.00025862563855611197
2012-01-18,3.7850119258367663
2012-01-19,7.320210627872563
2012-01-20,7.505474837253855
2012-01-21,7.695009272233194
2012-01-22,2.69748670451402
2012-01-23,1.5058932383705559
2012-01-24,0.5697812564027269
2012-01-25,0.26249171369457763
2012-01-26,0.5406583256421894
2012-01-27,0.6414905699861511
2012-01-28,0.1687726175889785
2012-01-29,1.0312380478056358
2012-01-30,1.308992468219361
2012-01-31,0.17687413146588246
2012-02-01,0.010639689002530242
2012-02-02,0.011542219621881818
2012-02-03,0.008170527963917963
2012-02-04,0.0015802208585979824
2012-02-05,0.0009522389064374429
2012-02-06,0.002568530435332049
2012-02-07,0.10860836202192752
2012-02-08,0.011309619744241039
2012-02-09,0.02378959337371044
2012-02-10,0.0212111915351132
2012-02-11,0.0030283193625644973
2012-02-12,0.006427506639709572
2012-02-13,0.5854444088223766
2012-02-14,3.5234945737059284
2012-02-15,3.6715648349934735
2012-02-16,1.4220479058011135
2012-02-17,0.7825521134350373
2012-02-18,0.9892018449551451
2012-02-19,1.136180836200963
2012-02-20,0.002684603791426258
2012-02-21,0.0008373238459377967
2012-02-22,0.5644578985944563
2012-02-23,1.1270926831066839
2012-02-24,0.5051699663187815
2012-02-25,0.385378360238949
2012-02-26,0.19921251342615792
2012-02-27,0.054038488806096505
2012-02-28,0.22898667084046753
2012-02-29,0.06278047941149953
2012-03-01,0.04416769691192359
2012-03-02,0.07601680622380683
2012-03-03,0.064574597312533
2012-03-04,2.5654364487282604
2012-03-05,1.9938890869536794
2012-03-06,0.217171886421575
2012-03-07,2.53002017200273
2012-03-08,0.7610015847771605
2012-03-09,0.001378176407619511
2012-03-10,0.03362295615550008
2012-03-11,0.06884187544235083
2012-03-12,0.015499714999367975
2012-03-13,0.009815171372142373
2012-03-14,0.005436112932271624
2012-03-15,0.0008805761213044317
2012-03-16,0.0003091964832824537
2012-03-17,1.2295955169418218
2012-03-18,4.366403448598314
2012-03-19,1.6292275159970093
2012-03-20,0.00027840560501538844
2012-03-21,0.00024892320333596174
2012-03-22,0.0006215812849703678
2012-03-23,0.0008503914661451687
2012-03-24,0.02852422705189625
2012-03-25,0.019005646808571395
2012-03-26,0.00018796610344880749
2012-03-27,0.00043514575005559094
2012-03-28,0.00043826470087479126
2012-03-29,0.033187231497306985
2012-03-30,0.03382086648782862
2012-03-31,0.11065757787919939
2012-04-01,0.06085934272574665
2012-04-02,0.1437647969161747
2012-04-03,1.777688922101776
2012-04-04,0.7441949633143066
2012-04-05,0.062062184190896125
2012-04-06,0.018234578934516875
2012-04-07,0.7698018131981362
2012-04-08,1.5936508479586537
2012-04-09,3.49152118358127
2012-04-10,4.3620511565958955
2012-04-11,3.5483999493712526
2012-04-12,2.222390456368521
2012-04-13,0.38695895752809417
2012-04-14,0.4262971825278051
2012-04-15,0.4443229730861467
2012-04-16,0.5175674370838005
2012-04-17,0.8106417561661576
2012-04-18,1.6765183902192144
2012-04-19,2.235804645950648
2012-04-20,2.5515674611126946
2012-04-21,3.3901315404692376
2012-04-22,3.2049798768938187
2012-04-23,3.9565614661167636
2012-04-24,4.921806085121075
2012-04-25,3.7054941976857596
2012-04-26,4.2992379733483785
2012-04-27,2.8097418893321953
2012-04-28,2.1506063422330617
2012-04-29,6.4554786863194416
2012-04-30,4.728750708516896
2012-05-01,1.8841361293751473
2012-05-02,7.420700657975089
2012-05-03,0.8752689513297977
2012-05-04,5.644818425246177
2012-05-05,8.194415268776972
2012-05-06,6.283062393049155
2012-05-07,2.148542501332968
2012-05-08,1.7183009124601938
2012-05-09,2.0467077970793968
2012-05-10,0.5326967598550967
2012-05-11,1.0412024887825322
2012-05-12,0.3740645816541918
2012-05-13,0.0007878418203021723
2012-05-14,0.0005642274229959208
2012-05-15,1.0754388497139735
2012-05-16,0.8678904968177414
2012-05-17,0.13093065681420887
2012-05-18,1.5749051712106934
2012-05-19,2.8634589082746076
2012-05-20,7.13519696055904
2012-05-21,9.948801287963539
2012-05-22,4.301978320554106
2012-05-23,2.548064734641486
2012-05-24,1.0746647774783689
2012-05-25,0.01638890006884729
2012-05-26,3.045723687048084e-05
2012-05-27,0.06138106548226229
2012-05-28,0.1302760767388225
2012-05-29,0.2851389320731286
2012-05-30,0.6207428625476112
2012-05-31,1.25630215904026
2012-06-01,0.6348468414904118
2012-06-02,0.16149015647996745
2012-06-03,6.116385576020793
2012-06-04,2.772508787956988
2012-06-05,0.2822661164201382
2012-06-06,1.635461207974704
2012-06-07,5.269906942203875
2012-06-08,0.6395821841646009
2012-06-09,0.5551351894946914
2012-06-10,0.8435913220421847
2012-06-11,3.442680434152246
2012-06-12,4.435243107043589
2012-06-13,3.5905604244253344
2012-06-14,0.9389359480773336
2012-06-15,1.2222118748466257
2012-06-16,1.8599701001218008
2012-06-17,0.012605581585721594
2012-06-18,1.5549130571145728
2012-06-19,4.831088650090211
2012-06-20,4.923290410607403
2012-06-21,4.045838931466369
2012-06-22,0.3621863552836752
2012-06-23,0.3381209238655505
2012-06-24,2.856567526145333
2012-06-25,1.197515434784776
2012-06-26,0.2220798601202159
2012-06-27,0.368962828653563
2012-06-28,1.268978797146737
2012-06-29,4.9464989768839125
2012-06-30,3.589524145353905
2012-07-01,2.7050337467494496
2012-07-02,1.416064440298976
2012-07-03,0.01585194566493287
2012-07-04,0.7443704168281529
2012-07-05,3.084188897152651
2012-07-06,0.838635808274886
2012-07-07,0.5332985994096008
2012-07-08,2.705716017838459
2012-07-09,1.2007128369909057
2012-07-10,1.5852797437798734
2012-07-11,1.8064858856597328
2012-07-12,3.792999977050249
2012-07-13,8.94162847898
2012-07-14,5.943379243474015
2012-07-15,2.9060527096936695
2012-07-16,0.4799764497990655
2012-07-17,0.4180931548277989
2012-07-18,0.1253246013157861
2012-07-19,0.4575069156708587
2012-07-20,1.703470870721434
2012-07-21,1.3318664177782256
2012-07-22,0.004609264276262622
2012-07-23,0.00032965263960121937
2012-07-24,0.004077289588752332
2012-07-25,0.000545488565244486
2012-07-26,0.0031885849031977917
2012-07-27,6.968391857174454
2012-07-28,8.277569593034135
2012-07-29,2.454784821303339
2012-07-30,1.4099745442992178
2012-07-31,0.7302287393946741
2012-08-01,0.6235578098695456
2012-08-02,0.4136915737961232
2012-08-03,0.3450917628550123
2012-08-04,0.4878787987654835
2012-08-05,3.722233572054568
2012-08-06,1.685240911422996
2012-08-07,0.6619664063167725
2012-08-08,0.1656854446704642
2012-08-09,0.12477316015381162
2012-08-10,0.0021794248453072362
2012-08-11,0.0008772852750287568
2012-08-12,0.03702250886016257
2012-08-13,0.1828255055188703
2012-08-14,0.17071472641271307
2012-08-15,1.710405315632482
2012-08-16,3.2026176832251636
2012-08-17,0.0007270132008638399
2012-08-18,0.0002992891961559844
2012-08-19,0.004438087173147529
2012-08-20,0.8898551457724091
2012-08-21,2.299344084680201
2012-08-22,2.028733739290527
2012-08-23,4.372899457853513
2012-08-24,3.140758273147775
2012-08-25,0.7896023207397554
2012-08-26,0.5976395692603611
2012-08-27,0.006131474368363814
2012-08-28,0.08109456997277155
2012-08-29,1.771638805992487
2012-08-30,2.2631473698091713
2012-08-31,1.179275454424077
2012-09-01,0.28380107536973437
2012-09-02,0.010774273541334305
2012-09-03,0.009581877632417295
2012-09-04,0.012632171502273632
2012-09-05,0.01925410411727578
2012-09-06,0.0031074016618997313
2012-09-07,0.0007104591526632843
2012-09-08,0.0009368413712818005
2012-09-09,0.002423070111095488
2012-09-10,0.03574005223733657
2012-09-11,2.5491958906462098
2012-09-12,1.5971382390018416
2012-09-13,1.1607887537904105
2012-09-14,0.25582861258348527
2012-09-15,0.17352817088118808
2012-09-16,0.0009335469364155573
2012-09-17,0.001053128413484923
2012-09-18,0.24316559825526685
2012-09-19,0.11541243069394924
2012-09-20,0.001076309395976969
2012-09-21,2.2551954205367073
2012-09-22,1.201236444617393
2012-09-23,1.1563797831586282
2012-09-24,6.907775983146382
2012-09-25,13.621448538887394
2012-09-26,14.193093490003024
2012-09-27,3.830538618444242
2012-09-28,0.8985145266580843
2012-09-29,0.0700942213720773
2012-09-30,0.0016830533747067753
2012-10-01,0.004124870754642985
2012-10-02,0.2548324307522947
2012-10-03,1.1704988104923386
2012-10-04,3.95876581227495
2012-10-05,1.9622265681921156
2012-10-06,3.89532628386448
2012-10-07,3.2510295836066225
2012-10-08,3.329208728932819
2012-10-09,3.706288871529533
2012-10-10,1.7117999984887022
2012-10-11,1.0047748327826196
2012-10-12,2.9366724505263866
2012-10-13,7.48220614180825
2012-10-14,11.748027006168707
2012-10-15,3.566427285827106
2012-10-16,2.617907782508002
2012-10-17,1.817715530891107
2012-10-18,0.5128127806188899
2012-10-19,0.016588206022868285
2012-10-20,0.014255386338416562
2012-10-21,0.001780650496266903
2012-10-22,0.0060874185229879
2012-10-23,0.004532726509540079
2012-10-24,0.004554486580702878
2012-10-25,0.07286757257937111
2012-10-26,2.2777805174152315
2012-10-27,3.0227171051238746
2012-10-28,1.0696536378364807
2012-10-29,1.767993308316979
2012-10-30,1.4808189960134739
2012-10-31,2.0648024154317275
2012-11-01,4.990799577300528
2012-11-02,6.0407953550693865
2012-11-03,8.822480561415109
2012-11-04,9.490016067435548
2012-11-05,2.136070363600232
2012-11-06,0.3284183276199736
2012-11-07,0.523616681514219
2012-11-08,0.12888381830064016
2012-11-09,0.96074530819086
2012-11-10,5.079584458547522
2012-11-11,2.03205748391305
2012-11-12,0.053847319457748725
2012-11-13,0.003660036598885556
2012-11-14,0.005461221977358745
2012-11-15,0.03918151498535027
2012-11-16,0.04522563086116445
2012-11-17,0.03749513242278193
2012-11-18,0.1377899174232623
2012-11-19,0.023436160950280983
2012-11-20,0.031416954719260586
2012-11-21,0.2919826797831936
2012-11-22,0.1626387230054271
2012-11-23,1.2811974723509925
2012-11-24,0.5917216430166535
2012-11-25,0.39037169657177356
2012-11-26,3.9407659079111825
2012-11-27,2.4501473223005874
2012-11-28,2.1054307364120075
2012-11-29,0.8280546637197975
2012-11-30,0.2610347131176798
2012-12-01,0.5258143201556744
2012-12-02,1.9762819012782267
2012-12-03,4.392989554724657
2012-12-04,4.498785780420075
2012-12-05,2.1410760530445656
2012-12-06,0.8788485079056317
2012-12-07,2.757019315105283
2012-12-08,0.07011194267294076
2012-12-09,1.569361741405286
2012-12-10,1.1588268100199723
2012-12-11,0.2329493422214114
2012-12-12,0.0016615991050666832
2012-12-13,1.346929302068869
2012-12-14,7.403092933142404
2012-12-15,5.81136163628599
2012-12-16,5.251546474469876
2012-12-17,3.262883287162912
2012-12-18,0.6609162716728451
2012-12-19,0.06447966884521315
2012-12-20,6.592452931145071
2012-12-21,5.110127673321259
2012-12-22,9.633219243994896
2012-12-23,7.992101080355301
2012-12-24,4.041680151306919
2012-12-25,5.236035314360198
2012-12-26,4.64886774063541
2012-12-27,6.359010626155922
2012-12-28,1.7194836384851548
2012-12-29,1.7337129845704942
2012-12-30,1.4370737997870566
2012-12-31,2.214165122505117
2013-01-01,2.9537208265873223
2013-01-02,0.13427234091820076
2013-01-03,0.5413434175711932
2013-01-04,0.8623674709449489
2013-01-05,0.6084925064837914
2013-01-06,0.7857898544264589
2013-01-07,0.0735687680254603
2013-01-08,0.08591180863281749
2013-01-09,0.40867520532797663
2013-01-10,0.8188266288458697
2013-01-11,0.7652793416228285
2013-01-12,0.494136996390593
2013-01-13,0.15504935291061536
2013-01-14,0.20207197690078316
2013-01-15,0.9465531182045768
2013-01-16,0.2666968956502807
2013-01-17,0.20024633203103817
2013-01-18,0.10877445810801287
2013-01-19,1.292335350915007
2013-01-20,3.995896520620813
2013-01-21,1.8192049435504085
2013-01-22,0.7989307782737232
2013-01-23,0.10962908656193585
2013-01-24,0.09003657266709063
2013-01-25,0.12374574682366579
2013-01-26,0.23631422597328394
2013-01-27,3.6097323108153585
2013-01-28,6.613304171575555
2013-01-29,11.278481704953197
2013-01-30,6.9333873409804445
2013-01-31,5.318815371558233
2013-02-01,10.529713637798551
2013-02-02,7.1534633630082265
2013-02-03,6.037559499848455
2013-02-04,5.435400289981521
2013-02-05,6.1013239968368875
2013-02-06,6.438317224144648
2013-02-07,3.0799974250728583
2013-02-08,1.2296874791615984
2013-02-09,0.35916943536137064
2013-02-10,0.7451495904700356
2013-02-11,1.82624339599099
2013-02-12,0.07182581925659536
2013-02-13,0.05830901645656074
2013-02-14,1.7036654635672466
2013-02-15,0.48987085397778124
2013-02-16,0.10140562894712424
2013-02-17,0.02950432591730655
2013-02-18,0.0012704786599268083
2013-02-19,0.11289789943496799
2013-02-20,0.07327790508133647
2013-02-21,0.07073518155744367
2013-02-22,0.13350789843863478
2013-02-23,0.4403938652056794
2013-02-24,0.8725218071613637
2013-02-25,1.0312376086455153
2013-02-26,0.27431530145119754
2013-02-27,0.05210009627474918
2013-02-28,0.034109109388554514
2013-03-01,0.03384034600848186
2013-03-02,0.008511511744165277
2013-03-03,0.0038591290279561086
2013-03-04,0.0016968747573876486
2013-03-05,0.035559459776764266
2013-03-06,1.405225895165753
2013-03-07,1.480666966684188
2013-03-08,1.4173529896684856
2013-03-09,0.9833838025227877
2013-03-10,0.8751544869369724
2013-03-11,1.1479131814565091
2013-03-12,2.344929601401643
2013-03-13,0.4245779363719827
2013-03-14,0.2072665898881614
2013-03-15,0.006536750569713223
2013-03-16,4.688167019558522
2013-03-17,7.207464609952526
2013-03-18,1.8782601986289067
2013-03-19,2.2568530731981533
2013-03-20,2.180650478708224
2013-03-21,0.18332090256980174
2013-03-22,1.281967728220484
2013-03-23,1.074520179144238
2013-03-24,1.0632522380547047
2013-03-25,0.7278975033612815
2013-03-26,0.03305891194507766
2013-03-27,0.025824398629951877
2013-03-28,0.21036929814867905
2013-03-29,0.10591352972147292
2013-03-30,0.16310817666895142
2013-03-31,0.1522581445273107
2013-04-01,0.0008626153306519788
2013-04-02,0.003101511605611603
2013-04-03,0.060391140343313436
2013-04-04,0.00746028447990603
2013-04-05,0.18544199355086174
2013-04-06,0.16603331712616778
2013-04-07,0.02112245807209842
2013-04-08,3.4265570960877567
2013-04-09,8.734809464573402
2013-04-10,9.321110944385465
2013-04-11,15.478508421993437
2013-04-12,9.48608236470337
2013-04-13,0.977814427635858
2013-04-14,0.23891878704121938
2013-04-15,0.3876768607592546
2013-04-16,0.4319842126431032
2013-04-17,0.07485806307733173
2013-04-18,0.032504986206378345
2013-04-19,0.1786266396865101
2013-04-20,0.31648770330957965
2013-04-21,0.043642393591657946
2013-04-22,0.020374524107947753
2013-04-23,0.012156162191408987
2013-04-24,0.00018168817791699185
2013-04-25,0.00020313211830315378
2013-04-26,3.7314968883106054
2013-04-27,3.776735987933583
2013-04-28,0.8354309140908222
2013-04-29,3.862408787441902
2013-04-30,4.801035163829653
2013-05-01,1.2765001515062921
2013-05-02,2.607366432712976
2013-05-03,5.876691224919261
2013-05-04,3.065663142892776
2013-05-05,0.13219575153203983
2013-05-06,0.6410221647995215
2013-05-07,2.751802908706802
2013-05-08,2.1281172955160015
2013-05-09,1.8480038304516901
2013-05-10,1.2954868291856387
2013-05-11,1.6161828022915592
2013-05-12,2.134774458325175
2013-05-13,1.6377342392069687
2013-05-14,1.2845604329046256
2013-05-15,3.6439706306298953
2013-05-16,6.333976756568782
2013-05-17,4.6717920668918405
2013-05-18,0.8108877379718735
2013-05-19,9.978991313265128
2013-05-20,8.561883498747052
2013-05-21,3.798236656141193
2013-05-22,2.8926541385633544
2013-05-23,3.220946210897725
2013-05-24,1.2832196773533748
2013-05-25,1.0021565816455864
2013-05-26,1.0805165751774408
2013-05-27,0.01915105044169148
2013-05-28,5.601157609262897
2013-05-29,4.077003226348267
2013-05-30,1.5370086533548608
2013-05-31,3.4445302978653474
2013-06-01,0.3357764837052227
2013-06-02,0.18726595013251154
2013-06-03,0.4592120363726671
2013-06-04,0.0005046538564980891
2013-06-05,0.03849081760035873
2013-06-06,0.0029924580294177832
2013-06-07,0.012996760780343324
2013-06-08,1.1495896750557757
2013-06-09,6.2941257082186866
2013-06-10,1.6600321544786178
2013-06-11,0.9910855579303431
2013-06-12,1.9388477640845787
2013-06-13,5.77367621235464
2013-06-14,3.3070724996907264
2013-06-15,3.1968866369227933
2013-06-16,0.5454207967673143
2013-06-17,0.668802965105224
2013-06-18,1.2873271003033457
2013-06-19,4.52799028423646
2013-06-20,9.096261821395736
2013-06-21,1.4287514586912298
2013-06-22,0.8385657170341547
2013-06-23,1.159131438817579
2013-06-24,1.3983541132866464
2013-06-25,0.9598474723240692
2013-06-26,0.5014065593674407
2013-06-27,1.9320402505450547
2013-06-28,1.0062759524857967
2013-06-29,2.775802516464383
2013-06-30,0.1489716222861378
2013-07-01,0.265431564694479
2013-07-02,0.44300686502770953
2013-07-03,3.7099281342293184
2013-07-04,0.3177678898312855
2013-07-05,0.19147250138335695
2013-07-06,0.07448538879739378
2013-07-07,0.10422657280295368
2013-07-08,0.0016025344674819486
2013-07-09,0.015935702945347574
2013-07-10,0.008805317351628756
2013-07-11,0.09993567824009529
2013-07-12,0.005483422395926041
2013-07-13,0.009044186455469467
2013-07-14,0.003370549659119585
2013-07-15,0.017055353701265503
2013-07-16,3.5246975592570936e-05
2013-07-17,0.014314691077439587
2013-07-18,0.19429087351744376
2013-07-19,0.006506800444925233
2013-07-20,0.00036947416783654794
2013-07-21,0.0015690729251521404
2013-07-22,3.052253531043032
2013-07-23,4.600903949953774
2013-07-24,4.926006988567405
2013-07-25,3.9369598126582743
2013-07-26,4.022172075219894
2013-07-27,1.8679302705932086
2013-07-28,4.607747492171582
2013-07-29,4.003017723706614
2013-07-30,0.5303621875199716
2013-07-31,0.2388658349851857
2013-08-01,0.0007829027787594334
2013-08-02,0.00038835197457843813
2013-08-03,0.46772914700280244
2013-08-04,0.47960292213809264
2013-08-05,0.3500561627723856
2013-08-06,4.756629708093139
2013-08-07,7.697661118422413
2013-08-08,3.996133808989523
2013-08-09,0.32139785327162035
2013-08-10,0.17402633121910646
2013-08-11,0.07497372883665011
2013-08-12,0.5189426047820961
2013-08-13,0.08683023463245583
2013-08-14,0.04532085247492995
2013-08-15,0.0008232291404943732
2013-08-16,0.0008391566468391698
2013-08-17,0.02320607737135273
2013-08-18,0.6902331048941831
2013-08-19,2.2337298379466057
2013-08-20,0.0003617338507741754
2013-08-21,0.000510846268956147
2013-08-22,0.001770794160969706
2013-08-23,0.06428691385324888
2013-08-24,5.919554159532397
2013-08-25,3.512101806710683
2013-08-26,3.2687127926101027
2013-08-27,1.4913627791953372
2013-08-28,0.1393441108517471
2013-08-29,0.054643444248070785
2013-08-30,0.04671336002211986
2013-08-31,0.35209434967016434
2013-09-01,0.4162454900048906
2013-09-02,0.07971712830839336
2013-09-03,0.0009427001346501791
2013-09-04,0.0006788608058294205
2013-09-05,0.0008784328430844867
2013-09-06,0.19044113581750371
2013-09-07,9.904404056401841
2013-09-08,15.406127885796502
2013-09-09,4.11945784500381
2013-09-10,2.7676702849423953
2013-09-11,3.239097894282034
2013-09-12,2.5237718612226114
2013-09-13,2.4280219606202667
2013-09-14,5.501082670414326
2013-09-15,5.175226696633208
2013-09-16,4.423556290611627
2013-09-17,4.7454840898450055
2013-09-18,3.78502412457578
2013-09-19,0.5259035077372871
2013-09-20,0.45153002610041965
2013-09-21,0.0057318590844147345
2013-09-22,0.008796658228056623
2013-09-23,0.013408882181664323
2013-09-24,0.0011271193442327165
2013-09-25,0.04968883297069863
2013-09-26,0.2964026920351829
2013-09-27,0.016242809200359875
2013-09-28,0.10755349088528168
2013-09-29,0.20751595399040323
2013-09-30,0.09828814759257098
2013-10-01,0.12406411376349728
2013-10-02,0.2695856962918706
2013-10-03,1.3522761083810801
2013-10-04,4.537485457087521
2013-10-05,7.2256928254894115
2013-10-06,1.7975210712796204
2013-10-07,0.15151506394493985
2013-10-08,0.15123533252042867
2013-10-09,1.2467201500143104
2013-10-10,2.623522327488497
2013-10-11,1.474449502651244
2013-10-12,1.6689749490223893
2013-10-13,3.278684300245443
2013-10-14,8.052990526380666
2013-10-15,5.614890814129245
2013-10-16,1.6694421884790314
2013-10-17,0.7044062238043565
2013-10-18,0.12293422524183656
2013-10-19,1.3007302792566335
2013-10-20,6.553694725086897
2013-10-21,0.5470377598824783
2013-10-22,3.3529292846530763
2013-10-23,5.097158989069626
2013-10-24,1.1272797191284578
2013-10-25,2.624275866753003
2013-10-26,6.153761857682124
2013-10-27,9.05136831947149
2013-10-28,4.2631739495600405
2013-10-29,0.07384142975699519
2013-10-30,0.022691464999965678
2013-10-31,0.001464065227335415
2013-11-01,4.16280563218756
2013-11-02,8.033681061086556
2013-11-03,7.5204336068656295
2013-11-04,6.6157721363341215
2013-11-05,4.632682551227883
2013-11-06,4.088706957785329
2013-11-07,4.922853302873875
2013-11-08,9.54535031095242
2013-11-09,5.525115591839207
2013-11-10,4.339985602553943
2013-11-11,0.004154011249599211
2013-11-12,0.244186832536508
2013-11-13,0.34196517407429305
2013-11-14,0.5695115991167791
2013-11-15,0.08069107497710852
2013-11-16,0.024576075043242405
2013-11-17,0.05013378840754656
2013-11-18,0.0916150010786058
2013-11-19,4.657519329990772
2013-11-20,3.19674853345607
2013-11-21,4.0036281413773525
2013-11-22,3.8733927778021853
2013-11-23,0.4596749694815677
2013-11-24,0.3545287283581716
2013-11-25,0.27928100298196384
2013-11-26,0.030507564080819255
2013-11-27,0.023044948530629255
2013-11-28,0.899531182887601
2013-11-29,2.63739137262013
2013-11-30,1.1054984841090394
2013-12-01,0.0219013005566683
2013-12-02,0.019530616644573222
2013-12-03,0.0026411720990970238
2013-12-04,0.19371978799489975
2013-12-05,0.7408333878684807
2013-12-06,0.6796116126930408
2013-12-07,0.47397131280687727
2013-12-08,0.08005259796598606
2013-12-09,0.05032600508285196
2013-12-10,0.0017608257518202351
2013-12-11,0.010068772139596144
2013-12-12,0.012842962025399442
2013-12-13,0.015006196334448507
2013-12-14,0.4220849696929448
2013-12-15,0.06692732766939535
2013-12-16,0.00032613376736440194
2013-12-17,0.015441705688650848
2013-12-18,0.0728256908268672
2013-12-19,4.585602749074658
2013-12-20,3.0125293633761134
2013-12-21,2.117762589497678
2013-12-22,2.408780317253995
2013-12-23,1.622132318003434
2013-12-24,4.517551828699293
2013-12-25,9.140718956795315
2013-12-26,5.6326852049191
2013-12-27,0.13599177844636787
2013-12-28,4.462388202463516
2013-12-29,2.0395445879723786
2013-12-30,0.8926258624153872
2013-12-31,0.2185388049252789
2014-01-01,1.1110909764450496
2014-01-02,2.929536130866391
2014-01-03,2.1628893167696988
2014-01-04,5.766152470757454
2014-01-05,3.465587361198133
2014-01-06,3.825476751419312
2014-01-07,1.4405757602823135
2014-01-08,1.1790606413365274
2014-01-09,2.3290331019355532
2014-01-10,0.2037286691908828
2014-01-11,0.39474253842626256
2014-01-12,0.013884874059499917
2014-01-13,1.602832464151652
2014-01-14,1.2339293583876432
2014-01-15,1.7713904356406716
2014-01-16,2.416714077921983
2014-01-17,0.3869946129396007
2014-01-18,0.5998519532490743
2014-01-19,1.2313403356445838
2014-01-20,1.8282079844542063
2014-01-21,0.41093499400882105
2014-01-22,0.03213510575015707
2014-01-23,1.468613449367682
2014-01-24,1.3839576612457152
2014-01-25,3.199527112171513
2014-01-26,6.786182438445571
2014-01-27,3.3212737815152966
2014-01-28,0.11852535579885615
2014-01-29,0.3053192368630433
2014-01-30,0.3147573599740785
2014-01-31,0.0407349903848178
2014-02-01,3.590106910924871
2014-02-02,0.151450931910033
2014-02-03,0.1268224022940434
2014-02-04,0.21499067644509012
2014-02-05,2.3664616720492013
2014-02-06,1.8547596534517754
2014-02-07,2.999909429811419
2014-02-08,3.481747340723616
2014-02-09,2.599197584195005
2014-02-10,3.675975772611706
2014-02-11,2.2489883514329514
2014-02-12,3.546926604946794
2014-02-13,5.965104894386753
2014-02-14,4.613825292729214
2014-02-15,5.264890466411742
2014-02-16,1.0278988793135528
2014-02-17,0.00514997904139485
2014-02-18,2.0591688754963613
2014-02-19,2.0379581174880768
2014-02-20,1.6872128691283397
2014-02-21,1.6787721604554404
2014-02-22,1.3021188707627411
2014-02-23,0.0411892850735573
2014-02-24,0.0002238819033101998
2014-02-25,0.5778162408252514
2014-02-26,1.5618720814067757
2014-02-27,2.196560582272227
2014-02-28,1.9709678687458103
2014-03-01,0.26280532538765333
2014-03-02,0.06572079197041893
2014-03-03,0.4362668957298305
2014-03-04,0.08045823574079461
2014-03-05,0.012863374400251116
2014-03-06,0.0004902540836454064
2014-03-07,0.011083802501607605
2014-03-08,0.0005734775829284253
2014-03-09,0.0006076140203809513
2014-03-10,0.0003233520022898935
2014-03-11,0.00016077642611981931
2014-03-12,0.000187343367909241
2014-03-13,0.0006597263661271633
2014-03-14,0.0005147895279614426
2014-03-15,1.0124034698100088
2014-03-16,0.015660264567037747
2014-03-17,0.022551602183594872
2014-03-18,0.13070504165097374
2014-03-19,0.09941064339153867
2014-03-20,0.00023513860872798092
2014-03-21,1.4697862782565994
2014-03-22,4.440524211592696
2014-03-23,2.2262634036783946
2014-03-24,1.424948630685806
2014-03-25,0.41048284704026794
2014-03-26,0.34265339205997714
2014-03-27,0.17029098436483617
2014-03-28,0.01208478614819563
2014-03-29,0.00045308276584678415
2014-03-30,1.341606037315427
2014-03-31,0.39154135908267845
2014-04-01,0.07054331188769694
2014-04-02,0.088838117586792
2014-04-03,1.8105101859138109
2014-04-04,3.7321066739822593
2014-04-05,0.6582245131147234
2014-04-06,0.014414977102786731
2014-04-07,0.4146427246258592
2014-04-08,0.5636814760015628
2014-04-09,0.013812462106094759
2014-04-10,0.0023780565194305024
2014-04-11,0.02902481564920701
2014-04-12,0.0199096705058657
2014-04-13,0.055687784594240654
2014-04-14,0.11923840229435553
2014-04-15,0.013204669482971144
2014-04-16,0.0009424406763265346
2014-04-17,0.06408591393653493
2014-04-18,0.5097107247742175
2014-04-19,0.3404896502293049
2014-04-20,0.32061608115459933
2014-04-21,0.7946932556459544
2014-04-22,0.5746461129870523
2014-04-23,0.5790972115437201
2014-04-24,0.9487292760457879
2014-04-25,0.8849431693790358
2014-04-26,1.7340465298233307
2014-04-27,2.8639916297473604
2014-04-28,2.1714081044903697
2014-04-29,1.7845979610808387
2014-04-30,3.162175093135151
2014-05-01,5.787169059649598
2014-05-02,2.6837490931014663
2014-05-03,0.2478732384770936
2014-05-04,0.0005703206590161947
2014-05-05,0.0014713876344471313
2014-05-06,1.6065138570598998
2014-05-07,4.400790205253959
2014-05-08,7.556420790327963
2014-05-09,5.535803742361426
2014-05-10,7.612054027205601
2014-05-11,5.178569897433644
2014-05-12,3.145512775391947
2014-05-13,2.097040169799746
2014-05-14,0.9414227461143997
2014-05-15,0.10303047852153298
2014-05-16,0.007020689235712037
2014-05-17,0.00024592456064682715
2014-05-18,0.005093401963378964
2014-05-19,0.0835572427135245
2014-05-20,0.20702765334995932
2014-05-21,3.864153072644958
2014-05-22,5.035048267009664
2014-05-23,6.013036596634556
2014-05-24,3.2177819408956316
2014-05-25,1.8486314709238845
2014-05-26,2.197088046799209
2014-05-27,1.259771434432368
2014-05-28,0.5728203807242574
2014-05-29,0.4094162623763021
2014-05-30,0.1863395060149223
2014-05-31,0.011205776328633484
2014-06-01,0.35722404142434305
2014-06-02,0.41353805420814943
2014-06-03,0.37342278406480156
2014-06-04,1.7371841043003713
2014-06-05,0.15044722198022786
2014-06-06,5.952257247442501e-05
2014-06-07,0.04524139991255488
2014-06-08,0.07008017931945491
2014-06-09,0.2582569157100783
2014-06-10,2.099722619512342
2014-06-11,1.8996591951465993
2014-06-12,0.20263134671834698
2014-06-13,0.00923064925330011
2014-06-14,0.06615596055102316
2014-06-15,0.060360511085416964
2014-06-16,0.06587603928650432
2014-06-17,0.26566994032178315
2014-06-18,0.09104455898414007
2014-06-19,0.07329620896630833
2014-06-20,0.14505627924466244
2014-06-21,0.10051489857735511
2014-06-22,0.01777242241010183
2014-06-23,0.4701778117485528
2014-06-24,0.16875295531598683
2014-06-25,0.03909193454835147
2014-06-26,0.002457522769003406
2014-06-27,2.1650641459212707
2014-06-28,8.049493482066769
2014-06-29,5.873757791095068
2014-06-30,0.5825966019408214
2014-07-01,0.08871231443110675
2014-07-02,0.028159030944650398
2014-07-03,0.00045069886911223186
2014-07-04,2.9474692456204297
2014-07-05,5.245830573165574
2014-07-06,10.670306859112477
2014-07-07,11.604106237275259
2014-07-08,12.020520502974328
2014-07-09,8.644847063053467
2014-07-10,2.810341681808819
2014-07-11,4.025779968872292
2014-07-12,3.2907455984740186
2014-07-13,3.0759002028964213
2014-07-14,0.6490729972412708
2014-07-15,0.053696618788023
2014-07-16,0.007244789496295149
2014-07-17,0.002900677782914607
2014-07-18,0.00018522799221523304
2014-07-19,0.07286352788306108
2014-07-20,5.662410702801036
2014-07-21,9.47448091098576
2014-07-22,7.634985192025255
2014-07-23,0.09875406145823612
2014-07-24,0.851483807869924
2014-07-25,1.2845357789198264
2014-07-26,0.948451800213461
2014-07-27,0.8175306134188375
2014-07-28,5.613426531126027
2014-07-29,9.24095366621073
2014-07-30,3.899309344496359
2014-07-31,0.06179049295549022
2014-08-01,0.09605919832198948
2014-08-02,2.523519819053007
2014-08-03,2.933419719236928
2014-08-04,2.9387993657902434
2014-08-05,0.41518991996854
2014-08-06,0.9281710319293694
2014-08-07,0.8668525604334256
2014-08-08,4.347204277389383
2014-08-09,7.32462581471683
2014-08-10,7.650245684322327
2014-08-11,0.9687505690330542
2014-08-12,0.7448067077190399
2014-08-13,5.00213048471006
2014-08-14,2.1116320933838453
2014-08-15,2.5173160915355686
2014-08-16,0.5882688016932425
2014-08-17,0.3699062853224199
2014-08-18,0.6750213738044124
2014-08-19,0.3675322183858236
2014-08-20,0.23882121052170896
2014-08-21,0.1513676550956599
2014-08-22,0.14672648732299254
2014-08-23,0.8704757825640569
2014-08-24,0.2697379907960846
2014-08-25,9.046682143322306
2014-08-26,11.542747511629425
2014-08-27,4.272299113059392
2014-08-28,0.8018267654362462
2014-08-29,0.8945926775020034
2014-08-30,1.4536565245536313
2014-08-31,3.8695074177155258
2014-09-01,0.1006816566012804
2014-09-02,0.06954447060228473
2014-09-03,0.10828182977049315
2014-09-04,0.20185892916176126
2014-09-05,0.472053047989651
2014-09-06,0.8365310126262163
2014-09-07,0.4524936199386348
2014-09-08,0.3100963557585011
2014-09-09,0.14229998893434917
2014-09-10,0.1099734181189512
2014-09-11,0.3594329015499308
2014-09-12,0.7556462902149905
2014-09-13,0.4712195444576414
2014-09-14,0.34778849214378266
2014-09-15,0.22974426630879405
2014-09-16,0.1834527194415167
2014-09-17,0.1289531031205703
2014-09-18,2.056072323109434
2014-09-19,5.77493474319339
2014-09-20,4.244487773951517
2014-09-21,4.986772025364322
2014-09-22,0.1281937056581361
2014-09-23,0.0005130953237093725
2014-09-24,0.2494131629400229
2014-09-25,0.19687216455575143
2014-09-26,0.02571797125392877
2014-09-27,0.027308260300720734
2014-09-28,0.00048510959838278446
2014-09-29,0.22077643437463282
2014-09-30,0.5418005428555243
2014-10-01,0.12775010894807612
2014-10-02,0.01839787763522197
2014-10-03,0.0015846115051607508
2014-10-04,0.08473694430843665
2014-10-05,1.9316749456361888
2014-10-06,2.2617525879918383
2014-10-07,8.996318773960427
2014-10-08,7.036991251522114
2014-10-09,7.447323718525064
2014-10-10,5.333921203768004
2014-10-11,6.852464546095596
2014-10-12,8.857900949517031
2014-10-13,5.413307998991321
2014-10-14,0.5876098998768371
2014-10-15,2.0856770430597136
2014-10-16,1.898324370907971
2014-10-17,2.326416960023299
2014-10-18,0.03252015790289669
2014-10-19,0.3050673610531154
2014-10-20,1.415183109663506
2014-10-21,3.749631754207473
2014-10-22,1.042704453012356
2014-10-23,0.08359954212064437
2014-10-24,0.1563466030434202
2014-10-25,0.23913198568273636
2014-10-26,0.028664814496116166
2014-10-27,0.02136899335134329
2014-10-28,0.023702550696520698
2014-10-29,0.31599781801408966
2014-10-30,0.0412186633346903
2014-10-31,0.0011698391829242521
2014-11-01,0.0016277917068254534
2014-11-02,1.30968845657437
2014-11-03,6.716016302745762
2014-11-04,17.768074340271966
2014-11-05,9.312792697943246
2014-11-06,0.15110691065262144
2014-11-07,0.31955278418075106
2014-11-08,0.06119166544433195
2014-11-09,2.0732654609869776
2014-11-10,1.5149135390667585
2014-11-11,1.7509148336860856
2014-11-12,2.0902397794856498
2014-11-13,0.4926676976283466
2014-11-14,2.7336469693114482
2014-11-15,5.3117984776764
2014-11-16,3.697118886590263
2014-11-17,2.338649218747856
2014-11-18,1.2779198026934422
2014-11-19,0.13025500922049177
2014-11-20,0.004473807449228444
2014-11-21,0.05775080799642141
2014-11-22,0.011666021033365276
2014-11-23,0.018672429710433463
2014-11-24,0.08377746083546866
2014-11-25,0.03338105347380031
2014-11-26,0.4268270118008822
2014-11-27,0.4954055472831265
2014-11-28,0.0021965233816726116
2014-11-29,0.0011548188372054401
2014-11-30,0.02697881809216757
2014-12-01,0.09971334039914412
2014-12-02,0.2826846394826202
2014-12-03,0.23613420746991495
2014-12-04,0.038186407002579636
2014-12-05,0.13682956829893872
2014-12-06,0.5873247918374574
2014-12-07,1.1239864156793287
2014-12-08,1.3264643015286752
2014-12-09,0.5189693745887557
2014-12-10,1.593396257627099
2014-12-11,3.3483314949523435
2014-12-12,5.862087127070614
2014-12-13,7.988199971202077
2014-12-14,4.310072036862653
2014-12-15,1.8047010504642853
2014-12-16,1.5356649072896538
2014-12-17,5.054394835098241
2014-12-18,3.0844079563629623
2014-12-19,3.1168638251413716
2014-12-20,1.042929129838932
2014-12-21,1.2005718829689378
2014-12-22,0.5398879208758
2014-12-23,0.4263012929508731
2014-12-24,1.1264283172385932
2014-12-25,1.5907669512488647
2014-12-26,0.8219752066140111
2014-12-27,7.623346076280795
2014-12-28,1.8974484681881136
2014-12-29,1.0349595650105519
2014-12-30,0.4364422748058731
2014-12-31,0.12162186295995218
2015-01-01,0.021750583010177574
2015-01-02,3.2378835061574476
2015-01-03,7.048907055330736
2015-01-04,0.7506450909509406
2015-01-05,0.013348300211749492
2015-01-06,0.015391668682535819
2015-01-07,0.2877872098867766
2015-01-08,3.331552521524299
2015-01-09,5.805207004484525
2015-01-10,4.412639579118212
2015-01-11,2.3083868256006985
2015-01-12,2.3791265814813896
2015-01-13,3.1641588109570895
2015-01-14,4.51228154348058
2015-01-15,6.9620723222281855
2015-01-16,7.176280787195924
2015-01-17,0.959939668670454
2015-01-18,0.009810156490097104
2015-01-19,0.20701796081158702
2015-01-20,0.139955297804935
2015-01-21,0.02226590225302325
2015-01-22,0.08432141073636351
2015-01-23,0.09654801738293121
2015-01-24,1.3013348366024
2015-01-25,1.2019057580663743
2015-01-26,2.646384659190228
2015-01-27,0.758192333518529
2015-01-28,6.216171403394117
2015-01-29,6.461360153606208
2015-01-30,4.324677397557404
2015-01-31,2.7350901941657106
2015-02-01,2.01618730911865
2015-02-02,0.7248747923713394
2015-02-03,0.031131095247179667
2015-02-04,0.04203873469830381
2015-02-05,0.5025909097235174
2015-02-06,0.23770187702435164
2015-02-07,0.21876112548104035
2015-02-08,0.6373521473967246
2015-02-09,0.3684103474726376
2015-02-10,0.12283003992522323
2015-02-11,0.003279086005434334
2015-02-12,0.003165934989905232
2015-02-13,0.0021663709258673003
2015-02-14,0.969988398903225
2015-02-15,0.35205958145112476
2015-02-16,0.012934864789968395
2015-02-17,0.05128458474236464
2015-02-18,0.03649996194106586
2015-02-19,0.0041929662793195425
2015-02-20,0.8247007870037131
2015-02-21,2.0098202205929256
2015-02-22,0.42696857879117445
2015-02-23,6.317942290060097
2015-02-24,0.7900118132965099
2015-02-25,0.902501874990155
2015-02-26,1.2298643592241472
2015-02-27,2.0355254352386756
2015-02-28,0.10916367482500758
2015-03-01,3.0844684936500077
2015-03-02,2.796499401230213
2015-03-03,1.1752352094958878
2015-03-04,0.337256791134692
2015-03-05,0.03132128088376874
2015-03-06,0.00598463591204111
2015-03-07,0.10320869301437997
2015-03-08,0.03301081371036878
2015-03-09,0.002304583816175342
2015-03-10,0.6915678617109443
2015-03-11,0.02380575969686619
2015-03-12,0.0008020672634115053
2015-03-13,0.00109632260608276
2015-03-14,0.09952253676486186
2015-03-15,0.2740955328109539
2015-03-16,0.1713570823561556
2015-03-17,0.000984934191581263
2015-03-18,0.003573784977298258
2015-03-19,0.013291174649986122
2015-03-20,0.0007659314066940766
2015-03-21,0.1942172080225629
2015-03-22,0.08163683534611844
2015-03-23,0.0005607073157414176
2015-03-24,0.729200598847459
2015-03-25,1.4285602357651892
2015-03-26,1.1147184011163822
2015-03-27,0.8016733092788413
2015-03-28,1.6742480177513792
2015-03-29,8.69204849121857
2015-03-30,6.1135127910252764
2015-03-31,4.561839723108604
2015-04-01,2.4794342006651497
2015-04-02,3.68949499718578
2015-04-03,2.1800625091337937
2015-04-04,3.711108839088131
2015-04-05,0.09728900065728979
2015-04-06,0.04366528518458395
2015-04-07,0.011513363844077563
2015-04-08,0.0012445298706407636
2015-04-09,0.0010028740402265482
2015-04-10,0.19853406488456785
2015-04-11,0.45497763452001433
2015-04-12,0.027894173968276106
2015-04-13,0.008960883883093023
2015-04-14,0.0005013764595552663
2015-04-15,0.010246205751537537
2015-04-16,1.1981104414616142
2015-04-17,0.6235221368520534
2015-04-18,0.0006379775964046058
2015-04-19,0.00046571158371755015
2015-04-20,0.00031592628690557933
2015-04-21,0.000730498357873271
2015-04-22,0.0006010602929216191
2015-04-23,0.0003471744832751426
2015-04-24,0.0005619121570538824
2015-04-25,2.6676302966180274
2015-04-26,6.781349882662415
2015-04-27,6.473153412841004
2015-04-28,0.9569324668281289
2015-04-29,0.013442099488676118
2015-04-30,2.945028807286768
2015-05-01,9.233097940564148
2015-05-02,4.825342868802358
2015-05-03,4.364361812148055
2015-05-04,2.3078239689091538
2015-05-05,3.0966882510291884
2015-05-06,0.3528307616443517
2015-05-07,0.26860155565051397
2015-05-08,0.41854043946120595
2015-05-09,0.3558757398733159
2015-05-10,0.0066425444176150105
2015-05-11,0.0014681346027591187
2015-05-12,0.31205050178646393
2015-05-13,1.1405050610875762
2015-05-14,1.7288969613593557
2015-05-15,1.9175477570065453
2015-05-16,0.21241835963287706
2015-05-17,0.1932825996451316
2015-05-18,0.07291307624693583
2015-05-19,0.30301063093368824
2015-05-20,0.727425375827437
2015-05-21,0.04582896491732142
2015-05-22,0.01684645425713354
2015-05-23,0.0901698783668596
2015-05-24,0.2680056158670082
2015-05-25,0.6660192258720321
2015-05-26,0.14436451116775623
2015-05-27,0.002305370579504326
2015-05-28,0.07982105214493453
2015-05-29,1.1037535815608028
2015-05-30,0.6452360832671491
2015-05-31,0.9055113365242541
2015-06-01,1.5790490317083152
2015-06-02,0.0793899473897699
2015-06-03,0.05701559159635648
2015-06-04,3.797482128166077e-05
2015-06-05,0.716724802606732
2015-06-06,2.4055197388545793
2015-06-07,1.2228249763510586
2015-06-08,0.720695620998006
2015-06-09,0.025964044426776706
2015-06-10,0.021589877030141494
2015-06-11,0.06302795945495951
2015-06-12,2.4369014618790867
2015-06-13,2.896901438349864
2015-06-14,1.2562584294307662
2015-06-15,0.47915250610945076
2015-06-16,0.13689700443276945
2015-06-17,0.0006112178622025487
2015-06-18,0.9745945422772648
2015-06-19,0.5572706603955976
2015-06-20,0.9288146463433059
2015-06-21,1.7253313243804822
2015-06-22,3.105935162218567
2015-06-23,0.9103636598437923
2015-06-24,0.015521238810255572
2015-06-25,0.0065518982317756234
2015-06-26,0.3653040821502023
2015-06-27,1.2932798575696622
2015-06-28,0.004882517099021332
2015-06-29,0.004894610863410373
2015-06-30,0.00037574664827469347
2015-07-01,0.00016954881640408076
2015-07-02,0.191210295776773
2015-07-03,0.3301284229508333
2015-07-04,0.5389351834595048
2015-07-05,1.4112468298503245
2015-07-06,0.02127701268887744
2015-07-07,1.2697537354639252
2015-07-08,0.91121837182774
2015-07-09,0.45920282254776007
2015-07-10,0.0005563437934271608
2015-07-11,0.0009192762409524316
2015-07-12,1.0159240447258386
2015-07-13,0.41773064482472505
2015-07-14,0.2495001003437706
2015-07-15,0.03782436819789603
2015-07-16,0.03703398909452192
2015-07-17,1.0073867999895456
2015-07-18,1.515036308113047
2015-07-19,1.7929123846618507
2015-07-20,0.2954264178866906
2015-07-21,0.11734239100079738
2015-07-22,0.5708221530688955
2015-07-23,0.2597897714595699
2015-07-24,1.2998190071451143
2015-07-25,2.106344457309527
2015-07-26,4.172642487944377
2015-07-27,2.1679019094964604
2015-07-28,1.3353683454220056
2015-07-29,1.0897186064185287
2015-07-30,0.779395078111316
2015-07-31,0.5674479816424873
2015-08-01,0.4672757616075437
2015-08-02,0.0007430559442125355
2015-08-03,0.0005584681464729355
2015-08-04,1.4753765720169711
2015-08-05,0.0007617551184787947
2015-08-06,0.010608335726951433
2015-08-07,1.477338524587173
2015-08-08,1.277503287224638
2015-08-09,2.9128663428807453
2015-08-10,2.3470802438069747
2015-08-11,0.1392184621323469
2015-08-12,0.19967169812952956
2015-08-13,4.360917544059084
2015-08-14,2.0216622223029015
2015-08-15,1.594392671548893
2015-08-16,1.3016032044974244
2015-08-17,0.5075795609620778
2015-08-18,0.0700547919828072
2015-08-19,0.027070858584436124
2015-08-20,0.014182877147362513
2015-08-21,0.0030451952411252887
2015-08-22,0.00014992110562533188
2015-08-23,2.849547323839949
2015-08-24,2.075634120515372
2015-08-25,0.8365177768876553
2015-08-26,2.113363945289999
2015-08-27,5.186045447253506
2015-08-28,2.3615973363593605
2015-08-29,0.08473142023646851
2015-08-30,0.001011420318373351
2015-08-31,0.156446716727412
2015-09-01,4.655937024179049
2015-09-02,0.1583267436129294
2015-09-03,0.14552848554091866
2015-09-04,0.18796058916332767
2015-09-05,0.4553730222455263
2015-09-06,0.31125394248659594
2015-09-07,0.19692557213600356
2015-09-08,0.10315318112892459
2015-09-09,0.0035935547626704477
2015-09-10,0.002927193080412067
2015-09-11,0.03247233736612518
2015-09-12,3.581099642192544
2015-09-13,6.17368285475967
2015-09-14,5.286498047417201
2015-09-15,3.0526466604234677
2015-09-16,18.020366399985228
2015-09-17,5.847382299370372
2015-09-18,1.1010366481597313
2015-09-19,0.7675798368636257
2015-09-20,0.20998333381440068
2015-09-21,0.24043822121589226
2015-09-22,2.574473410780937
2015-09-23,1.036003166639721
2015-09-24,0.022198115600962392
2015-09-25,0.11114931516629878
2015-09-26,0.048764713906611
2015-09-27,0.0013626157599182752
2015-09-28,0.0005338880270817307
2015-09-29,0.00045257995031607935
2015-09-30,0.0003904878052519969
2015-10-01,0.0002470540947983919
2015-10-02,0.0018603146015243061
2015-10-03,1.826043370361536
2015-10-04,3.8959470906824993
2015-10-05,4.706954205153564
2015-10-06,6.7021164642218976
2015-10-07,0.4040153996011609
2015-10-08,0.19515780233607807
2015-10-09,0.08024012689508556
2015-10-10,0.028282049368801333
2015-10-11,0.0027815226484496853
2015-10-12,0.0005475397747031152
2015-10-13,0.887241458443208
2015-10-14,0.8796143013584533
2015-10-15,0.7401722460503432
2015-10-16,0.6176552385874294
2015-10-17,0.5267228158606796
2015-10-18,0.2526265339710161
2015-10-19,0.22339391285596538
2015-10-20,0.2027231047320984
2015-10-21,0.05950581481187756
2015-10-22,0.34043026383174646
2015-10-23,0.20935163859883094
2015-10-24,0.12961810264518442
2015-10-25,0.12710567963072855
2015-10-26,0.0046024476174066405
2015-10-27,0.025370121783888984
2015-10-28,1.5348518615531195
2015-10-29,0.39287037982109807
2015-10-30,0.11608196087085688
2015-10-31,0.0025583359355848745
2015-11-01,0.004789595812075531
2015-11-02,0.0070520412821500926
2015-11-03,0.32567657175786163
2015-11-04,0.3388431526023169
2015-11-05,0.4084286813319774
2015-11-06,0.5672454032283836
2015-11-07,0.16086371826744428
2015-11-08,0.011814727602149643
2015-11-09,0.43454361605625763
2015-11-10,0.025986309866910768
2015-11-11,0.04706774650341748
2015-11-12,0.09147694250031536
2015-11-13,0.6275877056989186
2015-11-14,0.7356578154916651
2015-11-15,0.5136187132310096
2015-11-16,0.890131308913674
2015-11-17,2.5695433311359968
2015-11-18,1.5602556620891919
2015-11-19,8.19299274774153
2015-11-20,19.529922515251624
2015-11-21,8.267770463436833
2015-11-22,1.6316622143382846
2015-11-23,0.44012381433175
2015-11-24,1.714291428950979
2015-11-25,1.596099280591121
2015-11-26,0.1939842896746505
2015-11-27,0.058137886545544026
2015-11-28,1.4651324737061988
2015-11-29,5.735665500155335
2015-11-30,4.29755095744357
2015-12-01,2.379152184678758
2015-12-02,0.0318851418418705
2015-12-03,0.0003826350799942612
2015-12-04,1.029792789913364
2015-12-05,0.8960632566701875
2015-12-06,0.0905467240938919
2015-12-07,0.0032063892891267577
2015-12-08,0.3490180082257228
2015-12-09,0.6120357291763048
2015-12-10,0.028869502903412694
2015-12-11,0.7993467260061536
2015-12-12,0.5556461944263733
2015-12-13,0.0500126367958776
2015-12-14,0.0016866198651819275
2015-12-15,0.517609705236886
2015-12-16,2.4027891493098457
2015-12-17,0.41518061469981604
2015-12-18,0.5029200287044016
2015-12-19,0.0033432530663747087
2015-12-20,0.22127196325467607
2015-12-21,1.7933953991032714
2015-12-22,1.4727735963001145
2015-12-23,0.879140197385532
2015-12-24,0.996922106782678
2015-12-25,0.6605025548081531
2015-12-26,0.061287085010722685
2015-12-27,0.08451006128833453
2015-12-28,0.023096725087696304
2015-12-29,0.05866548655901836
2015-12-30,0.030806587020091567
2015-12-31,2.8736142070264754
2016-01-01,2.6585782645359526
2016-01-02,5.328649672176333
2016-01-03,6.707738610891133
2016-01-04,4.541338113490364
2016-01-05,3.0795833253444407
2016-01-06,2.459821798841789
2016-01-07,3.2750648042146473
2016-01-08,0.960507406965694
2016-01-09,1.9573428503795625
2016-01-10,5.925148784069325
2016-01-11,7.931218923197644
2016-01-12,5.314958379664461
2016-01-13,3.610542134083592
2016-01-14,3.557924707172897
2016-01-15,5.382086508580377
2016-01-16,2.2813023098489666
2016-01-17,0.7565913382474058
2016-01-18,0.0034098097289350514
2016-01-19,0.031645277978643555
2016-01-20,0.03473165188918295
2016-01-21,0.05572235262500699
2016-01-22,1.3933636396851017
2016-01-23,1.0776425717056004
2016-01-24,0.8431645535020669
2016-01-25,0.16703553960261813
2016-01-26,0.8634706117658609
2016-01-27,0.5696545616443622
2016-01-28,1.398499809897106
2016-01-29,0.8405633465307342
2016-01-30,7.137188789811724
2016-01-31,6.097501606077568
2016-02-01,3.2724930271882755
2016-02-02,3.3612769324197256
2016-02-03,2.63310133322895
2016-02-04,2.2722332834163033
2016-02-05,0.14585193175364228
2016-02-06,0.0732454616497188
2016-02-07,5.038823407471174
2016-02-08,8.925554262543788
2016-02-09,15.06287657836187
2016-02-10,7.4826786969100185
2016-02-11,2.7190841472901313
2016-02-12,2.1836999425678476
2016-02-13,2.9702867542809335
2016-02-14,1.55677339294158
2016-02-15,0.4801712731575799
2016-02-16,0.021721940656881437
2016-02-17,0.04316043676162318
2016-02-18,0.21893673913249329
2016-02-19,0.7132747069492208
2016-02-20,7.368931777986399
2016-02-21,3.279386220887648
2016-02-22,2.56483666913908
2016-02-23,3.0911535403003434
2016-02-24,0.6106031561918954
2016-02-25,0.4010418771838341
2016-02-26,0.025417385095493933
2016-02-27,0.0004405610422050286
2016-02-28,3.9900929894861923
2016-02-29,3.9595788917242416
2016-03-01,4.0625876482450245
2016-03-02,5.078321989364285
2016-03-03,5.068086302315857
2016-03-04,9.03272083237787
2016-03-05,5.414803260396938
2016-03-06,3.280178189769392
2016-03-07,1.6841949459678205
2016-03-08,0.19827533821445273
2016-03-09,0.00818597522615259
2016-03-10,0.00971769637164962
2016-03-11,0.01743050665301162
2016-03-12,0.0028817394943569754
2016-03-13,0.013805454382634426
2016-03-14,0.0022155335468636273
2016-03-15,0.2148529136480346
2016-03-16,0.06383883254317409
2016-03-17,0.0010141296670106144
2016-03-18,0.001702859415401701
2016-03-19,0.03131944077628033
2016-03-20,0.03771570439912695
2016-03-21,0.1633000772623665
2016-03-22,0.14033880275484972
2016-03-23,0.27587406968890704
2016-03-24,0.29817110098767335
2016-03-25,1.2592572622681744
2016-03-26,0.08351010334618454
2016-03-27,3.651190965916813
2016-03-28,6.54302830486538
2016-03-29,4.50872252022101
2016-03-30,5.071875040288696
2016-03-31,6.120371501888389
2016-04-01,4.5240423622832315
2016-04-02,5.959982105688567
2016-04-03,3.1596463222353233
2016-04-04,2.6148596652885083
2016-04-05,2.881254062342736
2016-04-06,0.5925495558811724
2016-04-07,0.6167452037852007
2016-04-08,0.19839128189454344
2016-04-09,0.009679016477083881
2016-04-10,0.012133298899126599
2016-04-11,0.5115261065738571
2016-04-12,1.8065448470423084
2016-04-13,3.9247246360046377
2016-04-14,1.9627766248602776
2016-04-15,6.668236415590821
2016-04-16,8.471383222201398
2016-04-17,2.789942848820655
2016-04-18,0.1345901688288113
2016-04-19,0.006148839369581349
2016-04-20,0.0005204573244201883
2016-04-21,0.02148327843244551
2016-04-22,0.0878700996821322
2016-04-23,1.3013247533937473
2016-04-24,1.7048791935850152
2016-04-25,2.9580567470131225
2016-04-26,2.9137037623910667
2016-04-27,1.4642344458931176
2016-04-28,0.6211220604455828
2016-04-29,0.2692721490899666
2016-04-30,4.123082777427084
2016-05-01,4.475141502108694
2016-05-02,0.0009701785074141366
2016-05-03,0.4236707135343034
2016-05-04,0.0006704311001343743
2016-05-05,0.0008089850581700661
2016-05-06,0.0009813447990950663
2016-05-07,0.02424713807866476
2016-05-08,0.022660983547756548
2016-05-09,0.7547958885029428
2016-05-10,4.607942551865401
2016-05-11,6.7139416254794835
2016-05-12,5.271950521326469
2016-05-13,4.43525565471248
2016-05-14,2.0616999139259233
2016-05-15,1.299230007981133
2016-05-16,1.1693242277528977
2016-05-17,0.14470019855641628
2016-05-18,1.218475332169897
2016-05-19,1.2521002498842968
2016-05-20,0.46435144954379554
2016-05-21,1.0458903509896769
2016-05-22,3.2587622536184244
2016-05-23,2.9693170550633132
2016-05-24,0.7363649007851497
2016-05-25,0.16435151299489834
2016-05-26,1.2855876984562782
2016-05-27,3.5822877278362015
2016-05-28,5.95085219595021
2016-05-29,11.380320745243251
2016-05-30,10.543089303225583
2016-05-31,2.6914057075985176
2016-06-01,5.717937457275687
2016-06-02,7.89822212834912
2016-06-03,7.9051557252673925
2016-06-04,11.548979166346232
2016-06-05,8.459238179040918
2016-06-06,4.526945788418233
2016-06-07,11.137011733575
2016-06-08,5.2281567180872655
2016-06-09,0.6742720124404529
2016-06-10,0.4193420699270679
2016-06-11,2.9942027587481057
2016-06-12,4.611392849693079
2016-06-13,5.842932405135363
2016-06-14,5.225881046034928
2016-06-15,5.041390006716596
2016-06-16,4.889599679182867
2016-06-17,5.795875095005626
2016-06-18,3.5436248792841565
2016-06-19,1.6724530689495405
2016-06-20,1.7639945784764803
2016-06-21,0.6927163810716898
2016-06-22,0.11700194281394403
2016-06-23,0.039832236631151936
2016-06-24,2.2088632367379746
2016-06-25,5.23429942425979
2016-06-26,0.5270813793776615
2016-06-27,0.5075905780182581
2016-06-28,0.5546137986024765
2016-06-29,0.35022246755633124
2016-06-30,0.5798861860282598
2016-07-01,0.7592369747448341
2016-07-02,1.1059769725451123
2016-07-03,0.4471657196449076
2016-07-04,0.49658378066419245
2016-07-05,0.3114212769922389
2016-07-06,0.07845801362562782
2016-07-07,0.0011072327565921306
2016-07-08,0.22882078215834414
2016-07-09,0.004441983416706726
2016-07-10,0.00265888133447552
2016-07-11,0.2988236302544697
2016-07-12,0.5177516563539968
2016-07-13,1.840172332772887
2016-07-14,1.1347734919166894
2016-07-15,0.12013662058663878
2016-07-16,0.06386676647155942
2016-07-17,0.11387062138314612
2016-07-18,0.10826516757804325
2016-07-19,1.942961528476484e-05
2016-07-20,0.4590935754399224
2016-07-21,9.512443760768102
2016-07-22,11.0627857474622
2016-07-23,3.378046381867435
2016-07-24,0.8539872322047585
2016-07-25,0.325833775220995
2016-07-26,0.7125237916519275
2016-07-27,0.03364041603668043
2016-07-28,1.425295680749553
2016-07-29,0.8981250253202971
2016-07-30,0.8241270409282149
2016-07-31,0.7229188365029812
2016-08-01,0.7177974906366472
2016-08-02,3.017832451412493
2016-08-03,2.32656748639424
2016-08-04,6.150987643131932
2016-08-05,0.8591663040691219
2016-08-06,0.37936008199898297
2016-08-07,0.0007244749177256386
2016-08-08,0.14515800250496821
2016-08-09,0.36334860185072476
2016-08-10,0.8088112594289658
2016-08-11,0.7995748182345943
2016-08-12,0.16190208177482657
2016-08-13,0.0004973477278418369
2016-08-14,0.005116212994573067
2016-08-15,0.05503364665875226
2016-08-16,0.08260287777933735
2016-08-17,0.21587513970624458
2016-08-18,1.553210031545473
2016-08-19,2.086537385239732
2016-08-20,2.076386340323896
2016-08-21,1.2474402367249742
2016-08-22,0.39539033493079656
2016-08-23,0.00012818496743456268
2016-08-24,0.0003139510021088643
2016-08-25,0.0003850041340845421
2016-08-26,0.03182420366372016
2016-08-27,0.3710361907394633
2016-08-28,0.5451583225211032
2016-08-29,0.33011058699501755
2016-08-30,0.002443186116258621
2016-08-31,0.01551205972803183
2016-09-01,0.04883202391055013
2016-09-02,0.19004521950372588
2016-09-03,0.14443109997488873
2016-09-04,6.341573416327478
2016-09-05,0.5401513635289252
2016-09-06,0.13136840994982957
2016-09-07,0.02114672232631297
2016-09-08,0.0033421244838821285
2016-09-09,0.003085474835859201
2016-09-10,0.11272118005886622
2016-09-11,0.04247539623639685
2016-09-12,0.08858445831165832
2016-09-13,0.0030110437285709598
2016-09-14,0.004971513616140101
2016-09-15,0.8373283917108847
2016-09-16,0.8317756883411022
2016-09-17,0.9792836532694085
2016-09-18,2.161053413943896
2016-09-19,0.21608795587145008
2016-09-20,0.17557231865884843
2016-09-21,0.1427731156015267
2016-09-22,0.0036405635856073286
2016-09-23,0.03296691643326697
2016-09-24,0.0009019917975186027
2016-09-25,0.16239123015174858
2016-09-26,0.3020965629326096
2016-09-27,0.18154575991359292
2016-09-28,0.1149491359447507
2016-09-29,0.01516682048297254
2016-09-30,1.2630909470297105
2016-10-01,4.397383335879559
2016-10-02,0.7449894695542089
2016-10-03,0.29555074413796406
2016-10-04,0.03273723516951036
2016-10-05,0.0011333844493895135
2016-10-06,0.01778250070274908
2016-10-07,0.14627383387397083
2016-10-08,0.3289399122672349
2016-10-09,0.42113256525056736
2016-10-10,0.2442325594211393
2016-10-11,0.15046307341581686
2016-10-12,0.22325537676649027
2016-10-13,0.2621873034001788
2016-10-14,2.0411243867226796
2016-10-15,0.12418505274693598
2016-10-16,0.0006998725006083418
2016-10-17,2.4591754724136567
2016-10-18,1.7966912502376922
2016-10-19,1.7176929857596783
2016-10-20,1.9728349435820196
2016-10-21,0.795890425438781
2016-10-22,1.2235725890071694
2016-10-23,6.851080768853557
2016-10-24,17.28480477458972
2016-10-25,9.078095687664263
2016-10-26,0.04317461283680616
2016-10-27,0.06655984107220889
2016-10-28,0.05086821628609098
2016-10-29,0.035686636968621885
2016-10-30,0.0016731041891175405
2016-10-31,0.0017769671768936258
2016-11-01,0.012179125246135503
2016-11-02,0.11731940890724514
2016-11-03,0.015470021385163225
2016-11-04,1.0400886723937839
2016-11-05,3.598465722381759
2016-11-06,0.6655601178092958
2016-11-07,0.5872622580824237
2016-11-08,0.7418295592685087
2016-11-09,3.192477641972262
2016-11-10,3.5138683922011666
2016-11-11,2.236619652463723
2016-11-12,0.26586910333014374
2016-11-13,0.6749532486821836
2016-11-14,0.04402798773887365
2016-11-15,0.5142442709422198
2016-11-16,2.0016183573462927
2016-11-17,3.0971689067302095
2016-11-18,5.45608789252008
2016-11-19,5.707918121411311
2016-11-20,6.278534412570347
2016-11-21,8.083948916175096
2016-11-22,6.814696754643693
2016-11-23,4.944462609600304
2016-11-24,3.354670115233371
2016-11-25,0.3575893022108196
2016-11-26,0.19464128840706998
2016-11-27,0.08875300083363867
2016-11-28,0.0019823123143641467
2016-11-29,0.000762613092420679
2016-11-30,0.0007366446552889688
2016-12-01,0.0156843862017849
2016-12-02,0.04913629619779274
2016-12-03,0.003277216381685189
2016-12-04,0.00012746544783159193
2016-12-05,0.00019701107811356916
2016-12-06,0.00133777316703265
2016-12-07,0.0025280954697154225
2016-12-08,0.023886159554092255
2016-12-09,0.02268276950814414
2016-12-10,0.015161967543547953
2016-12-11,0.26889841571775525
2016-12-12,0.08764595575904847
2016-12-13,0.15872626939222972
2016-12-14,0.005890097339440079
2016-12-15,0.006338438426264383
2016-12-16,0.006124916086429043
2016-12-17,0.013202220000926338
2016-12-18,0.11988725135106423
2016-12-19,0.11447140997095351
2016-12-20,0.7207654297918671
2016-12-21,0.006824800230649308
2016-12-22,1.068427216963642
2016-12-23,0.12962693303392547
2016-12-24,2.5036815769780634
2016-12-25,0.49379636781443614
2016-12-26,0.4157395778804842
2016-12-27,0.0055870311891741764
2016-12-28,0.008419558456338508
2016-12-29,0.00027589361406016414
2016-12-30,0.0004725560484426821
2016-12-31,0.01950768026783574
2017-01-01,0.06698707047768401
2017-01-02,0.400638526040594
2017-01-03,0.10872277674158008
2017-01-04,0.8113710091047137
2017-01-05,0.08554982940896826
2017-01-06,0.001574686988437122
2017-01-07,0.518714452771474
2017-01-08,0.5809060233274399
2017-01-09,0.5481403807055857
2017-01-10,2.400576679707188
2017-01-11,3.218702109841554
2017-01-12,5.534860012414981
2017-01-13,3.5869571617849005
2017-01-14,1.1845415455663149
2017-01-15,0.54627212382605
2017-01-16,0.19294733438963424
2017-01-17,0.008050432658570845
2017-01-18,0.0013450650952089786
2017-01-19,0.0005403150929882505
2017-01-20,0.0004478005318293625
2017-01-21,0.0003434389472736453
2017-01-22,0.0007390838432555341
2017-01-23,0.003993680279321194
2017-01-24,0.10925822648543104
2017-01-25,0.0032784533088123314
2017-01-26,0.0005490404112523324
2017-01-27,1.4340729859587913
2017-01-28,1.0184598257110018
2017-01-29,0.20153706715848876
2017-01-30,4.78802954719826
2017-01-31,2.261185878076069
2017-02-01,0.30957368030237614
2017-02-02,0.30024515237423827
2017-02-03,2.7332096051836308
2017-02-04,6.931601679525222
2017-02-05,6.890145971800483
2017-02-06,1.8818994032721972
2017-02-07,1.7942357361662196
2017-02-08,0.8711982936819379
2017-02-09,1.0087992175221003
2017-02-10,1.6878025372692103
2017-02-11,2.396069442984424
2017-02-12,0.6271251622867805
2017-02-13,0.0007579840938225351
2017-02-14,0.00033215827328638103
2017-02-15,0.00015092744055950473
2017-02-16,0.5588369739322007
2017-02-17,0.5001381721170749
2017-02-18,0.0178532642065519
2017-02-19,0.11083321024615606
2017-02-20,0.5864302014282192
2017-02-21,1.56191572901611
2017-02-22,1.237175147896529
2017-02-23,1.2062150964272988
2017-02-24,0.8658152387724
2017-02-25,0.04113366758180952
2017-02-26,0.25369302014345435
2017-02-27,4.975526633859489
2017-02-28,7.973972474888751
2017-03-01,5.784958987805468
2017-03-02,2.1242621706713587
2017-03-03,6.5527289521675725
2017-03-04,7.330199273032387
2017-03-05,5.053759147081648
2017-03-06,3.4302314593807695
2017-03-07,2.3970786620385574
2017-03-08,3.6882811158726887
2017-03-09,2.938256507818642
2017-03-10,0.008852717616456514
2017-03-11,0.003601371058657562
2017-03-12,0.001943952316235474
2017-03-13,0.0007343021388424165
2017-03-14,0.001902289422739388
2017-03-15,0.01986248345418871
2017-03-16,0.0007861364566473821
2017-03-17,2.134634702230097
2017-03-18,5.774472150351236
2017-03-19,2.4817008379710135
2017-03-20,1.0135556387609552
2017-03-21,1.5148873678644945
2017-03-22,0.7536847385225868
2017-03-23,0.7471359076769103
2017-03-24,2.583005685239799
2017-03-25,0.002838238907854748
2017-03-26,0.0015200581347340108
2017-03-27,0.0005658767549370886
2017-03-28,0.04213497771839392
2017-03-29,0.003098959000314114
2017-03-30,0.00070549147873061
2017-03-31,0.006809611154122634
2017-04-01,1.3513191224596053
2017-04-02,0.13175534687164323
2017-04-03,0.03768685335872231
2017-04-04,0.041496966084339316
2017-04-05,0.03418572396403048
2017-04-06,0.07530124622202236
2017-04-07,0.0024763881806785593
2017-04-08,0.0010562958406526031
2017-04-09,0.00047781103726572715
2017-04-10,0.6406056960178784
2017-04-11,0.2305015749725267
2017-04-12,0.006848339699850444
2017-04-13,0.06358664701791036
2017-04-14,0.06297601612859974
2017-04-15,0.7224456343373409
2017-04-16,0.8688807859878042
2017-04-17,1.517919565328966
2017-04-18,0.7194969001123815
2017-04-19,0.2873818506201329
2017-04-20,0.0006975555187580328
2017-04-21,0.012285455684679753
2017-04-22,0.18763246115523952
2017-04-23,0.0008406140238883278
2017-04-24,0.0008527134115539652
2017-04-25,2.751137358598821
2017-04-26,2.665773438347421
2017-04-27,1.4734122473655733
2017-04-28,0.739587132397364
2017-04-29,0.031323155385277995
2017-04-30,0.06351896641564005
2017-05-01,1.9052430264543865
2017-05-02,1.2069115942335504
2017-05-03,1.9725382236211302
2017-05-04,2.4058477386017234
2017-05-05,0.883275298247349
2017-05-06,2.5315343018378487
2017-05-07,2.058646875673457
2017-05-08,0.2565985982186223
2017-05-09,0.08351931066110406
2017-05-10,0.009199945307228282
2017-05-11,3.088239809665773
2017-05-12,4.606031110374331
2017-05-13,3.327183766912203
2017-05-14,1.9570957138325362
2017-05-15,0.021369016928190442
2017-05-16,0.0005392075013248248
2017-05-17,0.002264051185531807
2017-05-18,1.031672619840668
2017-05-19,3.1319267196529017
2017-05-20,0.10450292151803178
2017-05-21,0.00016951599807310422
2017-05-22,0.0020131322814643565
2017-05-23,0.4657087335983252
2017-05-24,0.2406968283406465
2017-05-25,0.0008910068582520522
2017-05-26,0.00023687538212746243
2017-05-27,0.9435849499257314
2017-05-28,0.9145904370056008
2017-05-29,0.07450743901764623
2017-05-30,1.3461697852870376
2017-05-31,0.03341251558601311
2017-06-01,0.9538474432054643
2017-06-02,2.8701448469067317
2017-06-03,6.4612459267946765
2017-06-04,3.976759326531576
2017-06-05,0.08206684164722969
2017-06-06,1.9017832713628775
2017-06-07,0.6456025462555429
2017-06-08,0.00044185475698956493
2017-06-09,1.6797719006246659
2017-06-10,0.001156657324349739
2017-06-11,0.20959146953394653
2017-06-12,0.15343891223996506
2017-06-13,0.08885007174704466
2017-06-14,0.07717861092882207
2017-06-15,2.411880188079422
2017-06-16,0.12758376722841244
2017-06-17,0.12465389136331276
2017-06-18,0.01055998199861445
2017-06-19,0.0010937622857998075
2017-06-20,0.0022240433510082097
2017-06-21,0.006226304665651467
2017-06-22,0.8562541533597846
2017-06-23,0.12108027882016471
2017-06-24,0.19180298007370558
2017-06-25,0.4067065732601129
2017-06-26,0.3546600170207191
2017-06-27,3.761975560081742
2017-06-28,6.321936280777503
2017-06-29,3.4126186837426613
2017-06-30,1.2917295462312082
2017-07-01,3.0164583008183827
2017-07-02,1.2249083037589457
2017-07-03,0.2657731205976646
2017-07-04,0.002022800522425115
2017-07-05,0.0037712119374082903
2017-07-06,1.7914787855529772
2017-07-07,1.4988279247815366
2017-07-08,0.36806746917383576
2017-07-09,3.1769471278220367
2017-07-10,6.7765987817998665
2017-07-11,4.5282201962774655
2017-07-12,3.2590343766573184
2017-07-13,0.06104705698173222
2017-07-14,0.22039048679687004
2017-07-15,0.1534196977497489
2017-07-16,0.16598635934162304
2017-07-17,0.20641674475582872
2017-07-18,0.4075668679424648
2017-07-19,0.9914925017763426
2017-07-20,2.933310449001294
2017-07-21,5.862645901001419
2017-07-22,3.363058889465871
2017-07-23,2.3394477972248104
2017-07-24,4.923057394236538
2017-07-25,3.2593818117066355
2017-07-26,2.071233881274725
2017-07-27,2.757904201741315
2017-07-28,1.3106977672710631
2017-07-29,1.4379793031116357
2017-07-30,3.361708175886953
2017-07-31,4.924131103687927
2017-08-01,5.6782310007691335
2017-08-02,0.7847972013921631
2017-08-03,1.2494529659253257
2017-08-04,0.1454367814239847
2017-08-05,0.2580599422290866
2017-08-06,0.0005648369438051861
2017-08-07,0.00024682048164001755
2017-08-08,3.94396064389494
2017-08-09,0.7262622960933678
2017-08-10,2.4732128231972084
2017-08-11,3.6734613007842314
2017-08-12,1.9896441774087348
2017-08-13,1.0631102943844473
2017-08-14,1.3416960546069017
2017-08-15,3.0493349170532706
2017-08-16,2.40904581780612
2017-08-17,1.871118716665972
2017-08-18,3.242827084911526
2017-08-19,0.898046715993418
2017-08-20,0.1455405496274967
2017-08-21,0.035724859592420964
2017-08-22,0.025324655653177
2017-08-23,0.0629462786542598
2017-08-24,0.1041342953317906
2017-08-25,1.0691502206110834
2017-08-26,1.0348311084404638
2017-08-27,0.7820362671536152
2017-08-28,0.013377374694716827
2017-08-29,0.00046147888725097584
2017-08-30,5.6697797407079635
2017-08-31,2.4213397504710623
2017-09-01,2.178841328374378
2017-09-02,3.01467725268322
2017-09-03,0.35227598894013235
2017-09-04,0.33298199544175744
2017-09-05,0.3254248525024258
2017-09-06,0.6052412078064471
2017-09-07,0.579058130263946
2017-09-08,1.8130573735611921
2017-09-09,5.131657173642794
2017-09-10,0.20781337873861758
2017-09-11,1.110436528172312
2017-09-12,1.7420287227442701
2017-09-13,7.673547521640373
2017-09-14,8.432177664189263
2017-09-15,2.047604910115368
2017-09-16,2.2234769902704516
2017-09-17,2.92174147398871
2017-09-18,1.7203424858848924
2017-09-19,2.207624670698424
2017-09-20,0.8459178633207313
2017-09-21,0.0006602562051092038
2017-09-22,1.6074178233400715
2017-09-23,1.5174648581505965
2017-09-24,0.2395899191937878
2017-09-25,0.01680282753544782
2017-09-26,0.4564250363050191
2017-09-27,0.31758184124549366
2017-09-28,0.5027576420400481
2017-09-29,0.06707328377030958
2017-09-30,4.813304265260131
2017-10-01,0.12570301867872158
2017-10-02,1.6896150458570165
2017-10-03,4.735375721393944
2017-10-04,4.019157261096833
2017-10-05,1.853849323105497
2017-10-06,1.618764246458768
2017-10-07,2.5634209329412854
2017-10-08,1.2095839517528293
2017-10-09,0.4080922179810792
2017-10-10,0.39235935855823845
2017-10-11,0.16793602776613495
2017-10-12,0.6266509449550421
2017-10-13,0.02807088834951319
2017-10-14,0.0009998014998006265
2017-10-15,0.0011474637062227836
2017-10-16,0.000535410848834067
2017-10-17,0.0016116369059708641
2017-10-18,0.0010635884831747895
2017-10-19,0.013538771669354188
2017-10-20,1.6801714092375046
2017-10-21,1.6126741794238264
2017-10-22,1.4950348654649879
2017-10-23,0.9487991485921826
2017-10-24,0.6023110135963001
2017-10-25,0.2678276253603646
2017-10-26,0.10750070689598255
2017-10-27,0.5197406531185693
2017-10-28,2.659079330728094
2017-10-29,2.7803948496328386
2017-10-30,0.02995335567305386
2017-10-31,0.002930632449513275
2017-11-01,0.001252716891916145
2017-11-02,0.13283378850512303
2017-11-03,0.11539422679698806
2017-11-04,0.461867365968195
2017-11-05,2.790821266189742
2017-11-06,0.05799629792199541
2017-11-07,0.1437802211567584
2017-11-08,0.8905869006758009
2017-11-09,0.2909945233031795
2017-11-10,4.655988422354449
2017-11-11,7.282406150335169
2017-11-12,10.628921998620287
2017-11-13,1.529828002530954
2017-11-14,0.017862255683134525
2017-11-15,0.030422195861245244
2017-11-16,0.06406621259359713
2017-11-17,0.5138444280306176
2017-11-18,1.6099473881985078
2017-11-19,1.86321868790708
2017-11-20,1.8769220352039875
2017-11-21,1.0258779912836822
2017-11-22,0.05277375806366298
2017-11-23,0.9187644308758345
2017-11-24,4.807193154513625
2017-11-25,7.80909146664223
2017-11-26,4.662316221408762
2017-11-27,9.3393316784621
2017-11-28,11.22605231933308
2017-11-29,5.531379366951629
2017-11-30,2.815513009651328
2017-12-01,0.9173588091464432
2017-12-02,0.02247367890232822
2017-12-03,0.4480909906299036
2017-12-04,0.44387268372617067
2017-12-05,0.15156132363158287
2017-12-06,0.07457619607283002
2017-12-07,1.8802346030332455
2017-12-08,2.013035610605689
2017-12-09,1.4683147712919427
2017-12-10,7.439282359166954
2017-12-11,10.856361649382228
2017-12-12,1.7696503959024636
2017-12-13,5.9404652564800084
2017-12-14,8.057731329442952
2017-12-15,5.46390927491912
2017-12-16,2.0456922431685416
2017-12-17,1.396961852401438
2017-12-18,4.460124641238154
2017-12-19,2.767674219925543
2017-12-20,2.02631886084374
2017-12-21,1.1706950732409183
2017-12-22,0.8066654117523455
2017-12-23,0.4505434174825987
2017-12-24,0.49540013604290983
2017-12-25,0.49171475538701004
2017-12-26,1.3606000051574294
2017-12-27,5.298161401793084
2017-12-28,3.38320856080176
2017-12-29,5.530664364599255
2017-12-30,7.815916618663397
2017-12-31,5.342348947642457
2018-01-01,6.808849134085566
2018-01-02,9.913662791707635
2018-01-03,12.57487924661769
2018-01-04,11.2447694735588
2018-01-05,7.165098455552355
2018-01-06,5.280991967333092
2018-01-07,4.047448930770088
2018-01-08,3.5150260512020797
2018-01-09,3.606225418309442
2018-01-10,0.8357772298921362
2018-01-11,0.057447122700808984
2018-01-12,0.04449146056401211
2018-01-13,0.0047533709567788894
2018-01-14,0.00042770543032878336
2018-01-15,2.8320756890927483
2018-01-16,4.8336919569027375
2018-01-17,4.721154270675237
2018-01-18,6.057505991831846
2018-01-19,2.8712048388316447
2018-01-20,4.932136150267391
2018-01-21,4.821407903509476
2018-01-22,7.5218287148603515
2018-01-23,2.353223298931917
2018-01-24,2.323864248781259
2018-01-25,7.416978526365643
2018-01-26,4.303456517631476
2018-01-27,0.03721204021232635
2018-01-28,0.8555716882073854
2018-01-29,0.850992658724596
2018-01-30,1.0444863730915466
2018-01-31,8.234295344152816
2018-02-01,5.730200859235993
2018-02-02,2.6645792517426243
2018-02-03,0.9584710802589795
2018-02-04,0.523113461994017
2018-02-05,0.27668313272407935
2018-02-06,0.5936089364127127
2018-02-07,0.05453417123141074
2018-02-08,0.013605457161644898
2018-02-09,0.1594613040626727
2018-02-10,0.22793278007166753
2018-02-11,0.8573103137439485
2018-02-12,0.14496141220220013
2018-02-13,0.0007780761889970515
2018-02-14,0.682798720200058
2018-02-15,3.9833428765460837
2018-02-16,1.5446349920637925
2018-02-17,4.478681869167922
2018-02-18,0.0011139357566443046
2018-02-19,0.0024667332039945058
2018-02-20,0.003948214621078574
2018-02-21,0.0025122642879322836
2018-02-22,0.002534829010630483
2018-02-23,0.0016640945594313013
2018-02-24,0.0009244628906369308
2018-02-25,0.0018110399784423766
2018-02-26,0.05087958254727106
2018-02-27,0.04004737607896842
2018-02-28,0.01885709781197534
2018-03-01,0.6181960125203794
2018-03-02,1.4237889387866507
2018-03-03,0.964283917029495
2018-03-04,1.0226773362750916
2018-03-05,0.004842900857095433
2018-03-06,0.37629400210562475
2018-03-07,1.3664771936563997
2018-03-08,2.441342456679675
2018-03-09,4.3020664165555775
2018-03-10,3.7518396259659648
2018-03-11,4.776989727758859
2018-03-12,3.1557894688067645
2018-03-13,2.1124374156351156
2018-03-14,0.04858762647718012
2018-03-15,3.6048471656321732
2018-03-16,1.3993471264303425
2018-03-17,1.251718714269023
2018-03-18,2.0237276107160547
2018-03-19,0.058887525471059195
2018-03-20,0.08114743844118154
2018-03-21,0.00102721704347536
2018-03-22,0.8005499666646378
2018-03-23,0.14923301446450093
2018-03-24,0.005096985045642855
2018-03-25,0.005387539515767089
2018-03-26,0.2745880965592141
2018-03-27,1.8039583638216177
2018-03-28,2.9242668646353986
2018-03-29,1.0000655559503187
2018-03-30,3.678302753098752
2018-03-31,1.8630028876163214
2018-04-01,2.10225220538583
2018-04-02,2.6884238486551597
2018-04-03,3.4866081922869108
2018-04-04,6.932607742258838
2018-04-05,2.7570986867533946
2018-04-06,0.0006290081507725619
2018-04-07,0.00027813193179012074
2018-04-08,0.010239941397233176
2018-04-09,1.8838907654493886
2018-04-10,1.4779405774033756
2018-04-11,0.5961827550099413
2018-04-12,0.8459382320139702
2018-04-13,1.553480081791247
2018-04-14,1.345798258756849
2018-04-15,1.246656968274053
2018-04-16,0.05967232429340341
2018-04-17,0.00036041364035429836
2018-04-18,0.00020635653273804076
2018-04-19,0.0003204858273237651
2018-04-20,0.0007797282746371191
2018-04-21,0.007045651148356897
2018-04-22,0.37064858757313074
2018-04-23,1.0543314739843852
2018-04-24,0.009355468571056012
2018-04-25,0.422147059550325
2018-04-26,0.21549668107846634
2018-04-27,0.003903801530465885
2018-04-28,3.4900128107930892
2018-04-29,9.500127558766941
2018-04-30,4.282727488653012
2018-05-01,0.4171033598388544
2018-05-02,2.6097967475812096
2018-05-03,1.2816547383375445
2018-05-04,0.0010046936356754698
2018-05-05,0.0011910289477907634
2018-05-06,0.0005734317248363263
2018-05-07,0.0005258315211031153
2018-05-08,0.00489403844409688
2018-05-09,0.07663836876909548
2018-05-10,0.7759242123916216
2018-05-11,0.01852903466878942
2018-05-12,1.2936966879761187
2018-05-13,4.488561831640406
2018-05-14,5.970235505813172
2018-05-15,0.4315920799056811
2018-05-16,1.313817946785208
2018-05-17,0.12090262223904975
2018-05-18,0.003386970321011735
2018-05-19,0.017235979167059656
2018-05-20,0.9551943268581082
2018-05-21,1.394570486812325
2018-05-22,3.5432448010775612
2018-05-23,5.108517476886236
2018-05-24,3.002846706666477
2018-05-25,0.0895153383511793
2018-05-26,0.11013886347793449
2018-05-27,2.981915499836363
2018-05-28,4.9047585069294914
2018-05-29,3.5429343018821653
2018-05-30,5.909187714698011
2018-05-31,7.158110266916665
2018-06-01,7.215623792141858
2018-06-02,0.27785668506918915
2018-06-03,0.04336162271798644
2018-06-04,2.2089875111988246
2018-06-05,0.945532040015115
2018-06-06,4.571023965605125
2018-06-07,6.219993471078547
2018-06-08,4.774370353490215
2018-06-09,4.937676511035735
2018-06-10,6.316613067473415
2018-06-11,10.416721279535247
2018-06-12,5.2022214238367654
2018-06-13,0.28457816934720803
2018-06-14,0.7368642297649778
2018-06-15,0.343628503975202
2018-06-16,0.2931067345011382
2018-06-17,0.23585932519978084
2018-06-18,0.1649775025579932
2018-06-19,0.06203993320803301
2018-06-20,0.005491553044956526
2018-06-21,0.07339369892492756
2018-06-22,0.06586204851754641
2018-06-23,0.053067174053234245
2018-06-24,0.04032088234998144
2018-06-25,0.048545939492996446
2018-06-26,0.0015236372089275651
2018-06-27,0.0010951606994585713
2018-06-28,0.0103703995376652
2018-06-29,0.015004782657725955
2018-06-30,0.007072082648351862
2018-07-01,0.0021701544099939647
2018-07-02,0.048535194084727215
2018-07-03,0.14135826817779434
2018-07-04,2.3968808259230787
2018-07-05,3.023394379989394
2018-07-06,0.6623490904713293
2018-07-07,0.1978673445390158
2018-07-08,0.0001449731851391077
2018-07-09,0.002030791074613839
2018-07-10,0.38725587666248207
2018-07-11,0.3380934523378832
2018-07-12,0.3366235946490338
2018-07-13,0.414420529469963
2018-07-14,0.5125855435967213
2018-07-15,2.181334099760897
2018-07-16,1.187071202283029
2018-07-17,0.2306003562053789
2018-07-18,0.006753735159646926
2018-07-19,0.0010544981998131754
2018-07-20,2.1226827786696427
2018-07-21,2.0464040369171306
2018-07-22,0.1977906476449118
2018-07-23,0.03380698327203174
2018-07-24,0.003432252089894235
2018-07-25,0.024667013920566472
2018-07-26,0.024693789486665577
2018-07-27,0.0026096059995973325
2018-07-28,1.83270463183682
2018-07-29,0.03320123883474889
2018-07-30,0.028558505296531866
2018-07-31,0.04341208974561293
2018-08-01,3.173209731324573
2018-08-02,0.0010403717625351628
2018-08-03,0.0010579551747449795
2018-08-04,0.010032268540978542
2018-08-05,0.0028436096857796596
2018-08-06,0.0045749477758361525
2018-08-07,2.3083362551450324
2018-08-08,5.909155254118818
2018-08-09,2.9057830167689738
2018-08-10,0.1747154873426148
2018-08-11,0.08887449674080165
2018-08-12,0.008694242269440149
2018-08-13,1.7135807596086507
2018-08-14,0.36852773500373576
2018-08-15,0.04113609725845386
2018-08-16,0.0005641922559453503
2018-08-17,1.4275503604158475
2018-08-18,0.193962296025865
2018-08-19,0.09402234347203513
2018-08-20,0.2936202855692538
2018-08-21,0.20547500713939637
2018-08-22,0.21944776590540474
2018-08-23,1.3197125975502793
2018-08-24,1.1547192922382303
2018-08-25,1.0088759523183284
2018-08-26,0.52741425854021
2018-08-27,0.6531357367830202
2018-08-28,0.01653878298533187
2018-08-29,2.5029383850245672
2018-08-30,0.8907673637530517
2018-08-31,0.21398359446161183
2018-09-01,0.12605062612379894
2018-09-02,0.42558176110421836
2018-09-03,0.37908084052155355
2018-09-04,0.34995823688917177
2018-09-05,0.9619243067214924
2018-09-06,2.296591367550411
2018-09-07,0.3180828900883385
2018-09-08,0.0003532237736926411
2018-09-09,0.0005979145217319608
2018-09-10,0.0005674226127258283
2018-09-11,0.0004101742931773024
2018-09-12,0.4481238493766949
2018-09-13,1.281383812095009
2018-09-14,0.43229853427434906
2018-09-15,0.00776927855023289
2018-09-16,0.0006494505234215008
2018-09-17,0.00029040441466233606
2018-09-18,0.8603155399882537
2018-09-19,0.095088152854713
2018-09-20,0.0028940408704596614
2018-09-21,3.014259270575802
2018-09-22,3.7612671898153995
2018-09-23,5.676553934172945
2018-09-24,0.04277797664549853
2018-09-25,0.00041259121383144
2018-09-26,0.00037881095933241265
2018-09-27,0.0006287496797760892
2018-09-28,0.39384156273465126
2018-09-29,0.0010878778913952032
2018-09-30,0.672276158922669
2018-10-01,0.6339366109560213
2018-10-02,0.41191371100310503
2018-10-03,0.24174709126538674
2018-10-04,0.0006266954645027679
2018-10-05,0.0007642978457042147
2018-10-06,0.015009684116858485
2018-10-07,0.08306661076188132
2018-10-08,0.0016395073971169104
2018-10-09,0.0017476348597177539
2018-10-10,0.0024901676911546953
2018-10-11,0.05842374758647321
2018-10-12,0.02121000482414573
2018-10-13,0.0001971978316805183
2018-10-14,0.00028498182955743524
2018-10-15,0.0003986735458921002
2018-10-16,0.0004413417563641392
2018-10-17,0.0005224510647395452
2018-10-18,0.0011919549298870821
2018-10-19,0.001018942820907453
2018-10-20,0.0010365744925855819
2018-10-21,0.0007699583245705841
2018-10-22,0.005640613194039097
2018-10-23,0.19679997785541556
2018-10-24,0.19528082716398482
2018-10-25,0.23820914967442355
2018-10-26,0.7307955344627233
2018-10-27,1.2834877216323537
2018-10-28,2.8978246841699224
2018-10-29,6.175929048805722
2018-10-30,4.85672862323262
2018-10-31,3.8367549710380655
2018-11-01,2.8181705217941353
2018-11-02,0.9989185257883707
2018-11-03,0.00516206786703764
2018-11-04,0.01094965055834933
2018-11-05,0.4939843585714192
2018-11-06,1.5667006656951306
2018-11-07,1.85963130431911
2018-11-08,0.611191659446605
2018-11-09,0.5291018926577711
2018-11-10,2.7470004286483105
2018-11-11,2.383327823894893
2018-11-12,2.93923052950886
2018-11-13,2.6357004360025704
2018-11-14,0.018146568984271066
2018-11-15,0.0037107300573855344
2018-11-16,0.0011458777377848662
2018-11-17,0.000653810057355364
2018-11-18,0.00030624817706444103
2018-11-19,0.20679466370258842
2018-11-20,0.18671486212068494
2018-11-21,0.15697171987356964
2018-11-22,0.002029202973772255
2018-11-23,1.6731629643738373
2018-11-24,1.9962172961722155
2018-11-25,0.4201584299785716
2018-11-26,0.707949077087015
2018-11-27,0.9053971110498021
2018-11-28,1.9989089360705268
2018-11-29,3.551953288283217
2018-11-30,2.679611489718316
2018-12-01,2.858863234408482
2018-12-02,10.149687944981078
2018-12-03,10.316933270422897
2018-12-04,4.090393655584824
2018-12-05,4.07809533170609
2018-12-06,2.715598869136957
2018-12-07,3.1852281592057317
2018-12-08,4.0649474087668676
2018-12-09,3.5032733224035324
2018-12-10,0.7202355848566173
2018-12-11,0.15303609654065986
2018-12-12,0.048158592851358574
2018-12-13,0.03126373505099828
2018-12-14,0.018461383735745882
2018-12-15,1.4553864042764033
2018-12-16,2.101470622559637
2018-12-17,0.8971253032245411
2018-12-18,1.922779390101672
2018-12-19,4.396129480414285
2018-12-20,5.450343003089144
2018-12-21,10.16219133800687
2018-12-22,8.227922980576585
2018-12-23,9.207930983527708
2018-12-24,5.664419306222927
2018-12-25,0.004804850427012057
2018-12-26,0.0007579177617417692
2018-12-27,0.00997127271202199
2018-12-28,0.07649621100523461
2018-12-29,0.6520465013850716
2018-12-30,0.8134869085923552
2018-12-31,0.6890843110613389
2019-01-01,0.5274345053426149
2019-01-02,0.28007599638235303
2019-01-03,0.2699541107765039
2019-01-04,0.37051908832518576
2019-01-05,1.2380480637097027
2019-01-06,1.1948078345763584
2019-01-07,1.8945798043987534
2019-01-08,3.85278329226536
2019-01-09,2.495678094253046
2019-01-10,2.111354840090953
2019-01-11,2.514280643456316
2019-01-12,5.073739618637514
2019-01-13,4.544821651501296
2019-01-14,1.3824191282032356
2019-01-15,0.0768593316714255
2019-01-16,0.040735120337443455
2019-01-17,1.2124301926923318
2019-01-18,0.03828822625289524
2019-01-19,0.004591087439429993
2019-01-20,0.08343389703870827
2019-01-21,0.005225244532539031
2019-01-22,0.21869245919545116
2019-01-23,0.25280620536848064
2019-01-24,0.1547997708898254
2019-01-25,0.8237079822063006
2019-01-26,1.7696944928177272
2019-01-27,3.1130213644088762
2019-01-28,2.413054096079148
2019-01-29,0.2133599012065083
2019-01-30,2.61604843085798
2019-01-31,5.596908416730411
2019-02-01,5.165314545822962
2019-02-02,1.0637262944837407
2019-02-03,0.6256699861467478
2019-02-04,0.5954100968805425
2019-02-05,0.05268393433403909
2019-02-06,0.15350086501944551
2019-02-07,1.294566817803026
2019-02-08,2.731180561454075
2019-02-09,4.115833005865453
2019-02-10,6.958391706972846
2019-02-11,1.2218866059283444
2019-02-12,0.014384180052918633
2019-02-13,0.0007298632547337773
2019-02-14,0.0005159204457447971
2019-02-15,0.0004152930172336278
2019-02-16,0.00027351065408560537
2019-02-17,0.00017328566453225414
2019-02-18,0.0003106809839903891
2019-02-19,0.11539237619487758
2019-02-20,0.04032633875278147
2019-02-21,0.061310886930297424
2019-02-22,0.03951202060630888
2019-02-23,0.0012915841645529409
2019-02-24,0.0008744453540766864
2019-02-25,0.0006640360610400222
2019-02-26,0.0008539387352281203
2019-02-27,0.0005775506937122989
2019-02-28,0.5080611301319986
2019-03-01,2.090883196240412
2019-03-02,1.0383866983916616
2019-03-03,2.236142502047933
2019-03-04,5.3282694360433736
2019-03-05,4.599041052338911
2019-03-06,4.937985490382187
2019-03-07,3.9998005404190917
2019-03-08,3.090377952669504
2019-03-09,4.273612760510085
2019-03-10,6.197738076669696
2019-03-11,4.699927008345988
2019-03-12,5.651187648909117
2019-03-13,7.634381354448341
2019-03-14,13.750580405877482
2019-03-15,11.15193059051804
2019-03-16,5.601213850360318
2019-03-17,3.660108069959845
2019-03-18,1.509863090591499
2019-03-19,0.008474498975103224
2019-03-20,0.0006921969584734353
2019-03-21,0.0003897287905083113
2019-03-22,0.0007155219918379757
2019-03-23,0.0021239251343659273
2019-03-24,0.03084710364488548
2019-03-25,0.30703040551289945
2019-03-26,0.035898657692794794
2019-03-27,0.004901090167059132
2019-03-28,0.0016062321430818968
2019-03-29,0.0013206717049660229
2019-03-30,0.012995960158443723
2019-03-31,0.05963810557780697
2019-04-01,0.022069790165294614
2019-04-02,0.8630704361813107
2019-04-03,6.186489605265724
2019-04-04,5.486408110929245
2019-04-05,0.02462995205251944
2019-04-06,0.016079574501895306
2019-04-07,1.1288634348635809
2019-04-08,2.4470632193602917
2019-04-09,2.51217113327165
2019-04-10,1.3894866237790942
2019-04-11,0.0009916126456287935
2019-04-12,0.002563253535486638
2019-04-13,0.38966955903033906
2019-04-14,0.21681750927659224
2019-04-15,3.7057828382994715e-05
2019-04-16,1.0918116974370775
2019-04-17,0.4739024887032088
2019-04-18,0.01626499294495071
2019-04-19,0.05453130571822342
2019-04-20,0.011432218249068688
2019-04-21,0.005158419509680115
2019-04-22,0.002611222792325356
2019-04-23,4.0143921241921054
2019-04-24,9.445604409903966
2019-04-25,8.068761030026579
2019-04-26,6.530068449637072
2019-04-27,4.095481630015007
2019-04-28,1.964478106398749
2019-04-29,0.11505572714037239
2019-04-30,0.08899259373658627
2019-05-01,0.007413361752200894
2019-05-02,0.9791961375889016
2019-05-03,0.7529670527876772
2019-05-04,1.8956948949814252
2019-05-05,0.7078410236079844
2019-05-06,0.21780537482246032
2019-05-07,0.1165631285343726
2019-05-08,8.280538087060437
2019-05-09,9.9153635154979
2019-05-10,6.954330501374543
2019-05-11,6.8539486660402265
2019-05-12,0.006052844914792924
2019-05-13,0.0004615747989949799
2019-05-14,0.0004521774991007708
2019-05-15,0.00047671456877597233
2019-05-16,0.008505476151167257
2019-05-17,0.34542076962194274
2019-05-18,1.2872486059661044
2019-05-19,2.8702635353072865
2019-05-20,3.1465057392911815
2019-05-21,2.9913936127525087
2019-05-22,0.011417552858678834
2019-05-23,0.008365306409215874
2019-05-24,0.016213314050831765
2019-05-25,0.19232111319154577
2019-05-26,0.042781090349080925
2019-05-27,1.1477834584088664
2019-05-28,1.5489175052676667
2019-05-29,0.5126742570319127
2019-05-30,0.16009837092687065
2019-05-31,0.06837834771356774
2019-06-01,0.0004987024255312823
2019-06-02,0.00023627285872800336
2019-06-03,0.2641202176580349
2019-06-04,0.42357630589603157
2019-06-05,4.359639352338413
2019-06-06,1.918640537645554
2019-06-07,1.3336994778846114
2019-06-08,0.2801469623843374
2019-06-09,1.384330701382598
2019-06-10,2.059748194820779
2019-06-11,4.668748510445706
2019-06-12,4.533310538105867
2019-06-13,0.7499396905007175
2019-06-14,1.792762041551444
2019-06-15,3.4504132449781246
2019-06-16,0.44390448033688196
2019-06-17,0.0009600455690378421
2019-06-18,0.5694810655230023
2019-06-19,2.582489529544897
2019-06-20,1.6137796939915725
2019-06-21,0.012982321174905826
2019-06-22,0.6589134177363049
2019-06-23,0.03237102660909153
2019-06-24,0.017556979464627885
2019-06-25,0.0006748810891664105
2019-06-26,0.00025493313315451426
2019-06-27,0.000190865050991088
2019-06-28,0.00038851312765137834
2019-06-29,0.0006348321097929498
2019-06-30,0.031065337031442732
2019-07-01,1.7280893863108084
2019-07-02,0.02552121518855879
2019-07-03,0.00042615211277329863
2019-07-04,0.00043102010661302505
2019-07-05,0.0006558872940533239
2019-07-06,0.13955061309436248
2019-07-07,0.5916031249242912
2019-07-08,0.15053761799740514
2019-07-09,0.000613371112847186
2019-07-10,0.3706090906080401
2019-07-11,1.3780163810182877
2019-07-12,1.2224190442071137
2019-07-13,0.5967621695958456
2019-07-14,0.6200165156452898
2019-07-15,0.01199274563442152
2019-07-16,0.0018549188526570113
2019-07-17,0.0013523768172396893
2019-07-18,0.37278833033680225
2019-07-19,1.3274290185121116
2019-07-20,2.1268440419236754
2019-07-21,2.003058964073269
2019-07-22,0.009095186882767182
2019-07-23,0.0007738663389121846
2019-07-24,0.019126895947933275
2019-07-25,0.043258180745024064
2019-07-26,3.5394690360930245
2019-07-27,5.057473199522239
2019-07-28,2.7918694959094315
2019-07-29,0.0009226342551015891
2019-07-30,0.12871717992727974
2019-07-31,0.10147705118542327
2019-08-01,0.06089334893324791
2019-08-02,0.1935475849006323
2019-08-03,0.1823170481654313
2019-08-04,0.03632739866771574
2019-08-05,0.46615854869185985
2019-08-06,2.1233449025158793
2019-08-07,5.8487241267270615
2019-08-08,0.09177872520968262
2019-08-09,5.89006428381708
2019-08-10,1.3900150889521297
2019-08-11,2.086695825510268
2019-08-12,1.3983911048058395
2019-08-13,0.14211433703114998
2019-08-14,0.3392692959303939
2019-08-15,0.46330532785153233
2019-08-16,0.017265373804287363
2019-08-17,2.581710649880778
2019-08-18,3.575095791364042
2019-08-19,2.5698245757705003
2019-08-20,1.6335587616178706
2019-08-21,0.0016438428901851157
2019-08-22,0.00016464934942806122
2019-08-23,0.010940646344962692
2019-08-24,0.000717787465035874
2019-08-25,0.020629345109007723
2019-08-26,0.09306314876704086
2019-08-27,0.20051473672322326
2019-08-28,0.44013419990406794
2019-08-29,0.36347692565296846
2019-08-30,0.0023959604626036697
2019-08-31,0.2612984473119448
2019-09-01,0.23227846102966385
2019-09-02,0.0009116425833195021
2019-09-03,0.0013494458568490614
2019-09-04,0.06488990154086717
2019-09-05,0.16013147339140973
2019-09-06,0.03699563796613801
2019-09-07,1.6085824426301079
2019-09-08,1.3998745738539056
2019-09-09,0.11023301924789239
2019-09-10,0.14904322794954994
2019-09-11,0.3015529594723987
2019-09-12,0.4743885222132965
2019-09-13,0.18151429201524047
2019-09-14,0.0013868973495075663
2019-09-15,0.00032270897264808913
2019-09-16,0.003229662451639823
2019-09-17,0.1865460837727455
2019-09-18,0.00031655228192027705
2019-09-19,0.00015088714425797294
2019-09-20,0.00015834118387818998
2019-09-21,7.303628241835245e-05
2019-09-22,2.5636360543518144
2019-09-23,8.22605063829048
2019-09-24,4.317527981892323
2019-09-25,3.1458873841847406
2019-09-26,2.7323744597095465
2019-09-27,2.9468914915235023
2019-09-28,1.3213391357164228
2019-09-29,4.019179927966867
2019-09-30,0.7672156457125737
2019-10-01,2.743517825915656
2019-10-02,1.6495803910489977
2019-10-03,0.09728422323699536
2019-10-04,1.5834291052767235
2019-10-05,1.0972753949449288
2019-10-06,2.298122120188228
2019-10-07,0.4743093652935201
2019-10-08,3.073607536921429
2019-10-09,2.5720711041155466
2019-10-10,1.1718205471841638
2019-10-11,0.13117694329088
2019-10-12,0.26930068438498117
2019-10-13,0.0569796912004712
2019-10-14,0.06019314639220923
2019-10-15,2.6314087701901494
2019-10-16,1.947540214643108
2019-10-17,3.3256324520025435
2019-10-18,4.576993758031883
2019-10-19,12.56076484204826
2019-10-20,13.879193715122794
2019-10-21,8.112376099297482
2019-10-22,5.894349003418983
2019-10-23,5.756968957367359
2019-10-24,3.487986914205815
2019-10-25,0.08702599496668377
2019-10-26,0.952758499268806
2019-10-27,1.171357352526622
2019-10-28,0.3272924787297345
2019-10-29,0.27512375270138445
2019-10-30,0.12585986392852913
2019-10-31,0.0010851233513320608
2019-11-01,4.7892013874612305
2019-11-02,6.039916572143546
2019-11-03,5.85617492201729
2019-11-04,4.065566099874399
2019-11-05,1.4317404596769514
2019-11-06,1.3449132676746045
2019-11-07,1.5717061689564593
2019-11-08,0.8324808887977772
2019-11-09,0.5228774308555288
2019-11-10,0.006953693818223291
2019-11-11,2.2355619359960666
2019-11-12,2.4913410978701847
2019-11-13,1.9143372285277591
2019-11-14,1.5608081263060247
2019-11-15,1.7290689593681015
2019-11-16,4.378071344140561
2019-11-17,8.748395951279122
2019-11-18,5.174573742432627
2019-11-19,0.15331768254603126
2019-11-20,0.0065510410969969015
2019-11-21,0.0769043371472033
2019-11-22,0.7878836482961004
2019-11-23,1.5140761362637791
2019-11-24,0.7295171591241808
2019-11-25,0.6702150773954088
2019-11-26,4.0957179618542625
2019-11-27,9.03348970139469
2019-11-28,5.427093620296746
2019-11-29,3.4928825673394077
2019-11-30,2.8859429447728275
2019-12-01,2.8094096259075965
2019-12-02,0.026561393593337004
2019-12-03,0.013658285380087938
2019-12-04,4.559087507053638e-05
2019-12-05,0.03363799917707421
2019-12-06,1.7486933453376292
2019-12-07,1.715686229252385
2019-12-08,4.456811459637065
2019-12-09,2.9875574974254895
2019-12-10,0.025511902071218062
2019-12-11,6.1822707733824185
2019-12-12,3.014280646567695
2019-12-13,6.056332990345954
2019-12-14,5.479848318799523
2019-12-15,6.9578263253002
2019-12-16,5.136430733543636
2019-12-17,2.9526810698112995
2019-12-18,1.868367318294187
2019-12-19,1.9789147438623256
2019-12-20,5.603161285668446
2019-12-21,5.000448843877431
2019-12-22,4.111707495935582
2019-12-23,3.3919378910316653
2019-12-24,4.739457834008869
2019-12-25,3.5430367707318946
2019-12-26,3.6244973808917686
2019-12-27,2.9679713726605237
2019-12-28,0.0010135929663380838
2019-12-29,0.003403000439921252
2019-12-30,0.0006124982174810014
2019-12-31,0.0029998327918562594
2020-01-01,0.007833191864063692
2020-01-02,0.06477737415950514
2020-01-03,0.6060769354189615
2020-01-04,0.1862289043353116
2020-01-05,0.023280980827591488
2020-01-06,0.008355645486226651
2020-01-07,0.156985058586434
2020-01-08,0.9515504159674468
2020-01-09,1.8248649319300838
2020-01-10,1.391118809706029
2020-01-11,0.22539187223370816
2020-01-12,0.15457508154493566
2020-01-13,0.2697217504533571
2020-01-14,0.417386316396006
2020-01-15,0.23552424345424258
2020-01-16,0.15618348450730452
2020-01-17,1.17992133484779
2020-01-18,0.6992502965906122
2020-01-19,0.22864697343852225
2020-01-20,0.007021242366766895
2020-01-21,0.0006571892695911821
2020-01-22,0.0016042171835537855
2020-01-23,0.002096435750497457
2020-01-24,0.0027810903960555295
2020-01-25,0.020115984132877233
2020-01-26,0.01842032336581848
2020-01-27,8.628302011154952
2020-01-28,8.090020188168095
2020-01-29,4.412622416362627
2020-01-30,4.145851779243745
2020-01-31,3.220417145359839
2020-02-01,8.853190049067873
2020-02-02,12.41674781079365
2020-02-03,9.500122825619448
2020-02-04,4.593318136662742
2020-02-05,0.029869680112283834
2020-02-06,0.0005200148887241259
2020-02-07,0.00025010247839563104
2020-02-08,0.007456582143649443
2020-02-09,4.320689595033527
2020-02-10,5.711240025967233
2020-02-11,2.765767163720918
2020-02-12,2.2645843040129376
2020-02-13,6.089509056188974
2020-02-14,1.19325032166801
2020-02-15,3.2650282167472904
2020-02-16,6.366782640937152
2020-02-17,6.3125712908465905
2020-02-18,2.17958652364763
2020-02-19,2.3202912601722465
2020-02-20,1.2580472755757082
2020-02-21,0.08817068646351689
2020-02-22,2.779425676916359
2020-02-23,4.509236091156965
2020-02-24,3.475801880899698
2020-02-25,4.7352040302902045
2020-02-26,3.823316511278183
2020-02-27,4.138451917620137
2020-02-28,0.3190059988418742
2020-02-29,2.454003830818498
2020-03-01,3.629161842663775
2020-03-02,3.8037792161090924
2020-03-03,1.0395878104034222
2020-03-04,0.916344671199436
2020-03-05,5.742416362891591
2020-03-06,4.00956817327514
2020-03-07,0.6034604050153445
2020-03-08,1.305709317672032
2020-03-09,2.1907081070599808
2020-03-10,7.220926331323334
2020-03-11,1.7483744716525158
2020-03-12,1.7265862256102873
2020-03-13,0.777851093692068
2020-03-14,0.45935017427928254
2020-03-15,0.014398216417582281
2020-03-16,0.05620239796397375
2020-03-17,0.04972726335975766
2020-03-18,0.052588916238409694
2020-03-19,0.017372703890498182
2020-03-20,1.113007283116398
2020-03-21,2.1825917382864852
2020-03-22,0.0036081017980586698
2020-03-23,0.000211613043207078
2020-03-24,8.200317535102186e-05
2020-03-25,3.821296849118753e-05
2020-03-26,0.1454108071057684
2020-03-27,0.00018831443221882288
2020-03-28,0.0007543350344821147
2020-03-29,1.5374866921677992
2020-03-30,0.014810557378445246
2020-03-31,0.0014068904870700805
2020-04-01,0.0003450139368061514
2020-04-02,0.0007133690318741785
2020-04-03,1.0881329310253265
2020-04-04,0.0007332713026919381
2020-04-05,0.0005536134725095846
2020-04-06,0.08974603214862417
2020-04-07,0.19668418259763787
2020-04-08,0.17885538754699845
2020-04-09,0.3567809382694794
2020-04-10,0.23434681746307326
2020-04-11,0.004604378982808326
2020-04-12,0.4605959828796468
2020-04-13,0.40762499126968477
2020-04-14,0.0003473521879661923
2020-04-15,0.000433468372330566
2020-04-16,0.005155489416120094
2020-04-17,0.0324010628252707
2020-04-18,0.832413224819482
2020-04-19,0.07402176948050711
2020-04-20,0.00044632370489392273
2020-04-21,0.07388176881996301
2020-04-22,3.879646555385828e-06
2020-04-23,0.2345270753677551
2020-04-24,0.5274770334561212
2020-04-25,0.06164732019598638
2020-04-26,0.06676288820305368
2020-04-27,0.06381741966081597
2020-04-28,2.0315868286823977
2020-04-29,1.8959490544235633
2020-04-30,3.9788481636381325
2020-05-01,3.579993931241906
2020-05-02,0.9447306097845162
2020-05-03,0.12182915042705951
2020-05-04,0.6034658440879938
2020-05-05,2.7914282069540546
2020-05-06,5.304297823479508e-05
2020-05-07,0.012303502847559954
2020-05-08,0.04311372051983849
2020-05-09,1.4707266386027789
2020-05-10,3.30683312405338
2020-05-11,7.891428673438832
2020-05-12,2.2071887044695666
2020-05-13,1.1697948349703713
2020-05-14,0.14966059395000536
2020-05-15,0.01261260696135922
2020-05-16,0.0380241895814304
2020-05-17,0.0003091732980359836
2020-05-18,0.0001244319685413377
2020-05-19,7.461111403133988e-05
2020-05-20,0.06860091229502609
2020-05-21,0.24342579397831413
2020-05-22,1.354336439348031
2020-05-23,4.270083535461516
2020-05-24,0.8137092081647702
2020-05-25,0.3258912072575087
2020-05-26,0.000754442806895659
2020-05-27,0.0005726551698135884
2020-05-28,0.038924665272913744
2020-05-29,0.00012077327486005697
2020-05-30,0.00028309614990846454
2020-05-31,0.00027410682134845006
2020-06-01,0.000347733891312753
2020-06-02,0.01900133118455982
2020-06-03,1.871738498571203
2020-06-04,6.064580120600209
2020-06-05,5.25627749195917
2020-06-06,3.1469743140986792
2020-06-07,0.7553839481441235
2020-06-08,0.83114899535622
2020-06-09,1.5049265186966665
2020-06-10,1.8005600212066983
2020-06-11,1.3675973059000446
2020-06-12,3.14889177203984
2020-06-13,3.8679266137933075
2020-06-14,3.82512973610543
2020-06-15,2.7559355524366778
2020-06-16,2.1895058214892975
2020-06-17,6.037858557055321
2020-06-18,0.575788773889526
2020-06-19,0.773069002955277
2020-06-20,0.340252491121165
2020-06-21,0.043082646961409544
2020-06-22,0.046960677611983304
2020-06-23,5.776838181258267e-05
2020-06-24,0.00013621099762685528
2020-06-25,0.0007312942644813435
2020-06-26,3.3953665778581916
2020-06-27,4.31942805543522
2020-06-28,1.384246941020911
2020-06-29,0.7497676634908957
2020-06-30,0.22316448042716178
2020-07-01,0.47978568023962476
2020-07-02,0.5289290360292485
2020-07-03,0.09393619377499941
2020-07-04,0.05623785632983291
2020-07-05,0.25601883449838914
2020-07-06,0.318161359320315
2020-07-07,0.1154671011811591
2020-07-08,0.29055556412654565
2020-07-09,0.1926452757699409
2020-07-10,0.28625634484695944
2020-07-11,0.06014757019181614
2020-07-12,0.008003698499396862
2020-07-13,0.000920507090206301
2020-07-14,0.5043625345084689
2020-07-15,1.8674459165784447
2020-07-16,3.2831700765583056
2020-07-17,0.9115959392521316
2020-07-18,0.04234023380375444
2020-07-19,0.0003017022237139626
2020-07-20,0.036871306370537385
2020-07-21,0.001396243937604628
2020-07-22,0.006508727060991095
2020-07-23,0.00023293829551070399
2020-07-24,0.3902252336310484
2020-07-25,0.9093249027531798
2020-07-26,2.8845118021741074
2020-07-27,0.037847686393038156
2020-07-28,0.04957748242304387
2020-07-29,0.0012544788722703892
2020-07-30,0.001069547854539261
2020-07-31,0.0026146907968933714
2020-08-01,2.81851883572568
2020-08-02,2.680219524015539
2020-08-03,1.247820507811556
2020-08-04,0.15561965007291012
2020-08-05,0.00010348903811398477
2020-08-06,0.0002501447325452047
2020-08-07,0.0001611358748758752
2020-08-08,0.003320885806288874
2020-08-09,0.24143050786878917
2020-08-10,0.48670400322271073
2020-08-11,1.779683268036098
2020-08-12,1.8406179274303966
2020-08-13,0.5445155640687473
2020-08-14,1.1163529361868334
2020-08-15,1.1895928892038774
2020-08-16,3.4706344771887423
2020-08-17,3.0771997128165784
2020-08-18,2.6953018191649147
2020-08-19,2.172903732279678
2020-08-20,1.4258855653800553
2020-08-21,1.8201571329794675
2020-08-22,1.451453257492096
2020-08-23,0.37511484927833605
2020-08-24,0.2999111538352351
2020-08-25,0.7746090773453672
2020-08-26,0.36450604252315816
2020-08-27,0.9382705243151489
2020-08-28,2.6350366608285833
2020-08-29,1.9682175192159463
2020-08-30,1.3006168072300612
2020-08-31,1.8204182314667718
2020-09-01,0.8554286129815788
2020-09-02,0.37132974292771187
2020-09-03,0.13161810276462343
2020-09-04,0.02201222392670186
2020-09-05,0.03501893230812538
2020-09-06,0.03062193619010868
2020-09-07,0.000752976510465028
2020-09-08,0.00048144739990127277
2020-09-09,0.013101074522683876
2020-09-10,0.28058218917385397
2020-09-11,0.08413625154248078
2020-09-12,0.15929381313938895
2020-09-13,0.10810764930230668
2020-09-14,0.0065607813362976
2020-09-15,0.0005364058794667471
2020-09-16,0.5715682637516691
2020-09-17,0.5160096895391179
2020-09-18,0.17124469828363473
2020-09-19,0.8556149096100112
2020-09-20,1.0279800810851278
2020-09-21,0.00046648386973333045
2020-09-22,0.134753693661559
2020-09-23,0.23804159332077476
2020-09-24,7.316178891755835
2020-09-25,5.808988299446366
2020-09-26,6.507463609009071
2020-09-27,8.301472896642455
2020-09-28,4.253477509043982
2020-09-29,2.258432584791624
2020-09-30,0.9254980017912099
2020-10-01,3.5143072246288645
2020-10-02,9.034949778638378
2020-10-03,6.8682119063216325
2020-10-04,5.569764066408134
2020-10-05,4.956883310639882
2020-10-06,3.456113204028241
2020-10-07,1.5246741003283142
2020-10-08,0.6999947347209398
2020-10-09,1.8508442775865994
2020-10-10,0.5803950649452752
2020-10-11,0.5008284403506463
2020-10-12,0.348677198556528
2020-10-13,0.20654429781538078
2020-10-14,0.3753055374406233
2020-10-15,0.5505100567411018
2020-10-16,0.21180379179054049
2020-10-17,0.14606078455908603
2020-10-18,0.1016615903828078
2020-10-19,0.06867779637894891
2020-10-20,2.186403798923509
2020-10-21,1.050541262322229
2020-10-22,1.857421496540428
2020-10-23,2.6257764075745804
2020-10-24,0.5477499778116993
2020-10-25,2.860240742413287
2020-10-26,3.814663101656307
2020-10-27,2.0625092530271023
2020-10-28,3.613595454826656
2020-10-29,5.026021028948425
2020-10-30,1.3025213461540375
2020-10-31,0.9132241356599426
2020-11-01,2.5231492197552186
2020-11-02,1.9131116253724798
2020-11-03,0.700553337779826
2020-11-04,0.0013132282905013934
2020-11-05,0.0004637962826212464
2020-11-06,0.0012393647533794339
2020-11-07,0.0024224755952165448
2020-11-08,0.3766132292270631
2020-11-09,0.09430828375979165
2020-11-10,0.08065709320757555
2020-11-11,0.08466266617035488
2020-11-12,0.4921678761901725
2020-11-13,0.23209849949649156
2020-11-14,0.1351024234514589
2020-11-15,4.129327457564158
2020-11-16,0.36511987187084455
2020-11-17,0.03795273513158419
2020-11-18,0.014573363310838828
2020-11-19,0.8612197963578501
2020-11-20,0.16067368260915565
2020-11-21,0.24642062741335652
2020-11-22,0.27940295515549773
2020-11-23,0.30649889411321046
2020-11-24,0.0080032746065021
2020-11-25,0.006817450891043443
2020-11-26,0.004301526405075957
2020-11-27,0.003567086909462965
2020-11-28,0.0019380114437831724
2020-11-29,0.005379856807955368
2020-11-30,1.111607865912521
2020-12-01,1.8359978643536778
2020-12-02,0.2391861520574763
2020-12-03,2.8681382301106932
2020-12-04,6.350763897680909
2020-12-05,4.316479996514779
2020-12-06,3.0704479516539114
2020-12-07,0.8778818526593024
2020-12-08,0.6241614078112975
2020-12-09,0.22676407265440904
2020-12-10,0.058566919787447005
2020-12-11,2.0139312489813177
2020-12-12,2.5247071655137594
2020-12-13,1.1836020501880842
2020-12-14,0.8577397682216166
2020-12-15,2.5035249359562584
2020-12-16,1.2203434454275777
2020-12-17,0.34105728614934433
2020-12-18,0.004873208623476509
2020-12-19,0.5756810210584199
2020-12-20,3.219484117022728
2020-12-21,6.731666526059204
2020-12-22,8.905750377982729
2020-12-23,16.874521534362444
2020-12-24,8.361026819560466
2020-12-25,0.5802941247659903
2020-12-26,0.2112696360478715
2020-12-27,7.694288203665113
2020-12-28,5.956508869565978
2020-12-29,3.61026262892177
2020-12-30,1.4480599428678285
2020-12-31,1.7357143241026336
2021-01-01,0.3060468240240023
2021-01-02,0.09610839331555783
2021-01-03,0.4929065504277923
2021-01-04,0.33969166779549037
2021-01-05,0.36225122516118985
2021-01-06,0.5266225723707125
2021-01-07,0.4839917810543658
2021-01-08,0.42673331525777997
2021-01-09,0.055740926177207585
2021-01-10,0.061374920548552266
2021-01-11,0.11247883905121883
2021-01-12,8.540925423691725
2021-01-13,4.287954266556423
2021-01-14,5.030943523128437
2021-01-15,2.2928992965413766
2021-01-16,3.6067041081340148
2021-01-17,2.78645459604491
2021-01-18,2.1040282580029634
2021-01-19,1.898345896063144
2021-01-20,2.501322127923042
2021-01-21,6.241642883725775
2021-01-22,6.714157682842219
2021-01-23,4.617747758621748
2021-01-24,2.6726743455174664
2021-01-25,1.675765356450553
2021-01-26,0.34931120612603145
2021-01-27,6.7450755957443524
2021-01-28,14.402676130553713
2021-01-29,12.403314540855977
2021-01-30,8.054501173526488
2021-01-31,3.6721718738768363
2021-02-01,4.561658320619213
2021-02-02,6.967131293466563
2021-02-03,11.902464397396916
2021-02-04,6.615696922797775
2021-02-05,7.539717039266702
2021-02-06,8.404766990759203
2021-02-07,6.656021299225647
2021-02-08,2.136635042675559
2021-02-09,0.4438917178769042
2021-02-10,0.6125374064880615
2021-02-11,0.017843457523403394
2021-02-12,0.0019425263540168497
2021-02-13,0.000664251059777298
2021-02-14,0.3315961412542958
2021-02-15,1.0644955424739164
2021-02-16,0.7446432617568305
2021-02-17,0.16824481620502138
2021-02-18,2.128918210075438
2021-02-19,0.04779580448748634
2021-02-20,7.051919577165367e-06
2021-02-21,3.454060995281255e-06
2021-02-22,0.33717341941959306
2021-02-23,0.002438017861847853
2021-02-24,0.0006249366235073035
2021-02-25,0.0008673780995270914
2021-02-26,0.4159350564246394
2021-02-27,0.005972643270352707
2021-02-28,0.005418363445445914
2021-03-01,0.00035523234150522837
2021-03-02,0.003567446316063988
2021-03-03,2.053004077586747
2021-03-04,1.3768108393999716
2021-03-05,0.21475367757284294
2021-03-06,0.00014291363175231842
2021-03-07,0.0020418292028218515
2021-03-08,0.014707563558679453
2021-03-09,0.43996428466053933
2021-03-10,1.6915611203048777
2021-03-11,9.795304851319553
2021-03-12,3.9021483565314603
2021-03-13,5.228497718725912
2021-03-14,3.745133207866748
2021-03-15,3.276911949158192
2021-03-16,2.326615359049956
2021-03-17,1.5547521343854136
2021-03-18,0.7930731736752761
2021-03-19,0.6726241347982463
2021-03-20,0.008074887387181822
2021-03-21,0.15641832078474216
2021-03-22,0.08860902390727479
2021-03-23,0.002275886227015838
2021-03-24,0.0005447270672991908
2021-03-25,0.08130598284080215
2021-03-26,0.18209660576433012
2021-03-27,0.5676113579295643
2021-03-28,0.011286046145575263
2021-03-29,0.0008869622769551851
2021-03-30,0.0006786940761563709
2021-03-31,0.0008735270407523056
2021-04-01,0.003248982148430418
2021-04-02,0.0055813027253629795
2021-04-03,0.006447592782535663
2021-04-04,0.0010144634367481036
2021-04-05,1.7853809195170594
2021-04-06,1.1389750319684522
2021-04-07,0.6358593091332285
2021-04-08,0.026029925085398857
2021-04-09,1.002690326820398
2021-04-10,4.604881474773821
2021-04-11,8.166324201273296
2021-04-12,3.4203335288664354
2021-04-13,1.143940681360976
2021-04-14,0.6144796298869347
2021-04-15,0.3984879566242762
2021-04-16,0.2605595463953327
2021-04-17,0.04947092168290226
2021-04-18,0.83023656253476
2021-04-19,1.249776261845121
2021-04-20,0.39304418045847295
2021-04-21,1.1665345447688975
2021-04-22,0.006760260812550315
2021-04-23,0.0009111537387904675
2021-04-24,0.0006111437851445787
2021-04-25,0.0002856872012153428
2021-04-26,0.04390211549370729
2021-04-27,0.0005988558581641532
2021-04-28,1.722675953226036
2021-04-29,1.1353844649479776
2021-04-30,0.8837092378141053
2021-05-01,0.8668642909282804
2021-05-02,0.7195288696758501
2021-05-03,0.4893772083340373
2021-05-04,3.1959338477774892
2021-05-05,4.4438628550453405
2021-05-06,7.235208147544254
2021-05-07,2.929186688824985
2021-05-08,0.1134307724299798
2021-05-09,3.436722245234873
2021-05-10,6.95367823459749
2021-05-11,4.420660644795093
2021-05-12,1.1368774024577857
2021-05-13,1.4250010740442682
2021-05-14,1.9826664491260595
2021-05-15,3.1874784029867462
2021-05-16,4.599628037110277
2021-05-17,4.97855605389738
2021-05-18,4.229414959859716
2021-05-19,4.532914770970137
2021-05-20,2.8022401863184756
2021-05-21,3.3872591761402546
2021-05-22,1.6855342671551174
2021-05-23,1.2493810721589271
2021-05-24,4.160378320614376
2021-05-25,4.305501917456597
2021-05-26,5.105261866692126
2021-05-27,1.2425890134851052
2021-05-28,0.0036054627140583878
2021-05-29,0.0022523991180986584
2021-05-30,0.0008225033269254188
2021-05-31,0.00040719365040185296
2021-06-01,0.0006019426808200045
2021-06-02,0.4359217181293226
2021-06-03,1.8971708679964898
2021-06-04,4.838131915039379
2021-06-05,3.64590233992675
2021-06-06,0.9187941449020659
2021-06-07,1.7139842784430117
2021-06-08,2.7322461262974
2021-06-09,1.0473714692022718
2021-06-10,0.3272461736121158
2021-06-11,0.23386018708473016
2021-06-12,0.09728246139678674
2021-06-13,0.0003952225906986286
2021-06-14,0.000272922965243302
2021-06-15,0.002220512325357673
2021-06-16,0.0031693494659684857
2021-06-17,1.4131720776590535
2021-06-18,3.8730549996441623
2021-06-19,8.14362086495017
2021-06-20,9.801652849423954
2021-06-21,11.182664292051696
2021-06-22,7.5912580305870625
2021-06-23,2.8714882140036564
2021-06-24,5.434512585202203
2021-06-25,1.3773267814493497
2021-06-26,0.17427727228967402
2021-06-27,1.2253505927937693
2021-06-28,2.925059888554088
2021-06-29,4.976920737915111
2021-06-30,3.0331192144409
2021-07-01,1.1120942481175673
2021-07-02,1.1100163710491537
2021-07-03,2.4391793052103052
2021-07-04,5.707094648635941
2021-07-05,4.635629613322786
2021-07-06,6.767735314043715
2021-07-07,6.9318321719058575
2021-07-08,9.19101921578305
2021-07-09,2.799941875673192
2021-07-10,2.949500584861361
2021-07-11,1.7729487092654441
2021-07-12,4.141247957763186
2021-07-13,20.301471645274155
2021-07-14,40.304716994236955
2021-07-15,16.729797902130645
2021-07-16,3.3076174946913075
2021-07-17,0.03793787052344737
2021-07-18,0.0011487613795944423
2021-07-19,0.002098922872263213
2021-07-20,0.0003090152958603961
2021-07-21,0.00019089206551837768
2021-07-22,0.0027944596923370844
2021-07-23,0.04474037201870192
2021-07-24,6.925237189814396
2021-07-25,1.906902534989842
2021-07-26,3.0527970540739577
2021-07-27,4.954977610325276
2021-07-28,2.319866711313619
2021-07-29,0.18474196438457113
2021-07-30,0.2936690503211645
2021-07-31,0.41355104029590073
2021-08-01,1.1082846299255922
2021-08-02,1.969488905408606
2021-08-03,3.528984782653127
2021-08-04,0.9805206190264337
2021-08-05,2.0251260412153798
2021-08-06,2.4832348834206215
2021-08-07,4.793892050892603
2021-08-08,1.0589724140461267
2021-08-09,0.5154092485461961
2021-08-10,0.7067346650741401
2021-08-11,0.0505661282867771
2021-08-12,0.026626481695827344
2021-08-13,0.539873304224704
2021-08-14,0.007902596629388473
2021-08-15,1.378984776631071
2021-08-16,2.175707669272818
2021-08-17,1.6744906576428915
2021-08-18,0.985807115654158
2021-08-19,0.6382628307954333
2021-08-20,0.2138262519166881
2021-08-21,7.731377558118799
2021-08-22,2.393683577296754
2021-08-23,1.2790976759087331
2021-08-24,0.004453467818379068
2021-08-25,0.0018239735160695545
2021-08-26,0.3694241877629922
2021-08-27,0.646563858169639
2021-08-28,1.462061078361051
2021-08-29,1.3166602809902572
2021-08-30,1.2129373665905148
2021-08-31,0.5222555084516066
2021-09-01,0.16538515260303527
2021-09-02,0.1197559072478451
2021-09-03,0.0777224878915563
2021-09-04,0.07928824400390343
2021-09-05,0.19369233870376257
2021-09-06,0.007748473248586842
2021-09-07,0.00032935919115492635
2021-09-08,0.0007976512179663041
2021-09-09,2.779883521552512
2021-09-10,2.8199068614031306
2021-09-11,0.2714673742759879
2021-09-12,0.016938884809205277
2021-09-13,0.012135797123323772
2021-09-14,5.7274526519625075
2021-09-15,8.19729187535806
2021-09-16,0.8158552614793115
2021-09-17,0.06918281928534668
2021-09-18,0.006585450225535264
2021-09-19,1.0286076442512582
2021-09-20,0.7181972729459751
2021-09-21,0.12882318933621117
2021-09-22,0.0005745881369602233
2021-09-23,0.0010796680017139296
2021-09-24,0.11743651048768965
2021-09-25,1.0479566317853475
2021-09-26,1.8256570180382092
2021-09-27,1.0669222009746415
2021-09-28,0.0027088375543841614
2021-09-29,0.837355150203994
2021-09-30,0.07260163877422149
2021-10-01,0.12192641148702991
2021-10-02,4.1641840769924645
2021-10-03,7.1723556829768205
2021-10-04,3.4383055025826605
2021-10-05,2.41531309193581
2021-10-06,1.3926969840682606
2021-10-07,0.2544292888228302
2021-10-08,0.0016504700033352524
2021-10-09,0.00011758244087946771
2021-10-10,6.424661749066023e-05
2021-10-11,0.06983555314958033
2021-10-12,0.8892470127358001
2021-10-13,0.07512921567808988
2021-10-14,0.01048178440218802
2021-10-15,0.03286976246431398
2021-10-16,0.04329506669479414
2021-10-17,0.026286336294368395
2021-10-18,0.004093411155890882
2021-10-19,1.633522291894298
2021-10-20,3.3121461621464716
2021-10-21,3.202670191100958
2021-10-22,0.03711909326627372
2021-10-23,0.03233746198494744
2021-10-24,2.997743595773068e-05
2021-10-25,0.030087436347959795
2021-10-26,0.0515533971288349
2021-10-27,0.010623947531903653
2021-10-28,0.001777906474312778
2021-10-29,0.031172492452545202
2021-10-30,8.693266847212463
2021-10-31,5.3024816315503065
2021-11-01,5.785030722215663
2021-11-02,5.2298094936580135
2021-11-03,8.318990643325623
2021-11-04,1.1624492539245996
2021-11-05,0.2478834556025233
2021-11-06,0.07654226682606317
2021-11-07,0.37093468962397647
2021-11-08,0.028483822803890325
2021-11-09,0.001125607816792209
2021-11-10,0.16062910817123185
2021-11-11,0.003108228832248364
2021-11-12,0.0140197427836199
2021-11-13,1.5409539883554855
2021-11-14,0.5955902799644276
2021-11-15,0.12994117718473647
2021-11-16,0.19041967140523453
2021-11-17,0.2651385744998729
2021-11-18,0.28175423108467335
2021-11-19,0.15452073503794875
2021-11-20,0.08824548403940888
2021-11-21,0.6075421094204834
2021-11-22,0.22655537180264976
2021-11-23,0.004662303855109274
2021-11-24,0.0035400151252588507
2021-11-25,0.017150499911906453
2021-11-26,1.598210890724363
2021-11-27,1.9047577077284477
2021-11-28,1.5064605438974998
2021-11-29,0.9270766357571403
2021-11-30,2.781900644672535
2021-12-01,3.3022203728162425
2021-12-02,2.987520864086282
2021-12-03,5.643913020830983
2021-12-04,8.010229101672204
2021-12-05,3.505149320253411
2021-12-06,2.915007784820112
2021-12-07,3.5458804589393957
2021-12-08,3.6751874201791264
2021-12-09,1.546264446892219
2021-12-10,2.378001092091739
2021-12-11,1.094259768823347
2021-12-12,0.5342781100358361
2021-12-13,0.08390007639179457
2021-12-14,0.288705398709446
2021-12-15,0.075089301969504
2021-12-16,0.06624936807337846
2021-12-17,0.027672266665642552
2021-12-18,0.030382229809863878
2021-12-19,0.056655658272193085
2021-12-20,0.05542586819883739
2021-12-21,0.0006315012346392555
2021-12-22,0.0011748712965453975
2021-12-23,1.7291720159303086
2021-12-24,4.638280168501069
2021-12-25,4.352267607698458
2021-12-26,4.065098216645864
2021-12-27,4.983419658915606
2021-12-28,7.717818823111753
2021-12-29,7.015550993845166
2021-12-30,1.037388932968954
2021-12-31,0.0665272221797257
2022-01-01,0.08546335751622934
2022-01-02,3.046068168620864
2022-01-03,7.89336593080428
2022-01-04,10.831514195320988
2022-01-05,2.360619278041198
2022-01-06,0.5824095658451307
2022-01-07,5.084621987590656
2022-01-08,11.29976249177014
2022-01-09,5.699177446113097
2022-01-10,0.01880499497325766
2022-01-11,0.0020524274896786864
2022-01-12,0.003060867487427254
2022-01-13,0.002134115797497261
2022-01-14,0.0014682312242212158
2022-01-15,0.0027865348358966416
2022-01-16,0.22370296799206538
2022-01-17,0.1586301073968631
2022-01-18,0.13106966443086365
2022-01-19,0.6604406524805627
2022-01-20,0.6251448672259193
2022-01-21,0.3349047934051514
2022-01-22,0.21092246881918686
2022-01-23,0.06988767353303026
2022-01-24,0.0009921351782778195
2022-01-25,0.010917848236125408
2022-01-26,0.12038242986457005
2022-01-27,0.45153783367622563
2022-01-28,0.19280590563282177
2022-01-29,0.566819575065244
2022-01-30,0.4208208310062046
2022-01-31,1.5191676192777708
2022-02-01,1.7972426598717617
2022-02-02,1.8795459640218428
2022-02-03,2.289584993413321
2022-02-04,1.0195423896568776
2022-02-05,0.09374333547947064
2022-02-06,8.776463991249194
2022-02-07,0.9642623082559412
2022-02-08,0.20815842411520105
2022-02-09,0.045241227599484846
2022-02-10,0.670016183634639
2022-02-11,0.37250537596247907
2022-02-12,1.4113820926810557e-05
2022-02-13,0.05753073099384541
2022-02-14,1.1931777829708472
2022-02-15,2.0629460047663315
2022-02-16,3.660666263684193
2022-02-17,2.2914606984300567
2022-02-18,2.0152114696132375
2022-02-19,2.9917958585773285
2022-02-20,2.173750484628576
2022-02-21,2.6123640969311785
2022-02-22,0.9012480322708797
2022-02-23,0.2953154897371981
2022-02-24,0.7960591326759121
2022-02-25,0.3728974571415989
2022-02-26,0.013456170628084402
2022-02-27,0.0004561271312854388
2022-02-28,0.0004465992962735188
2022-03-01,0.06608114077060832
2022-03-02,0.0032322161289813534
2022-03-03,0.0018080673177693304
2022-03-04,0.001210983805998044
2022-03-05,0.00532254023323986
2022-03-06,0.006125207466353681
2022-03-07,0.003174590022436491
2022-03-08,0.0013108916725289095
2022-03-09,0.0023377460063760593
2022-03-10,0.005348596048176084
2022-03-11,0.08736432010992692
2022-03-12,1.128105331482526
2022-03-13,1.4349055508870334
2022-03-14,1.802957713078066
2022-03-15,4.414654237966076
2022-03-16,3.9595509507032762
2022-03-17,3.822607886529002
2022-03-18,1.581847824431053
2022-03-19,0.02872944552781714
2022-03-20,0.5180127352452893
2022-03-21,0.02377628411738536
2022-03-22,0.0004440279989801177
2022-03-23,0.0007133976926955566
2022-03-24,0.0008905642726914505
2022-03-25,0.0037351823881773293
2022-03-26,0.00032110011026092533
2022-03-27,0.0007203667258198731
2022-03-28,0.4959943675506128
2022-03-29,1.544644440328057
2022-03-30,2.8544857580216023
2022-03-31,2.8583786422378368
2022-04-01,1.7534509027201974
2022-04-02,1.076485559874983
2022-04-03,0.18656071182071016
2022-04-04,0.7701436614552019
2022-04-05,1.548416188510492
2022-04-06,1.548082567321812
2022-04-07,6.784140186217186
2022-04-08,13.797546326824902
2022-04-09,1.6998795757802474
2022-04-10,0.22058051573006365
2022-04-11,0.00044449321863169
2022-04-12,0.01790239858880314
2022-04-13,0.7351860753022423
2022-04-14,0.40030558854554876
2022-04-15,0.038276028166715395
2022-04-16,0.24930966223711143
2022-04-17,0.00041484868330578413
2022-04-18,0.0003972625069078728
2022-04-19,0.00033382916270784725
2022-04-20,0.00043159273294506495
2022-04-21,0.00421606252452404
2022-04-22,0.004842140660060862
2022-04-23,0.904563776267561
2022-04-24,2.2424077180698236
2022-04-25,2.3665456494097037
2022-04-26,1.3710057668645776
2022-04-27,0.02986741745250654
2022-04-28,0.03753532589613216
2022-04-29,2.2513733725496046
2022-04-30,0.8218957300844626
2022-05-01,0.4175338924139314
2022-05-02,0.5065856810074834
2022-05-03,1.0115763540950375
2022-05-04,1.3753914248338774
2022-05-05,1.2608640007438277
2022-05-06,0.1911827338921342
2022-05-07,0.3020270721646979
2022-05-08,0.36411887462796555
2022-05-09,0.19130915023593328
2022-05-10,0.10464634939246822
2022-05-11,0.06109317129214061
2022-05-12,0.32283711151491307
2022-05-13,0.1550793997886577
2022-05-14,0.0007658055861505385
2022-05-15,0.0006131495921837291
2022-05-16,1.9444353060188575
2022-05-17,0.03545222371309627
2022-05-18,0.017637641527526553
2022-05-19,1.0495856364662068
2022-05-20,1.3585478281586107
2022-05-21,0.024869600890774585
2022-05-22,1.7174874076146713
2022-05-23,8.124965356345815
2022-05-24,3.0264534954090276
2022-05-25,0.07702675107266957
2022-05-26,0.1459425583044556
2022-05-27,0.24783175949128958
2022-05-28,0.16642469499424306
2022-05-29,0.25252175718821096
2022-05-30,0.17910001065052064
2022-05-31,0.11489957350801254
2022-06-01,0.05078839493254345
2022-06-02,0.06358300761658364
2022-06-03,1.1024700309897666
2022-06-04,4.582443340787451
2022-06-05,10.78029761842508
2022-06-06,5.835312760955867
2022-06-07,4.281887225760542
2022-06-08,4.065420858216942
2022-06-09,0.6989074311481324
2022-06-10,0.015456494739235245
2022-06-11,0.14051456758578912
2022-06-12,0.21799913538277185
2022-06-13,0.030713409200405856
2022-06-14,0.0009366937091736783
2022-06-15,0.0010693618700725958
2022-06-16,0.0975175873060218
2022-06-17,0.04573475737930541
2022-06-18,0.06278507095512112
2022-06-19,1.3215070579667358
2022-06-20,6.07203334841854
2022-06-21,5.515260085605835
2022-06-22,7.346070334577542
2022-06-23,5.4978180237202166
2022-06-24,5.896814542828257
2022-06-25,3.0078761877848668
2022-06-26,6.424146947936042
2022-06-27,5.543146841892857
2022-06-28,0.9620692048847931
2022-06-29,0.2035603185693864
2022-06-30,2.1771072563902245
2022-07-01,1.79214786531788
2022-07-02,1.2710997428353192e-05
2022-07-03,0.017112702681890107
2022-07-04,0.005690761632278189
2022-07-05,0.0056403277457632486
2022-07-06,0.06664180689181064
2022-07-07,0.8574395227426216
2022-07-08,0.0023827545052173475
2022-07-09,0.021618507786194882
2022-07-10,0.0036916729212696266
2022-07-11,0.11697327703597409
2022-07-12,0.13234553188579712
2022-07-13,0.596637919369225
2022-07-14,0.0705995623330081
2022-07-15,0.053898679265275154
2022-07-16,0.00845796202617622
2022-07-17,0.0006604771470734872
2022-07-18,0.0002993458105035013
2022-07-19,0.0003723691312299865
2022-07-20,3.2715666310562077
2022-07-21,1.2369315093609077
2022-07-22,1.1830645063409504
2022-07-23,0.2558668909740121
2022-07-24,0.00042979118892083276
2022-07-25,0.2895273363351765
2022-07-26,0.3048019487136638
2022-07-27,0.21331658732032566
2022-07-28,0.2791771377551786
2022-07-29,0.19598011545208058
2022-07-30,0.01760144916907846
2022-07-31,0.12714870636454556
2022-08-01,0.342585527920117
2022-08-02,0.00805912906436608
2022-08-03,0.00027001119303775734
2022-08-04,1.3521495587105712
2022-08-05,1.3518306802668467
2022-08-06,0.35413617370437284
2022-08-07,0.005493988337107564
2022-08-08,0.11255408983416419
2022-08-09,0.09007435857260082
2022-08-10,0.09318906559590569
2022-08-11,0.00038478526833884367
2022-08-12,0.0003139617037203394
2022-08-13,0.00038045891389524276
2022-08-14,0.23674741971314803
2022-08-15,0.9968668831265952
2022-08-16,0.32484159734553536
2022-08-17,2.6655905083819147
2022-08-18,2.9980621249639006
2022-08-19,2.2262950357316837
2022-08-20,3.7523479262198185
2022-08-21,1.4927545761097438
2022-08-22,0.03853248298884806
2022-08-23,0.05477629464636597
2022-08-24,0.0005680004937830923
2022-08-25,0.0009879313367614057
2022-08-26,1.1268523716768741
2022-08-27,0.8767378744384129
2022-08-28,0.3454812280573523
2022-08-29,0.0200385335572833
2022-08-30,1.8075741802515717
2022-08-31,3.424663096406124
2022-09-01,0.11045264257150582
2022-09-02,0.3379382083482178
2022-09-03,0.8666453299974877
2022-09-04,0.10501396381947545
2022-09-05,1.4460041520349802
2022-09-06,5.265272221915587
2022-09-07,5.577466522833308
2022-09-08,6.800436790034311
2022-09-09,6.179354427072139
2022-09-10,3.357187281852486
2022-09-11,0.15433810535701833
2022-09-12,0.009312925194160198
2022-09-13,8.042778355916093
2022-09-14,17.755672356840318
2022-09-15,7.97331389032576
2022-09-16,2.5163202224738197
2022-09-17,1.5808834726569716
2022-09-18,0.9983489386346742
2022-09-19,0.2635905806440937
2022-09-20,0.14988719848638024
2022-09-21,0.0021787694254071337
2022-09-22,0.0005429594343551343
2022-09-23,1.528461277005733
2022-09-24,2.422721119722604
2022-09-25,3.8226227539617676
2022-09-26,7.219467201081215
2022-09-27,8.374226262718244
2022-09-28,6.305610961354452
2022-09-29,2.9141361090931652
2022-09-30,0.09778338454947473
2022-10-01,8.853522420900918
2022-10-02,5.649665179795459
2022-10-03,0.007171140668531812
2022-10-04,0.02834918286660947
2022-10-05,0.031772479129162416
2022-10-06,0.02766396117627357
2022-10-07,0.01866158073550215
2022-10-08,0.030998337950662348
2022-10-09,0.0006583214814090955
2022-10-10,0.392782556437914
2022-10-11,0.04906020835322897
2022-10-12,0.034771743661915405
2022-10-13,3.3249993591659956
2022-10-14,4.302655685028758
2022-10-15,4.0443061198660955
2022-10-16,3.2785627693856805
2022-10-17,2.6423877890127607
2022-10-18,2.492970359336594
2022-10-19,0.028306733148571954
2022-10-20,7.731467629247342
2022-10-21,10.104470433750212
2022-10-22,4.392990528846189
2022-10-23,5.242828337577531
2022-10-24,2.5785072264243145
2022-10-25,0.7821115389815645
2022-10-26,0.9799930771096367
2022-10-27,1.0508597194878038
2022-10-28,1.03633373312132
2022-10-29,0.5358662515590589
2022-10-30,0.0004613545436052301
2022-10-31,0.10853361827575926
2022-11-01,2.784068995834587
2022-11-02,0.08846866861806066
2022-11-03,4.007396604034582
2022-11-04,2.159335029451447
2022-11-05,0.6237139994501256
2022-11-06,0.6418068558611674
2022-11-07,0.4938583727097535
2022-11-08,1.501371380794621
2022-11-09,3.431608541769383
2022-11-10,0.044757038814132726
2022-11-11,0.009244098238672675
2022-11-12,0.006295555924956133
2022-11-13,0.000385131626718669
2022-11-14,1.0652605608387395
2022-11-15,2.8387554094963336
2022-11-16,4.602084075025913
2022-11-17,6.230218524163404
2022-11-18,6.971155214717505
2022-11-19,4.491289689385109
2022-11-20,3.9925485856270977
2022-11-21,5.754695531553393
2022-11-22,2.3942892076616347
2022-11-23,1.964230398610325
2022-11-24,1.1007208376580389
2022-11-25,0.7669188689687026
2022-11-26,0.14959998397734933
2022-11-27,0.3272989546494885
2022-11-28,1.6774927941745168
2022-11-29,0.497586534653752
2022-11-30,0.45179275194945434
2022-12-01,0.2865854348510153
2022-12-02,0.39946007816885576
2022-12-03,0.03217808212961624
2022-12-04,1.1753075812532203
2022-12-05,0.8961801869166106
2022-12-06,0.17157505625985803
2022-12-07,0.18462699051633563
2022-12-08,0.1655344676775501
2022-12-09,0.043034091682242
2022-12-10,0.10404092513273926
2022-12-11,0.07860059539644824
2022-12-12,0.012017086799530442
2022-12-13,0.010057592224546405
2022-12-14,1.016514409941754
2022-12-15,0.36169316768384274
2022-12-16,0.06273932071394998
2022-12-17,0.0026032517158280978
2022-12-18,0.6812804688083935
2022-12-19,1.9641959041211108
2022-12-20,3.284357044016187
2022-12-21,5.333393621895407
2022-12-22,8.48804068199856
2022-12-23,9.142213161788526
2022-12-24,1.9511503644624757
2022-12-25,2.0236587432509983
2022-12-26,2.7125504191122762
2022-12-27,1.7809680965015782
2022-12-28,2.750023665637219
2022-12-29,4.340475466989683
2022-12-30,5.776378604151832
2022-12-31,3.5107568771531343
2023-01-01,0.5964466046373733
2023-01-02,1.58713336854017
2023-01-03,0.10920351355720966
2023-01-04,2.488022453193758
2023-01-05,1.6256499309422854
2023-01-06,0.4814121050123691
2023-01-07,0.9135942782341195
2023-01-08,7.302416272882377
2023-01-09,5.271531328968352
2023-01-10,3.975759373632114
2023-01-11,6.206400955467288
2023-01-12,4.699067772248833
2023-01-13,6.3007781585388285
2023-01-14,10.146056956662717
2023-01-15,11.024080745552823
2023-01-16,7.131660862069693
2023-01-17,3.7259172460130587
2023-01-18,0.6191391450296959
2023-01-19,0.4065950544710424
2023-01-20,1.1958429720053982
2023-01-21,0.915496037022588
2023-01-22,0.5541841853171713
2023-01-23,0.05073734938934578
2023-01-24,0.008060933809519836
2023-01-25,0.023762431403073717
2023-01-26,0.25403887796178914
2023-01-27,0.24250015385668452
2023-01-28,0.056442383953543084
2023-01-29,0.02979843991058114
2023-01-30,0.5892711946753102
2023-01-31,0.46313466070409626
2023-02-01,0.6176469847232287
2023-02-02,0.49599667004756204
2023-02-03,0.735799360892896
2023-02-04,0.3763437277641264
2023-02-05,1.0569174484871418
2023-02-06,1.3046985776233828
2023-02-07,0.0009733766623767079
2023-02-08,0.0005288331538984779
2023-02-09,0.0008414722196483875
2023-02-10,0.02921947276643781
2023-02-11,0.07005418264132943
2023-02-12,0.00804099197891256
2023-02-13,0.2931606061407004
2023-02-14,0.0006507449819778522
2023-02-15,0.0010835106532832391
2023-02-16,0.08636571680759889
2023-02-17,0.5341903882314141
2023-02-18,0.6262564851647875
2023-02-19,0.5388097340430417
2023-02-20,0.00446621164612805
2023-02-21,0.006231775801317146
2023-02-22,1.4039546556756601
2023-02-23,1.0374836678221844
2023-02-24,1.1119826888705875
2023-02-25,0.5383624063022098
2023-02-26,0.23694686465307854
2023-02-27,0.0021595620119877305
2023-02-28,0.007305089460140439
2023-03-01,0.0004293623679791504
2023-03-02,0.00029486194499756934
2023-03-03,0.0010559636042556698
2023-03-04,0.05015626796532981
2023-03-05,0.47301703509948845
2023-03-06,1.3392493872492919
2023-03-07,3.213022805741691
2023-03-08,9.19758603660658
2023-03-09,7.552038689374028
2023-03-10,4.118427769712758
2023-03-11,0.10721902640786303
2023-03-12,1.9222367285436397
2023-03-13,5.95927858287852
2023-03-14,4.78443065225419
2023-03-15,1.868089908558803
2023-03-16,0.07541541650673603
2023-03-17,1.9761358132040794
2023-03-18,0.16844532346406105
2023-03-19,0.7775014322493664
2023-03-20,0.14959385985586116
2023-03-21,0.42759682316483183
2023-03-22,2.1105350387385142
2023-03-23,4.288273288059235
2023-03-24,5.816314063807938
2023-03-25,4.451049553878132
2023-03-26,4.120449255317292
2023-03-27,1.293103932579303
2023-03-28,1.4853312354025885
2023-03-29,0.891793630672154
2023-03-30,4.089783526561624
2023-03-31,5.541658124567216
2023-04-01,4.768017247397413
2023-04-02,1.7009473823022936
2023-04-03,0.0019971795905094876
2023-04-04,0.000105046026418301
2023-04-05,7.541268280533509e-05
2023-04-06,1.003743254193553
2023-04-07,1.5387303971282345
2023-04-08,0.20111763571260083
2023-04-09,0.018685857382732006
2023-04-10,3.28583720492218
2023-04-11,7.384497943736794
2023-04-12,6.8679356553813955
2023-04-13,2.168058301451374
2023-04-14,0.35619554693119193
2023-04-15,0.45122418412264736
2023-04-16,0.577299021093404
2023-04-17,0.6836915310802135
2023-04-18,0.16739547971271576
2023-04-19,0.2696483100016711
2023-04-20,0.888949386200076
2023-04-21,0.20401760995262755
2023-04-22,1.6845188022441264
2023-04-23,3.329847996376162
2023-04-24,2.673454564161445
2023-04-25,1.8650116768608767
2023-04-26,0.019994878166899318
2023-04-27,0.8086118961855057
2023-04-28,3.3603712173262523
2023-04-29,0.2608413588055063
2023-04-30,0.44302601709509937
2023-05-01,0.6795096070802699
2023-05-02,0.11174811225465857
2023-05-03,0.0001828615941130357
2023-05-04,0.0009261598562992143
2023-05-05,1.3308592992064927
2023-05-06,2.027509937655549
2023-05-07,5.124912702863887
2023-05-08,4.736463056038638
2023-05-09,8.09351846813068
2023-05-10,4.442993662806291
2023-05-11,2.9076914820017143
2023-05-12,2.2745388632509407
2023-05-13,0.8254840708578858
2023-05-14,0.5564473298745167
2023-05-15,0.49395749928217436
2023-05-16,0.34649106128691703
2023-05-17,0.10846959908738917
2023-05-18,0.002537125958490051
2023-05-19,0.011709258541579845
2023-05-20,1.866546528670674
2023-05-21,2.185103119961211
2023-05-22,1.1642721409334338
2023-05-23,0.18297881437495178
2023-05-24,0.013347731907609735
2023-05-25,0.007673504823697097
2023-05-26,0.08013057592657304
2023-05-27,0.016387627367104224
2023-05-28,0.048656344164469095
2023-05-29,0.00011414553564952894
2023-05-30,0.000297098746394673
2023-05-31,0.01333737862471698
2023-06-01,0.0006993925454546155
2023-06-02,0.0009413418707325759
2023-06-03,0.0032116050766150457
2023-06-04,0.013379500121741666
2023-06-05,0.0004770235166073576
2023-06-06,0.011561039758841674
2023-06-07,0.47292240548505315
2023-06-08,0.1536985055952273
2023-06-09,0.013842201874276813
2023-06-10,0.01437949304205805
2023-06-11,0.09939909661594522
2023-06-12,0.000682129886501067
2023-06-13,0.0005722824569653767
2023-06-14,0.005360839281140353
2023-06-15,0.0019093602864371615
2023-06-16,0.007373605733024114
2023-06-17,0.0057137635119072815
2023-06-18,1.3025357102297543
2023-06-19,3.1952728923598506
2023-06-20,3.635191201076463
2023-06-21,5.611184601338011
2023-06-22,8.897893120644643
2023-06-23,3.0177101349234174
2023-06-24,0.0010241847155405947
2023-06-25,0.0008241563960684235
2023-06-26,0.02096094506809661
2023-06-27,0.03797205091289774
2023-06-28,0.178931189693529
2023-06-29,0.7880739067631173
2023-06-30,1.8576219251116581
2023-07-01,1.2797011681901502
2023-07-02,0.5560892132112063
2023-07-03,0.48402332810388166
2023-07-04,0.7773852561228332
2023-07-05,1.124789320094768
2023-07-06,0.002962884323315381
2023-07-07,0.3227731593785873
2023-07-08,0.4314383203557086
2023-07-09,2.190929348241075
2023-07-10,2.4147186749052145
2023-07-11,5.877351981188701
2023-07-12,1.0043757794823331
2023-07-13,0.13171185809867092
2023-07-14,0.13167785422439587
2023-07-15,2.1907463249477193
2023-07-16,0.24907880511095137
2023-07-17,0.13718772130617654
2023-07-18,0.6164539080890944
2023-07-19,0.32393021102423514
2023-07-20,0.20747669537148652
2023-07-21,0.26345004932959665
2023-07-22,0.07650567200671739
2023-07-23,0.7150196077619901
2023-07-24,3.4012753096741473
2023-07-25,4.463645486735004
2023-07-26,1.0904280454145638
2023-07-27,4.8551189249395055
2023-07-28,8.557397024258512
2023-07-29,5.907547805319658
2023-07-30,1.9688923657685002
2023-07-31,8.739053601295211
2023-08-01,13.79904832321914
2023-08-02,10.0232533411676
2023-08-03,5.4847297725164985
2023-08-04,3.2010064800819227
2023-08-05,2.4689558036522534
2023-08-06,2.6836939925649124
2023-08-07,0.784945786882109
2023-08-08,0.8659836298177944
2023-08-09,0.6473489269569173
2023-08-10,6.18294523881088e-05
2023-08-11,0.25032913139097096
2023-08-12,2.5195033444355595
2023-08-13,2.287969048072629
2023-08-14,2.837132099321512
2023-08-15,6.780218264905077
2023-08-16,4.060030047047006
2023-08-17,0.33822154851365693
2023-08-18,0.02465535549446077
2023-08-19,0.07065405423956221
2023-08-20,0.03565119773954722
2023-08-21,0.002873355141110162
2023-08-22,0.0013967840051745952
2023-08-23,0.001088639767047355
2023-08-24,5.306201259557654
2023-08-25,5.306654535657678
2023-08-26,1.6891951177170865
2023-08-27,3.2424016675827243
2023-08-28,1.335691532160808
2023-08-29,1.1206875156435683
2023-08-30,1.7559850724318486
2023-08-31,2.032452916929832
2023-09-01,1.4569704000472885
2023-09-02,0.037099414314189394
2023-09-03,0.004529468340209718
2023-09-04,0.0008978806154315984
2023-09-05,0.0002767452497660877
2023-09-06,0.00017508850110096408
2023-09-07,0.0003004348659421459
2023-09-08,0.00027681556744737427
2023-09-09,0.0013297732370553524
2023-09-10,0.004177733001488099
2023-09-11,0.10360296448562138
2023-09-12,2.198100538241171
2023-09-13,0.6054566474416657
2023-09-14,0.024698083354318542
2023-09-15,0.015872331625848262
2023-09-16,0.4746914412175379
2023-09-17,0.26454851581366656
2023-09-18,4.582886198335095
2023-09-19,0.7400286925216906
2023-09-20,0.5145428448066082
2023-09-21,5.320989367698446
2023-09-22,2.391231711036368
2023-09-23,0.5390904315416579
2023-09-24,0.00041120527815539015
2023-09-25,0.0003921248790663749
2023-09-26,0.00030118419189896484
2023-09-27,0.025198591576507334
2023-09-28,0.3988330162018596
2023-09-29,0.20882698484908527
2023-09-30,0.00946519114308536
2023-10-01,0.0001892049777231963
2023-10-02,8.419637840786195e-05
2023-10-03,1.010349143595372
2023-10-04,0.02926194560949549
2023-10-05,0.05385585761302175
2023-10-06,0.00026317832629268166
2023-10-07,0.002653542535989833
2023-10-08,0.0007033129308842938
2023-10-09,0.005039918880409998
2023-10-10,0.0007522606810628534
2023-10-11,0.0002701275818510494
2023-10-12,1.1254995885545345
2023-10-13,0.39018962197158574
2023-10-14,0.7086518322941654
2023-10-15,0.18387768742072855
2023-10-16,0.0006957828826470135
2023-10-17,0.0012434054628182095
2023-10-18,3.4507096426377846
2023-10-19,7.070513035246523
2023-10-20,11.208813948796129
2023-10-21,4.74198123012123
2023-10-22,2.9524830930340644
2023-10-23,5.356678073639645
2023-10-24,9.15786133518745
2023-10-25,7.642967527925707
2023-10-26,5.1483960766829755
2023-10-27,7.5783360281154035
2023-10-28,10.401220163677037
2023-10-29,16.670495295853062
2023-10-30,17.683498661756857
2023-10-31,9.081364829501936
2023-11-01,5.754550160429296
2023-11-02,6.769303175762652
2023-11-03,0.26760497471315453
2023-11-04,2.609741375805285
2023-11-05,3.222223198015051
2023-11-06,1.3185889142499272
2023-11-07,1.129576418642706
2023-11-08,0.38882317114870424
2023-11-09,4.297414039092819
2023-11-10,4.262822354676077
2023-11-11,3.2598791933984477
2023-11-12,4.599495717417747
2023-11-13,9.02816657496693
2023-11-14,5.763367957818434
2023-11-15,4.052967501558931
2023-11-16,7.0968720582500975
2023-11-17,4.01396624084798
2023-11-18,8.699896202043876
2023-11-19,4.289355155018253
2023-11-20,2.94666542575465
2023-11-21,0.8891279467772449
2023-11-22,0.21549554575719934
2023-11-23,0.3623074283050835
2023-11-24,1.7430853036948806
2023-11-25,3.083896110148791
2023-11-26,5.990979928513655
2023-11-27,12.745711352661443
2023-11-28,5.990074274789464
2023-11-29,3.046157770092004
2023-11-30,2.1251583361573307
2023-12-01,1.5335358835556891
2023-12-02,0.3443802069171031
2023-12-03,0.19239983585665651
2023-12-04,2.290884915443785
2023-12-05,2.9452640217804853
2023-12-06,1.4171697242655779
2023-12-07,2.068305036725392
2023-12-08,4.4817085027920625
2023-12-09,6.495732903528791
2023-12-10,5.3000922778147475
2023-12-11,3.3304896155346273
2023-12-12,7.129060000730549
2023-12-13,2.7346748269984005
2023-12-14,0.5771176640737774
2023-12-15,0.18583317978446315
2023-12-16,0.012562112725609566
2023-12-17,0.012489995954020144
2023-12-18,0.01364084700078623
2023-12-19,2.1073751828617047
2023-12-20,4.062926207428651
2023-12-21,7.0805871179349
2023-12-22,4.850777655983514
2023-12-23,2.469319136183008
2023-12-24,2.371767468350421
2023-12-25,1.4751338454185732
2023-12-26,0.9843204335488164
2023-12-27,1.6468161018282685
2023-12-28,2.1414708083964777
2023-12-29,1.4125795561720653
2023-12-30,1.348337735598754
2023-12-31,3.125041699059741
2024-01-01,3.1307408517304234
2024-01-02,15.745966701700773
2024-01-03,7.973910785830637
2024-01-04,1.306923949814417
2024-01-05,0.1140836657355663
2024-01-06,0.3223006691067127
2024-01-07,0.2727153855692835
2024-01-08,0.03499716109410356
2024-01-09,0.12801802028210874
2024-01-10,0.05026735021963599
2024-01-11,0.0003426668896696714
2024-01-12,0.023121815462248067
2024-01-13,0.05227977293137024
2024-01-14,0.09642367145597774
2024-01-15,0.37880845105235
2024-01-16,0.008012835232959582
2024-01-17,6.242542467428934
2024-01-18,4.018243656042938
2024-01-19,0.03054036093134197
2024-01-20,0.0030811339562364006
2024-01-21,1.8382866717825683
2024-01-22,3.7459815287512583
2024-01-23,1.8727235226125682
2024-01-24,2.3320890761527022
2024-01-25,1.6097622464538834
2024-01-26,1.744314104775449
2024-01-27,0.00018798360944167458
2024-01-28,0.0003442850265806628
2024-01-29,0.0037492474648223965
2024-01-30,0.17249733584999288
2024-01-31,1.4267755114505973
2024-02-01,3.88845666061373
2024-02-02,2.0492486179801492
2024-02-03,1.1628143551150723
2024-02-04,0.7055406759337527
2024-02-05,0.3333239518814235
2024-02-06,0.2904573715983071
2024-02-07,6.561649855282882
2024-02-08,9.640560763566748
2024-02-09,7.836628263405317
2024-02-10,5.111701327285421
2024-02-11,2.3910971040912243
2024-02-12,0.6443038459465713
2024-02-13,0.10854593785827693
2024-02-14,0.5214071350864155
2024-02-15,0.6430010155486195
2024-02-16,0.8207821938737104
2024-02-17,0.45912088676231805
2024-02-18,3.304058324164381
2024-02-19,2.536925880444111
2024-02-20,2.5637302353827605
2024-02-21,6.190393326587814
2024-02-22,8.566210558492253
2024-02-23,2.127248434012484
2024-02-24,1.747756472098057
2024-02-25,2.3862484689860026
2024-02-26,3.6496984190666013
2024-02-27,0.03291261392094072
2024-02-28,0.0014672905560404324
2024-02-29,0.005588747948855508
2024-03-01,0.033058553777654195
2024-03-02,0.3351021848017698
2024-03-03,1.145366372338831
2024-03-04,0.29359054162970355
2024-03-05,0.5129731221069133
2024-03-06,0.09783091939916995
2024-03-07,0.022873660900363735
2024-03-08,0.058212826783634236
2024-03-09,0.3589101974905489
2024-03-10,4.406032812659564
2024-03-11,5.2838391449899245
2024-03-12,4.307973749559988
2024-03-13,2.056277182860415
2024-03-14,0.6003019373185682
2024-03-15,3.3559838185156656
2024-03-16,2.8795754117999306
2024-03-17,3.062703900012163
2024-03-18,3.7577722367974618
2024-03-19,0.023493364407132702
2024-03-20,0.00012185244996924489
2024-03-21,0.06528081660406111
2024-03-22,0.09146595683834301
2024-03-23,1.7432507471734324
2024-03-24,1.5004386892929298
2024-03-25,0.011530116976250098
2024-03-26,2.5823144132731572
2024-03-27,4.301364159869086
2024-03-28,4.061287494661496
2024-03-29,7.33463002544733
2024-03-30,8.806758741833075
2024-03-31,10.769998549858228
2024-04-01,17.97377062586339
2024-04-02,9.260741378653568
2024-04-03,6.234713421215151
2024-04-04,5.949787532652309
2024-04-05,2.2248001335138374
2024-04-06,1.7895971125432788
2024-04-07,1.7293657181108144
2024-04-08,0.5261341501861071
2024-04-09,0.7903479247864214
2024-04-10,0.075876988549402
2024-04-11,0.003967516270879748
2024-04-12,0.032020117599672805
2024-04-13,0.0011287051839284023
2024-04-14,0.04170463087176039
2024-04-15,2.3630044477357686
2024-04-16,2.8415495429963484
2024-04-17,2.090966355801047
2024-04-18,1.467120488808262
2024-04-19,2.8561367477887436
2024-04-20,1.9995717182891157
2024-04-21,1.6419966666302572
2024-04-22,0.5314576327938814
2024-04-23,0.06177384925886186
2024-04-24,1.0206699243308042
2024-04-25,0.5800570084093469
2024-04-26,0.5382385012882086
2024-04-27,0.5211820811656513
2024-04-28,2.230243170479005
2024-04-29,0.8119973061548705
2024-04-30,0.39795343233005737
2024-05-01,1.8362979532155166
2024-05-02,6.781986382724187
2024-05-03,8.314914845483848
2024-05-04,6.4329316758626645
2024-05-05,8.533082720983705
2024-05-06,8.200729680775185
2024-05-07,1.225784510404835
2024-05-08,0.17390479728160702
2024-05-09,0.009667219591865006
2024-05-10,0.0006459841408762419
2024-05-11,0.0002625717368275385
2024-05-12,1.058960905161749
2024-05-13,1.629167599836337
2024-05-14,3.317269240689746
2024-05-15,7.329408381027011
2024-05-16,9.458019126398586
2024-05-17,15.705388615580404
2024-05-18,4.547294077938221
2024-05-19,3.8254998920893395
2024-05-20,3.082557753669642
2024-05-21,6.174707471792243
2024-05-22,3.028700732590565
2024-05-23,4.389083435077717
2024-05-24,3.381390518557777
2024-05-25,1.4351363283775518
2024-05-26,0.9103908914663186
2024-05-27,0.6876150232773403
2024-05-28,0.3923173403983847
2024-05-29,3.5709833746106168
2024-05-30,4.044548287433834
2024-05-31,2.3966491231281206
2024-06-01,1.7107497783153003
2024-06-02,0.9140649962723527
2024-06-03,0.06177509714355005
2024-06-04,0.07143386315158984
2024-06-05,0.30784747737666135
2024-06-06,0.1439783517314535
2024-06-07,0.012898566689158621
2024-06-08,0.13977748857920558
2024-06-09,0.06509113801112182
2024-06-10,0.3961159698672765
2024-06-11,0.35229923945089475
2024-06-12,0.21326242894544495
2024-06-13,0.04449458495790692
2024-06-14,2.958670658697726
2024-06-15,4.762840810215857
2024-06-16,3.612011755340811
2024-06-17,4.0490211252418815
2024-06-18,5.292641563501825
2024-06-19,4.74240651780367
2024-06-20,7.057171324121936
2024-06-21,5.536275560627302
2024-06-22,2.3435884272126235
2024-06-23,0.17387371822656644
2024-06-24,0.006351457792799581
2024-06-25,0.00738232685252107
2024-06-26,0.6207218194881204
2024-06-27,1.0477495495248812
2024-06-28,0.39586755514562016
2024-06-29,8.468307885121913
2024-06-30,9.460426427586672
2024-07-01,2.9743856597399723
2024-07-02,2.7969898298984566
2024-07-03,2.901488423879349
2024-07-04,1.5268167679771258
2024-07-05,0.007062250010893263
2024-07-06,0.643239199050148
2024-07-07,0.010924355468519184
2024-07-08,0.0010101044914962508
2024-07-09,4.081402989696223
2024-07-10,4.374504273427145
2024-07-11,2.047961484624898
2024-07-12,3.619331040951344
2024-07-13,0.540402212241346
2024-07-14,0.2120632274912317
2024-07-15,3.7809593185737995
2024-07-16,1.5121357577448717
2024-07-17,0.2550145288400025
2024-07-18,0.0010306913775002882
2024-07-19,0.014147255305345233
2024-07-20,1.1302959158751305
2024-07-21,2.3715620737035854
2024-07-22,0.25126991117277664
2024-07-23,0.7581069479271505
2024-07-24,0.1563412515092264
2024-07-25,0.5367373561752228
2024-07-26,3.5598613872558382
2024-07-27,5.716039227960226
2024-07-28,0.041866435180889866
2024-07-29,0.0011241029900881168
2024-07-30,0.0011953151235738146
2024-07-31,5.219419748929491
2024-08-01,9.326847400893824
2024-08-02,2.34610087499524
2024-08-03,1.0140080948557872
2024-08-04,0.7300149502565019
2024-08-05,0.002121302368197591
2024-08-06,0.0025969725750426996
2024-08-07,0.502705952163928
2024-08-08,0.15453241331741385
2024-08-09,0.09198573258930529
2024-08-10,0.011477862575166269
2024-08-11,0.0004647704731725879
2024-08-12,0.5824768690998596
2024-08-13,0.882515426579667
2024-08-14,5.605241423083427
2024-08-15,0.01567952330557193
2024-08-16,0.013001981314540776
2024-08-17,1.949581643028598
2024-08-18,2.0209972164555206
2024-08-19,0.10701050463012494
2024-08-20,0.7742554643979903
2024-08-21,0.5655010098346721
2024-08-22,0.0007148711570952654
2024-08-23,0.04176572208214352
2024-08-24,3.5259944362415725
2024-08-25,0.4626093284882157
2024-08-26,0.003708035056456808
2024-08-27,0.09535053135074271
2024-08-28,0.1530829863158437
2024-08-29,0.36938569342545474
2024-08-30,1.198263661318623
2024-08-31,1.1945642399100784
2024-09-01,0.5101860666274153
2024-09-02,1.6558318608189162
2024-09-03,0.7990318713721021
2024-09-04,4.3015620584158905
2024-09-05,6.602800796840877
2024-09-06,5.232925609864949
2024-09-07,6.186884105097612
2024-09-08,2.158852211814289
2024-09-09,2.7774645496891472
2024-09-10,2.7044552644194577
2024-09-11,4.85827855349541
2024-09-12,2.3763896874847754
2024-09-13,0.8638189318979203
2024-09-14,0.07864077608209791
2024-09-15,0.015162483673374298
2024-09-16,0.11808879212055386
2024-09-17,0.04653273656796983
2024-09-18,0.04488668312094149
2024-09-19,0.09619172966436808
2024-09-20,0.0717383426620348
2024-09-21,0.021300336524609297
2024-09-22,0.7441105410132632
2024-09-23,1.1046456597275103
2024-09-24,6.549474039550313
2024-09-25,15.21319797839459
2024-09-26,21.646054713776095
2024-09-27,9.654908250640107
2024-09-28,3.0995266789484894
2024-09-29,4.839599822953636
2024-09-30,2.3955889296343336
2024-10-01,3.8323488610659964
2024-10-02,2.8238546865476315
2024-10-03,1.5044099117494183
2024-10-04,0.6964782933161804
2024-10-05,0.055822440893346224
2024-10-06,3.9695208678599636
2024-10-07,11.395862477975188
2024-10-08,13.882372122804009
2024-10-09,11.26797364563443
2024-10-10,5.314419551751085
2024-10-11,1.0314727359656282
2024-10-12,2.099928253966061
2024-10-13,3.070042751660718
2024-10-14,0.9950678068291602
2024-10-15,0.7172969342884165
2024-10-16,0.6236454119658479
2024-10-17,2.5140168585328873
2024-10-18,3.7513371507102007
2024-10-19,3.974377970549247
2024-10-20,0.5847725810112894
2024-10-21,0.16211056448064454
2024-10-22,0.17033330394524213
2024-10-23,0.0009994137813026727
2024-10-24,0.022391157251276037
2024-10-25,0.1270446472184834
2024-10-26,0.017878062357812096
2024-10-27,0.1750911845364543
2024-10-28,0.0333351280166553
2024-10-29,0.053026885720635006
2024-10-30,0.08126433729400888
2024-10-31,0.04894469994145575
2024-11-01,0.06577257482955408
2024-11-02,0.06720957000514272
2024-11-03,0.0030239565929942834
2024-11-04,0.0028561149681856817
2024-11-05,0.005629259212593319
2024-11-06,0.03578877933980766
2024-11-07,0.022134457260566075
2024-11-08,0.050320888579404296
2024-11-09,0.03951947045063035
2024-11-10,0.042649876465934364
2024-11-11,0.5864059289894709
2024-11-12,0.7265262364664741
2024-11-13,0.2477403644381303
2024-11-14,0.22418617799247034
2024-11-15,0.06892613397806917
2024-11-16,0.04570966958691295
2024-11-17,0.8023481928999359
2024-11-18,5.867696116819708
2024-11-19,14.726575698754143
2024-11-20,2.1384498876282576
2024-11-21,2.8786444247916165
2024-11-22,1.8790283557647367
2024-11-23,2.9928086524149315
2024-11-24,3.019857709945211
2024-11-25,3.2811516154376155
2024-11-26,2.5625690758718114
2024-11-27,3.174836701849937
2024-11-28,1.4140964178452282
2024-11-29,0.00130400543364943
2024-11-30,0.00019874638642136035
2024-12-01,0.01802132962988218
2024-12-02,0.5662957583574897
2024-12-03,0.5361602945727766
2024-12-04,0.13747113692241206
2024-12-05,4.50228487027961
2024-12-06,5.278514121003008
2024-12-07,6.70774789345446
2024-12-08,3.2587750104785207
2024-12-09,0.607294184266596
2024-12-10,0.14002621742505222
2024-12-11,0.00883641879882285
2024-12-12,0.009582674889421501
2024-12-13,0.008756988242215805
2024-12-14,0.349349333356892
2024-12-15,0.7082229279927448
2024-12-16,0.6577522866765318
2024-12-17,1.18427540828236
2024-12-18,0.647646811978452
2024-12-19,4.8641404303243485
2024-12-20,1.0053349662777853
2024-12-21,3.1179253952971044
2024-12-22,7.973255700063801
2024-12-23,4.023811950996667
2024-12-24,0.6357312957800861
2024-12-25,0.03226211499250382
2024-12-26,0.0017931017780616718
2024-12-27,0.0006530632048045861
2024-12-28,0.0034961356261460734
2024-12-29,0.0761561434032492
2024-12-30,0.0839804279350857
2024-12-31,0.09785709733098506
2025-01-01,2.0194959791725
2025-01-02,8.013315666609726
2025-01-03,0.23874692319776697
2025-01-04,1.5714198623271016
2025-01-05,5.047437578715696
2025-01-06,2.803914973189371
2025-01-07,3.6304424151325185
2025-01-08,11.076764533670527
2025-01-09,6.3457248079524495
2025-01-10,0.087659254554214
2025-01-11,0.041500503389546466
2025-01-12,0.03960041151022111
2025-01-13,0.0024289752491565516
2025-01-14,0.0007864520432434338
2025-01-15,0.05060388128343338
2025-01-16,0.03616163254431961
2025-01-17,0.0009353280244711383
2025-01-18,0.001355302057342095
2025-01-19,0.0023572221437648502
2025-01-20,0.03306895378761816
2025-01-21,0.0009498065859206281
2025-01-22,1.4222067658418855
2025-01-23,2.794562243359532
2025-01-24,1.5079590433044383
2025-01-25,6.470673946831551
2025-01-26,6.884729882148468
2025-01-27,8.053438484785895
2025-01-28,5.891990072806885
2025-01-29,3.41592319946266
2025-01-30,1.367948944274522
2025-01-31,0.029683193554001414
2025-02-01,0.0006350263264814635
2025-02-02,0.001369732479936396
2025-02-03,0.0028951014576460003
2025-02-04,0.04898946563238228
2025-02-05,0.15324336492028373
2025-02-06,0.3461359105290847
2025-02-07,0.24372315372567835
2025-02-08,0.2574131212234426
2025-02-09,0.4219194159667398
2025-02-10,4.089757507801191
2025-02-11,1.451034625220843
2025-02-12,1.3015740573276093
2025-02-13,0.8828929420189819
2025-02-14,0.050022210297341274
2025-02-15,0.029940113634523896
2025-02-16,0.1310500704096993
2025-02-17,0.0003726807818136457
2025-02-18,0.0002550147370013016
2025-02-19,0.0012382071778917706
2025-02-20,0.2207015084472513
2025-02-21,0.14425141322242357
2025-02-22,1.611917456860207
2025-02-23,0.4432228288438857
2025-02-24,4.883323939027032
2025-02-25,5.649239276066577
2025-02-26,5.073624380394289
2025-02-27,3.751683571249432
2025-02-28,1.639967860057018
2025-03-01,0.14931194228349154
2025-03-02,0.0012149676166922842
2025-03-03,0.00039062293086020665
2025-03-04,0.0007204732699465278
2025-03-05,0.0003603483361739058
2025-03-06,0.000176676316939191
2025-03-07,0.00020052330615988757
2025-03-08,0.0010942242188493303
2025-03-09,0.014288219382495535
2025-03-10,1.2171965228480333
2025-03-11,1.3037495485594701
2025-03-12,1.609052842686031
2025-03-13,2.8259365707764266
2025-03-14,0.5004661191380876
2025-03-15,0.5252109514876688
2025-03-16,0.19645244862207473
2025-03-17,0.011818500667849738
2025-03-18,0.0006487136783588603
2025-03-19,0.00026743033060225296
2025-03-20,0.03479860149729612
2025-03-21,2.711353638013571
2025-03-22,2.7827137526703347
2025-03-23,1.5335916064778874
2025-03-24,0.531871347346016
2025-03-25,0.3505791932477388
2025-03-26,0.278343390313795
2025-03-27,0.0020045836057981242
2025-03-28,0.03219533362620488
2025-03-29,0.26257102704414215
2025-03-30,0.12485613110601988
2025-03-31,0.00810467259360667
2025-04-01,0.10328449038511767
2025-04-02,0.0004171563166701705
2025-04-03,0.00069893460854755
2025-04-04,0.0008427237444013219
2025-04-05,0.002389441376837998
2025-04-06,0.01553243646508771
2025-04-07,0.006348511763891032
2025-04-08,0.00021840251059508086
2025-04-09,0.0018131562512776686
2025-04-10,0.07171529256105269
2025-04-11,0.0009243363635102904
2025-04-12,0.25908866010969084
2025-04-13,0.6550996744742332
2025-04-14,1.057357397055935
2025-04-15,2.9004779570692607
2025-04-16,6.740936839501096
2025-04-17,8.98330858959835
2025-04-18,2.533582662370226
2025-04-19,0.10340866884984003
2025-04-20,1.2375427659499219
2025-04-21,1.6131030840297509
2025-04-22,1.4516496729568793
2025-04-23,3.1442358393768237
2025-04-24,2.282592887839493
2025-04-25,0.682361492817978
2025-04-26,0.20778457765800082
2025-04-27,0.007640411790187468
2025-04-28,0.0013141926328427633
2025-04-29,0.0008723946090454536
2025-04-30,0.0005595723325019176
2025-05-01,0.0011212420801516403
2025-05-02,0.12466757811980934
2025-05-03,5.355959201954442
2025-05-04,2.2562296620236144
2025-05-05,0.20724768399140575
2025-05-06,0.08320190600223028
2025-05-07,0.198096157970524
2025-05-08,1.0903432011551237
2025-05-09,0.006366553422389488
2025-05-10,0.0013244982415378799
2025-05-11,0.0012946444128314862
2025-05-12,0.6928943426399463
2025-05-13,0.10441490025306
2025-05-14,0.005010615878854622
2025-05-15,0.012295405237070664
2025-05-16,0.0076188978667155035
2025-05-17,0.30674593784027704
2025-05-18,0.03435716447248609
2025-05-19,0.049819882530073814
2025-05-20,1.4426168982469922
2025-05-21,1.9569415606387486
2025-05-22,0.9176002613127536
2025-05-23,0.16472425656647185
2025-05-24,0.9605575322430552
2025-05-25,1.2028586076844547
2025-05-26,0.5690408455623045
2025-05-27,0.8582215707979829
2025-05-28,3.2502025788426163
2025-05-29,0.10984056155625078
2025-05-30,0.00300000892855494
2025-05-31,2.7395765447126057
2025-06-01,5.168983693368625
2025-06-02,5.143693467867671
2025-06-03,3.452983594005362
2025-06-04,3.4906775278696864
2025-06-05,2.975728988152083
2025-06-06,3.0434604575677646
2025-06-07,2.3554910694278783
2025-06-08,1.6654890498784605
2025-06-09,0.05587249262109933
2025-06-10,0.05498769316167883
2025-06-11,0.00029321052409902304
2025-06-12,0.05018690625682473
2025-06-13,0.6038949688537391
2025-06-14,1.1835764399595856
2025-06-15,7.53712590340088
2025-06-16,0.027280224785188354
2025-06-17,0.00017195544341603726
2025-06-18,0.00041490193433597867
2025-06-19,0.00025267595964444383
2025-06-20,0.0004256102666528066
2025-06-21,0.0008547291189888201
2025-06-22,0.4762940334667153
2025-06-23,0.35251014423572274
2025-06-24,0.0029768916376823372
2025-06-25,0.056887196546642815
2025-06-26,3.299603313488542
2025-06-27,1.2398286945431456
2025-06-28,0.03736167957356102
2025-06-29,5.1132313601195126e-05
2025-06-30,0.026821575768588915
2025-07-01,0.5636179512827052
2025-07-02,1.0855090836723191
2025-07-03,3.460444108219792
2025-07-04,0.25930042479945953
2025-07-05,0.06536556675812137
2025-07-06,1.9602237943788912
2025-07-07,3.764733581629651
2025-07-08,1.2878773878403014
2025-07-09,0.05222806544540515
2025-07-10,0.00044546464579884616
2025-07-11,0.033650394854805414
2025-07-12,0.035947868654554224
2025-07-13,0.03812487424750197
2025-07-14,0.7760924346010554
2025-07-15,0.38031015906114624
2025-07-16,0.8724756877331098
2025-07-17,0.02762100488951129
2025-07-18,0.012724164502957757
2025-07-19,6.4889280800427
2025-07-20,7.598501769948897
2025-07-21,11.458272042457118
2025-07-22,1.7272662001595014
2025-07-23,0.6015068466502878
2025-07-24,1.8031898230816297
2025-07-25,0.9339366734751936
2025-07-26,1.0188756871688938
2025-07-27,3.766330048388439
2025-07-28,2.3168519687734404
2025-07-29,1.2982440350119941
2025-07-30,1.772284318232869
2025-07-31,2.013847421654797
2025-08-01,4.085040090446316
2025-08-02,2.3757147435814687
2025-08-03,0.3425616108842754
2025-08-04,0.5644890629262559
2025-08-05,0.46765649609235627
2025-08-06,0.042846806855612075
2025-08-07,0.0015195589113669045
2025-08-08,0.0012328875544672453
2025-08-09,0.0008929196059640488
2025-08-10,0.003056555821635701
2025-08-11,0.00010045529385866471
2025-08-12,0.012987743682984736
2025-08-13,0.006227733949028408
2025-08-14,0.08164754102604095
2025-08-15,0.15942466268657937
2025-08-16,0.0468665883394329
2025-08-17,0.0012247250006020786
2025-08-18,0.001043600098071838
2025-08-19,0.33919401557555
2025-08-20,4.1672627012572425
2025-08-21,2.764343917348834
2025-08-22,0.023520095494934536
2025-08-23,0.024261599389312473
2025-08-24,0.000914830991640743
2025-08-25,0.00024595412011994735
2025-08-26,3.603749381521006
2025-08-27,7.3801638830019485
2025-08-28,9.024521444502788
2025-08-29,3.1410241814234494
2025-08-30,3.2544405489806105
2025-08-31,5.872305519241591
2025-09-01,6.277183186442138
2025-09-02,3.1833978465648283
2025-09-03,1.9006647613765937
2025-09-04,2.8755408074129405
2025-09-05,1.045570503907029
2025-09-06,0.0005049347207952806
2025-09-07,0.0006318396655316983
2025-09-08,3.4431462509506
2025-09-09,10.811148451860154
2025-09-10,0.7413925771954201
2025-09-11,1.5395660077850488
2025-09-12,1.5266814035270933
2025-09-13,6.802443749358252
2025-09-14,4.929603155827909
2025-09-15,2.655390783514823
2025-09-16,0.5846628800935153
2025-09-17,0.1129113975240314
2025-09-18,0.001103957152217079
2025-09-19,0.00045813271595564507
2025-09-20,3.193008600541141
2025-09-21,10.286179542784941
2025-09-22,10.23418081339044
2025-09-23,12.312343299540158
2025-09-24,17.820652967442108
2025-09-25,7.2000784695178455
2025-09-26,3.3820625332148078
2025-09-27,0.2623528690575035
2025-09-28,0.012936046781182563
2025-09-29,0.10008494573797419
2025-09-30,0.1908171926924251
