nse_cal,lognse_cal,rb_cal,Imax,Ce,Sumax0,beta,Pmax,Tlag,Kf,Ks,Gamma
-0.5951680310185921,-0.09419612390197707,0.8493882485407235,0.12272418741069258,1.1921226915093668,119.06355590745429,2.2924797008991495,0.10029803605252635,5.214268072659666,0.4677579771343368,0.03555967198502805,0.014751409373608219
-0.13601986707646296,-0.8370011451683341,0.34236053644748476,0.8497928219319357,0.7648684195677005,426.55339654494315,2.272267977361197,0.010382664528045007,0.8938947304679834,0.45602107851375473,0.0063261552155937486,0.028410746307792698
0.027219848113800515,-0.04504478116098776,0.6837049101095164,3.353793904455125,0.6422795807495705,151.22033402112532,0.9287454887307689,0.0975058739805709,5.053618638698722,0.3640134360832485,0.030012730016146114,0.027848717717491873
0.5321950019676633,0.2287673396909965,0.4995205021090881,0.011745733093404542,0.9026586446058696,536.9279847624222,2.252921162595926,0.05516020672168517,2.696685213793022,0.1445500144838245,0.04224225665317355,0.0006837491080560309
0.6050404708837559,0.4474427034923899,0.4209643449363339,1.2911179755495081,0.7558262610410683,302.0365188767228,2.0388381056598064,0.04482618263999755,0.9885309033082157,0.0786778072207219,0.03299701196518578,-0.005578183565678649
0.6945975817359602,-0.8722437445275197,-0.3864626678944889,2.9921800222404187,0.36062792882385664,276.6075098263677,3.972692272330665,0.11225166804367627,1.7385979279605401,0.27812070698822094,0.022064523941789586,0.01612100593497083
0.7274034428963514,0.6909415743467864,-0.07339656873448157,3.6570181229140553,0.5424801484574552,588.5110203099342,2.5408590149293153,0.030552802194741567,1.3666099279583035,0.148024946753593,0.04195009800372888,0.027129497429068204
-0.3643726355698276,-0.6368904520437411,1.0209559314899848,1.8633403336026233,1.1874055756146684,406.06948434556153,0.8064360257435386,0.004070160282095379,1.5828497617175685,0.13977473664803997,0.03232637440388985,-0.022607637864138816
-0.16179454072808186,0.18989710691944917,0.644019483209686,3.910476125011376,0.9619632559708249,146.20011421695332,2.5070115388292975,0.1359147318154712,1.8421095108649514,0.3607646232678032,0.04847688571049257,-0.0016437032064565437
0.324584609469588,0.11697047054558596,0.5126389434944072,3.7331695729806356,0.9657250169801708,476.70190113266744,2.6510483420577047,0.028120074532740874,1.1065492425778594,0.22877209776326757,0.0018249697191417274,-0.027552308534015597
0.625434234349804,0.26246946893765555,0.21790751898368693,0.14040414564695736,0.7447584019509312,321.96676717379466,3.615246410823132,0.04759923890555014,4.049595009688458,0.4464480142600164,0.03613891478541233,-0.00657583660977294
0.14139384312580583,-0.039747774637371336,0.7455076437589915,2.747810248520502,1.0495373321980972,335.30882585724567,1.777494373938809,0.11692455926715851,3.8814095317740778,0.2396657913964091,0.015003644298763304,-0.007393968635006895
-0.20573358480054194,0.019392306455001007,0.6918863812323685,2.5182016465091186,1.1726607187167322,341.8144705362903,3.3162521399569083,0.08387599489715958,1.2391784173845914,0.29823558500177777,0.04403344495389922,-0.01231374695949847
0.7480019638334523,0.7517298473950411,-0.09459614883104948,0.4469733089813803,0.44385891566690755,316.12899910702873,2.307803890152239,0.012922561093097964,0.9810249821164063,0.09204887056653618,0.016483602271268213,-0.028963420668773294
0.7287694313543781,0.6493431640619198,-0.05305273990785687,1.3378010033592198,0.46162914357023216,509.05535272850386,2.0580481717248444,0.14520681559271167,0.5749710095755548,0.22741248511971673,0.006873417976318131,-0.020012807387157692
0.28365380974784904,0.034658540510527414,0.4047720797571668,0.9248267445984011,0.6532680704679021,340.0485383383642,1.4954834097732892,0.041060715870602754,0.9061531225440382,0.3019954470279266,0.02399389527391347,-0.02986341925331408
-0.3804215710562613,-0.22622239614585915,0.856628847419457,0.09113313236317877,0.7713731308129765,79.64975919124294,0.853736374659405,0.05484086275631226,3.8462570978388495,0.31518964127133187,0.0300068521749786,-0.0017504602683759394
0.5595492273283479,0.40687177205379543,0.43162982895520063,0.36909789657638337,0.9797174604414467,581.7108928439683,3.972384915863486,0.07297931663434037,0.6149252337266933,0.17825176492345393,0.040419503366168535,0.009945180698455375
-0.1658656124048039,-0.29483942648977535,0.8019963518915261,0.7566893834400248,1.1306096656131444,326.3780917354334,1.6939208077616918,0.0193069651082287,3.5056155063769627,0.319951616140931,0.002672600858662301,-0.01932029356826456
0.7428194673677828,-0.9972639305954036,-0.34409026582536056,3.3829208914471995,0.2154978340958069,301.356827910161,1.5385629606585352,0.00804482153427082,4.1527885457001155,0.3268786533014403,0.04357415198945117,-0.01853212334364357
0.6044589168350065,-0.04880392470641359,0.08546291620154106,2.6531458222738915,0.537945816845251,130.417717764765,3.283520472015605,0.0874495029971833,5.237073215238021,0.45648109036719137,0.02670169284789395,0.019615252548169322
0.2835143108386897,0.44403587868290195,-0.10304821922509612,0.12856619551086812,0.50290821536883,361.731674700793,2.949306425003061,0.04969305734604497,5.397837319429657,0.02025203437981025,0.048146997499798186,-0.007488567295100936
0.6162704506658878,0.17497104004624853,0.33768158298542067,1.0064272954447118,0.5172622198112093,360.14150596697647,1.1687161284951249,0.019292131710371745,4.3722987368512305,0.2921997047800127,0.02143763961814042,-0.022758391534018617
-0.22930205707906937,-0.06493232408455474,0.7286084541592062,1.3390612960961583,1.1401042592799688,154.47703342912214,2.9247202303019244,0.01855453705686436,4.932178276948513,0.36270136713961776,0.03321575740355301,0.008124648772888243
0.5947513483798242,0.5299206467494462,0.3498401929208509,3.4560719664680986,0.532193140824588,111.58427804500852,1.6368617604037923,0.14988012960855526,2.0552810965398653,0.22926227200995208,0.03135943385500997,-0.021742551214687225
0.5905631184181371,0.21318855457452568,0.3122717873090905,0.8827045261132098,0.4180260307424378,318.7259524447161,1.0131264677896734,0.09874652135047046,3.3384572052365034,0.34514693592490403,0.006678181491538568,-0.010203129382304645
0.5499204395802959,0.45515389406199913,0.4816161818141055,3.7650413789784922,0.6004959360894662,106.96210806337024,1.4107930242042706,0.07988992876271865,1.8989502116019539,0.14075749034064158,0.03037986808266615,-0.010434688988519973
0.563105630577803,-1.7013726308084722,-0.4872812230925411,2.233932852906084,0.3077443778774547,363.74423993707575,2.970240293973615,0.025458601628031065,2.3075444273978505,0.20015684711769144,0.023727256538093256,0.021621866695558878
-0.09046669201827084,-0.6475057197758181,0.7183862945098803,2.0442853925285687,1.081938070965303,155.08406455576352,2.872482907390236,0.11176186682321554,3.3584626105403363,0.010699815779092764,0.021526403998264592,-0.017789480440374837
0.4372609113614324,0.2346136153726167,0.4554046131194613,1.500633399591658,0.7412109492264423,316.4141181850693,1.7754843990405498,0.06535553877689926,4.744039713548136,0.061963877336427026,0.01221344730467758,-0.021446479445927688
0.2836738969859637,-3.847408949811781,-0.6763027003007054,3.8116550534988236,0.1642963549301484,280.17026228858475,2.6826619739546205,0.1189549406034523,4.151290457475769,0.474751549779482,0.029247660648106712,-0.026006385887530084
0.05904015951126229,0.012127949048054365,0.2530069904832557,3.7085777644236315,0.8123161184101856,470.6885614433343,3.7590550647024337,0.08775412036252274,1.4067978541855604,0.4643055870469018,0.036453825479814836,0.020557179647071374
0.7518517709662021,0.7685937833584964,-0.07047088982262319,0.7513508273947513,0.5339747818852342,371.1099347006162,2.9940334663986565,0.03756781070246117,2.4808729374779404,0.09823282579907566,0.04996583882035553,-0.025486081982088887
-0.4806823044650945,-5.874306410751705,-0.8668777271200568,2.901103882504184,0.15605994802234996,596.6989111209489,3.413831611933083,0.10803616301213347,5.28155491102613,0.02974543260256286,0.04159965969389179,-0.022086916414559423
-1.648526605506508,-0.7381294819445805,0.9271984449723581,2.99667894733898,1.1901106818048695,397.66305413822346,1.2626539965084167,0.1422881089606023,1.4936699721299547,0.4598546528674397,0.02410465893367187,-0.0002598796398293346
0.14491724528495498,-6.301034606672267,-0.721966829413154,1.6998294481422525,0.23655241617179404,402.1200189885254,3.7249432084675584,0.03531654845897651,5.353111683631073,0.33882074895031333,0.03135534540887816,-0.013202545061489181
0.6836521804814015,0.1949087067856793,0.16091371418144151,2.2890664625459487,0.675814799122519,382.8839798362677,2.87513841552108,0.041662774921193434,2.936876556015755,0.39483148572801435,0.04065573177119029,-0.012908439980771354
-0.06346304700491423,0.18693072807763622,0.6230961168270785,1.9024771635821378,0.9874972726702116,132.2632729533269,2.92480033627794,0.07052069696194324,5.908279049824518,0.3900995132189985,0.04796618392069914,0.027713896907013657
0.32807383212424923,0.41844216474693496,0.5818852575635286,1.4103245513405582,1.0158015069900148,197.12984583438907,3.4357088012123698,0.040291916859334746,5.109372435206498,0.16024068446539377,0.04959127719877319,0.02271188968185765
0.7820359717985343,0.04617604217644389,-0.010435348948367082,0.10884231500814856,0.2745838427049568,102.66224586446461,1.3272086145893198,0.06017485111615999,4.444327463907744,0.300337514928485,0.01999733373410709,0.018879399246895176
0.6273216241767812,-0.25217905922507367,-0.10568681229369667,0.9234815496697362,0.386042558937163,248.12820517058665,2.1654234297226505,0.08767663317596976,1.8949596851432842,0.49788385310370725,0.046686160522847964,-0.024429004123968052
0.6210604593853488,0.49865533169156184,0.25545381325341987,0.4427901613262475,0.4757136637679699,65.44974906835682,1.8211337958062164,0.1339196061300006,3.8374720527339874,0.1526769842907987,0.04364879021051478,0.0260056114391357
-0.12845092295717575,-0.07564193007015252,0.7770490311988278,2.294610306441746,1.0436777655628229,124.18309383042242,1.7956272272145395,0.0010440255100765555,2.09019237110203,0.23389841608396142,0.01778069922394775,0.018945012663855197
-0.6750552548526383,-0.0400385253657658,0.7180192277485283,2.1338401052157363,1.1993207552099636,247.74393306137492,3.750425659572878,0.12273087308113848,2.3887404704070843,0.4839546302740815,0.04909339202846716,-0.01735117486106471
0.5782533827796962,-0.6277975224329313,-0.4454701885183376,2.4994098637000084,0.2701609257228568,559.0916149424278,1.9632641262378976,0.056176173598404266,3.8481076266933063,0.4039530996947684,0.04105410339540304,0.021446818921547935
0.13876463988605303,-0.2978443735155445,0.6354489256485379,2.928876541777704,1.171344666704973,538.3016751540345,3.7260990739516995,0.021457329228615502,0.6556989286912699,0.02639876732826607,0.0481725742727347,0.013953436325272194
0.16565162506510955,-7.133174144622597,-0.6964825117798089,0.8340836960514806,0.24745853472361368,359.83683735543065,3.931306496199453,0.020624176417512,0.9475484589772811,0.1515245842379146,0.0406453040738352,0.018063101478460145
0.3418692298813485,-1.9493463414831118,-0.6000940401400784,1.5391500875287045,0.2798569265342495,482.025905311508,2.997125346048093,0.05695342997389835,5.466405158391375,0.28795158732580695,0.04075758302003677,-0.014660827337723727
0.10667382214327592,0.19640419141892196,0.7408717736901719,0.8897090393270317,1.1720888817794777,89.88906236743517,3.764176319872116,0.07580334000794998,2.7007323299408306,0.10852949059669786,0.04994910084357259,0.0216342550852826
0.385910207341047,0.17598957925338887,0.5996163551692828,2.0191465734873946,0.8459016157505947,207.35506037405452,1.715307754323012,0.006742861527847193,3.862332061221985,0.06943039811895496,0.00847491043335034,0.00129183375668517
0.6632091220021672,0.7585406786422468,0.017852001140327086,0.3922869435131586,0.5264926301420656,434.5899388589106,2.1967472063451776,0.031230338396244898,5.088293027315686,0.09924444877978629,0.02921945874994702,0.026479267500063488
0.482872023147091,0.19816443539207762,0.3430662439397381,3.6154538187987884,0.7479140448977928,391.36085220897803,2.188361416774284,0.020855582842650794,0.6814717336664908,0.2545015412715289,0.004334607077669139,0.02549894299043795
0.6071611138074923,0.4472931177013906,0.23891262835137209,0.11454596632573244,0.33384686587736834,420.297021928783,0.8548171413310922,0.02684073588503444,0.8352382088701906,0.06429545189446755,0.0352781753126478,-0.028351618657562288
0.7290646578848543,-0.3860493623531256,-0.2381495974292243,3.1023990436916327,0.4857340963777764,599.893931829498,2.856768655439676,0.02077682785619747,4.3518992625382875,0.42933433111384994,0.03301681453129981,-0.0073702902079905526
0.16890615621084515,0.15431418008338782,0.696838655643091,2.8254384695886894,1.1874842013267568,333.07654313338844,3.3943133028008123,0.05718271503351571,5.878359240132124,0.18227444410112725,0.035050939640239864,-0.012864067981014126
0.5536830559802406,0.7040487253800267,-0.016342253037103772,0.9595626104558224,0.6622561663753176,586.3728764971926,3.708563398121354,0.0151932694547949,4.2443928666726265,0.06122521200188858,0.033416338365164014,0.013601708829836533
0.013539097473878492,-0.13693813998947113,0.6690215349849687,0.7362277107073734,0.9596523171971304,416.46509781571046,1.62940503563192,0.04524884007008961,0.6806651301677437,0.243351295859027,0.020678842599378237,0.01750947924368358
0.093356924730709,-12.47847196799228,-0.7651971648615427,3.5825028541647614,0.1703289626235887,256.5047849013321,3.6691262568136436,0.021667787353528204,3.6461256716341004,0.3640957278232868,0.04205127633244454,0.024901029199960702
0.4395035147598956,0.3810407234649009,0.5493577600369005,1.1152315157004002,1.0370006271340269,357.8264502751469,3.5383467580500945,0.03464104019440439,4.752326257675827,0.15539159205326508,0.026244576802871126,-0.014580646460042044
0.7049930798458734,0.2640121674642314,0.0875444556528536,2.5163567060961354,0.5174075580961773,548.1301476103217,1.8074415664371704,0.1208392260533131,3.563232094606761,0.4645684129439946,0.0014073030729911539,-0.022987054161400004
0.48062845709200674,-5.156481456955417,-0.5581965467598059,1.071329343031156,0.28339934395475574,280.1896679397435,3.8414284844009927,0.02214507289942147,5.534478177084136,0.4246255486014071,0.009841870343680843,-0.01102405441946366
0.7044243638463273,0.5945130737627622,0.1796151365671989,1.7084812537508434,0.7317413560938123,406.5153514763951,3.651447289486409,0.11846693400792736,5.799202568432664,0.4166723897757424,0.030321888332078398,0.009512330859164444
0.6787843262123023,0.6954032786589,0.37153202797457463,2.09152623036143,0.7947129513410259,216.37527702978122,3.300071800269615,0.11659623775296124,1.948553875412777,0.14820168627977234,0.04235575477154739,0.028455516681012618
-0.2802051309807354,-20.99586094255008,-0.8786757676671945,1.3138114896620143,0.1678285071565504,500.50669801225854,3.6735150845195825,0.0016469832146675408,3.8904795268269012,0.4171363257718905,0.03850226544979012,-0.022361540867281964
-0.3537428340092523,-0.2231103070525986,0.8423143190743633,3.348981817123336,1.1811458467832223,207.64287339526388,1.8476001596736336,0.044618693894422974,3.2549432111124283,0.32859233945308514,0.023659820741924967,0.013350493786067256
0.7802139336774833,0.06585250116478503,-0.0758921801714853,0.8000468301909973,0.22559181324158564,140.78982029797677,1.1922060912010821,0.1055247188947426,5.178165203795473,0.4378489349205026,0.0022838808407811516,-0.02152027307465082
0.4538104231362544,0.6930754614442394,-0.2950154409936743,1.6659334307078852,0.1377964462610657,462.42138468226653,0.9744228211040515,0.07085195262771084,5.937690858576891,0.07465529819983907,0.04427009758983638,-0.007815571161561431
-0.8628781503487561,-0.4684181756025394,0.9809400181677608,2.102322830579877,0.9831432498521074,81.116753384199,0.869611789997046,0.05775150362416681,3.677987544533198,0.37928368327321893,0.04300149539863985,0.0132013296226161
0.5083847285131307,0.38011098837935364,0.5183169220827493,0.8145463290721975,0.894438051281682,280.889577153049,2.4337102730942815,0.02083590740841461,3.7944413210350225,0.09837837358825975,0.0025031829414623166,0.00749272187651699
0.20195317582737504,-0.0891058195926,0.6749913768912574,1.5004737396551135,0.6646876660265224,381.35176981928277,0.8676314578845468,0.1264034714154811,2.0315247404613737,0.2142548916870916,0.046499912786051485,-0.02244179334105
0.6714003073353684,0.7057788892794843,0.3124625498656649,3.5072703221873507,0.8171783616435789,306.15174646634955,3.962438738539266,0.12466105147568672,3.2567384228602534,0.0910174490206968,0.046364225585271306,-0.00686679177268827
0.428585932026752,0.06825863345983763,0.3681808119748256,0.313741666089415,0.7616192268541289,581.7710910790257,2.0898365383160526,0.10946131565629472,4.07380181050048,0.4920209082362212,0.04724346830142507,-0.018441110020906492
0.638980650870985,0.44239786482831,0.2742505141337262,1.992455308674264,0.5561202508495556,142.88830339485,1.8765209721824148,0.012486481014732535,4.751245515077298,0.21013937845420305,0.01897829161683508,-0.026352822421063953
0.6800242004734913,-0.6431388230094099,-0.4076008531751519,3.0338456320074334,0.3753279185639143,358.54136624458783,3.682723333822122,0.0994861036460385,2.635191335660307,0.35292296736368484,0.017806141259671778,-0.025838587760183267
0.5322027906038904,0.3206670788960936,0.5307165486592315,1.2193648318110966,0.7478032240237474,259.02483164432743,1.536181498617198,0.04633231411032976,1.900607216433501,0.16407884363672787,0.042982598356993966,-0.02923852761827765
0.2107276957726717,0.19716455227460705,0.546551453673098,2.9516523154018426,0.9005794946316136,262.84713210693445,2.3799915298604173,0.08917153096891924,1.5324117395739472,0.32611255805689926,0.0018688461859053403,0.01543602544898188
0.800823293208148,0.4838929324698954,0.06078220495161359,1.8366695332625405,0.4816665188180062,270.37099570005995,2.1222104171783953,0.11107487837224346,4.630933604370169,0.44037726656056614,0.01051339722762038,0.0220820797191165
0.09353431051852112,0.11885637430921658,0.7259433312766057,3.1820229960698767,0.9582953564452134,107.73431923148934,1.7632878940363037,0.010201621087697151,2.3429001505327443,0.18585206358896397,0.02044119788885613,0.019560785846199632
0.17257673966869613,0.2182013912155082,0.6741456363258962,1.0083206369320754,1.0779995688822854,63.05047653514176,3.896369962933967,0.04477395687591779,2.773561737948526,0.08765491742923433,0.03145181659040457,0.003144547850990347
0.6327923820313908,0.7553698403934167,-0.009195408859249582,1.3288361910330493,0.5840621510998987,500.6190868234746,2.702807276431668,0.004972159133412042,3.8969291298492075,0.07896288104857724,0.033104217827926614,0.028705146765374782
0.715276765579915,0.3576374332050757,-0.2687623119577911,3.032903386430637,0.2844194060240636,510.91205567909566,1.5395456589712204,0.020924918417710197,2.639947748738458,0.2133733342928374,0.009332993579403143,0.003068884348203309
0.4774362388860087,0.22847675129254075,0.32358736872501687,0.4857140734756942,0.8351858099551573,306.9130723754551,3.860210295926868,0.04557647109124382,4.1418914956966795,0.4541145556193732,0.01679743395147994,0.019040538070561608
0.6818280123020767,0.6437648359522273,0.15139374485254423,1.8416545571181833,0.5911393592088251,133.8882072713406,3.397360477488713,0.08490767805301246,2.2340191388536272,0.07271354654041917,0.010855976090595885,-0.0013728693132486545
0.2910881529015851,-0.053809711716807485,0.5348087196560751,2.767269081010024,0.6278689569612995,336.2119037887936,1.0410372060890087,0.033767333791891396,5.650937308823297,0.326324782499864,0.018321416950213356,-0.026648573742963016
0.6160192752364606,0.596078199777354,0.3253600591147854,3.9412993610676135,0.5556952682455361,68.65700440066587,2.0064949903517157,0.11959953609246066,0.5864235586701272,0.08385854592926967,0.018192248549067102,0.0023672660436298253
-0.034394979874602605,-11.155224995836344,-0.7818292485069048,1.6699757346136046,0.11072635856561101,96.05823528221227,2.9172319453156437,0.03746949432493717,0.8488801267303656,0.14292241898394584,0.021738980043812577,-0.025339736796136356
0.49586809631335504,0.6353433633785721,0.07861907937410684,1.9139738297524236,0.6343951874460942,290.60038138372465,3.7357387908038637,0.08056027812772144,4.674421084916765,0.04178725424098045,0.017464962358626053,-0.002966207994244414
0.024872024293702943,-0.5639965798295572,0.7510689420021128,2.7281600951111438,1.1194587321458704,527.6513942064338,1.8041933065569091,0.031152464090112204,1.6867863794683533,0.03229830756780327,0.044027339619155934,0.006603668285894875
0.353082859890537,0.6137451837318116,-0.22021041598981778,2.5351788308447856,0.2861822631299434,223.65485385920272,1.8635513243653765,0.06354845342831314,1.115724879448297,0.020171670437335407,0.04232557946519683,-0.015364487812311757
-0.1025579270818433,0.0001543366590459616,0.8298396878339322,0.7898795032527373,0.9673811584363382,51.46738634702729,1.4809449822579577,0.07148823923235115,1.6880635920470106,0.16069923403575068,0.017261527665679587,-0.021708301328597406
-0.08109562630692779,0.051001236173847886,0.4550644554123143,1.452776720160557,0.9612598849806512,371.36818923414296,3.8016894150408342,0.06106416288218402,0.8397941746495856,0.381079525801374,0.04131414945313207,0.02104081178973221
0.6572365164102445,0.4426729184805749,0.13833454108837562,3.4546767455885448,0.7213759738989836,579.1707254187664,3.3667407222533923,0.11789957286556468,2.3158021742539665,0.3556117392847856,0.044391371501440006,-0.009594735137492063
-0.16400218725299198,-6.665490101335025,-0.7614614667195436,3.427069678948432,0.17879526092861403,299.4937406879142,3.6489976554927654,0.04632568707361574,4.730142213560022,0.05125227423795667,0.029283598499572364,0.017874889739078057
0.1976998868976516,0.1183571906898665,0.4060861186061491,0.5810087950188745,0.8224919863951157,492.98646837762186,2.4471905091894937,0.12866120497244904,1.4812492094348033,0.35050592675303954,0.01330956449011123,-0.022593909771356193
0.32977287138735867,0.1453811069663461,0.3958040291868091,0.9888324623902007,0.8185826439211487,357.34596118569334,2.8597711086085877,0.13881461273052867,3.7175892002845687,0.030574619925375284,0.00934359031298207,-0.02584685414202105
0.5667662293827543,0.45881112409347424,0.5124092156701979,3.942698872506795,0.8797313689054288,242.49049845446996,2.396051663778788,0.010356535456662931,1.7170229108703183,0.1235201660645219,0.03390581920294354,0.0017362305510351449
0.6025871201148102,0.4181357927407986,0.19388720597497025,1.4032168167157573,0.6069573938352959,269.3566385342314,2.346895528171185,0.05423863936716354,0.9723532333516158,0.27375841819943536,0.023387788958313862,0.016099440095495306
0.7529884916005938,0.3993687112549026,0.18930312691649873,1.6773385228818625,0.7125007934936266,408.1425651850726,2.9867768058563615,0.029661987314096836,3.8056405903542725,0.31193849202304597,0.007723650750440106,0.0016528480336155814
0.5233517232689189,0.5597805548585921,0.40627882008562094,2.1616394601763638,0.7995307800463359,157.57074716048913,3.1407677710930777,0.048553529463176134,2.5997994904521233,0.059058421033444754,0.04536651860392821,-0.006967054414098919
0.4414856767781591,-0.6266549651697315,-0.4500976038323089,0.8551090141979691,0.3297435936919463,316.09432598488553,3.727752304651183,0.1366411544914566,3.5459116369993633,0.10004634683524741,0.02443583824321421,-0.026003660782211148
0.49382834920087393,-0.4778325984653571,0.16709524312409862,2.0314104469639465,0.5546368710691244,93.5999004473303,2.83829807774797,0.030214633126806743,4.844364243756651,0.3759331788507742,0.017992591257343586,-0.01602533568684101
0.03472421003223558,-0.43817316716472443,0.5615671989624631,1.3508013515312682,0.6975089064923854,479.11346722431114,1.0968460955510044,0.048476653606550214,4.06194595973914,0.49054625068421437,0.02912362010866266,-0.0020947498583817436
0.3315605902915545,0.10038244483579817,0.6396827500537522,2.4034780310034027,1.116114714498827,515.3099849728085,3.0074852984117406,0.09915053760359657,4.368369834606176,0.22169345747995786,0.002086631177373879,-0.0040147189084746284
0.23362649793940782,-0.15513024121390795,0.6789282200807598,0.6223710682666002,0.8795279400470831,452.1083205710636,1.3138884568912332,0.08349766254171222,4.530015338481753,0.11281078945930408,0.03578573006316775,-0.0081134733850131
0.7581393456237651,-0.8885627223929524,-0.24050174535038438,3.5538748969625695,0.19783145271841288,101.27014562498356,1.4288029804716214,0.07989534736463458,3.513771116693585,0.3722012477256285,0.023602403550351373,-0.02160557747860396
0.3754116813680166,-1.5623978318031142,-0.5373910043286969,1.158467716315187,0.2862310659299126,354.13423972803776,3.26859715585931,0.085643509474222,4.703438885214486,0.14563720818693632,0.036010606827301755,-0.015640558296375028
0.2575504498773482,-0.06426824239936324,0.6877674787369953,1.9629995540297784,1.0558697018665328,533.3552039545092,1.9492266909009819,0.07783598840716119,3.2532282638158017,0.18543275091840689,0.034059371768388226,-0.024190430950740565
0.5409841185498098,0.7210723784316138,-0.2676812706386343,1.1780692855630224,0.17754535768528923,224.72086203367618,1.2580836204759078,0.11158178839542562,1.2785808637083134,0.05532931313121467,0.009016088749471102,0.010859074370319785
0.6128964204500005,0.5029776401585381,0.3035836457575908,3.671548755456006,0.33913900614564707,94.74595028724382,0.9756566525776276,0.13382636857531774,4.894207886430045,0.1529907962947844,0.03434314131959983,-0.011522631977661731
0.017835853972551052,0.005096257368880752,0.819130772838656,3.540587001634516,1.0364169704142414,113.14666982551397,1.5442185361497829,0.019957749506892785,2.3740231858157603,0.16245356636647487,0.027839194369473845,0.02143373128562958
0.6819076432181077,0.7464093225283432,0.04382636450063393,1.7235216799053057,0.6488929009914332,566.4074136076068,3.260433548777279,0.12782255837216522,5.3597306587209514,0.13074396198580238,0.04095222223702775,0.02148780811372905
0.5695730344415346,-0.9186376559214229,-0.4601928328038279,0.024126635476242164,0.16353498871636477,414.8531550507368,1.4003513871547253,0.0069244109309708176,2.2279825636998556,0.2643812072388422,0.029929953710085985,0.026896333784506128
0.2756543147816266,0.2989166634813297,0.6366652107105425,2.104164665247016,0.9670649510568897,71.74769009791902,2.867468931902311,0.04477366253138156,2.167037513416834,0.09914070892884308,0.03826779947289713,-0.015831839126851384
0.831640666383584,0.47351016688680037,-0.07753352079592701,2.1431961660289747,0.41129577849592713,348.08795570146134,1.8744997710832938,0.0011481815013312992,4.461191271495247,0.2052887339384849,0.04228905693340137,0.020322425673454318
0.3114417856432642,-2.7323393830668707,-0.5782976287167496,3.491711696650729,0.14398032627442578,173.8648347623292,1.8997517642223685,0.013499464722149204,3.744485630353196,0.1084660086124977,0.004591501020844755,-0.003074047471565806
0.19664963991846263,0.02415819348794046,0.4510869489304933,1.8560925981118865,0.8210849460648353,286.4509393429828,2.3470784246126715,0.047152548529882994,1.6779652488693013,0.3890719295956261,0.036696006080170165,0.008512893765960284
0.09158743645297751,-3.1305852745421605,-0.699198235057628,1.146658775168608,0.22691550075976546,375.7226954259039,3.814724821515564,0.1302686391366502,0.858706864174808,0.13292621832515175,0.0359723435294832,0.008695492292471768
0.778326260250338,0.6640434828799187,0.08831577235582894,2.113179931167355,0.5735288220845576,541.4065798737728,2.1530358615931555,0.09458346270432538,2.6528939828406557,0.184232097896489,0.04567603200735319,-0.020434772161458708
0.6861999383913332,0.7917495485600204,-0.07720968653074678,2.065480950812817,0.522524695159589,391.50449775890894,2.817214724287002,0.03856308761317127,2.2565298174598456,0.07706890049545452,0.03522643679367976,0.02295394370616616
0.49819100960765617,0.3858323105919196,0.3988259846170017,0.40087752721712366,0.8459991664133775,345.21034970038477,3.0751666366885084,0.10845580684205071,5.490318861472321,0.4464878294812173,0.014408894673526972,-0.005033520899959198
0.8330615059400487,0.5060534672627492,-0.051998819329412,0.46044571298267734,0.46219830686254054,327.1274954859889,2.4200742417709162,0.13731438407363036,3.6264360850875326,0.4568767572077171,0.004771329627705337,-0.01544868189829857
0.5766783030370436,0.6531504004505039,-0.1954182074819747,2.6150149622450627,0.44511628873891373,413.1934654320098,2.662619753350553,0.06046205945948964,5.68303669167017,0.09973544923507656,0.017338941456379355,-0.016755625485032476
0.8143589496914396,0.5098840583491004,0.05588852736422337,3.9137009312761273,0.4240669419212022,293.6395266522005,1.6539940855276847,0.07440041318491025,5.470616365142978,0.3003336526017271,0.04841528931803155,-0.014524816263096827
0.07331408779325332,-0.28278555938065564,0.2883643154830289,1.7569136772368639,0.7395880934418372,128.1331911908486,3.9692514475623053,0.033573219716162145,0.5873369642099984,0.32089961121880944,0.04365927136645635,0.01543498121944588
0.05849438497434911,0.21443238269112286,-0.30087458455201116,0.47504798909016577,0.4440145159974393,569.470500593632,3.0804968937694817,0.11973831070726963,5.794900502124797,0.01328808332965455,0.045805721324056185,0.010589224276969655
0.4621780729187237,-0.1169614989747576,0.3537997511782454,0.3260355270206774,0.4570307934289988,312.1120107156254,1.0101731132283511,0.02605710223023574,2.668967967954922,0.3893963871348926,0.04291645632972117,-0.0031512078595506707
0.2215438755811875,-0.08907803522655322,0.6732397411903855,3.565343561170728,0.9566557355706918,537.23637700755,1.5891532361601948,0.1287507686536329,4.346091651009724,0.22470850582173316,0.022187210706631887,-0.010269960225645877
0.6728657824606985,0.5381055099438459,0.39449840338715186,3.241379201222299,0.7520456784192481,280.4182040580104,2.1931070915217377,0.04271765117574979,1.941068148663742,0.16816975937722684,0.023882900158455365,0.023824171776074304
0.6668032120595878,-0.013346471744245303,-0.011983261735910062,0.8308711886190254,0.4950656746992846,145.06042086028117,3.356726359059557,0.027312854270545927,4.621462085940287,0.11298855307031135,0.008840942241820998,-0.027601331786230938
-0.15833602111340594,-6.227563427902617,-0.8179123538799671,2.103466643999322,0.17067939086355305,503.7702044968231,3.1800349815917217,0.069617812867495,0.6234219732676827,0.38650530564233826,0.013762470328799918,-0.0026924991838684176
0.8231053274769535,0.08344456984220872,0.06354652485881421,1.8998355183626918,0.5631285067307035,262.2015553893097,2.719970528548057,0.0029817790180423766,2.605978113810666,0.2757754669594968,0.044107884542043715,-0.025849353196385254
0.036169436207690975,-0.14081987234863913,0.5682050039386567,3.512671756909146,0.9476967786311047,234.15826310492554,2.565809012697222,0.03370027011268777,4.336227351299054,0.475231545576031,0.039091482171779525,0.007182979418755613
0.37084532413653104,0.08092347054671178,0.570153492558261,0.6021892823262838,1.0607694568008885,591.2120995876625,3.1354477028238383,0.06753560504689209,5.105318623246699,0.09725412473919369,0.0339572117260095,-0.026984093367796332
0.1768685909539055,-0.019801628445333508,0.6237107383679158,3.7632858902455486,1.1402480942735989,596.4024548854692,3.1688543166572414,0.023308196183863854,1.331476537053519,0.2157657129775767,0.04830048947837386,0.008520895942333743
0.30648172615250213,0.13799628762226013,0.652708515232309,0.38298021829105755,1.1471243285535135,436.00428941879534,3.229111676561747,0.015543004272376157,3.863157370166119,0.20950610863946478,0.03155660882331451,-0.011718333657029734
-0.1579614857777758,0.057616294221761954,0.6974082030751738,2.6810059489698292,1.0800923284619128,213.2314268849954,2.680043620734015,0.10621937479086603,3.5623191709845443,0.4590853148345899,0.01352222814633097,0.01560470708304778
0.7054153121455822,0.03255458452380566,-0.1851330111775798,3.886189699736372,0.34569857346970656,180.7004040026534,2.466735502691119,0.0884112725964716,5.179790115138416,0.13737105281211853,0.04702015532592972,0.00760214864619355
0.7442484206086749,-0.49871452919303305,-0.03977542998376578,2.1177895484460967,0.5414257962272859,308.42466536635106,3.036530020014524,0.00504089694357189,2.3515551054310437,0.3442494699804206,0.005047943623234878,-0.006018652453936775
-0.01498918092691004,-0.20351806156924157,0.7797730043168006,1.9300511732933652,0.998669508191219,424.8376047993383,1.3559513718458724,0.14528901866892593,3.0162577189585797,0.2669897595270574,0.04403409505287701,0.0023212414938900295
-0.2999827778637876,-0.6058808841380277,0.7309974735996807,1.0391305177667678,0.8314453099989135,294.53839691364556,1.0557170309023622,0.022179363866768474,3.960241179427871,0.47550817106866555,0.021381185301667115,-0.0193151267936436
-0.4016399086528184,-6.141313826007121,-0.8791857385799491,0.7939826164516344,0.11449711979657161,445.5190520239301,3.25584345254204,0.1358276726778864,3.5632353595759736,0.16814945819620827,0.006594830351352448,-0.022031817253191192
0.5220088518665539,0.4075286775182071,0.3553342938821502,2.4343907450884203,0.7955575368383337,212.3813996483064,3.307163561571,0.04817322529076817,3.238186534309767,0.302809638095318,0.03470137227454445,0.0005604270752558848
-0.2261236876138173,-0.2026748649805865,0.796403331688531,0.7099192653701634,1.1627029785032417,377.7286062416432,2.0283486568286615,0.1252593252940456,5.822528034574945,0.4689857938916811,0.04310336437108471,-0.026820916654536925
-1.2503552003568181,-0.6678891378650631,0.7440832964429354,0.038258796897266745,0.9185962092961876,272.2559936039468,1.3237142301475548,0.07326045340374078,1.229400922883525,0.4877301246421151,0.0391946006499769,-0.02219812464273241
0.304197701012511,0.1705562115882191,0.5865442907790135,3.238343108962625,1.0137976584156059,253.48760441993838,3.2623932698332383,0.1038051328996448,5.4277863392963726,0.05219043689120854,0.009462474712974315,-0.01586922574474473
0.08409716029896686,0.0377868540366646,0.6626757737130988,1.5945409688228476,0.9529080717017356,234.39927040398263,1.9212887134615846,0.061946931480081804,4.538423071769497,0.36993612060074815,0.024612641718939378,-0.023661204334187322
0.37058923691160084,0.03152014402751402,0.36308915003742837,0.28010226184121656,0.8892595125699514,369.0318872308504,3.821186160739944,0.011804334400962346,2.4058616402633235,0.3552977392176952,0.015290619673029974,0.012184172944958518
-0.11392523859758574,-23.852903970228997,-0.817679857595938,2.6286298488920563,0.11762876147666579,83.9817439766365,3.813191978044742,0.006865128837155047,0.5710938126205816,0.4550039059826528,0.007874065260680678,-0.01820361860842892
0.6413591794542454,0.6810482264453326,0.1416013962115015,2.93372549217215,0.6374563364632542,207.16443555674527,3.6063855107980682,0.07473176853374695,5.25413257484841,0.09044986052059613,0.011382557858524054,0.028954863977853722
0.2696094405080919,0.04636747886075432,0.729515150540109,0.17198402474634777,0.9300349483060572,226.4268066690692,1.5835839623093813,0.1433947874614601,3.6912663073771443,0.16562018994163152,0.004661110543695325,-0.010367240263718698
0.7306335183544599,0.6137538095969615,0.0033067110057600343,0.5855222410407421,0.4847500915271023,449.35164977319187,2.061715293468374,0.1347361549551228,1.380759818246731,0.2509872081413609,0.044212657722625115,0.02031438115182241
-0.11052310668482979,-0.34669183305587126,0.7989491278728091,0.58622244385904,1.058491918619312,504.5303256163085,1.3105962435651195,0.023808476543271395,5.029457380525333,0.24941112345833333,0.03571862722075702,-0.015514988100870255
0.5181589194281936,0.3047762017218232,0.48928983862902636,0.8649826172205892,0.6435572257259362,214.17327851514713,1.335365211306308,0.027468624610177197,3.912172969594396,0.226715605566601,0.011581055423874815,-0.017732635070651
0.4404551363435597,0.26119544959191165,0.382908754768382,2.5508850921233477,0.84871755643587,451.0720316733218,2.7347636202549475,0.018010283772677948,3.2610429052429915,0.043528125646188943,0.0026669696604180145,0.028686310116039053
0.3920530297607948,0.22975056807991112,0.6443328231292218,0.33815268686732214,1.1556291351092693,460.27651613767034,3.927200864355142,0.1414736006125229,3.0907441597811345,0.20618868890215988,0.04113650033377926,-0.02622852344895914
0.3681159967090325,0.31050863525627603,0.3535408818685719,3.36668287949333,0.6488642866792699,223.62094315953348,1.9933762315385248,0.10611300189687452,5.8792019474349795,0.03341549997822628,0.04236365330535219,-0.026455263697132306
0.7292593287140443,0.5729952195880161,0.2206010577268259,0.7115509440121226,0.7398385496037769,352.3969342742563,3.443197094407291,0.08214732015747297,2.8565506876523767,0.3138402343641203,0.04217126153342917,0.023682644481390437
0.1941418355122183,-0.5912383633229463,0.3982324569080654,1.2363555603367362,0.70759314307522,110.76062020916879,2.375101624156215,0.002657900545046275,3.632380812614301,0.4341246524008298,0.011711671744936633,-0.02713646602907528
0.046224660900423986,-2.353727836502332,-0.7126664685765758,0.494278816742312,0.27175387217887276,550.5264200436815,3.781334665143783,0.10456233815081209,5.191107594652723,0.2365813177200976,0.014648663403377565,0.00034227436882203086
0.6058941462076182,0.5758129930769862,0.33223842810103205,0.8140153079749086,0.5570189936873765,82.49697954727125,1.8711122878013076,0.061199673757683766,2.651826427394396,0.08559167389446258,0.04506331712710884,-0.025573029757943583
0.8484592712844792,0.642935391195807,-0.07365685368147844,1.1468110337783233,0.30307328810274975,211.8856379790075,1.564548185869281,0.14265051822347977,3.6368168716449265,0.22494002062527266,0.01924160737467334,-0.01471294848443507
0.622895741336836,0.42976466829148396,0.3125675723792169,0.7613192900593289,0.7735878356649086,574.0746304879676,2.4746282186011612,0.07570358481396577,5.326005312668117,0.17564009657556529,0.009202979944196379,0.007202939813518094
0.6895174668237196,0.7775667395219884,-0.18768820681858933,0.5179881433788038,0.23188105647452206,331.0826112247842,1.287645800726731,0.09482156375526693,4.478950532015329,0.11636752015579287,0.008873628369156422,0.02522117059023619
0.5001286809766935,-0.3828100333726039,-0.482122452131798,1.0957617717106962,0.11546474422416422,514.2641274270318,1.1284328930984573,0.0315752189316766,3.3592146617159955,0.21481114308969987,0.038438321049109526,-0.005704627808226303
-0.01278705877080677,-0.2782412719109342,0.5911246254086037,1.6260765470243306,0.9339036607464974,542.4948507287286,1.84770208338302,0.06835387390966759,2.9735572834335295,0.43173859075881993,0.004965882617828714,-0.012423852854202578
-0.3122095784709542,-0.30747015662212074,0.9377202978210963,3.3453157938112685,1.1145214824024017,177.30854513413752,1.1589249226399747,0.07824231036751242,5.575216343478284,0.20672999738713244,0.02434484045899595,-0.008790299504540746
-0.04256537814604733,-0.5229924621143602,0.8941096638702559,1.1572128509948993,1.0672743274321346,153.18021354275749,1.3780176952193302,0.1364287728741701,2.687713950294136,0.0385519028935557,0.02887870032163414,-0.009726078896484346
0.2575552501146371,0.13977418501369143,0.617681003474569,0.8190623534913208,1.077747071979057,457.4034607755245,3.109158018780748,0.13372207559120436,4.869867636194234,0.35013415393118025,0.01983762244033313,0.007905555687507356
0.6306735582259849,-1.09953005625476,-0.44057903621113753,3.3701513733367525,0.14889620531775075,224.85941106106418,1.4679285445896229,0.11861908800077782,4.674600865724529,0.43219702706984003,0.024950221998344783,0.012211932880880452
0.30663799859630714,0.4313795188963374,-0.03977526676317301,3.4111130348649144,0.5855958655648006,383.6663285651951,3.448363971249233,0.029824880291795166,4.011276320949232,0.020524711924947644,0.03706419786818483,0.004064827036072864
0.31249969006979017,-1.2519254400986037,-0.5706613697043339,2.608196166661915,0.2563633491526897,579.1197326605504,2.394055275424209,0.0957950569173452,0.7761200264377495,0.36379096795419275,0.035069031143567304,-0.00507635477900728
0.3753321135996017,0.3483167136273194,0.557315047292334,3.092505099244176,0.9050921051685736,175.83136737861045,2.5737295793303625,0.04762475544834746,5.178170913495617,0.0770211707476681,0.01781053833691793,0.02954574975303276
0.05100454997501991,-0.07780354377142529,0.4602915177069797,3.786340196725204,0.8638866487199134,479.1064512214224,2.2625327646404165,0.072109674316713,1.2864131779338426,0.35151041950247097,0.03154077228432762,-0.0076618534485312344
0.7056170402078477,0.10664030024864868,-0.11089071524317672,2.717552033239529,0.5938832977401143,559.6336875419462,3.586750888770238,0.050303042163032344,1.6520637053196707,0.37689967796582224,0.04321170802097101,0.014927021695684316
-0.35382630156340755,-10.766783472221393,-0.8951346383830785,2.3048536138730444,0.10982963115515992,274.3712555603838,3.947177670573875,0.079113147178559,3.4303303087535855,0.44723385153163797,0.014948503575081921,-0.015007329066315063
0.37854756731419514,0.08258745974936521,0.5957025378773223,1.4126665317814098,0.7282799511460627,341.72527217512936,1.215459177721089,0.11509265318284316,5.363743008444541,0.1418787387078511,0.046809001760822457,0.007060598189290117
0.34120328304686887,0.1543624154308757,0.7046547602995572,0.4833590181444203,1.1181081386596072,256.274595293079,2.8626828924604912,0.08646298071837615,1.2264724210834514,0.09820824450106226,0.0384018749037563,-0.007625039981060562
-0.6330441922771766,-0.5164790684292944,0.9568475484641802,0.5737077886877144,1.1565322603030825,170.10160127865694,1.152548059355837,0.007431223098952652,4.68716073838354,0.3540399410405501,0.01732570842629449,0.02962188810121143
0.6206542651958755,0.3079212587732655,0.33001542764610153,1.881368748422748,0.8457189846377209,555.2249398866691,2.979430099427953,0.0184005823404556,1.825706823290309,0.23750696076221456,0.04232250672273462,0.009093175788992587
0.1446115385510316,-0.02495183238335774,0.6212173771705578,3.3403485891801186,1.021470430825544,270.7381630862584,2.559885629213016,0.01989200211318157,3.6655156373726747,0.3463973271021742,0.009784857502775812,-0.02149958766865027
0.6620542284643367,-0.8854425400666048,-0.23202825278278758,0.5206979410419419,0.31522469675220577,56.956089364388,3.388561947294404,0.1342994586474467,2.735553944755517,0.3168549682222795,0.01065850209954944,-0.007338965479154495
0.7135758663135183,0.6683366358310818,0.03933973644074787,0.5704540372592177,0.5647367311274151,561.9662241740941,2.25483451257568,0.0600759237167038,4.927842912426546,0.17068768224389633,0.03613845939166088,0.00011325254477809077
0.42949173203645463,-1.8768221998987422,-0.5667319481238012,3.8740996306939266,0.13432336973639392,501.6943824950681,1.4368998096187005,0.05529776668153139,4.599363587655577,0.4962429302417815,0.014680476216571592,0.024471609326819757
0.29192525728377317,0.24315570564671718,0.6649934913414082,2.0048901338799463,1.1666174257137576,334.92973481997996,3.6373373740886925,0.04121951777753978,2.4453215101325725,0.1938058118054213,0.030443557520262277,-0.007239380095474656
0.757952403745549,0.3174751834975913,0.07760631401575167,3.011971810271374,0.5503820233767227,385.1141788775213,2.260395820250549,0.09258737389561521,4.431773297052642,0.47515427090739626,0.0452606801069926,-0.014075072924618225
0.3075154232175852,-0.05336253716325112,0.5570230944302355,3.4643290738385204,1.0299043756560113,570.157010876115,2.70517887089951,0.017581229903161365,3.4693739818722027,0.2847873668683931,0.038119131118874834,0.0044892544741133335
0.43188779302504354,0.3030176651002334,0.4365824187579266,1.3899898882960908,0.7083197446759754,252.24425573269383,1.8848021316380803,0.13215211320990364,4.045982780171941,0.4388430213239512,0.028302277695220597,-0.012685993602139586
0.3964333039465182,0.036217796280485826,0.42261236310924116,2.9551469617792008,0.7832432194950198,571.0099301101314,1.8811131387388103,0.08084468159488292,5.893281924133777,0.42755418963048447,0.02737957981730111,-0.023761087142796247
0.2850900326507261,-0.07930862987985998,0.636714907505705,2.0026381661377135,0.6761802158510428,474.9684175031778,0.9259089053050329,0.11684893079658411,3.659033720954065,0.18802601058073204,0.01068996506312947,-0.000830492888387453
0.6853230499565567,-1.6602201411985629,-0.4204007876435748,3.9852862190080303,0.34709213760191204,290.03577630030685,3.7630833770756613,0.07538499495801153,2.9564888737998523,0.289779356814535,0.048992072532356455,0.018433889035706655
0.32437637422008214,0.24282815983869366,0.4887695256061632,1.6337546760266974,0.9474370105545621,348.5776156990865,3.2626832998915347,0.09140551616189514,4.956936628363072,0.47992666122692684,0.023919841422477824,0.019385477596936516
0.7345069445642818,0.010675941165707581,0.045237093124730274,2.592533843223272,0.6355687144679372,456.51966606882206,3.060199319317011,0.027879352506957042,2.5059563818865245,0.4065778902503384,0.03118285278766353,0.018440403074820054
0.6249254902142516,0.525049485589725,0.41157000222179563,3.18962929689478,0.6522178170230613,202.21647186411363,1.6566899044455914,0.02065855979192471,3.6577630371841208,0.13085903739746965,0.02051566562282098,0.01562902653472446
0.09229062796151366,-0.4334916822894881,0.8103320978804234,0.6326564561210697,0.8672809424321369,263.4568516900484,0.9781409062046174,0.05715763273617411,3.094478351598301,0.053123870476785434,0.010297180338126904,0.0024242713948169924
0.11739199497983366,-0.26022943885713823,0.4452582248020822,3.332947780415293,0.8865708199957736,527.80947527486,2.709304359037026,0.12562851631688257,5.035397523709098,0.019024998127205844,0.03862401672210695,0.014448707669761637
0.307555057696009,0.4342731220454401,-0.42910506021455325,3.3568207298882737,0.1638204171896713,364.3897559033605,1.4111270323676228,0.08639064627133138,3.2508876459156575,0.0429804812881727,0.008879097563068962,0.013389180862829897
0.6043941337579928,0.3242872747823291,0.409951676342329,3.155839158611614,0.7604675859393764,413.0060943965828,1.925939440821199,0.058469060374708275,2.6575178414122336,0.2291375300186944,0.002180230544704315,-0.0020749304258089363
0.6193771932313243,0.38672718548800156,0.43361407587709133,0.584872181213417,0.5692111287236907,257.3552696958641,1.2647232439277596,0.11682991250063486,2.042791898345203,0.09227860365585833,0.01414675473642515,-0.006567710512849498
0.797780508352883,0.4173337213966748,-0.04480801611873349,0.9352822354516834,0.6328303057326471,487.7441757665893,3.9240691833971106,0.05972781139192761,5.46174857144573,0.37167115309408216,0.04788707333705295,-0.029913633922466168
0.22794469738248424,0.3964242010733021,0.5256412098476736,2.7058482334337506,0.969057017799593,226.3330878510016,3.657217769523439,0.11162962346520168,5.684958110940849,0.41039874373969065,0.025741884072592966,-0.006874791653098231
-0.26023410876123565,-0.5006111801319848,0.9123393654898933,0.2197081208626508,1.1528174385149519,522.0326989123262,1.111593917257148,0.027906225921177853,5.248095369328346,0.18448935555529272,0.043400037631460005,0.0031105785015310226
0.4509326733400554,0.19309460405296175,0.44590909576508914,3.1870518468247377,0.7346434928705864,435.96250945781134,1.6270432542513789,0.07954003430669716,5.789777615889558,0.28288556112566005,0.04817662427007434,0.013776705575404264
0.29889234040130963,-1.2956043917604805,-0.6147716693212685,2.6980147051425445,0.23476700530040268,476.5822095447164,2.683718408092534,0.13109795188882878,5.40829983931039,0.3051495586508492,0.022792567838835057,-0.02705405584042526
0.81800364433385,0.24662560611453077,-0.1493937212866762,0.27875095686006546,0.4034866900278534,358.0745113277222,2.2034705724201102,0.08135927922594374,4.90666543189988,0.4695687195928724,0.00292952037965581,-0.02427176980327489
0.5438575367333462,-0.3066788722161897,-0.46116082457665764,3.0536472323119903,0.19740658921548013,559.7838801240936,1.5671866185804189,0.10831856452127941,2.7755888871917156,0.3531683334619778,0.009621951762087338,0.011155675080880893
0.39501175383072773,-5.362485346266545,-0.5054200061905494,1.0565143461222855,0.238810646662874,131.75004680164906,3.5514700989516186,0.019178689120759852,5.875751949768704,0.14764322873858685,0.0061520651501801955,-0.00606576988303664
0.4131771511539961,0.16593206298178365,0.34142887783503695,3.5176233894064506,0.5267773062919244,307.58350789362237,1.3071770404269918,0.13999861110050824,1.906898336167804,0.39079946960310985,0.0036749838952518216,0.0006847990277691673
0.7968066398057305,0.8166686284410993,0.07847849725837804,1.4500377433466025,0.6662593992741384,355.8422655560287,3.8915700124105843,0.09128604041764704,0.685013601149015,0.12483742354624157,0.030404585872795067,0.008080649216438472
0.6409122875282858,0.540179523217986,-0.11850536137659033,1.09461162414999,0.29398781450717265,111.36380002522648,1.8212541694069007,0.07930079712959898,2.586338983713089,0.062052790761231144,0.031914152097068334,-0.021243962663906386
0.7577969268027578,0.7080628907747032,0.2773690844760561,2.4068983142667206,0.7047220155448398,289.0509590236838,2.8125552127602287,0.14033634212660265,2.413269031939782,0.2080665616419142,0.02449432090861026,0.015912226621410983
0.4459393994372133,-1.2329885728702061,-0.5473853499728972,2.380899240494113,0.23975365532022438,526.9200148541896,2.135225367467267,0.04026919440650958,3.494962857998023,0.28789286527862706,0.03907910393131988,0.00037848009871283673
0.3761709213719152,-0.009655016650654824,0.631256660737855,1.440228037916242,0.7881701841174679,397.69350361056394,1.1566178111125887,0.011149859775724457,2.390270598364594,0.11791202293808588,0.011839740963719009,-0.004678150989601806
0.7006841083108257,0.6029857025665109,0.213560125176784,3.9067538210947146,0.6114456913532457,452.3166032203684,1.8830353093636842,0.0487914494355995,2.630856000090186,0.10506804228208698,0.018388664589405728,-0.02472564646744803
0.6684249397002265,0.5937329918505471,0.41097773957592276,1.6441388061219255,0.8370161689540679,296.844313328198,2.8867238368738324,0.06692574967180448,3.258645951478803,0.14197167777626732,0.013672926429137772,0.00726721409189246
-0.585128687662934,-0.5670999011982496,0.8860738663264466,0.5265982261141624,1.102970903400248,161.26687372478764,1.3443945572949756,0.002545648212831201,4.008672040247738,0.3938995251686792,0.012114179908532528,-0.029739445182283025
0.206010291080166,0.044420041867877624,0.33195541475789353,3.688166101971874,0.6856984205328586,210.7194469335279,2.2877732122267074,0.0395611595371427,1.2835085973879181,0.34231422630901276,0.032206513117371806,0.012731718935416648
-0.2703702672180701,-6.0163318405684665,-0.8490050490830129,1.9377962683909917,0.166059794399785,529.4463611274248,3.4104054394741445,0.07338188670703957,4.405582299164905,0.22910943021716582,0.004926441305923547,-0.022900488342559144
0.4026855315074416,-1.9518397011144115,-0.5267289378006006,3.764986204102988,0.12206860272397264,465.2628905209289,1.2703076325277163,0.034107838097177524,0.5717867487230761,0.34261452237921747,0.04065487551731169,-0.005167739586793998
0.01619517170784912,-0.23764108368665116,0.6958207782028701,2.694835866731389,1.1466981582373392,546.5865869697943,2.374156618019408,0.01587190124623314,5.5397083554244295,0.30952306186714124,0.02900820856838788,0.01151425705644496
0.7059557214211449,-1.4993879900872749,-0.2895235863066957,2.1569644212491013,0.1962981517017072,63.38078668859972,1.5668212565464341,0.02497792553727854,2.5888991050537165,0.2044425803864496,0.03512008228136749,0.029497345931093318
0.45317177028240707,0.45073576113544656,0.5219368324562816,0.9991741368106477,0.7990503785744159,177.45377656956086,2.177639548477594,0.12956552434356305,4.414318098485713,0.2518489331730729,0.04360267945661222,-0.02100428604315302
0.7783822896044099,0.24508602965522053,-0.02077994687153133,0.42147829489850785,0.4778346357709736,387.3961256938895,2.0967422124127433,0.0424698755736179,5.87414613364218,0.44365395324998996,0.00183996592472949,-0.029992097053091922
0.7636735021253075,0.3335707863834856,-0.006702725412127106,2.676483380138109,0.6232968018162633,588.5637656004723,3.0791308374790756,0.05644357883317102,5.09780411831692,0.39830563251255136,0.04759123451621529,0.017252652753144422
0.5492333198174758,-1.4665286570919096,-0.4809658704722093,0.758322959511573,0.10059769971799212,362.08249619860754,1.0974889507776655,0.06297525396846926,4.567628437329226,0.4494649521326606,0.047467723400082075,0.010933004357794993
0.5927044831386165,0.33173355951990613,0.3193768984229455,3.6033997920870267,0.8850690456472367,575.1704691489304,3.596708787936836,0.005352598654507533,1.080156912612024,0.20491079199886875,0.004064782239148266,-0.0026148808286980117
-0.6347629137488415,-0.31880719115051104,0.7372262969435107,1.2010406143585857,1.111858822917197,374.1799872013657,2.1936416897293745,0.12338702809620415,2.2340900303470663,0.49588897034614976,0.024795014390832346,-0.015406900781149386
0.4195883227171916,-3.1697685380167604,-0.5862217784253747,3.9517983622976214,0.23035833502532377,230.74227910037985,3.689925841292167,0.12169122636443304,2.845282800540538,0.21917497748680734,0.04552913011348151,0.016788290950511587
0.6378938627902896,0.46365527738397094,0.22680126137260387,0.8017174670084901,0.5348657072506275,200.03800873125144,1.8383225364564695,0.04306745632337368,0.7012756042121557,0.23500137038434604,0.019393912799493134,0.004850182317754439
0.7627533589319537,0.7720994204187459,-0.004743856134286252,0.3279598858706181,0.5147434850662509,270.22022754308466,2.819716173327899,0.08007968909950067,3.656772949068514,0.11327398514877654,0.0126870701694409,0.009806332781892567
0.14581751379114072,-2.4633862133899838,-0.6838134623625344,0.1469229134570642,0.2180012190827603,479.43505670981216,2.9757498190209706,0.1427913756276711,0.9770907594184493,0.35223913488027647,0.04608624532228728,0.019212347229585938
0.0019165887947771854,-0.5110253306854995,0.719633099689648,1.2308792406790854,1.077069163608347,419.5042364170149,2.068997764652772,0.10896910265349397,5.415521838839588,0.02951657273118988,0.034617953288915315,0.013852654986015124
0.036565344818568435,-0.4708241004884255,0.8657713722168939,2.3940891599518355,0.9516512349961513,258.802711655806,0.9676894266978316,0.05079384383277823,2.75131039971546,0.06272103043403833,0.00651930760836396,-0.005604953603495384
0.5197018496378323,0.20208850013854807,0.36601417907578043,3.425793985979554,0.7764338462119351,547.5010209115836,2.2161680264543633,0.11595121577330136,4.4068911749114115,0.3991198546496553,0.0350997670396772,0.01816993548433793
0.6719934136500747,-1.5105787831844983,-0.4270178618985145,0.9093251254702106,0.20224929789822613,189.03575347262847,2.0197265167163048,0.10795427292779129,3.3159232927256506,0.38601998675070315,0.03444783718288342,0.014027995025455237
0.19049332614016923,-0.11783708718367825,0.47438061445114865,1.8091646448087992,0.7575804357651076,95.366882318593,2.4137328199299324,0.024539565571716934,3.631420351269102,0.012766155126805413,0.03286930220176719,0.0023130640760291674
0.2971281059902635,-0.01878379467584579,0.4020084970039011,2.412952776836889,0.8032912409122946,204.7605230331421,2.852513843281594,0.02250407675296934,3.35723011106103,0.3967682663661131,0.029505429934423653,0.005076516033673466
0.16652744499689842,-0.11877377994335236,0.5044471277278411,0.2726236809312983,0.9340909494952607,299.86501357569495,2.9220693409038536,0.02650589076367183,3.713214937359329,0.492036346401049,0.006462495254099131,0.023877602263420263
0.44143924678118307,0.22173504110146314,0.44348596035664717,1.2756888115199128,0.7892286173694112,464.5572736664647,1.840958545202842,0.022285332460497055,5.575715713725747,0.10249416428405582,0.0430020659598921,-0.016120646585102635
0.6845289975771672,-0.3927659863847712,-0.37210977383124894,2.0128805328055757,0.39262750753374825,384.53349909914925,3.4454571913821295,0.09155057940441025,5.269930638031425,0.34735018208466045,0.04167279568297175,-0.002875027907170804
0.6578335200571716,0.4243712488584671,-0.15448827347606506,2.7061004360949816,0.23325144115440558,108.46236253302263,1.4459097564805283,0.0706948699942435,4.941081999590635,0.1075405250808377,0.012939062729821343,0.009764298339511038
-0.3291241151128703,-0.3902776715365668,0.9013074485399498,0.12090886482574614,1.1874393107731664,376.1602411839277,1.3820946325340877,0.08317777809371381,1.2608034284934695,0.21091668444438627,0.01972388141994437,-0.007992533978243455
-0.13784704558980487,-0.40610804323179317,0.6861607612802044,3.2957253151771977,1.0570954348502681,590.7492476164807,1.8577677065168172,0.049813006805575016,3.6915537981490103,0.43231316228847,0.025831227820579245,-0.007230771390431447
0.7398290678803461,0.40025355615926783,-0.23071703618084616,0.7490518194736695,0.26635327311039897,477.9062506873242,1.3897294543559466,0.019509676163840115,3.844271901455638,0.23030257664780399,0.0014553884639645364,0.026574163154918718
0.17959838452634236,0.19905728860492633,0.6635593765106012,2.2927147844885285,0.8505867170352792,167.73936807155724,1.6588662469569724,0.14697655721538005,1.7753123765573775,0.256163224796181,0.02826751696121021,-0.005173369418711404
0.43917895980207855,0.6652730681161352,-0.18868403936571299,2.2611377393399636,0.5199051943108526,561.6508859312645,3.205435382745115,0.0807615494945465,0.9644960941819121,0.04378364314547913,0.01029344374864331,0.004849664487344747
0.37982456835959,-4.310560516872179,-0.4413967790330506,3.742828777228216,0.13069925389815926,72.16174415757827,1.3635674972003593,0.02765294633055753,0.964030966161515,0.44942997990223543,0.006595939612807896,0.003866524219744887
-0.0768134321966929,0.05581235491431735,0.5481244752724168,3.1987870406351395,1.053194626306018,367.3122364880368,3.877373878147278,0.08099872912535641,1.9285868805648403,0.43034297796982046,0.01951167308667972,-0.026999358081279363
0.7838108466061204,0.27974071178048954,-0.1255897323963619,2.564516576167966,0.3317909503772801,243.04823277570097,1.8628238580157903,0.12989768810526833,1.985932399770829,0.3564068051175561,0.021201242992868328,0.019802844054687893
0.3645266366849276,-0.1516662745250863,-0.46836114625207026,2.8444293082262293,0.24390963634848228,341.1983024770811,2.289242463639986,0.10791476622147263,5.5019049478254995,0.09616029173139358,0.008061890937072562,0.0018512825763022933
-0.4399561142889825,-5.310596397549407,-0.8546908355197806,1.3298962165538786,0.15998122945779136,563.3806024749683,3.5337458541894704,0.13558186411810266,5.326743655019715,0.04090835127926352,0.02453746382257739,-0.025268999776078344
0.19710881832959293,0.1757872661424802,0.4638795109849415,2.009140672343845,0.926822223039286,448.0644964631634,3.0061858597273576,0.10011254595860562,1.0410131996038032,0.3163749408490078,0.03149080937247219,0.02905944856998332
0.4648673594501588,-0.04558371234192227,0.29296755802670593,2.4088775934344913,0.7759479800677906,452.4358586335835,2.738539964807417,0.04183440546804671,2.6941911125406985,0.458043742717906,0.04278961929042206,-0.005451162966024381
-0.317624987174574,-0.3329210707417152,0.8082546872905481,3.6256272506702616,0.8142827321806977,232.7074298477482,0.8957186808739799,0.08778067785127044,3.877649494236443,0.3997548653862055,0.04040547238520323,-0.00128548124481487
0.031446951134121104,-0.172836072946009,0.8022070891246756,0.10148455366056508,0.706221638485665,146.53072530382167,0.809012359528764,0.06297170541964026,5.849331131413755,0.12943338840828417,0.03812429187381745,0.02568930111304901
0.3860917490549671,0.21679581453410846,0.3046519126933964,3.002530856546432,0.4221407617351875,338.68083436199896,1.0500368044477775,0.14869201971135151,5.974348276227489,0.03731951658336407,0.03169210544466744,0.025684512195793593
0.29178590392753667,-0.17508536358281934,0.48785596246958857,1.1683450677634286,0.5792641605742886,423.6785511899652,1.0016902617752876,0.05321293862214809,4.882079926527858,0.4312839670355264,0.03344932881934501,0.022820603949586894
0.6191164127522097,0.3741357754036282,-0.06809602367608146,1.3588650950925634,0.2802357720617728,85.89366732582171,1.531833777246751,0.028339633320049847,5.533569643210443,0.10315470747537912,0.015753245906403424,-0.002754659549838334
0.6822459989588361,0.057019374373242115,-0.2823640797200698,1.0900485163353681,0.5113479551935723,505.67982203421604,3.9599258222580644,0.04288156031781936,1.0396041795651003,0.22775664306966534,0.028427504257982485,0.029386934718384352
0.10935292365301874,0.2050659283842431,0.6764498073431168,1.5578030887532184,1.1459085581191764,209.8287818138078,3.577270450133444,0.019657547686987662,2.8329726915005895,0.24570723731716687,0.014048898303823696,0.022933925321538182
0.2391730233580749,0.012990960976085542,0.5557744101651733,3.605242554989815,0.8925418899672424,188.98154498326693,2.561463856922703,0.09441463612884936,3.8093729414600146,0.026424241018926795,0.015516032175275826,0.005022895427073915
0.3220224300988921,-0.012124394527367244,0.46483819756163536,3.4084637316735336,0.4063933461112326,209.23332168471435,0.807162908740936,0.12381948238219317,4.930651924506359,0.49126908108373635,0.0445684074523883,-0.01589134955507039
0.4055489275778772,-0.15595861966120772,-0.3520880494076007,3.073079366530128,0.2352367550457362,152.3302103858691,2.1678165950519124,0.08802740310393443,5.2461911994679316,0.046502254009659606,0.0458352243258231,-0.027414137923626396
0.6625902103403805,0.5643245027075103,0.3911804059589119,0.3071309694316593,0.7685489635353622,303.92799020784935,2.508088053954818,0.13769230527513826,4.1871643852393845,0.2373909719744564,0.04310142990697235,0.012594100195504871
0.6801106132792026,0.12226373155268533,-0.015814961207678314,3.294836452701298,0.37230351663225997,581.0969819293912,1.3727774271985487,0.11692678134614491,2.998710927288764,0.4538923315483661,0.02004005636961048,-0.008696444383569103
-0.22619499950993793,-0.37952902119148635,0.7601161969353404,2.195737056753541,0.7782965997348774,303.5897467758608,0.8947110347847265,0.0696974320627604,5.535960534761251,0.45206590406718605,0.01209562744676901,0.0023184031348371034
-0.26764050244110593,0.004164319277219053,0.8418311827521915,2.065328374552606,1.1219766833679061,112.31881762693665,1.95718045977405,0.12722710873002824,1.9299791989277508,0.2524192489205562,0.04781835714002743,0.019683554079230225
0.2028422048682642,-0.16263907483334594,0.5572366215457947,3.7192861762519804,0.7546999062856531,154.17530429199388,1.77714058948415,0.12647511630964953,1.2681283330213147,0.018296974027932737,0.021183854983629832,-0.021904108067974895
0.7324585635262174,-0.0482474183054864,-0.33535169572190615,1.1995066067498006,0.2605889963710412,378.4540778185467,1.8219542121921224,0.12527064515782857,4.059314434891351,0.4585491832802079,0.013515062459988316,0.014843829027425766
0.12707946018822436,0.1896731127279846,0.55518790798356,0.7293710348727496,0.9515167536443757,194.79514884523294,2.9007306682405645,0.007239063361979814,0.7014112253168796,0.2420597233171347,0.008459760382600942,-0.023314180735780097
-0.42535711957260425,-0.4458034587225297,0.4458274269202281,0.8787787280153205,0.8389207618797166,492.1253490799254,2.1933011774126987,0.07983870039467994,1.2413542895416698,0.49781237396267974,0.001118870213610664,-0.01679813007784878
0.3210836669172107,0.2340778481981325,-0.3535547049652233,1.981864468146164,0.29604856109451466,258.8332910260945,2.61138121013238,0.11743631741622752,2.1430058188984273,0.028201686627607678,0.04538741151119496,0.015368092127820258
0.5687602159474248,0.5553536398425856,0.4143048225440103,0.7965516716543632,0.7681048799034776,175.44079099554713,2.686367565410675,0.07443558768470865,0.7156933382293262,0.061419633107926266,0.03967642061210775,-0.025076128689695987
0.7931598579870106,0.4401544761563725,0.06685700318249178,2.2968926776074965,0.6751362610916363,520.9575045678208,3.2997700749258354,0.043758728679195044,2.7335049551120227,0.3003131330253751,0.04680830091108211,0.002985473966753769
0.7010650412280208,0.34239479209077306,-0.26875275917484465,2.967608732325641,0.4075076300839264,596.9494600277943,2.346987497343171,0.08417050230487355,3.2027745271599617,0.30235918824394614,0.018956186190280975,0.02420032149566129
0.5891701089352854,0.7155193938947982,-0.28505450192831533,2.455844875571422,0.37290350048878884,492.6190206757984,2.2890028260445896,0.09211257190267938,3.0940417559758657,0.1063988885630758,0.005040237600352867,-0.021326770904671236
-0.029077731827481745,-0.03025595660916669,0.5914770819111712,0.31725109006507335,1.0634952993275988,350.4240105418089,3.367955816017215,0.05338085718312266,3.0962213292972027,0.4471874502620926,0.029463413377475635,0.0046491495525730064
0.16812731620537513,-0.17486499600804573,0.5584594940917983,2.4735364393705574,0.9135713402180481,577.8802041587932,1.8746626766203498,0.05922355082795213,5.828527663781228,0.4447642053612279,0.03301568470271985,0.013275547367938964
0.45111002579287074,0.35411821127960996,0.5019129126836274,2.049340513904001,0.7471597988800659,203.3214925040379,1.7852540649918116,0.06211038800201428,5.060934906618056,0.2500504377609304,0.00392487742883673,0.001258145099350323
-0.12121304312151482,-0.017307969849602145,0.6530763309799817,3.676675024649505,1.0045544604992918,213.3821190617122,2.344932586195811,0.05193992472232182,1.790596460370648,0.3467299418015668,0.04699642752304201,-0.02429581257817744
-0.8965206934958938,-0.40238837737962996,0.9322135112101387,3.562588792401411,1.0312314641032925,71.71430483686481,1.1333163248635298,0.07449703024931215,3.7661071591413324,0.4320970295899948,0.0025015976407557184,0.025493625934963477
0.2602848156733938,0.07273269623507661,0.6344221306683303,0.7635076598995427,1.1041770609695771,524.8612727184394,2.9791713239205406,0.09822426435346357,3.997343091835,0.2963926746277932,0.04477100984149323,-0.02962834134366958
0.10315456819001534,0.24323655546519207,-0.21122131281639595,0.05123314562997994,0.42263209818059094,565.9967142190118,2.3720611039522894,0.13205628951524737,4.90026827738674,0.012732034949425078,0.012472971326124807,-0.009159696789632816
0.05346892256208202,0.20387900852036056,0.5490815905792783,0.9056341499294875,0.8045042092735275,152.59178774184275,2.0840961475590976,0.11430892626092419,3.363108069194431,0.42720191678006614,0.029284399533232097,0.009771446840810556
0.32373483776973255,-5.340121128609734,-0.551349074694281,1.1507984736071006,0.19987309819402338,134.41847384341972,2.9034922540733543,0.009209528716608295,4.10509290545324,0.08672811032072619,0.021272068100665863,0.0105523216882514
0.39998896328069433,-0.31835110842727476,0.03449034234194665,2.333882730653922,0.5512415780768987,324.117365605635,2.597722962580642,0.03724563429072819,1.2552554208662068,0.4218825152784107,0.019028583836400333,0.004353144993434705
-0.21070093457823869,-0.4881552456522187,0.7550597959666615,3.3809620481374556,0.8162491578846819,295.78686831108735,0.9435418785448079,0.02333641850776738,4.318352668074554,0.38295898281465873,0.00456471025091889,0.01120590571428732
0.2289854821718229,-4.635907402642998,-0.6858856228118825,1.222748781438494,0.16384244594135322,313.0479580976941,2.511984716337174,0.060991854075777015,2.29474948629455,0.4962248864049396,0.010663099834833838,0.0014091124471352278
0.3667888651550355,-1.0299967396462413,-0.4790235471079186,3.1553924057666234,0.39457435277387615,487.7754301607728,3.978441133927483,0.10360935578618484,0.8155669567925099,0.4905725897380618,0.012175832422209824,0.015479235921874623
0.5119334753115709,-0.21061920616289154,0.25821823672966326,3.285874683279686,0.5628710750564935,352.40685088908975,1.5573787675474275,0.03160187576569034,3.268341253374289,0.4504406412755762,0.024115907100619116,-0.022104407160212357
0.3120170077243217,-0.20765366587443435,0.3541193580314527,3.2934815054801505,0.7962515506992981,117.27379953470528,3.9708929969550715,0.012244301520738429,2.2544308666664943,0.25916596190086394,0.04934448767583188,0.024150048716684577
0.8026543009728301,0.6759007637807497,-0.03709888394054312,1.8738992641364214,0.5431327488176663,453.3245245498344,2.7683816256567777,0.12106592934442685,5.035047512046083,0.29448153830090074,0.04878534815270603,0.0030171565833532377
-0.44908861551685897,0.12807838946867978,0.7179039986644435,3.172639600196622,1.0629114383893532,54.586809026647174,3.1362806384356934,0.11582280247253211,0.8545523456589061,0.24195638326648095,0.011170380604912046,-0.006039173779587748
0.624160941131137,0.5718662069324241,0.23198126160115362,1.125861167372339,0.5942934887706907,394.8774614965061,1.8697865441871888,0.10810969894347439,5.596207549351598,0.12604936988768123,0.011573791592099644,-0.017988606772502212
0.09401099505169097,-0.38248790271059097,0.8450536488439315,0.3608778708017053,0.9729035975911138,329.3110275686994,1.104934914150984,0.12298487544499527,2.829205394562285,0.09481784481813985,0.0027630322102666907,-0.02558791173801832
0.5711993670418347,-0.07271748796582544,0.1292235382393104,2.138965319950855,0.5186563868576388,109.5186300052889,2.6450628117855874,0.0475254557348164,5.605312773973665,0.323156133399907,0.02566856545757358,-0.0032242123226508853
0.4700433892757464,-9.27996316938784,-0.5743626108282232,0.9194730717162978,0.20075030283153886,142.9878793415669,3.1019263977637976,0.014645296610500154,4.706971987517697,0.42195203907262097,0.036343526722401376,-0.025279517677600265
0.5756899287731866,0.40888829847559016,0.3987120536478426,2.4591394997556892,0.9123037163413038,548.639167385028,3.222938939483731,0.04913785031198013,4.787341549607049,0.16804075030010204,0.03765951991774759,-0.002432865567635265
0.434033197850597,0.11502324069756031,0.5798599476190102,0.6387452823244755,0.7036459572527662,344.26694851449906,1.176542402881523,0.09340245780908078,0.8635443853133289,0.13492990244402683,0.029772766719562048,0.014683479521503113
0.4765941371670208,-0.43147202796838036,-0.3222166418394998,1.069861508038494,0.2740279486270973,114.24732357713488,2.8262861504036665,0.10299921011073153,2.7297462228320226,0.04828782792554384,0.026742893251946717,-0.023423693188932893
0.5724226892966477,0.42330024080984896,0.26662844657272844,2.316571324196182,0.42653360252238315,54.544568727815836,1.489347142886718,0.14707777260401805,2.5621293698452483,0.25606062553328107,0.007746580278462941,-0.022388688776651067
0.6476374386796947,0.4757673482400928,0.29342286752530566,3.013741632125288,0.646441664033888,468.1590125715314,1.8593673525170922,0.1447279981313892,4.398901770566097,0.11755709755291802,0.014863530050151848,-0.01797384476297075
0.5280474571115849,0.42843091143755774,0.5262574291662017,1.6582263512594202,0.8790435426392418,248.73264414254024,2.4661371408602144,0.11034753679750119,2.204660627333691,0.18645553999746872,0.0010066842213529658,-0.017335128983549476
0.792251743167617,-1.7614443603883516,-0.12208518864999669,0.7964828611379033,0.44693975780013645,181.87729672210378,3.2668059745685194,0.005553054005325109,4.342517841964195,0.3173764776104894,0.04538594257461173,0.02282123075103325
-0.09182003865462995,-0.45996012729938274,0.9749423483830865,0.516152492433974,1.0601370765732558,140.68651128060768,1.0036393425846513,0.09225292657377625,3.3627934537539605,0.08342782164831017,0.03956471416672124,-0.015603244526164956
0.5016482985786663,0.19650895397721502,0.4793562618753081,3.507602914655296,0.661472457436316,332.78846862547215,1.290301053110646,0.05291299661467849,3.8622832245559913,0.25019862218271277,0.02986747106487999,0.023786015307509904
0.7137347471474483,-0.22338060559960415,-0.11776942213638675,1.6337493486311532,0.42505616353463804,544.6528810070248,1.8829124556558512,0.037136633350028016,3.237506650310487,0.4520667723904602,0.04218161047814017,0.006394516250150617
0.20599069540476223,-0.09938098323023037,0.7020266355648221,0.826613380638237,1.1704162845999164,337.4833286531381,3.4929745761874518,0.14375987130806106,4.320635484287278,0.0494634151124097,0.03341449647414101,0.011117377647795437
0.8486501410130741,0.4231330919368569,-0.13247059528150226,2.814657631154691,0.4871804185730984,301.718767062949,3.469805074313347,0.13132939125916215,4.1102448490590575,0.31456290544627186,0.04395215272615414,0.014708922715529302
0.7256845615528336,0.6009739209589564,-0.04896953792439512,2.714318261034507,0.26410089585154506,586.7819563249268,1.0072620017675114,0.01381750267152552,3.761329524424161,0.16931496304045907,0.04681761579634843,-0.018137205223589428
-0.15882651512805923,-0.09603508755506662,0.7002306480959869,3.236006908623751,1.1117235270935062,262.2974039073955,2.530808947099706,0.01440615505113863,0.7478229502172777,0.2637696656764762,0.03296072267175383,0.0062054154982675745
0.32516281966669747,0.2724127752533786,0.5380489035672752,2.2050865619443702,1.0016643730910941,328.91074624213934,3.3269347930621627,0.0650533867568316,4.887537490145973,0.3497937876851248,0.02666232473327298,-0.005212792595322393
0.49843766551308044,0.25268418872487286,0.44031597842597836,0.05614930817706165,0.7147681505749396,415.1564410363247,1.671291706033076,0.13736430237467367,4.571444933126871,0.34075885236982845,0.048893390053973904,0.014003355421223848
0.5385030111098229,0.5615945346243194,0.2729476733071788,3.599193589814994,0.7928447157461572,431.62057570867825,3.415559827166605,0.10776099877556866,5.77133094065763,0.0814575287257842,0.0461542043392926,0.006144783708804362
0.6741267397954648,0.21880038762391707,0.1632708711230882,0.16298216170527313,0.7190340730316099,369.05982261038713,3.584908436958455,0.04614953434921529,4.175335860299193,0.4667456632918089,0.017841741823054463,0.008082743831906344
-0.024794513702347754,-9.480476421686824,-0.7864727522331948,2.3171245957898337,0.12627419431258483,205.52400073747762,3.0501674277744724,0.06360681410623742,1.05512811307928,0.20621749667674336,0.048626329354913324,-0.02407285970916705
0.635131181343392,0.6375646607766403,0.21759939265044762,0.18523899037179348,0.6545205779330648,182.3514458548959,3.3403230058370283,0.12629153520212283,0.7883343451339251,0.2200833125021623,0.03513146353433408,-0.02783544456540646
0.43528569850683585,-1.3389338019999646,-0.37539469943416365,3.989493610944713,0.3149297520729884,217.0001390293861,3.2098230425581065,0.05130021824592872,5.522996573645514,0.07300291470467057,0.04835618809033509,-0.0030145429625561037
0.6533321723085497,0.4804471091460992,0.3791139276362616,1.514966220648549,0.7364668452541203,365.11510013517864,2.096259908545981,0.09611390880725361,3.4113154073762004,0.10746933377505194,0.011621441274166087,0.014052856313743685
-0.17780844846580224,-0.022635359392073173,0.8283312105835843,2.8517742970104916,1.0059951432598697,53.18793724170469,1.6101840020892135,0.0769195506307201,4.739759764818567,0.16023030181125364,0.03721569068775997,-0.006289839765331086
-0.2347279688412771,0.2710239038021369,0.6026495169586252,2.0676628661165743,0.9880889689001706,110.79721202331096,3.5320558727901066,0.1308204231003432,1.9503197488037092,0.3571760104584283,0.014129487514024793,0.006489549822757907
0.34791878461147285,0.5550243536514674,-0.308702563485224,0.621930072896606,0.39023468858024407,536.980273178168,2.4353799835102947,0.055260571394051376,5.632410970513574,0.053773127001501664,0.01734137987078749,-0.025014728709997006
-0.3627908571383245,-0.5086597755286422,0.6766258845535221,1.7968057279247582,1.1477545247848018,578.2983086296131,2.569979619860252,0.011122568509734582,0.8650807467369679,0.3258121399871071,0.0018937776630290968,0.006809618325581838
0.38620955485006425,0.07105156486051745,0.5230721784813909,1.0930479323358164,0.8881432335950464,590.9043478692178,1.9230943859051264,0.046554728098944904,4.983080081278269,0.22494322375278486,0.027534282790955752,-0.012877332775368788
0.5164241366235227,-2.726222557322722,-0.374389140112202,0.02734318726334406,0.2677220050138367,58.72817096945894,3.9281866924850446,0.1290721359368703,5.6225729595993315,0.3700869515704169,0.03187988966572528,0.00024756528628934406
0.5708407984764785,0.46789622982071943,0.46599684209757597,2.163429374473465,0.6246089980613808,160.44156143459426,1.4747052777655811,0.08152535561000962,3.8109945785035717,0.12927792149742773,0.04775617598586214,-0.020428035833366474
0.3905321364658466,0.35741631362433457,0.4736371384810195,2.7643476307923547,0.8192258505198585,238.00263016975836,2.448883613554391,0.12139688367429491,4.0397061249018655,0.4010964256650744,0.019553773992318838,0.016220722974219018
0.5908833888229321,0.35738164462266453,-0.15254000048300956,2.1781722572593316,0.4321442473661626,198.65727979613652,3.596405292603788,0.12024405305878526,0.8462106669467246,0.04855190469804364,0.019647474851321872,0.018516786491807533
-0.19910522115650942,-0.36559672774773655,0.7521421077233263,2.5294345017641136,0.913738553191277,557.2987628659687,1.1325362935087584,0.11718480462942907,4.3363562997690694,0.38286067233037285,0.01081731211427139,0.02946046876130342
0.3043306243800271,0.026754642261622275,0.5402176611862154,2.5882372040214285,1.006840054022091,477.1978900680852,2.868601416425305,0.043107396307230546,4.121591474039389,0.359118692084567,0.01202191229588268,0.004419250328416875
0.3977531742409751,-0.5817712318867103,0.18420978108503963,3.9701518921531487,0.46661950053601214,488.0262375812614,1.2648279511429803,0.0270364654251347,1.9868856499964187,0.46070836281272093,0.033964864231778115,-0.022781190313161684
0.6090139392185641,0.6927984762907261,0.026356921173542894,2.5200714398465243,0.5789693332514116,580.8818293093544,2.512852026747137,0.11641696102951876,2.660941028723341,0.07438315769854723,0.0204730237389184,0.008578600564758605
0.25137826667689644,0.29257014081136223,0.6502436216998371,2.0992154877990137,0.9047553635624396,62.42038188868368,2.435136402249304,0.14011144231984105,1.923092047178502,0.12109076773757126,0.03724674050963108,0.012511241639635575
0.35351074211600575,0.46888194127279936,0.4042105615148725,3.7560373659641013,0.7977789563380041,129.83422597830477,3.4872539382932826,0.11564750304644787,4.498658973949383,0.33949876007841284,0.01746824160493567,-0.021331123824119565
0.727856401700556,0.7166174456109853,-0.19021595905173072,0.432086212417083,0.2584032974006936,441.32882241824024,1.2967023147563754,0.02344668316086516,3.1866814380255915,0.1441769369549217,0.01123240076123801,0.006056420328100565
0.3013467116635141,-0.029155362567133247,0.6458217560558543,2.5598437328544885,0.9446158433102677,486.5858649190265,1.6056986656537509,0.04761403250504925,3.374219425240141,0.18985999399987286,0.02832704693467481,-0.025769667658144157
-0.07860729737109473,-2.9343480122912147,-0.757983207159799,3.771934716875518,0.2569639680108309,582.0748530302292,3.8946774545904286,0.10327206763017799,3.3105884033691053,0.16446034204304416,0.015122388916265744,0.006706738457104233
0.01716253238588361,0.39628064907566096,0.5298900402796446,3.820545171202834,0.9577877581209784,173.35969789377572,3.7835414430836933,0.13190788342666093,1.4730243117482629,0.2893713322477382,0.00699822447915018,0.015827397043821315
0.05448336925455344,-4.588746902348671,-0.751757835897786,1.895821334992433,0.13934902741983693,269.75210728431296,2.789640168429454,0.08535497990369402,4.079982031843411,0.24818921314894746,0.005769917790524802,0.01172388629842715
0.38179197001924725,-1.1519289504544465,-0.5586071660145082,1.2246074338226776,0.23246020444927218,340.121344013207,2.768682105950655,0.14627820764056426,2.18794195013919,0.1433305611549577,0.031804855040939356,0.021001744713959485
0.21704256912596642,0.40852055918674635,-0.34318100108512556,0.817761587468333,0.2797350293074456,66.64088196749944,3.867794333316411,0.11900661280170294,2.140333938488446,0.011437058350008704,0.033458389248023135,-0.029618549857140807
0.7294156694382474,-0.22958698057439952,-0.3567439467713919,2.2984112937887193,0.21769065857032735,261.86310734534396,1.7478384209630413,0.12450308158356956,2.9626897671734564,0.3763709541867724,0.0074544882626578065,-0.023459947189768307
-0.477389160098753,-0.47866066958182807,0.8335877880323131,0.2326535647116139,1.1724847063626207,488.52768222932514,1.6179289953796414,0.06931598863916574,3.9039852211172787,0.44691954653620947,0.04521953424931582,0.02550435065267461
0.7533056572623253,0.4216730413898534,0.1002696652490862,2.7772787859026984,0.428595664567667,146.89538803939558,1.8404929096821772,0.06175405654992257,4.860871717805161,0.2361996757556484,0.04907674104088752,0.02039484107693557
0.5283993961483087,0.17276035314205906,0.32886224061194524,2.7982805569364744,0.41115605149233936,373.9402965779222,0.9340911108450985,0.10273175429650887,1.9565233071951615,0.30533341962711674,0.028408562741890516,0.029688459014647058
0.7952384491999063,-0.0947725935621968,-0.214666013894142,1.101971214660053,0.42176334688120687,291.85047529464737,3.0234437527991793,0.057784579702494676,4.745890544340895,0.28839030805471527,0.030461020527622288,-0.01959063857443086
0.3544924201320213,0.19207750261622858,0.49417274352322377,2.839207811522735,1.002580542530092,501.4535500588765,3.4512457835189387,0.06980411877633702,2.3763336283849363,0.30148498213696334,0.007373150820263812,0.021147425767184223
0.8253194958211136,0.7244211199996418,0.0361871979206629,2.4243051616381557,0.5620639526782752,368.1209216640168,2.7910121477838845,0.14872912623094753,1.6206591708690035,0.26620027649098976,0.015677483901004496,-0.0026595321292880733
-0.19306574054713033,-0.2871860704582927,0.5476418691796329,1.3637260360469483,0.6008982526393767,475.6799699766269,0.9592966406098253,0.13952398679431965,0.6449723365370907,0.3674533547660872,0.0024285900982029844,0.013749974601864202
0.2804112454633423,-0.14650897621347014,0.6177016015671368,3.322537097817677,0.9441409692144316,413.31981545036314,1.979217286416552,0.1398892900735185,2.8905264132265684,0.04863664533574702,0.021649067023105227,0.011739580915461933
0.6617701632588129,0.6095732924482592,0.27071357826741044,0.14154650819331716,0.6768231329166531,296.71245459616154,2.4780127210901006,0.09390288940357726,5.756396750402529,0.26591364199298073,0.026301536998375397,-0.004311391964772577
0.725085321390015,0.6186616537137934,0.26308347821866596,1.0088531704877606,0.7653890022135605,462.5340388380082,2.7961465494171818,0.0046996432992625235,2.50415086769164,0.12538512529701032,0.038526763322579156,-0.017336105230530204
0.400700621937612,0.31496337562677434,0.34644861143314176,2.110687459929216,0.6504795844584823,179.9652143419512,2.1618416031903265,0.10881961051226634,3.4218938812293804,0.4364143075648377,0.03407449466473731,-0.010884090695191424
-0.8136338638001135,-0.5334760150465176,1.000558859370433,1.281526360937459,1.0447593776606352,129.82380720949553,0.8562244887349003,0.04275558152570504,4.760881829245537,0.3848306917710466,0.040110440828411836,0.02608861828187504
0.7061040257905133,-0.222338454764053,-0.09399459529975088,0.5263845330995389,0.3606782038187745,64.79441483033173,2.7172844427890492,0.0980040556583155,4.47821266510592,0.21654787472829634,0.008605338305081084,0.004192495156709619
-1.4729237894877576,-0.84716296457958,0.8040083673258203,0.44255820702988435,0.9067399261229798,466.8059042794468,1.0000486428556703,0.10389233660631053,0.6425457185741216,0.49218581504958175,0.024483647656319853,0.014469921736697366
0.597459901519151,0.2158607139256512,0.14388262039428362,2.7779604828493736,0.7620258949837928,582.5497860051246,3.907571569022749,0.0839833718349926,2.8748257005939215,0.4945617587112049,0.009695937842434523,0.009533071986883284
0.760488820017626,0.5943522540087146,-0.22319505293673905,3.13636448225846,0.4808689671864182,374.6153983015611,3.8170076425153905,0.1364481674359655,2.7175020580600635,0.16968312681701106,0.009951628934650531,0.028410085962954874
-0.8164814034392314,-0.2218191545657362,0.7577527676099235,1.3756482921557582,1.114868241101222,59.229047525835206,2.8914541042641435,0.04469076268073231,2.0149050156749433,0.34743408913508167,0.03370557130700864,0.022567080875310626
0.3305058050313463,-0.018470476537179037,0.40479926087937657,1.7313643622198969,0.618633509651421,442.259267864381,1.3196249485042248,0.07626298411759524,1.1066445883195866,0.030131356016027015,0.027800181785915156,0.022037564936999543
0.025733495364110404,-11.878679426735244,-0.7460873503573251,1.3281461537350374,0.13997711214717612,186.33335530522712,2.9358025929380145,0.003366552521835496,2.247464163439842,0.10657113211755984,0.016580325999130698,0.014057455836735934
0.5529510629555224,0.246594889349096,0.4022044790031325,1.1963781160083489,0.7248717098075294,571.9239429602226,1.6698413076096728,0.06919212475847272,3.198433890123087,0.10115677488956912,0.019422045194704838,0.015805426597478193
0.2677391335076359,-0.7228578723911958,0.22613444754109538,0.20043473330636585,0.6178115230677659,60.32244100668891,3.6308299887336535,0.053890992944490054,2.7196939992736375,0.34173062146290045,0.04675929040255404,0.024990021382397243
0.5387748967247581,0.7276597528574504,-0.09601618167023064,0.05010893183097398,0.5388173189201844,467.4654550296303,3.026400740450898,0.07931737312554024,4.724165088277678,0.06565801958780013,0.026115636085358405,0.0063704015447721635
0.745633724627494,0.5770010665909581,0.1796564166731627,3.9402863445307448,0.5751433218678361,483.60435559972,1.7391538441735905,0.0191144724500823,3.2531170836994354,0.14892689129424783,0.011844516229774582,0.019130649720952842
0.4548069184094067,0.30020929007032227,0.24110991895822173,2.3453066086460375,0.5020117602659041,529.6232696642265,1.2564452093566563,0.038147936539319215,4.674697340433285,0.05194226817052932,0.02496727289498899,-0.008263822947572483
0.7285554767703084,0.5170813578617731,0.15287248869513528,2.6680264984610758,0.6598494700376155,561.8721229036333,2.601686006330046,0.14867032736438995,4.860649629875521,0.3502142132089585,0.014040916779750324,-0.02124595247885484
0.6139998524146768,-1.8643207034596476,-0.38246392175271576,2.291288181279085,0.21488446532209976,106.59232336474493,2.1025798514733784,0.021328559047571246,1.8553078038313127,0.12235074299929076,0.049801517840287544,0.01901785901032119
0.8257575353896096,-0.12761839994314328,-0.10466637049836615,3.3860146805154767,0.4390947079877662,233.85202764912802,2.7408336124393133,0.06067218919054034,3.209006259227592,0.3533630407842706,0.0424659387407669,-0.023099026070105194
-0.1931252839531168,-0.013678076647528847,0.7839473246933528,0.5268619708578344,1.1036026698937036,176.32854486384085,2.0855010520756707,0.06859304647145294,3.490081568446619,0.3189445665024109,0.04749429683441923,-0.002315177591483317
0.7534569177362377,0.49214238636980256,-0.24093468477190208,2.633286214841872,0.514370353822513,517.2819462562094,3.8752284448803618,0.1395409193500976,4.267155203629405,0.3456704629693009,0.029871764840931153,0.019896963602038107
0.7156036630082613,0.47625822281911045,0.1418578671390824,3.4573165493551734,0.527079791471921,503.9252130908885,1.6259553887397082,0.03736253218231771,5.368376719549025,0.21933714137176136,0.017122595368528525,-0.024824461127881323
0.7237281161587078,0.4490325885297155,0.16257162680008816,0.5572864470180341,0.6671276657412476,518.8747781978435,2.64638743806053,0.1245673640225308,4.4336935043720445,0.4098532423773789,0.027799090602590004,-0.005161891837255897
0.44855022854514215,0.4279574150485723,0.44121172188920077,0.6439241920509478,0.9204030875395427,350.54460408935927,3.6479568776885625,0.12284975688284565,2.643345197601162,0.36251928211009055,0.016292623548116447,0.00634939390911825
0.1821534046248089,-0.18519133644526753,0.659287513416829,2.1224369205402565,0.7831271459489634,527.5385821055761,1.0261451294949795,0.026804248616631044,3.0159672171305596,0.22078872589872509,0.016590645846551327,0.017143528352981715
-0.03632924598770071,-0.2756293627093922,0.7926685192700571,0.7326443746818159,1.0312493360966808,423.5526345547201,1.2984195708135786,0.03301693282326601,3.2213641273419356,0.23534124189749037,0.0020745584018026907,0.013262457385630188
-0.023341425834300766,-0.7810689261814576,-0.6318530973878299,0.021025215543041487,0.12423609690652264,261.6263265197265,1.8200205545875372,0.10087367321509882,3.7182396592066884,0.027205608535945662,0.004642447846387239,0.021487022730836837
-0.5369757658765091,-0.6211489278529025,0.762554705020614,2.044567722044416,0.7482052616894266,261.67972503629835,0.8497360250796775,0.04906026031434025,2.833247261759875,0.47378727514035285,0.016892914268450444,-0.0020929564949649882
0.7292138678755468,0.42843983703761346,-0.1266999184757249,2.4505787054555923,0.1831590357042905,54.55084284403762,1.0992922675106358,0.140331226816393,2.4525827088964514,0.11845369835310327,0.03113087911616462,0.00583879330553398
0.2682178290556314,0.04133795532578444,0.6351033149949563,0.3933746820831274,1.0702496966330528,439.4029147492625,2.5542450385426005,0.02141576457405288,3.5054626762435253,0.25963072579821345,0.03492658662625452,-0.02838889540655838
0.3107045122000983,0.1791804033048735,0.5327229003729287,3.0685590852641274,0.911479384497241,129.50915978902532,3.144415653425975,0.02638444238073234,2.0421764694090316,0.025666785096966925,0.04156555218916671,-0.010454091227897583
0.6780177548456086,0.13154093889845242,-0.21939151336213283,3.0942681589785526,0.5286130987374287,509.50055548482,3.664526335554001,0.05574273427513525,0.7860651803685252,0.2835241985403947,0.04296027050533363,-0.02439498633332673
0.7556873555914575,-0.026132262243134807,0.09987924156717015,1.1231808616729113,0.6277956595630296,330.334407037604,2.934109328459879,0.013661755719084916,4.236869323338171,0.40198145826967874,0.017320103966862142,0.020685939717669053
-0.14251391918727596,-0.4914629296726474,0.427993005065748,3.5509632475748996,0.7686933777097269,490.1686073463275,1.7681177247304896,0.03905471944085792,1.459534589195849,0.4126776201925926,0.001450410215661474,-0.0004630701733289766
-0.14915769812182833,-0.23311720673548408,0.5965202292495153,2.4057731333443586,0.9826832908306943,72.03453876608948,3.5030190147047526,0.010449972161819934,3.5217287131975983,0.29204740388988026,0.02342528940078215,0.018472977410714495
0.4563853160607583,0.1281903083039856,0.32053407323524147,1.9250415908199057,0.8173677794422721,270.24967147477815,3.731796279616912,0.03637333803564523,4.242395136022593,0.44775276469281816,0.03305601804652712,0.017160930741403565
0.7482593774015811,0.6292146283964554,-0.18040881824288232,3.1955652488199098,0.3415734735262968,464.89783078883517,1.7583636919222734,0.14238359007735865,5.478658401974447,0.2660231540643164,0.023266192690006297,-0.013928391966465056
0.7240718118650333,0.5512100851301729,0.17338380685183505,3.840079560541305,0.3990752008902786,272.00027532738994,1.2887269967122768,0.1389270004931112,5.892256270213055,0.29513930329938404,0.007722585006606786,0.004336739503574038
0.8266249587325307,0.3988949967180484,-0.09030374537263308,3.515184796757233,0.4803900246517226,263.0953771817315,3.1319529136565536,0.10260774670526111,5.0697775996208945,0.3705227318234553,0.005352425667935529,-0.027339287728533185
0.805976564406252,0.48675702942780275,0.03889535170351586,3.7138967239298752,0.5682071428890798,315.448861478418,2.7733235147334176,0.029451485457369156,4.7827787928658765,0.2461303010281018,0.046793513043472686,0.006194988058125601
0.7557231566142968,0.5643374366125311,0.11444267799475143,1.788981226899136,0.7255358338789673,569.9928303053402,3.6354945520128363,0.08461721213179625,5.017609029259894,0.3180152255724271,0.032295910027448096,-0.008851044787513295
0.4993769626883031,0.45608409615620493,0.4441760216624782,0.7527446039707164,0.8661199401538748,327.45959195486824,2.8936803297877933,0.10767780853929622,5.832427782365958,0.26823354234716845,0.012427398166350075,-0.001411942611642838
0.6085846675455036,0.76160289657659,-0.2592247847692488,2.0861041759221335,0.2740274876845344,454.92584769058556,1.5723276780218098,0.10573709684069896,2.5212038179506604,0.09989307497247174,0.03721602477063616,0.01427019716853242
0.24934978241716954,-0.1409315672574185,0.5371408935029289,1.7800775628870693,0.7941283700485812,202.10627030045396,1.7763552942557064,0.003171723188503675,4.877043842460225,0.376498772966772,0.010141084558566537,-0.002026670560404906
0.4994982584704134,0.19633817373046814,0.20485795556679345,2.8401357062786583,0.4791649500057568,71.584273064709,2.0493016974964493,0.11950140660738155,3.8805656150154495,0.40348478409515254,0.013919350066069626,0.017413065024993415
0.6454975500155604,0.4887718362625,0.21946401626645076,3.8759664236658,0.4118714586041395,454.88869527244503,1.0482054679701454,0.027595613254674727,4.865458892270422,0.13131139209583054,0.039055013769268926,0.008118066180592244
0.8376338589994934,0.09382187698496725,-0.17169175550275448,1.5722760277966645,0.3955902724629376,216.5230029532264,2.9885806543823588,0.14479536378659805,3.691856167250733,0.3376824816640274,0.049100972266572104,0.017138289896946757
-0.46750982241117045,-0.33249944435996936,0.9639283509894966,0.7582852905359294,1.0124187350285392,111.8960456637452,0.9328032383870938,0.03602177811460507,4.136237250308143,0.26061511281141564,0.028537892264160914,-0.025099954988536875
0.3760233111054525,0.32758568302159585,0.5944825189796511,3.1420406081202352,1.056827572617867,235.7865837893188,3.7830687629489748,0.08516732484620974,4.197102531331556,0.07380060300841201,0.03746798439080072,-0.017362444998411785
0.22360219496125333,-0.5317411322982961,-0.46519767799559436,0.1359063231927875,0.2591041897436779,221.99518741984633,2.8912292290103747,0.03470341515364994,0.8662491640897452,0.025591502325329554,0.039648876137045506,0.0021249952233961733
0.4090166988406304,-0.1309184114477906,-0.41221616035781883,3.1021364436323156,0.2992776997581279,250.24145603362217,3.2718694902332706,0.14428953511563786,1.339669197648625,0.05269238633646123,0.008306479050313394,-0.023566144236980155
0.3660522770720346,-1.4797366148990023,-0.5961576327078464,1.456911618487636,0.23328750392872222,462.0899818810124,2.520538790196303,0.09582912094891745,3.6607069037884563,0.2884474397353263,0.03480864374529661,-0.029164431087172444
0.8265114575373396,0.25758433408340586,-0.08669104529181647,3.323770274392114,0.3218783261905707,152.7740447423973,1.875306640409276,0.14422097079776383,4.4862765972031236,0.3836170602196251,0.017096074160248442,-0.015869641144004683
0.49180225931555777,-1.3036233739407201,-0.47501005933716184,3.9641478626220255,0.4183422106280172,500.9644086585975,3.9900558966324406,0.010416656455610754,4.107436189608106,0.1730138032170715,0.027077100195506066,-0.024528900255053714
0.6826042134241337,-2.769093178909593,-0.24525508550450797,3.1118811921556344,0.3649912018062486,153.67485108616495,3.322757884733682,0.016134544135384038,0.9279243549696766,0.2523836936633843,0.021274268696485882,-0.01600514676302343
0.6070629220151571,0.045509564269561875,-0.03984625041974382,2.4279232850113446,0.3399813243048925,387.63301213793125,1.4306476440237887,0.13310503778360422,1.6555148058829006,0.495707788908119,0.033701690735970805,0.011050567978161138
-0.5043910388699187,-21.061835588278203,-0.9333308470893513,2.3622434500810097,0.10228975805908741,578.7175585325856,3.0680681954679443,0.011081120522076007,5.272477854327096,0.37645373147980693,0.04287162702627476,0.022093554252068385
0.6796347611690297,-2.4385308461849116,-0.4170840486181909,1.9934836777070366,0.2699172621648312,204.05383683114937,2.747825923113057,0.027036712896023732,3.42880938592333,0.21670211253650276,0.020314942572536604,0.012406364528732111
0.634944474233597,0.48279909306996605,0.30632550848652923,2.5923588356935565,0.707956783681306,428.9811472326458,2.0365769477413034,0.004531937397447631,4.641680336019362,0.143948786657715,0.01603176298061302,-0.011609352222952238
0.7452075860680936,-0.04118571070510901,-0.136897072342276,3.869837755122428,0.21302960262952,63.037730142141854,1.3088258724689705,0.10771771426441432,1.7866437443302492,0.24599857849498072,0.006123489965441268,0.001914366341403122
-0.2814386226527501,-0.512128939692291,0.5542244262704816,0.37279573276338906,0.6575409122466753,512.8297451229469,1.0383252119753938,0.08763158514155528,1.6430555395820194,0.4907375171677611,0.02531388702436158,0.026667437270834767
0.6775245063444126,0.11183976440168075,-0.3474913279054187,3.8113254100568192,0.3086066350307938,467.5172938577517,1.976938919022234,0.028793920392353456,3.4545777448813784,0.21632974202949695,0.012063345223484173,0.014122357368117129
0.24665377647740871,-7.31046222788369,-0.6896950230005402,0.8673559372104567,0.1445015347532923,193.07886985407646,2.5363495773875813,0.025080521575511727,3.748197654698105,0.27847916585238075,0.01583379416024984,-0.008323244913502894
0.7448491685588579,-0.7512306339891217,-0.020413183114330376,2.5262900057012683,0.5211637949035046,160.4973276335465,3.8089519931399614,0.03272884477333458,3.918825939426004,0.2797461007071519,0.03285819334957526,-0.005770055051088598
-0.5868752078311139,-0.9535705196212849,0.5397506602190276,0.9714956103220911,0.9057220725466377,52.70193213307041,3.619324420146763,0.00628304294148036,0.5364694210096179,0.30412204411137445,0.03763158111193814,0.023094385042976638
0.4219257655257791,-3.576386268415951,-0.5659519642939986,0.9432985219192584,0.2255873462334131,460.5373224319276,2.149092410181043,0.004207273701433092,1.7472452509296124,0.4184560324058688,0.01364098181878403,-0.01538778552607599
0.6743459550960071,0.41829235643122664,0.13794401831582628,0.5167859756491113,0.5068672230285101,446.0887049375524,1.6134436476315603,0.05006152116179796,1.3266071762418457,0.23750387783308363,0.049245643445879644,0.007265318166034358
-0.24135151705698088,-0.18985474716461037,0.44293532678827024,3.3499038850949763,0.8705536627935597,179.14214287328434,3.433502352062761,0.04703793584926079,2.047198035629187,0.48450023139152504,0.04785136194731146,-0.021982970587395498
0.5097756472783659,0.34058415473274306,-0.32108420715790914,3.4738708124381663,0.2697939140621528,229.70942005627677,2.184057764375589,0.11188196965120427,1.943193513231861,0.05547611683799723,0.012588163264937297,-0.015980249699790162
0.818212299267219,0.21281448791572155,-0.07739416329905265,0.6925927359387294,0.20101239706670695,180.48517737284115,1.0615549465464387,0.1463277069316917,3.780159625308219,0.3570218315581693,0.049549923339192746,-0.019437135788145446
0.7134220160146343,0.6735318947008613,0.27921377500138655,2.1956096956219158,0.7307728095418596,237.63985278619106,3.1260464155817598,0.04388986091914792,3.6386732502948167,0.17176298087645717,0.0353881554868444,-0.02711121170294356
0.8080056214876439,0.19799165434251254,-0.0967910122414397,2.770620293845173,0.31414577775377206,202.65507321117204,1.656824471732205,0.06664129164219332,1.5105328685369985,0.3003622081394904,0.004246093374816907,-0.0034228352846056654
0.6578989442153518,0.024641781279396424,0.1551322761962462,0.411875514746737,0.6256848900945334,482.3470717396861,2.231105856799678,0.04549579305970387,3.691076215329482,0.4914253862327566,0.017410982357077807,-0.0111521356279774
0.7391668605181696,0.7509291638801273,0.06820348730327647,1.5474785231190893,0.5822870371111298,404.4663980228427,2.4989370054011757,0.05189485452561429,5.0776631525308735,0.14499895296458679,0.04255996726613483,0.015392535978013395
-0.13654334081511044,-6.261860326550049,-0.8136445935475768,0.6967368239401228,0.11990291317952788,548.2521470185782,2.222933939081598,0.03364208031605679,5.455584854243416,0.2974177700569531,0.0041628269469130025,0.0021615940976446213
-0.40624611299496083,-0.3288944264095657,0.6797545354949034,3.1694360441588514,1.1546646328128631,246.89725709949164,3.41818396850575,0.02602787607566955,2.5238405513326674,0.467287338142695,0.009127369172655634,-0.007393798190031335
0.7881667336299439,0.22311836206549318,-0.10616564666690365,2.2922638435833704,0.30212134357134585,308.8266847863621,1.4374515049956345,0.04898857045415688,5.689206761781629,0.3575487571808629,0.028048616122901795,0.010092492367312156
0.4316518121645099,0.18641692403312782,0.4121510453104799,1.2032963174248321,0.6396054856084312,378.2054234137713,1.465015257161088,0.12382656142356847,4.981887003699627,0.057964676245376635,0.028038249391557225,-0.006473556995853666
0.26918796666602784,0.33158989999925315,0.0005343946783259346,0.7898354757916124,0.6407067047756214,433.13728744224596,3.9395581467357066,0.0702399142711406,1.818990717167587,0.01704086546750887,0.012689211159206055,-0.02917446472085012
0.07376845232958984,-0.048512963226166494,0.7588087709804879,2.4177473069135202,1.1083326465025698,87.89479433818009,2.6983738984092978,0.06733373095046839,5.2623599578883145,0.0503663794929599,0.005164161564553423,-0.003133066990146338
-0.49064371823209085,-0.5469177856167995,0.959136350835859,1.6920615798132324,1.192127667804746,504.3867213800518,1.074305097560013,0.10359581665742586,5.384662217592376,0.2764871344423954,0.03471118130784431,0.001093653317946075
0.13495401414076058,0.1112942502884754,0.7424945987389355,1.111315620663031,0.9671398539919472,151.6933489792537,1.6796365146341732,0.04761442438870959,3.517864691590574,0.2015607912271659,0.042954662124556064,-0.017650206007666154
0.7515689107285644,0.23009028937954734,-0.16141055161830328,0.17894318725050384,0.30561718572318824,535.0949086746189,1.4137392591327662,0.07158041731762387,4.987323716104755,0.39941129469123227,0.03754933215501355,0.011720543189950567
0.6944755874704209,-0.24878472601710366,-0.25933137328652855,0.9588751298832201,0.19136224212334976,138.99778742702347,1.4060833268489195,0.10312477054289829,5.964109937102992,0.27735955791767297,0.026505476060477953,-0.021595720899410278
0.6542344695331686,0.4315556355281378,0.28456408870051664,3.980311075321168,0.8229178650821872,567.528041131864,3.2841272569248257,0.0859519932606219,4.6271707153231105,0.30953470861025145,0.04285443299407945,0.028254614747783957
-0.3911927172467973,-4.403970594961511,-0.8131979069493397,2.216410407729486,0.1682906517163592,477.86599493537335,3.0532816612690006,0.024389255182738177,5.3022316283457975,0.020071518191934718,0.038679116877394774,-0.004054712468897499
0.703636206213325,0.07759047856042,0.17857886861816233,0.1414620817768073,0.6832104627151592,266.810939877055,3.261127809276811,0.003679733185007736,2.87660776844624,0.3160024673792364,0.03559964590489716,-0.01533413494288894
0.6743441335900484,0.7539008235919168,-0.007168487904752652,1.0160701128765148,0.6005294875528786,404.3233226255387,3.234558508791849,0.026836295444959978,4.848022749616352,0.09972960765860789,0.015322281516878516,0.007046523154834396
-0.8092980894060022,-0.08539334794426523,0.6699972250962223,2.252733559622667,1.0110482480809937,83.67067002184187,2.9158041386484728,0.09377712809131056,2.2945654227275614,0.45230468512253014,0.03723266324558683,0.0026586465405984195
0.36130676327269384,0.3809708464197765,0.4303052543138765,3.6339263611646833,0.7203063404417969,103.15525389954722,2.303017962659679,0.024339300118116462,5.808168443605145,0.18494502947360994,0.0034580830249046146,-0.01733118413194099
0.30348296384205653,-4.003686133530989,-0.6675660277187049,0.8757441873815295,0.14435748093694634,222.47251140495771,2.410354548114573,0.10744901750484857,3.050766095948771,0.4559821657639489,0.01924530988225469,0.004564775409628756
0.13760682030374738,-2.2193147129331052,-0.6859773450184453,2.4374265874998238,0.2205931239037235,434.34007887196844,3.233449042207919,0.14779439194784427,1.8278828947146941,0.18385526683184514,0.027714738833618642,0.0015214175960867092
0.8247787015541056,0.41094263963183997,-0.06306265985044586,1.8689034676540568,0.4646745953708393,318.5981593800306,2.4051968270073782,0.06932193484305518,1.9359774119043773,0.2861123738235467,0.04982630875735876,0.01488641037139503
0.1902996567336508,0.0656084357835166,0.38042818019367675,1.3760208598986892,0.794760034998982,117.04881575761725,3.7164766811048437,0.05157742956388189,5.948776302023015,0.4143868835787164,0.040672280324919555,-0.023222259833227926
0.4967321987440224,0.19276974686476012,0.45666529169234543,0.737063349750342,0.8389822618825772,584.1752466349542,2.1102764656653155,0.11154753436736731,2.774785794851505,0.26233690187936687,0.029339949462571634,-0.02319160314942674
0.7702395792883103,0.5820690551853795,0.22817442670586513,1.5211614174955872,0.5528459686845228,330.022901711817,1.7198521666008024,0.09170630037469855,4.146696083378118,0.24070579789561414,0.048670699857009704,0.007292991507900959
0.6105812044320358,0.568997802701353,0.29786928826606246,3.1338123709506274,0.7754285934727354,370.28998323589957,3.114378232946084,0.12085890918661546,0.6641088935633535,0.2394984531625869,0.02916839663983359,0.008325908429940567
0.1405380317676146,-0.15418446695650734,0.5415196875473771,0.4532840093602619,0.8642580292053695,501.51258692539994,1.8188136597730216,0.08860908337510454,4.2581960332884226,0.49316333625603287,0.015447659539817174,-0.008180868846226557
-0.28210793791448463,-0.20688309692931806,0.6967616317397354,1.3972612273142166,1.1615714008439069,500.1819767186046,2.8720956419990777,0.11832956773159438,2.995250149525907,0.4958882776638741,0.008530569785121431,0.0005679611411967888
0.6630612287684794,-0.27315129087848344,-0.33272706689723824,1.301356836391515,0.35823656209607047,269.53135215580596,3.4593258554715156,0.1458819562479282,0.9573693059105948,0.30557975997742115,0.017417056151538674,-0.02497685850512547
0.1250511007206605,-0.31597366657803994,0.5952346312767821,1.9197998025126997,0.9416801337742543,434.66915417460586,1.892457819387193,0.00454980626303199,5.31603930311503,0.029451083899912824,0.011702449439838536,0.010647155183846686
0.4618894708656499,0.17623378588423888,0.39915002106352215,3.013810616502671,0.8358427408942384,459.9420189437175,2.5686754303119064,0.0926456166651303,3.891745282245454,0.4386046551877194,0.020758436192271853,-0.018262064764611834
0.26618170707144284,0.05000287061590447,0.6240818805897309,1.6926569948043428,1.03366987277529,416.2000480391573,2.3464739976609206,0.02531186633040474,4.897027696017089,0.251887282824494,0.022260279218790147,0.023218458689880272
0.5671974831008226,-2.372444227363561,-0.32103939317044766,1.4415544789507848,0.2684952946417994,78.98847361731433,2.7620286587124987,0.03796396733961003,5.205169294726302,0.13179279536043326,0.03556889409266751,0.01139960962679391
0.6078185902383116,-1.573864383930529,-0.37562165357035854,0.009120535816354636,0.23688735345903814,195.44614907040184,2.039502250569074,0.0036656564324001133,5.68643626439661,0.19953567741686545,0.013642873088673043,-0.002860873014719507
-0.0919297330890636,-0.10072034487011239,0.8055466211284186,3.1722665198152096,1.091705240084369,255.0387636079007,1.6866316061012865,0.1047934633228843,1.917491885946387,0.25688955542492065,0.024564667995198228,-0.008940865135368879
-0.5068536498697407,-0.8129689536495415,0.7743428378613617,1.334154533192235,1.0527490763601977,571.3005160881143,1.3364974690821805,0.0031019565234663726,2.0105078493235724,0.35867539134530746,0.019704267614847053,-0.021337637739631463
0.3817111026265706,0.17249283249452418,0.5213272199104044,3.6126866896090104,0.7965220439364602,404.4322185006213,1.687714383554512,0.13522782576433018,1.4470446163492021,0.2142073366383983,0.018495015767336302,-0.02440840120587822
0.6555545014160443,0.6064620089859598,0.10881387760756366,0.2318214811420134,0.5382868468968888,585.0306666669679,1.861964399089352,0.1348692704313478,5.12891806555071,0.13458869453140448,0.02243763976947164,-0.021935239137705093
-0.5289684145302056,-0.06594669533795305,0.8643113263579552,1.4676006355800233,1.1259039796760228,61.47008139118617,1.955899798030104,0.11219422272900202,5.8788025069798815,0.29007296352511636,0.04547807501002479,0.01988970481017284
0.5949010336929417,-3.216870753788699,-0.35800680954495473,0.6849055016370578,0.24070026580006498,169.20622011336803,2.081551299487241,0.008273370989192518,0.7047497966646861,0.34149499736481237,0.04559520848130137,-0.02728139801361946
0.2508896693372741,-1.9372952500245915,-0.5837191302009039,2.601993331702487,0.24426879572979934,307.7566614674828,3.222380826159537,0.08633656907601542,2.365807320143849,0.07582559647885007,0.01768646412306035,-0.0014807141601509066
0.24011436157470734,0.19859913993207268,0.7389279790637817,2.7866686806364496,1.1174490293492798,152.09616684502538,2.8676465368525,0.1400148386672963,3.176218127008727,0.12567026376799903,0.016853491848633752,0.007806209973598408
0.300643147911959,-0.005301697523582449,0.661302412693164,2.127536709643271,1.1179856383323088,511.63236953279755,2.8677319391435168,0.1316497072315201,5.436415039364004,0.12017415181771905,0.028570314921203502,-0.0061236203042457134
0.4495535522144467,0.3950302620956143,0.5286755973646073,2.3196425279408484,0.8342167629858814,137.61916208524607,2.402445781168871,0.05362552710347822,2.684422580287234,0.06346082172804185,0.03236032696350362,-0.025649868001475767
0.22939046383614703,0.013930985649819094,0.6333843038358729,2.9331908995842575,0.9473087818215665,455.394838455219,1.8411060153478402,0.1431778345066912,4.838797182532804,0.3096613676532602,0.04112007474676535,-0.001932225627909536
0.6556849183029003,0.4817684149754001,0.2517680542058473,2.717179576413542,0.8164968279909228,585.2710909646679,3.422307723807526,0.04780776750592262,1.079959097914685,0.20274780464509914,0.002855272657506728,0.007294231092953935
-0.2905039555144009,-0.3405847887506621,0.7293062897864289,2.901623625729774,0.8262660265453727,435.26207886717685,1.0119734331779087,0.09349289994906919,0.8151999645472101,0.2848200692053926,0.03803916194364158,-0.022276508939778193
0.25489078821575406,0.20702126640485485,0.6417065309418769,0.19349160780133445,1.0170978493540324,203.67295216730002,2.9013191102812548,0.12104036474985014,5.591896199803344,0.08833021976788742,0.042814208876519357,0.000707520154801633
0.4086992444177273,0.2510623402041293,0.6402882699017983,0.730543706607695,0.7871708902692424,133.23609299158235,1.5894269781112074,0.1427886353464771,3.1236132231745195,0.11676229135750149,0.017372767599251947,-0.007355108508510007
0.737956574687952,0.4251129596115668,0.20942260414516078,3.329883565077038,0.5023134836462511,266.337142663696,1.618255674319471,0.09169807825995048,4.405540484210972,0.35714647251559245,0.01633782823819815,0.02461331524193709
0.40996500665891344,-1.103717972078163,-0.3290159640773425,1.7007253209913973,0.28399644440437094,124.4432915352712,3.11638249745155,0.14823937835968276,0.9990603435536394,0.4782993489291812,0.012129592284878973,0.020700395491568265
0.13627288838350327,0.11741168410747183,0.7238088212269711,3.6439380253945655,1.030949421205081,175.12914152885554,2.1069326974833866,0.08136368744443138,5.646637188978757,0.14119694984009543,0.015376609563104925,0.007606610010686905
0.5644964179110599,0.27537879027206924,0.1696506075797162,0.5961041369132687,0.6272677596379516,139.24132047854226,3.8215108282832277,0.10711208234609389,5.271135323556066,0.3791851361559098,0.03586146890737122,-0.004653272239045547
0.7517384155344774,0.49290955739173337,-0.0978980669572403,0.8642374559078214,0.5115545913145378,289.19312977426995,3.4168881995502427,0.05657491799011749,4.124406909356012,0.12048446777305294,0.03210262262580575,0.006937493410822215
0.17702617412016808,-0.24321513189614596,0.6517795559418847,2.7250109087813237,1.1499975214088,546.6223943898582,3.2398129331827823,0.08270743803774006,3.5916417914499235,0.04129274054590947,0.010139149796010936,-0.008625846073308536
-0.22418550203632304,-7.602093881314637,-0.8382512808605086,0.9666285437760598,0.13668513339729008,333.27722246015213,3.5696615837211825,0.10769700055170985,4.511508343340781,0.24171050828773727,0.03588467877942778,0.0068780340371166464
0.737422934236016,0.2764521822493867,-0.24058667221952904,3.9251399553876016,0.5157713235924432,539.5085695531502,3.444969592988612,0.027574396852096044,1.7846150191354158,0.21537374042716204,0.035418959956926156,-0.02507011827391832
0.6849154864367519,0.720389080036218,0.3080297362235106,2.944666068641344,0.7644207127879635,233.22128511316632,3.3750637778730654,0.06816391543276772,2.4069151321206146,0.08620047188374072,0.0015050548131234555,0.007080080230217788
-0.65599615225355,-0.5931292468122584,1.0181117954938632,3.0051059507715423,1.191759523584682,314.55814392454914,0.8782537836483972,0.055451386136295404,3.3990131453119012,0.2674337766423554,0.00972039952751962,0.004564950914774919
-0.13038034938876897,0.12926016751530234,0.7644515934053867,3.0914973557107035,1.056208551276583,124.22747395843776,2.2030665213011265,0.14731586584612363,2.548866932957886,0.30108152343357963,0.01607841451208028,-0.0020102701804053467
-0.4305405809586149,-0.2966113505645347,0.7913943501155452,0.15839879941414337,1.1764271429629445,459.3218355204602,2.0939882669135086,0.1363750283773155,1.7930695184280712,0.3886205817190807,0.03131234204825691,0.005575564964851061
0.6429755034002633,-0.6866858596587277,-0.40788498045303356,3.248944320935907,0.2501454613466248,486.55000210803377,1.7539870264521142,0.032142399052538295,3.7540648420627694,0.37405825201688725,0.018557929258192597,0.015365342008059599
0.22425843232725973,-0.04797036593564008,0.5439206255617651,2.0615027760821776,0.9596621446700669,576.5846710667081,2.356727086311151,0.09277892908980806,4.874297074647376,0.45761431820237214,0.039719167527187814,0.0015468804136587065
0.3261603158812705,0.18290787946200493,0.6373136945719993,0.41655034510202826,0.7981414211152775,108.19427160055157,1.6543965379777217,0.08569128534433518,3.6813791950269037,0.07306935249380947,0.038720028861281834,0.011478432118421299
0.1667190713625395,0.10162086375133128,0.4604266534728758,3.841028769937715,0.6604462600868651,73.71371611899396,1.8576512652103334,0.05813444882321951,3.2884580841356654,0.3408870612101808,0.003222748275600785,0.024103867456467306
-0.1549118138182417,-0.11496261219369108,0.6004164798751681,3.5603584284228345,1.0553832884523544,377.588155480146,2.9732259121851388,0.06809961918579836,2.4460533309204315,0.42236287509463827,0.03889340788073485,0.003982259367426431
0.5706903092223705,-0.49334622710841525,0.025044021674346127,3.3609388094739034,0.41724489496916334,67.15836736264885,2.479763267286719,0.05530309167791893,5.822259345597212,0.25829466788072325,0.022948075369187165,0.018528587791656212
0.4352204539948167,0.22396569070610972,0.3592953722988591,0.6560668052794014,0.7975908087208484,181.29511399634143,3.44363587457907,0.021321884086420377,5.130640001012248,0.3299190156171653,0.04808763361053727,0.026493365218602752
0.03806743299483184,-0.40910031066865993,0.8086099819846888,3.08531173300357,0.993116117128918,291.93673307655604,1.17616621983164,0.005666805618884557,5.348337024470574,0.060085186587709435,0.011124932520630852,0.027918603582972996
-0.39109562792894303,0.05583103146470614,0.7788083464028293,3.5787168414530153,1.1410894708278045,83.6732510890436,2.7294955521875175,0.0868522425801217,3.615699766761692,0.3257844871383568,0.026431480740187818,-0.002088190234972258
-0.09001535253204351,0.035652299272032284,0.7239609319131668,0.6485499112498219,1.1792428764016707,242.90154996068438,3.162394375873086,0.037554637693276716,2.802307734283681,0.32081412407708965,0.002930860740331259,0.028814706016248345
0.11914853110077162,0.2200052179162294,0.6797109530719443,2.8899937647572207,1.0625594986063776,70.75320734500717,3.379317302242251,0.05040534171789136,4.014169793571844,0.11118703448784295,0.0471181093957985,-0.014207331658914718
0.5480724338676204,0.42272287090262894,0.34847730657804793,2.4404681407111743,0.7634661303197617,464.4917398280322,2.361920041583477,0.12393100089335787,5.944687971432676,0.12276154799979627,0.04766596860091958,0.007478752392742591
0.46274980352804373,0.42558343756626826,-0.18026386865348681,3.480282715676531,0.3923197794454257,234.42692088012166,2.8819291942181477,0.13170589897441062,5.973889035153267,0.045990184003908294,0.03736528150240256,0.016639641730935444
0.6083805589567235,-2.188259081830909,-0.4455751733288772,1.9124323251392341,0.14020411092352955,127.76471001248701,1.4828985986648733,0.08841021376116522,5.471834471924566,0.4068932152333542,0.042594765746380235,-0.0011219740146556
0.7557161381526801,-0.015171099588487946,-0.13450978844867958,3.5960479553632316,0.4242018584004919,344.8411944822643,2.22324304615106,0.00998760110241161,1.1359105616695193,0.25184869548686506,0.04796187276071131,-0.007140311669523402
0.016799222357363752,-0.26182608239327565,0.759093328031441,0.39920261907020693,0.9384156280266517,572.3136120304126,1.2095917760617294,0.13592392613898246,2.7599672046663852,0.24219746639822015,0.03223159109511599,0.01742518485989152
0.7990864939995463,0.6450076485649385,0.1550957705214453,1.380962686791463,0.5471176900340544,371.24323254684276,1.893397114811746,0.07788782973889156,3.713506252810218,0.2162240083848154,0.023284069397312656,0.025417802861732102
-0.16420990178409633,-0.29046122510880434,0.8233002961877465,1.5653084925397263,1.1242381560406234,411.8408774577494,1.5153991590235134,0.0753201304832739,4.710468410319141,0.2961121460313849,0.03057895335430827,-0.009453851564999107
-0.13660470321779306,-0.30465202392855484,0.8675978025052474,1.0593264358824102,1.0018809582466122,304.2857485652757,1.0481018644656193,0.06481565537085203,1.9271412377699662,0.20808364779870148,0.0401022897195402,-0.007280556551014538
-0.01992872498225573,-0.5787978613522364,0.6599855956847493,1.1774513465194918,1.0455677531663727,422.1342788032756,2.4160922519607126,0.1258572900396349,1.2515820721563184,0.016765353102630227,0.014143161599187652,0.015262799542334664
-0.8384598337759213,-0.5943812421037176,0.902255495345464,0.3933340988155325,0.9544248005278565,305.09819868646025,0.876915841939741,0.07886178353838813,1.9827339830657351,0.3854466813366569,0.048971145015725207,-0.016745778988624532
0.22979009301737197,-0.08222956757623479,0.277767414419708,3.767025775226405,0.7519065509644328,187.7329494724121,3.782172698043402,0.041654868980999765,1.6493952381999415,0.40862507895818967,0.03307521381181559,0.02801423611318398
0.3410370644285411,0.14775202790416642,0.32785377840210567,1.1865498424333616,0.745029631631333,415.02690248601664,2.514061090056464,0.14154026353106547,1.8138827404336921,0.026652219148389177,0.04505819541995662,-0.02020145432055874
-0.23131695932206453,-6.802471073104937,-0.8437130429526567,2.5974790030021113,0.108821146653802,541.6585099956563,2.4608918779630358,0.1295779935872238,1.7658988884419888,0.496768524676953,0.04588947693076656,0.007349536512445007
-0.18779066634508235,-8.222716324344997,-0.8052031629311164,3.9622585501276,0.12991672141871424,205.86583317361212,3.5745815102624263,0.09278050922622288,1.6854015716093245,0.07792440325561922,0.044012052145797904,-0.00040721011238161516
0.7333226029682114,0.08806871246611747,-0.29839845562689704,3.448664397125617,0.29218608938325297,355.3552658741334,1.9658501719868842,0.12230790135106255,5.555325683919729,0.46458393076967147,0.018135330742457902,0.02656935100884216
0.19856701963342005,0.09376043230876185,0.6704879734355168,1.7351374186375073,0.7641898320201662,147.85087856817694,1.2382503137935856,0.03530117093164134,4.473623369312226,0.24493168548388822,0.017621225086426783,0.01173252963645474
0.6823255710835991,0.23650296320665432,-0.1747486678261258,3.862372169648461,0.37517257827019596,394.89672362494196,2.0184187056622735,0.10057064496194244,1.1404611272017693,0.31711064978027426,0.0488435070407356,0.011720873723210602
-0.36885592167478576,-0.04999933767704623,0.5626239378733082,1.411008776981673,0.927486706843714,162.47391227024087,2.84107534995858,0.06666009484220628,1.5847042927956765,0.4606063664637894,0.010350514674746009,-0.0017022256114856925
0.41900086048419083,0.2068365014661393,0.6200755358035874,2.045876211020502,1.1229194860436698,402.9595934516548,3.4531653728578164,0.011537980621402908,3.2539576871617375,0.0880834437412369,0.010104407746536906,-0.010782438934166272
0.780851752171691,0.6552443692659524,0.014429418443081984,1.9918993618213978,0.4085434377184247,359.8466562920315,1.5720168809417776,0.03210363863458671,5.233173074183784,0.18949361390945052,0.03973372524274169,0.009079131640966586
-0.10330940488750673,-0.724778523190384,0.7975194617089187,1.2119235108392332,0.9522494583526909,311.9330348547764,1.1810917405985184,0.06043005536156481,3.0412701954981674,0.02232388980622628,0.021410266829128857,0.02783446342762145
0.41379451986933846,0.5551776753509767,0.06951354500939151,3.4874979229195033,0.6000505045843059,351.1865005016095,2.769446083755076,0.009907171275774524,5.845851009859539,0.03370704251911123,0.005467047567892566,0.00963455702637441
-0.160465420347214,-6.028905391103072,-0.8251023196357475,1.2765082234080345,0.21668900784518821,546.6198915709515,3.927688150973667,0.05600888991005802,5.183665308978966,0.4811290035947476,0.0022203287163602347,-0.01664370735999882
0.4769075113876967,0.6025289507610769,0.014791217799689423,1.8591149125457656,0.5753241607579943,547.5487088623755,2.4547982180214754,0.03573392252286606,4.641815933060613,0.049657303782839696,0.006086214331790139,0.019265482062898322
0.08869977826388042,-0.2187193072714262,0.49303409185558905,2.2621962425623496,0.835186115738551,98.09154254126857,2.8105866147773906,0.005830578157974362,5.136892778193105,0.34832990466395075,0.022491103503121203,0.02829190610272553
0.27513616114258244,0.04866823990215585,0.6733251099567011,0.99910104746554,1.1625868041775762,413.5572299052938,3.1935105627738074,0.024189431137372087,5.193918618332127,0.0908121030392033,0.00860726137579803,0.013256220646825509
0.7677414997486319,0.12735836951561397,0.07757161661632717,0.5185473812584669,0.5933742829297712,185.1683442413739,3.723433743457465,0.04521524400916945,3.390665096527915,0.2397863034603434,0.04327556688950028,-0.026038591061414894
0.34339416637257103,0.08993850301835904,0.5971918406780805,3.8758668943137837,0.94396708666088,426.3280140754605,1.9647738492236162,0.07892415666655968,3.3416835524668884,0.24730880826000187,0.026822765238273334,0.017681096400109845
0.0328560905751093,-2.2535128428281226,-0.7258402082698414,2.5587884119469413,0.2453583741329692,582.9168440901674,3.4742139559249465,0.14526972731422064,5.169642394092797,0.3698605420677288,0.022215877349653107,-0.009407979252790572
0.4710579922143381,-1.076845885965652,-0.5452801949617211,0.3027971132071485,0.25677343971224087,425.7511406286768,2.6298303921608532,0.11224640517553096,2.6674164984759314,0.2969157764593042,0.04145984184926261,0.01647607358388323
0.22466753180720178,0.10581414094967645,0.5051165792852275,2.056149552240898,0.9686424692003537,299.9671256640436,3.3942058874176744,0.049536427425553066,4.633450412523311,0.48930449337673915,0.04071462462736062,0.01363340523332426
0.2064610495537632,-0.3308951107893625,0.7293292413921109,3.0122810760937897,0.7741318200787795,314.44062560291957,1.0043944742897328,0.14951088917142538,0.5834274798181103,0.053463756716504274,0.002163036609928935,0.025444051707943716
-0.805855704524379,-0.44795288915873566,1.0392659301401683,3.7853348451367723,1.1648192200802647,101.71951958798438,0.9650419096186618,0.0807052312508205,5.555588116775923,0.3153088242023774,0.022564042530936898,-0.027786384891038924
0.543643135740365,0.3887605463199273,0.26311985836778257,0.6846237316325339,0.8269384133384534,570.6279057195277,3.7791889710099,0.12431292692380144,2.311168441765022,0.3746561745264971,0.0455956782846486,-0.012818417220778
-0.0002810872003160547,0.2388980985909236,0.7163078723730536,3.7933334264656993,1.097549755203988,129.70528286410675,2.9588539704538013,0.11047982560762488,4.522173975645485,0.2412256175148618,0.024299848659334357,-0.029230153097895825
0.663435490314561,0.4502167710253442,0.3458227768161535,2.9283713501236033,0.8286973257508837,542.2496946601598,2.635959728649838,0.012330590331821182,2.814494321572009,0.13996499361197004,0.004907884964474051,0.011662090531930859
0.49988561652612007,0.2745264065973778,0.3241265376471259,0.316724951950464,0.6028034695698846,485.9715779425188,1.4661214475047677,0.07026678136433419,3.8393017770684406,0.06265283904963304,0.00484442604522888,0.021738563864713338
0.24229637026768303,0.2550845591921622,0.7071030967530559,1.321944239808587,1.1336957223715411,214.58115078558387,3.268197041021677,0.1366698620705093,1.5292723193509623,0.18756063921298383,0.0035456623959543633,-0.009929994212821496
0.17221087234247578,0.1758937100797212,0.6232801944939401,3.564420042082737,0.9297083638874885,244.26751101332712,2.1386863122564512,0.14067009206818526,5.3438617900553265,0.40926683771375155,0.0144370595058027,0.017797973316710448
0.10513618300589334,0.07069551530940987,0.6171807925184555,0.05842811155533889,1.0983028519179803,502.6112298340464,3.3600613880382966,0.14300483943689543,2.833137757536422,0.4104192986108162,0.03643240318750879,-0.028871956447899923
0.7874956652645231,0.6248369669526614,0.16999408722081355,3.5655983287517263,0.6744061555408689,488.3086867353042,2.6179771772758658,0.08517730042694863,3.443097257612021,0.20985895479937794,0.005818327033282866,0.007530914175945107
0.47650182345248615,0.1621346900236218,0.07724543363253841,1.7853491216872022,0.6017325667621254,271.3055190935877,3.212569972213,0.06345432658706122,1.1215864796598871,0.3622828956347444,0.008645571773732258,0.010699277184099108
0.6137175171547373,-0.062058346124088004,-0.320273016292244,3.6730591327899966,0.22033218452493397,571.5376936483541,1.3015009998285472,0.00816984350719379,1.3639880642298605,0.23310394949947025,0.04422582343839413,-0.012863536105203351
0.8294398500985148,0.7401099270196749,0.12917770600129858,1.1369361526421478,0.6879306990108786,406.7996962498763,3.3431816989240555,0.06851056483407181,2.5634860279209617,0.1968319027387258,0.03519465115845619,-0.016575696431344693
0.584845795100835,-0.8186918603464948,0.04106526929290414,0.6261408451938313,0.421522012258301,92.2918751093211,2.241354215616817,0.026699232110309605,5.815060333325476,0.467744843215938,0.01330584520222638,0.028822242947695125
0.15272435642894,-0.06689839166719858,0.7131349929112197,0.1617491569189946,0.8706963974022948,339.22506444957116,1.2711076697342663,0.11596673348149308,1.8434748295379468,0.22711140912084463,0.03417264964991311,0.023740736523513828
0.4041166875232779,0.42568275659020016,0.381684417604595,3.8435479928937877,0.7004913290211493,87.45830616832275,2.570161487971525,0.005332908861777985,5.827886262941216,0.09025484571447144,0.026690088100464516,0.014029000747671837
-0.33277768088604276,-1.004384287931206,0.9208626249031248,1.3021697542578572,1.0155458252807776,327.2771280120275,0.8819371664705585,0.013928224649586145,5.157280691581646,0.021298607056085724,0.030533560409844996,-0.010323859451361201
0.5640146668996255,-2.062847816265291,-0.48907977223845905,1.7728359607486808,0.37783917337447354,441.38943071253584,3.712112157328561,0.02022945142453428,4.401273195043575,0.29656094722804066,0.045109323014443585,0.011973266471735118
0.41774848329936676,0.59418143320192,-0.035540200706994964,0.9561740203846973,0.4393597504612586,169.4441582071949,2.7547107028396898,0.09702540428655661,3.549826879325081,0.022050058384968443,0.045919917864058066,0.014822237546924383
0.5449417236601963,0.6018870272439382,0.11499351182025204,1.443947440990169,0.5166647281226795,383.88714740019907,1.9042542875094672,0.1160215719668043,2.505839532726389,0.0458722550796883,0.04572030126182896,0.008718640016379193
0.20127572477551936,0.19673987944557247,-0.33229011031662675,1.601737464858875,0.31256557681836267,141.97199533302054,3.7276878382036984,0.10700742632669707,5.566366789879976,0.015341127380011737,0.019015611464352208,-0.014655545665399363
0.8152631776264472,0.2864769995444191,0.0024371577394082457,1.647012182463222,0.3998949167690493,131.12078709844513,2.089185450374415,0.032189507332546656,2.3035530895811442,0.15862309767710112,0.02727805189634719,-0.018495044367264336
0.31920989614806783,-0.01730413102089856,0.6779355017606598,2.6390199510376755,0.901860039621232,366.7994732653683,1.4734883511035317,0.1248339371175255,4.403359090279274,0.1366837169446723,0.04620130141983106,-0.007057000112932239
0.8314188445727018,0.505928639802245,-0.011324685897960261,1.1605096343338874,0.3541458697408284,302.6030224141981,1.4649526898132685,0.05251818401982856,2.015973175361644,0.24659242832826084,0.020457223430853176,-0.010407847789154911
0.4273797187221109,0.10561020948200495,0.6185726413579271,0.9405364802401714,0.8990102005287386,288.7463640855929,1.853529037712194,0.09063094098403907,1.7658036187099093,0.07724517518678937,0.015182687670773696,0.025903614217820788
0.6015354948575531,0.5868345832149353,0.31405073466209754,0.9245589643922014,0.6930747573899347,102.08936773877969,3.4217569330709807,0.12260933323141747,0.9360680942090296,0.11829504328607045,0.028411681995727824,-0.01654712314113681
-0.35521257375454063,-0.3444508872215266,0.886816673101899,0.7829672371844381,1.0510688779545694,277.98437648616755,1.1351183044894515,0.08494438146431742,4.574690314565165,0.3390968501397374,0.046029205915766286,0.0018134332557668896
0.16819359366623687,-0.10432070040018737,0.593985582873566,1.3340327081220371,0.9266512922823109,299.0055782560515,1.9869170542230332,0.0032394514224582827,2.315662868119241,0.2919591352796993,0.03973274776555042,-0.019752611691611386
0.6417170235034417,-0.4692042950439306,-0.43193818822380325,0.8309020181996849,0.264699944920994,331.2441206047979,2.3955344626440502,0.13134819665647451,2.8446108478085437,0.4693403495485732,0.0032440479014709026,-0.0043103988854467975
0.8427853877585213,0.7462443109453611,-0.02567318303820016,0.4468465301950273,0.5981583145136365,448.9277530811846,3.517191005386304,0.14168138736360286,3.493934132802074,0.27137780841395936,0.018942072765089912,0.0011346209533185459
0.4613778196979189,0.5846529513288686,0.10067643804037166,2.655976256856929,0.5675174096574112,262.61728699550815,2.8359604297149605,0.13846090591293134,2.6008114650650525,0.02894093483297976,0.03506506053121903,-0.021764654441308207
0.11711858374133932,-0.3349663215417449,0.5880752033310549,3.9695331779295633,1.109499200456896,422.9270456055308,3.6307416675823845,0.0062159079754597266,4.455355465372245,0.40598090297138034,0.028239026313483104,0.006621134659666774
0.49964494137318294,0.35081379211359653,0.5517363779726405,3.2195327831726503,1.0393173216585558,427.15846091076907,3.540839672232415,0.12921674359726348,1.8528408975641943,0.19346841919480565,0.03845424788699611,0.0160717343550543
0.5308363562764382,0.7053739025605494,-0.19744168956652278,2.1219756832169625,0.32099253337018335,335.54508824050737,1.7564656560419731,0.023382825837995364,5.035084871239977,0.06018190563143436,0.033410973471821155,-0.023886126117263692
-0.0017171912379581045,-2.6836473968235413,-0.7334890756868687,0.34095374206352824,0.14491862768763192,564.4058763089256,2.131152231513594,0.10782388322851448,3.8850943330396714,0.16628008107476344,0.028629908710266515,0.01994254264467878
0.15986923699794198,-1.345049659246365,-0.6130995679403852,2.7363010239701993,0.25392495168423557,440.1086867542952,2.9910117733336152,0.09999947536625889,4.552188492030242,0.09761786028011035,0.017435689412201315,0.027193908702970653
-0.644798059929707,-0.5393099692424259,0.552794172711383,3.422484120977051,0.8454190812837489,151.5697111876668,2.1416598425914812,0.02124591995756631,0.5694981541154764,0.42001441051972493,0.008047252249786398,0.0066218531170852786
0.23295423983779906,0.3859604270916618,0.37191421170893413,1.2469362003736757,0.7726729997397005,166.06298257544242,3.347045473200879,0.1288411621037076,2.600931403637509,0.465894434839877,0.03191152142963163,-0.018939059545152494
0.1708726933013034,-0.7278256316270306,0.11867363690727291,1.2449227900547486,0.2284209343107324,192.99794525657978,0.8376405327032906,0.055896303970916265,0.9874449418324058,0.46778311980992676,0.01951582776142909,0.011435215543411365
-0.573795414731044,-0.9140196396497946,0.7590717691588996,3.825622963266594,0.7680405469489509,264.94856021340286,0.853963643808914,0.006612978610097844,2.0423612950589796,0.4019557196829602,0.020509758376193968,0.00530336037637122
0.6881886025855254,0.7402021433061007,0.11816376344727156,2.876172313319632,0.3342120256841591,183.10540238966217,1.2139898978592294,0.06106669138339161,2.0526796622155277,0.061541524030186125,0.04662556379247868,-0.00037578698367230157
0.43531248424797675,0.3120688971110509,0.44974125444210533,3.268737984147878,0.986827405086442,515.8285161228401,3.7924862712724874,0.05351561429662757,1.3981701008223375,0.22793222520075596,0.00547337399958328,-0.001280526966205171
0.3980339439704218,-1.0171935316751877,-0.47715956107061974,0.6266703920074015,0.30122225524098745,271.69407831733173,3.779298537342782,0.12076577292991036,2.2339110528860657,0.07432996043279785,0.017321974281031546,-0.02099886794279983
0.6613684775824905,-1.3265214886136696,-0.2845243288318136,1.9527999702589636,0.3786908822160578,201.02294797481593,3.764442077826064,0.0543520122730244,4.329528555054173,0.12255236373692092,0.04637842500631453,0.01294091353819611
-0.03451953563392629,0.2166201983805608,0.7231963752554265,3.456960057661927,1.1418292278068936,76.99115094285284,3.6757353611380847,0.07546832457559252,2.834443434455346,0.17612132618275259,0.016159087462636484,-0.02345561956232707
0.6658463858981234,0.5159461013224558,0.32419206434478826,0.08546878562606697,0.8743084373675332,580.4009299073964,3.433971528800956,0.008551498764118887,1.3221952253619478,0.13039708638610462,0.03736378827911017,-0.006184360105092117
-0.11284591031002611,-5.2589067881470095,-0.7931952308017792,0.20411955265677717,0.13301666242184473,439.0077707254953,2.638177165062628,0.14032923189581417,1.1411306491711821,0.49987437304486043,0.031232041363304205,0.01492643010190067
0.6914721055621045,-5.6203815805646204,-0.24101789264533277,1.8201925254459344,0.34763066985313523,123.58009406944386,3.1638347130617994,0.0022731815331133373,5.337504849551381,0.44954488787525654,0.030757665457518978,-0.019459875619037118
0.35780818873296993,-0.24625416554322843,0.28754676630824244,3.4585414631391846,0.6915920998255242,74.87826113868327,3.805710975861954,0.04781758570328973,4.210372548970618,0.27351963048297984,0.02925306265150805,-0.011932589938835147
0.694517110110559,0.1208450876581667,0.05675656808076592,0.2592802063309403,0.4818571624553834,75.68167702041691,3.1023795712625715,0.048951055201024704,1.3719186030410486,0.09162664512945318,0.021086792399511275,0.02286564263428368
0.6514080392642096,-0.25597267685924807,-0.3875385304926174,2.4029391292137285,0.42469926282529813,464.99699868711923,3.723839808303647,0.09452832697487176,4.805755952905154,0.4087558859335835,0.02502760150077891,0.027556212811713245
0.733499430026483,0.48548868146330326,-0.2500542756369035,1.060373901151142,0.4731912629755838,551.3307313739679,3.1261818861689967,0.12449209192599284,2.5494834318193518,0.3122385496393853,0.04267063710631979,0.004054230111615309
0.23012099165380828,0.13525241483151684,0.5011332983891607,1.5979382233489439,0.9887616556004524,538.5200575019078,3.154791598878258,0.08753439405627225,0.6895601747713596,0.28141924913466515,0.04057673732022283,-0.0025617660856690995
0.36137524077981276,0.43046068624702727,0.5775446454715477,1.8323544570023844,0.9121638342723123,156.0091328162022,2.6827725228686554,0.11696910932321013,1.9295539332205305,0.20398944263299368,0.011732053520582068,-0.02822673114004472
0.0632100696267135,-0.17903629357988216,0.7014955445455267,2.694501277517058,0.953216127239207,281.5984773628411,1.5151878430638748,0.008473365687730935,5.28264509236186,0.3002805602541408,0.011156274549376188,-0.0020163828118462132
0.579583915341391,-1.0641337238162714,-0.46011770965688004,1.4770465923812837,0.24620208203939423,286.0534796884738,2.4108636413901494,0.08739506151894866,0.523717252147127,0.20216245668348828,0.03582798871980082,0.014875252373936715
0.7922404046082369,0.5839549586914025,-0.13115213650254193,3.1614319681780634,0.17398282698905534,353.5737915008629,0.9255589694613605,0.07545866418312457,3.1164166688562265,0.19128071430270122,0.040446142215919766,0.01618000875867445
0.6911430311846531,0.5771917804821873,-0.19918388678255117,2.537407084766587,0.229124583279185,558.2691869889943,1.1652321658513969,0.09845732152092079,4.842326815379864,0.22244896511294465,0.009677432124275721,-0.015475164195274784
-0.025832607722352297,-0.2450307207970135,0.8935508444585902,1.247197484101914,1.0898996098204365,93.86934335219671,1.52927557453852,0.11338543532391798,3.646409989714712,0.07778792681602341,0.04737981296675592,-0.010719244398617095
0.6869542919641672,0.6767203990495629,-0.12300128187684395,3.4323984260093945,0.4533313371653463,317.4989421356008,2.6261030987560847,0.053053383136156235,4.088898350318008,0.09127129336779535,0.034273361140332324,-0.02562847906530628
0.4161404651213404,-0.0010549905097076984,0.3691354778979064,3.7900563587379024,0.8010899400657122,577.2974227285456,2.2977828833744662,0.08297983894792843,3.7923041311433985,0.4908263307446573,0.039515876614156904,-0.025099622494543606
-0.9274613125314468,-0.5301924952321577,0.8137972489965677,2.374364230991639,0.9757302414285587,404.88320726808445,1.1519271959131019,0.1335888819519797,1.3915747434693526,0.3906426925955388,0.03675031067418369,0.007698387125436492
-0.16478207180856486,-0.10086901936042003,0.7742545321749267,1.7733986429632749,1.147690734827143,221.69801040963216,2.1680076774453236,0.003917315405810842,0.6928929202118229,0.2262544292240813,0.02740431771165204,-0.028408206894678885
0.682538118626047,-1.549650646346449,-0.3975922007017879,0.3381924143884447,0.22249403087789954,177.20356057944807,2.135752207226092,0.08516601371493353,2.2961676480964357,0.2939045308867881,0.04653455418829474,-0.02361840324117883
0.25153634258072977,0.1555418309013713,0.6556228385762994,1.3170023512134263,0.8235787767961052,63.01500861805146,1.8308753754753473,0.11014984839754699,3.5640144649320895,0.0675395236769434,0.04423970037483162,0.007284982402446349
0.18332398687368867,-1.6624864481540413,-0.6616561556785606,0.17963527007527658,0.25747726309945973,538.1944806628703,3.211025068577745,0.14497032229443962,5.555506053740096,0.41999122980320713,0.03337671846351866,0.01871280817381501
0.48221602477782033,0.28758279639842277,0.5071403411061195,1.1735974988170739,0.7986233926281069,299.042319936011,1.9133654929237065,0.10257730450519313,5.094337160956885,0.10442623591472872,0.0027326841188436346,0.021990181237689237
-0.2261302359507551,-0.04413054165043895,0.8112038544797167,0.9307679147318391,1.0730550032851482,170.7888340811442,1.7753634692818936,0.10352208581251582,2.8167038982356956,0.32281049638719933,0.03830740564879362,0.0014213760688330378
0.7032984920035031,0.6019252149244423,0.01663971595887914,3.9036810367996937,0.2115885326412337,228.07126819352015,0.8920736357488495,0.02266607338874152,5.741160494647363,0.15644308171236565,0.016476453844510432,-0.026581741888697732
0.6042227547614749,0.026424695359454575,0.037756614365485136,3.638201395119984,0.4643495728523811,64.83730152203721,3.362594528658173,0.13485843094450087,3.9366087330460116,0.3131722674804339,0.010943885457407742,-0.01001663638388946
0.5834167117177289,-1.140397260800933,-0.36796106390823496,0.6928218432974051,0.2499681454286714,123.65089203321854,2.7164843050289766,0.13069410117481142,4.153551102948057,0.12640972061395236,0.036440993312248544,0.016840672542877664
0.13326192020913952,-3.0437586159933367,-0.7043611765667579,3.910444802838114,0.23559461350828848,473.18349128855345,3.4433385142826727,0.12722527781988086,2.234202172510955,0.4639172458053264,0.043730014913010956,-0.025019354374499966
0.7906794034318624,0.27679876665537395,0.03881888435036028,1.2486474364799482,0.40160359427738884,213.16355548451406,1.7119238367782987,0.04017407056759493,1.6595410785953804,0.2872463519643302,0.030773775078988617,0.011225429319036523
0.04204537757960525,-0.21518946874253508,0.6650199663563607,1.5928915657848854,0.8788110849847985,500.31902221992823,1.330568329077471,0.09138921341533333,4.831993111352089,0.3718379534042611,0.008387392924895815,-0.00486112731410014
0.05443900912316024,0.2575802505218061,0.49308429707301915,1.1703106474575549,0.700515497025947,60.63195856462619,2.109647541152031,0.13025675202416057,3.3623014537943052,0.3595000384004721,0.008355954028658059,-0.02458983079840095
0.23758643962380166,-6.908427804642423,-0.7055227687643891,1.99737924094359,0.18830098162880973,266.7089568386031,3.376974610645492,0.03840698975027838,3.927934546837591,0.37596913986503033,0.015157820205321347,0.007555972089009861
0.696914225957405,0.7497453485927061,0.13697805426437337,2.908810089706101,0.6930462818393841,340.6813043615212,3.7252857079934047,0.09040011394253343,5.701876425113942,0.17099320306885227,0.019935402104504073,0.00453026068981718
0.6089129851864465,0.16254976417350242,-0.38892708566669715,0.4820973463465128,0.28523420250589787,574.0257251095189,1.9223733778899441,0.1098981514357776,4.261020414307782,0.3103704303018088,0.04376000293556914,-0.008015994091581867
-0.003971967567506507,-0.03326549202465379,0.6490693781203952,1.890073620484066,1.1829838880193881,541.1635821825298,3.759643311510004,0.07561273414539035,1.7436063537723396,0.3394821671409585,0.02861784004320183,-0.022566353929944903
-0.7315997344389145,-0.19722256567989005,0.6699072980002425,1.8126076185829127,1.0612860519908103,332.9474171664378,2.571270139645012,0.14800094446369286,1.2255266231699313,0.4518307106978522,0.004326874957789277,-0.0022637014392330543
0.6101604477575315,0.6713359981112644,0.3600010484588619,3.2921284231826804,0.8354897737546676,271.03697657884464,3.7948533125238733,0.13260506215549236,1.1648101451766197,0.19293253718488362,0.036690433839976104,0.0007771366341413421
-0.9335185165219055,-0.5027872105004512,0.9392333228828603,1.557201846582057,0.8864097595212694,137.1491936045209,0.8059268483178403,0.10383270510239086,2.5334330008400006,0.4409463273378459,0.011362438513910838,-0.002206476515615536
0.1314825097556499,-0.20999874122304596,0.3994029123261241,0.8649285734351162,0.5008042793850398,438.80238950952446,0.9844692421862846,0.05913996679324213,0.6066315675809802,0.3439397239522873,0.012130286971775938,0.0040111004716462005
-0.1424669901666391,0.2945371634937338,0.5533098669161772,0.8596015456402131,0.8510199197865718,118.11869579422826,2.6104874314273028,0.1479530407505764,1.0297931156196398,0.31717171571179453,0.027364669179282517,0.003893676979058809
0.6028019389763855,-0.5998049243609942,0.06379936009943388,3.327533206643788,0.4023657804819278,83.79102469912864,1.9486008186611294,0.01724626762669069,5.91961463955895,0.3188601197783418,0.02445634375586912,0.02194413574631591
0.5770911253820061,-0.08042760211235112,0.047763770277446896,0.2509165781492819,0.3433705805254787,229.09888733473133,1.3414282546855956,0.026732138007937115,0.6800159957548526,0.3343898210884154,0.019371352993249845,-0.008967152208589917
0.3831442426883078,-2.4326923211171545,-0.5750640764423408,3.8109966310131433,0.3538333447990114,548.8972291383163,3.6008369099015627,0.031241933030870084,1.6550147347336481,0.3858362363894129,0.02709073894859215,0.01159371804330421
-1.1300944619359519,-1.1083896960868644,0.9358554806465981,2.2027447981743866,1.1084364643050275,141.26143467878663,1.1362255288206566,0.003199862483423115,3.0251546764905157,0.46824320587008617,0.04462809965422741,0.02098185159805826
0.615788145312617,0.45094419535171937,0.3261556538139387,2.7074061388276682,0.678763493414951,272.2228085569038,2.0585077263222664,0.021518787730523993,0.5948936414197827,0.20522678515142384,0.026672287146615622,-0.024280841826435383
0.6761748572747319,0.5439049318467177,0.14463571059822367,1.252441394755376,0.5204924390747547,140.03014902125452,2.340087747638291,0.016067018786585972,4.541428307053097,0.12288966209190327,0.004178145470158088,0.002788740334805466
0.48502630665122337,0.1687349210657727,0.4748663344453954,1.6499744737955204,0.7680069152646956,507.26260448177385,1.6740306776544243,0.12448926582253725,3.796016973104047,0.2612702253094742,0.004222846506022954,0.025260959021813363
-0.022544646864961715,-0.0787839639187542,0.8035177529458116,3.862677947643334,0.8678134055670713,85.31947130147189,1.17965193474911,0.060093271545294584,5.560816864706179,0.11823537781800456,0.018382313131211202,-0.005495410747233227
0.2008848602775528,0.08182087528317061,0.7335242084196261,1.1341508759241723,1.1089447492253954,251.08467581629242,2.3117811031686752,0.037335661857764976,4.607968112057992,0.1361519501546852,0.04616146934924608,0.0005729187166392746
-0.3190207427098857,-4.921326758867294,-0.8378653321193112,0.8085929599283186,0.16451627247526132,572.7419889918889,3.369489992095299,0.1433759021934873,2.9398759863087047,0.10734817965326979,0.03403719116522108,-0.001742298051751181
-0.1379322521519213,-5.418628700925405,-0.7464152654513486,1.8508862284604128,0.17460830411330924,234.64258101279302,3.8939330473863163,0.047868338153086026,4.909695447557337,0.04826952158000129,0.004710744311481836,0.02690307447515862
0.8127807180306044,0.17258826608532873,-0.1380822378791518,1.4219968642135101,0.5251375628248394,338.56467779248084,3.591509026345943,0.02097965263727906,3.975880915546542,0.1940277036620965,0.024465357220121376,-0.012968652089852099
0.3725761707298628,0.33148630086651165,0.6503976928969746,0.8441625140843589,1.107858926880083,220.07801877373348,3.5846933360966258,0.046022956901634715,3.2602428990714287,0.10485336005120181,0.01944071668657484,0.011646073654697211
0.7410877840869183,-0.5686677937249969,-0.22317927593207254,2.7558826207738365,0.3770941544144785,155.5701642496523,3.782737896132672,0.13890523491877077,2.8342915482252167,0.40467179642298357,0.02183771509304764,0.019110321584801596
-0.03324081007940949,0.2232702411791735,0.5197225364535472,3.893234433687774,0.8854349764903185,115.64210678877971,3.17873417813642,0.0958796849997722,2.8790402438171525,0.398914943979668,0.04024918594673637,-0.021396527083022955
-0.6333218824922269,-0.7904546323282302,0.5860806492460506,1.1527415534725418,0.8621281306533071,559.3352829689944,1.4891029635834834,0.03414207760941996,0.727334156555512,0.4394067374277878,0.02453916700589722,0.016074836216443716
0.3100918630664339,0.2843820497034967,0.5433509399702446,1.5468397184848888,0.8544829305024,53.21770317218948,2.877804876415608,0.01187423259402865,0.9067035058224573,0.10961730715674026,0.014282012630709369,-0.0041423239069121156
0.6768412359955919,-0.2746813521558533,-0.25829715043019474,3.739491130298041,0.18968535684211885,565.4133849885081,1.1068526622453696,0.11094122516134736,3.216219977462091,0.47752898184876247,0.040205236127568406,0.02041373111033215
0.2870528502231101,0.16078980051552139,0.2872758299195966,3.6948100569036475,0.7560277930825461,288.19321167475755,3.3709750132614227,0.10211612923371943,1.7920415934723177,0.017141602666673243,0.010007732163662159,0.01981956515421756
-0.49854567132346417,-0.5523009266275967,1.0585767213634696,1.4717662545492396,1.1564134907549006,149.07082912400926,0.8577323273578141,0.07720381357245414,5.777402280029224,0.15471881632962473,0.021275757670910077,0.014596996656751033
0.6175612767079108,0.3980211894997959,0.24565718089661154,0.5243215211326269,0.6775497156610399,496.0738377742263,2.2857144102848066,0.14086839937593046,1.9172191541556076,0.32725281324665056,0.0216252025294365,-0.029260876848502468
0.6069609621409485,0.5118172191357566,0.43773333563726496,2.0241963922405257,0.9215389364613253,361.4563019769599,3.5012839268792577,0.07687928030912874,0.9609179238405414,0.08773541760481349,0.031676806147698564,0.009948828085565463
-0.24553434092721993,-0.28872329986787326,0.9584181812043888,2.0016072347403115,1.1196504540168366,149.63039914756231,1.1917846690101825,0.13057862284120822,5.283157146818931,0.1798567007877022,0.04405236976503345,-0.0006354865876769478
-1.0517964084646967,-0.560914213002401,0.8156861441908914,1.094924541385272,1.1640522326365128,578.4413646112462,1.739802988819237,0.14488473438105048,1.175334276776229,0.42299194285484626,0.04993532457356132,-0.014191508526287788
0.749500938234812,-0.6116834658592862,-0.2938734321348045,0.1808397130574817,0.24408566828823872,135.3349419426417,2.0246817247137585,0.0920308563488323,2.0294341040633204,0.20367312784860855,0.030193357500415248,-0.000605559696582314
0.5079004337585635,0.18768936655934165,0.46189896939134883,2.8648843087532057,0.7747409603262689,570.5811322259286,1.6801402117165734,0.09707667281410463,1.4449070590477258,0.13826512183472237,0.0337356333947742,-0.012801046933998243
0.829345745324118,0.1512557858297433,-0.0471788402472211,1.3680615806882268,0.4067120578451179,293.9514956069187,1.8541839429156106,0.012253786447973857,4.617596824151059,0.3186650458649451,0.016959710480983065,0.010695902663512283
0.6810926687081573,-0.842041966561023,-0.2731719475540851,0.13052799353818045,0.3221483681575068,247.1642967649232,2.3319645864645273,0.042361693814994474,1.2125401323893927,0.31200389576250137,0.03516990391018914,-0.022924127277031154
0.23733920118909368,-0.1818764162405575,0.5309913607369157,2.0773384068609597,0.6982746474282607,321.8579453525531,1.253369193907618,0.029667254588439673,5.9988212921199935,0.44189012632383545,0.03231585047369862,0.010769867662663118
0.4350661168339506,0.2856870649289739,0.49294055895043004,3.971460263065458,0.9146559686333653,413.9379606939072,2.6644879237933856,0.12123943409976921,2.346388837133954,0.2758238369408132,0.02874812008456054,0.01104819613761719
0.40873228046733845,0.22979766640989097,0.036498434353741,3.713614351538729,0.6254621418487181,555.922282744578,3.0348240709158794,0.1439147500347921,1.3610178864536338,0.44760036419161486,0.03041171623151023,0.015495877258220804
0.14197369592784714,0.0026418732030637493,0.7510947091627732,2.7743709959041714,1.0983108636125598,68.48742480654838,2.800304503210312,0.060099240401013054,2.6253887514479235,0.049442295551465974,0.0025307525185705977,0.01761598171209077
0.8250072075416863,0.27428139162267695,-0.0937482865312471,3.392596603539976,0.25278102545588366,249.69489166176626,1.2565937558642688,0.09963230240609287,3.123947210285589,0.34838780499321664,0.00384383349949569,-0.029526347060922845
0.6820231047258591,0.3618571484045159,0.31432065011990734,1.5859764087693886,0.4817535704567105,223.28529912367108,1.2433724857518236,0.03170787468758787,3.1806485027388014,0.25806672180357904,0.04257016877865721,-0.0072522369427096
0.1269348348372059,-0.07173813529137885,0.3084776474616322,0.7434459972995531,0.4781832238760946,184.32912648612518,1.3253789369414655,0.06639310348254879,0.9066202081189234,0.39337730414914135,0.008524408849814976,0.007558791832841096
0.681543742595319,0.5831141181980595,0.11395116928005039,3.7890302794934403,0.520300270021149,77.72263558697024,3.3797371615040674,0.1459464087039715,2.658886099524711,0.10442156602797668,0.0023331907288926756,0.014363085038339506
-0.2458670788029773,-0.4141342427581107,0.8866052192199135,3.3448298656369704,0.9285228183714248,401.96700688268055,0.8414793928819471,0.12331840336168022,2.684964911329936,0.24051299070673904,0.005361864484908666,-0.028795858623588914
0.46412499899534965,-0.5320256301333102,-0.37555647677663084,0.40380203069946186,0.3152055496739309,455.0564880353406,2.288874461079433,0.11797471901905829,0.8772736737868749,0.4685573304516358,0.03772673868795957,-0.021197871637252272
-0.2220635940356379,-0.5072017594600877,0.6780478703744881,2.761350760852047,0.737266315875661,557.5988423124808,0.9136900908807832,0.07881778331869069,3.9759110510836844,0.4756325014661358,0.015239983259200854,0.010529620760079638
-0.7879096998162383,-0.5536030206957354,0.9341409184498443,2.489033872804855,1.1604044521452601,436.5415512459107,1.136986862688208,0.13319520390061262,1.000815408643459,0.2904535597192038,0.03133650110832526,0.004170191363119984
0.26658173000910257,-0.8130688983584338,0.12584228149680712,0.7937816120714616,0.7264729902955703,546.7785501695333,3.3481751571124514,0.005428690959007959,1.2951342079632293,0.43009683460118703,0.03524454668458566,0.00891314046446894
0.6981867599716669,0.5715806162978774,0.3553967355519892,0.09498569240177535,0.8897341081140747,487.0428995266549,3.8441303684571433,0.10552968639479751,2.4421638262128753,0.1856396627845358,0.007185478094353026,-0.022681108273815358
0.7498958649808856,0.7779626176277594,0.2336570024409494,1.7777756227756791,0.7622123411872036,321.3307099253474,3.814965804531681,0.07667824516558001,1.3316316006527171,0.11389760372110133,0.035304891081626655,0.02531528818911265
-0.11327641160432589,0.20655443380743088,0.6155397708764314,2.483072152483254,1.0920465354936606,230.24764081497852,3.9836630036304883,0.08765792105936755,1.56968982898133,0.35816540107650513,0.012204863155868462,0.016296699136958456
0.4872763970120816,0.1187261569031709,0.4989026557079739,1.6003674658297835,0.5854925544481799,498.83062115952544,0.9719196594995942,0.061607874016785066,2.904628796578639,0.1546425723015139,0.044348471050318965,-0.007010613837045907
0.3061898989246088,0.19127758262677375,0.19222740951502207,3.6322387648337964,0.44324238278017,83.05469735506557,1.8561579036247708,0.13341696763029345,3.3359518079568877,0.011281279249125638,0.003209138431795444,-0.0007988602078025541
0.2347430775871574,0.09544738990058754,0.6621895353124714,0.7612409873678838,1.0979092997385538,410.20370878074465,2.70128614169841,0.07490434886088532,0.9324281282262274,0.19278907990724636,0.024702991989679134,-0.0003566581237507971
0.3292525050479468,-2.3153588068419118,-0.6158151137152912,0.31790841629846334,0.25195674250700806,388.09003497829457,3.097525537293184,0.059091657857144035,4.27408333335832,0.21459435114944772,0.01147087811716708,0.029884596956452316
0.8309219090420329,0.6583873385607328,-0.049898065718017415,2.6097908067739666,0.42335715718695976,361.5224377546762,1.8297893911344296,0.0042040743884124605,2.915492574432197,0.16616168445170454,0.007029764004187868,-0.029550388710357124
0.7903231082335069,0.5615374044224559,0.11902340531449075,2.015924753816403,0.7038732388991124,510.34793168780715,3.320646849350208,0.0636418112400491,4.401599663072541,0.2850317680334008,0.022915901303259358,-0.003960547371729772
0.5963050486898043,0.6456631436899092,0.27226818141542863,0.09053850727822832,0.7086739442051805,258.1251750869269,2.915507290942429,0.06219054099390748,2.868057202670903,0.055706026336154,0.04995374128732382,0.009485759500550538
-0.17868864798522943,-0.29209925653941227,0.6994568690768403,0.9606878794313802,1.078050985218238,469.87176325419483,2.021676459378232,0.049885473617053616,1.6811214187386823,0.34630565134835506,0.010440754497381771,0.008993076545545323
0.7812285157786177,0.16384870735249124,-0.05933990562657538,3.506556507851274,0.5764872542885336,424.47093891972804,3.3023650076499096,0.055387802426907586,2.989057473053337,0.4080642113245401,0.016923592105150487,0.027602737850199635
0.6911542572720561,0.3275823339530144,-0.07132883298501434,1.7989000741146906,0.33799895199823693,387.00855382319367,1.46905221348596,0.08596063016261254,0.6744501658137596,0.2958979212669583,0.011238834980032232,-0.0030445079708184995
-0.8315406841825852,-0.3748080482614857,0.8100153614848958,2.9129414987151696,1.110750035175626,305.4102427132543,1.722853316672543,0.1426498927691588,1.9161627575366373,0.4931281842519925,0.049675188781042344,0.002521900083609627
0.10496564883268011,-0.08195894258386627,-0.571758226468836,3.0782437911262917,0.13445269848411726,552.1453316925218,1.4786699239589347,0.14967202088727422,3.2609747737856214,0.044534465744784556,0.020546486366427655,0.023909446789261178
0.7101232490419709,0.5381769633857951,-0.271693848670023,1.3032482414635806,0.31193432601385795,312.1123429849622,2.1077871825685257,0.10425550346228583,2.1852171705030603,0.12768158648459646,0.017438557109648825,-0.027171657988360954
0.44821060429546367,-4.720039366046445,-0.5777750618398684,2.3240789496985306,0.2032455033835935,160.05381225353932,3.286632830004516,0.08158326594160681,5.26285138438859,0.3671639041397319,0.0373352984190079,0.015746083890542283
0.26603568477975115,0.19449162410223952,0.6315076046864253,2.81338988322392,0.864813290195051,235.9936036349517,1.74909138882136,0.14933261563976444,4.264624843979634,0.31337176729814453,0.03149196640014515,-0.013041990226762695
0.8260332700215058,-0.10259991679244362,-0.09269610916805739,3.338150186228546,0.5065977960993551,322.4620823723832,3.0041812638426872,0.039556345806767056,3.55765130720166,0.4164399463967299,0.023094123595368332,0.018419925940182363
0.8276664829697935,0.49264209212500076,-0.045792830008498625,3.2571599388499917,0.4102113862122922,351.4646350946788,1.8872106458456093,0.1306200789520767,5.03540826849951,0.4142675308575786,0.04757184935608996,0.010740189728202884
-0.44796740291855786,-16.489973109061683,-0.8977993117094112,0.7172955600806974,0.11841191909603643,408.06807890468474,3.30009067057138,0.013586010069031354,4.567547001776077,0.08939567570990285,0.035574156086717074,0.01877574388925583
0.7603799260066844,0.23157862877869861,0.03581046147386372,0.4886404974892189,0.3316787101714821,255.90830683592748,1.3280489285749841,0.092808436336375,2.882415662730016,0.4157530826134139,0.010468269242206963,-0.018840416364288848
0.3538056676088467,-1.4742348716824019,-0.6045332331219447,1.9850686976183942,0.22230587296157198,500.9481865967859,2.3985020672194044,0.1204298240127083,5.112780812990862,0.47288511519354826,0.033929469808603153,-0.02337473644086344
0.2801944389836609,0.09138698761007047,0.5214787120441706,2.9829651659073084,0.5870061248383674,237.74762813484273,1.0833812373459057,0.09618545633714223,2.03191704443379,0.31130741217399405,0.03969145033621359,0.02464773825260565
-0.12571115683243161,-0.7566162020123193,0.6386812832394789,2.491989751541037,0.9989142260791259,481.54578147235213,1.9486662069061134,0.012655412934597219,0.6607239183169857,0.010088937115529452,0.007686494984936182,0.02248812011912249
0.173360215007745,-6.973931683128259,-0.7176329965513246,1.9650596659266166,0.10598908105678939,245.75096694433344,1.9021191541860194,0.029769066759108405,5.40236533330945,0.39193218281012393,0.030066495730795978,0.023438054909657755
0.775898474557678,0.5213442474204144,-0.11501273754484442,1.7102618878691773,0.5242623750138274,566.922477208595,2.8469716211439238,0.13696824444455072,3.8929629550675813,0.4065465939330501,0.01560208636729301,0.005143695557360828
0.6054579638387023,0.28166451711619456,-0.3713857382705043,0.49942068927600136,0.4077635756858953,541.7802906764597,3.1757382906705396,0.14800651751656144,2.225042505840241,0.3331174211471167,0.0028573547151486025,0.029595580403462322
0.08041671573047648,-3.2109252754294895,-0.6962514518016861,2.023238578890825,0.19039575009302503,321.44918855240223,3.287448252501224,0.1349009891033459,1.5462068703563605,0.1070793949603348,0.028970618857890828,-0.01299651368814079
0.21971027556237233,0.3356707327882148,0.6053880172530188,0.42520109843634346,1.018190385551863,207.0495416111593,3.236244664323516,0.08544170365835829,3.65581107471975,0.3038952375364872,0.006350094604069926,-0.005113191184736578
0.14805258353930106,-6.8155930841532655,-0.7315604535811522,0.7590785385082812,0.18665449883034138,329.96686914130504,3.2586526963119553,0.05170906620888426,1.9033195136947927,0.3496607414551951,0.04299134644893738,-0.02370432604692334
0.5294368894727899,-1.562838515583333,-0.5108198808449674,3.136567320574297,0.33083060121884844,406.8137130895306,3.3883074079525066,0.05652809809680568,1.6337234592622725,0.30763028539509285,0.01563836385966506,0.004927851193623716
-0.08338482138258918,-3.2018305128193596,-0.7517573562456434,2.1828954191774526,0.2434035008797023,509.1198248806453,3.994351267214869,0.1240584939218856,3.7718256554548684,0.13653931304516403,0.03168211558914907,-0.01707012302697121
0.640095277368194,0.2558091418851214,0.2772259647924828,2.3686529130993317,0.6852495627028946,544.5268667447772,1.968519094417437,0.05045435158355544,2.7140548561393185,0.29014583690041834,0.037828931203743185,-0.022061555418981107
0.010830837842949581,0.07677739575256126,0.8182993510868335,0.319515872918529,1.1718884152776385,117.49446609550458,2.550100110118395,0.1266403054511087,1.4875993894422341,0.14349577503253097,0.02588918721993212,0.013729294651482513
0.2931738593463077,0.16459145377056872,0.62333711651624,0.7557558792715944,1.1212189459654476,456.1810834577451,3.4500123007102745,0.07090672516663131,3.538538709546079,0.2831701396727464,0.037746836812715234,-0.023049636239546086
-0.3536170949260966,-0.01766103996117696,0.5321656794351403,1.1375547372270747,1.0425788924716919,442.12619579981396,3.910306031733848,0.1162896893785092,1.174668544809415,0.435931712637137,0.00818084111451849,-0.007467506536887405
0.12764423827250015,-0.2168153703107054,0.8127508746865811,2.1770754313483565,1.0563314286598107,330.80945951567696,1.3108147792290383,0.010522919048312908,2.659952505809683,0.1254964237216664,0.012371140853138323,-0.007865686901450153
0.31592271065209854,-0.04211038811776602,0.6392768593161393,2.2027021410646705,0.8764299088153481,469.29636738397926,1.352980902718245,0.019184563659842883,2.258670209700716,0.1608460551898803,0.04136767077605431,-0.026391595768370527
0.8073247883084183,0.47356277692371684,-0.10679961822780226,0.09525616136781867,0.16761649636479373,244.67217648415996,0.9246357064846397,0.11933707504730583,3.8287807880374487,0.24372301550864656,0.03679659718541408,0.018888309203289145
0.6096656642045131,0.5437148761736503,0.44457235176617665,1.9563010804738576,0.8773460508306012,285.0512346112839,2.8881398423443945,0.006396254373762021,1.250264134187982,0.12044626625572238,0.029889467323295164,0.025549551180190366
0.5035889965962252,0.45363362105522753,0.30219694783808415,1.9262172022728485,0.5414867675851247,109.60270496861828,1.8837561950242419,0.11885668442565635,5.873936783347193,0.344796005983778,0.011205398419875544,-0.005964983587190264
-0.145376203121232,-0.1028931075114563,0.7656080397670053,0.9515410128390105,1.052761632961823,305.04315056115723,1.785924695014259,0.14731328845263048,3.4394444511065756,0.36871861061040273,0.031529689134562965,-0.027539145728099592
-0.513038834983121,-0.19480088125270467,0.621921669883176,3.719601594157305,0.8721343943493395,56.00323281969868,2.2753423174370297,0.05837931325056712,2.8148119421895466,0.4317119833471721,0.009179815873043437,0.016952734877337727
0.6748889654712089,-1.004091365718494,-0.18985808009002764,1.6780446069606452,0.24557023115220833,50.65392311398986,1.8055643727251383,0.13768859092261154,3.1710531814701532,0.38181462341479866,0.03125125234711263,0.01298236203175866
0.7765604379297112,0.7246408116474649,0.2445357420740168,2.6708956957701417,0.7810572654327547,338.5239380383031,3.807887914296143,0.0539997384784505,2.634854964463375,0.1758844142163313,0.02483460059396159,0.022452584350256488
0.35245292534325356,0.14133877823053542,0.475514055802739,2.98973511106354,1.0253783615903647,585.3966528043438,3.974483602797962,0.04671109019042414,4.755012047613207,0.05161720140638245,0.03806351684593674,0.02272773350706089
0.004044686190654012,-0.29094864286282385,0.7620706594198396,0.9918297205121958,0.8203568476363124,477.7359708824842,0.9006491495871416,0.053754176307777006,5.405184084782392,0.2109037202605278,0.02759370596140915,-0.029593293871986504
0.6581341821118887,0.715364820114556,0.00359327728425857,1.4603752888040495,0.5488787840425429,244.15125439743144,3.428066145383072,0.08072595053067137,0.915917518994332,0.05487469802555325,0.007824105177414985,-0.021119701674151087
0.5409536780881297,0.3860982461151641,0.3080020821483328,1.8616111003597329,0.7596787947456197,198.8037659162678,3.4769822345037795,0.05115588370087307,3.9357876492910444,0.33969049072527285,0.010945052325696267,-0.018487364496668022
0.11374812472370599,-0.285673997664883,0.82790498242079,0.9593760287155519,1.1936212122601901,438.77647386735106,1.788265590886039,0.07298045376106009,2.64239932554487,0.11601906899750634,0.018392091958605545,0.01948442050969044
0.21182604697221286,-0.030261049217428893,0.7270894052076662,1.3515926928419315,0.9591849455312897,183.1309970141326,1.750921541548538,0.10446572886147845,4.7944388874541,0.07954781736269467,0.005589765661306477,0.028925163056405894
-0.5097050039058717,-0.4661773554907491,0.8723154310519118,1.6082206983436342,1.0123819017111202,265.13052435952693,1.0817085480856843,0.07478705639055865,5.790997341189117,0.48423772687587036,0.00102576601552486,0.02884482088701802
0.3614180711644477,-3.2124740623547314,-0.5897749516447691,2.2147725252988635,0.25202066036058124,262.50539788464886,3.9840338124999572,0.10567461354164459,5.973283704081437,0.27608138653183906,0.03623132668109438,-0.023571072781635973
0.42850637066221653,0.07500485931502143,0.5427429865395177,0.012975040835732088,0.5327486388921095,455.7508280083374,0.8436364631487714,0.12986620780300864,2.521153497700032,0.20138162063596346,0.047291546787580914,-0.01823733088924361
-0.32906582973459275,-18.978003098816686,-0.8915653798211937,0.9541131283178697,0.10771103338335722,214.69630116058613,3.909731794378919,0.02961935194100138,0.7894646595205279,0.2571495238124712,0.04542516454581298,-0.005323205576640404
-0.2888225514149909,-0.6282548108800745,0.4350087900574356,2.0041440943925743,0.6225894073061672,94.92374095680317,1.674877272838147,0.027408003950338225,1.870233506788785,0.49944785053095236,0.001711707577865168,-0.005435969423120525
0.36837223014494036,0.3981751728864772,0.21329036964493522,1.131783905971833,0.7272883094165149,302.3775949768493,3.853732505955955,0.12785533416591982,3.8198985134158328,0.02484866445210329,0.011300591042836134,-0.020495728918549387
0.007844649967352346,-0.5968519405865,0.6929175144548864,2.300929379971297,0.7449139246244598,596.6739003253027,0.9173918449402727,0.10407749657031169,5.4215964832498935,0.03342248016513003,0.005084538574720174,0.02114214176854958
-0.15860369088911197,-0.10782520793164818,0.5469581303814207,3.4504766159121125,1.0634398282492579,585.4459864897699,3.5912478953234688,0.12329631424582917,1.9669576458753124,0.4970540053165421,0.013626583362682602,-0.009506427668863655
0.4080682189239726,0.3775409058955269,0.3999716246947234,3.885930758451172,0.7604518990055285,177.85127968226948,2.7680182137409477,0.09804911665652467,3.9931056454887894,0.033973718253954725,0.006232566229171536,0.018373850496248643
0.7045098028276753,0.4042963187276042,0.21553737340010273,0.7507822729161022,0.48474866199266914,289.687962732378,1.5150561724793132,0.11943560338738621,4.62641365206665,0.4293554434161893,0.01322360850712947,-0.025555150700681404
-0.035845236546580894,-0.11319541507992259,0.7540063999754125,1.8905963668610584,1.1510176297066732,412.13595813974126,2.229985249350781,0.11502397010956035,4.923987611008087,0.35652519919058534,0.02513865911000899,-0.01694856776275137
0.58029643842138,0.551225732290658,0.35389273304288255,1.4073882073266089,0.7166373714192534,256.0941279208274,2.416303227970062,0.11803035952151329,5.686809720878603,0.298953363753547,0.03714530210562765,-0.0015845465044368634
-0.03345249148138718,-0.14048410513707843,0.7424189733678842,3.772373668130304,1.0691031936646018,298.0754378878056,1.8187525059646825,0.04259008660169018,2.656963885823574,0.30185408971031435,0.010972338003406171,-0.024594339190885606
0.6637311314289838,-0.5112767454609368,-0.07938157272990146,2.831815912721518,0.3979861793715453,94.06766751156349,3.1031819670744976,0.1375509918572068,4.634592401569004,0.4646633550956146,0.044022103176231,-0.023572795783026977
0.8358940283135077,0.07620712265311214,-0.13475281954073084,2.1568082196271035,0.31180281766222,180.4743933830402,1.8134463572608586,0.05030247804973699,3.624968050339115,0.23880027055056255,0.03490945419647672,0.007885467372313335
0.6030128832816695,0.11051246801690184,0.23206867932487873,2.4142909835266684,0.5636371393941795,536.0775856404766,1.471229210100827,0.0059978077064295485,5.9563892159459035,0.29960605183507616,0.006786909880173732,0.010705888386245761
0.23301290926192608,-2.2507113842820443,-0.658233241316301,2.1587838777775943,0.20686469836862584,523.6863226907867,2.418446760728264,0.08235591415202458,4.943683800799832,0.3423830443038924,0.042783485736745015,-0.02390681368557371
0.3305250502531729,0.4279387493775778,0.49902336671153297,1.1549698078602866,0.9260256354046666,124.02681344616165,3.900430394511112,0.03393982946341084,4.627994283414587,0.12939372115487183,0.027628602035930313,-0.015000725726349754
0.29377277653630796,-2.237555701927543,-0.5303283448548786,3.46192534441202,0.15088408167120923,110.03039274913175,1.8949883223362147,0.0021605867520252332,5.034572242224986,0.0740335969906816,0.00440428924921265,-0.028000326798557282
0.7057663884460375,0.4667304626423646,-0.15327990122814045,0.21087547693136832,0.4761834890304181,545.8792207183867,2.6146530964561814,0.14830626865981272,2.009194458360383,0.37513205721838416,0.03139033015759279,0.01250982131275532
0.747270175149048,0.45698874655084,0.18793556467491795,2.3953256283075657,0.6435561774374685,425.25153062118585,2.2432057822084186,0.029077968304362448,2.0857905330841375,0.23706226855593526,0.043491478866939534,0.004194575038037791
0.7277207977390037,0.6813304846883477,0.16712699975648113,2.600806278855035,0.6658152450880009,266.32465858973484,3.319626039265217,0.08022509270501658,0.9203895834557666,0.208572592187647,0.0017856229900586273,-0.023900712623313558
0.4688130641097108,0.460601306034235,-0.37382844268127685,0.32656472366939227,0.34138270874810267,505.1967392098698,2.4159593421529824,0.10451341966461677,5.3638873504681035,0.1115822756025454,0.031831111983154324,-0.014813791437784921
0.29128993677498805,0.19409111752874175,0.4357243474894996,0.8595859545993858,0.707927550248853,128.555386096716,2.140177192275646,0.05470088001793293,4.954716732622251,0.41939304419144574,0.0016480028752620737,-0.002844470816404536
0.4555861044635604,0.18385247478695188,0.37492620293131146,2.180366310457088,0.6404235602540419,557.3520024172901,1.3912852537351836,0.05071308572427272,5.268387971461792,0.07541928975150251,0.034948812491108115,0.007961359510092957
0.6378835829280914,0.46135866653082136,0.3866076703741699,1.221623901815044,0.7587425373486614,378.13681466404,2.106461399172067,0.04573839295541959,0.7002422508809524,0.09867609129017052,0.011132738083601044,-0.010312248480301212
-0.6734465144721233,-0.7366926406355534,0.5632974228161696,0.44749772608479166,0.9793719840538716,383.7410683419976,2.5139311150947825,0.020187318266440234,0.728756915707282,0.46361074713446804,0.01192485334666219,0.005984669414393217
0.4177176289882488,0.41404192831491393,0.33063360253642365,1.862680305133126,0.683028577304549,141.46313051802156,2.7761638929357306,0.11813116542007171,4.823371876391869,0.476752731648315,0.01327205247620064,-0.0041722465008804475
0.04043041721677043,-0.1209320568147052,0.7448367543557094,2.1117359683199255,0.9587024559072775,301.0793904903274,1.3741157781993139,0.05512601697384825,4.685832235409861,0.2699045257279092,0.03614576784903108,-0.0055238410594537464
0.07696881884828932,0.16451414495835825,0.5831614553182198,1.9529852324923027,0.9257200298721805,99.10853500028854,2.812194028232202,0.022910534637515165,5.132883455062707,0.26074406947094103,0.0366510160716839,-0.015824545031835058
-0.05561937740746603,-0.11278495583847947,0.6311887986912307,0.3826271087160533,1.1134994889482395,306.20360103593913,3.470838409162096,0.006651636341249255,1.7010510575334983,0.3325661728472344,0.02452322113615951,-0.009856719882342477
0.7853357599084061,-0.3445251557820588,-0.26831029227911724,1.9699920611889867,0.28217445063617275,171.61862806106222,2.253106084600376,0.1125467598184601,3.0826553593044133,0.2115870610322699,0.04582420693499114,0.006295995293205998
0.6908739568457434,0.3440635459243573,-0.078839790921339,0.9756816270146098,0.5007170871613158,262.5190365196322,3.174221564081811,0.0341994260944874,5.951221015973256,0.1377685979084087,0.04699398160343202,0.0038301874796717317
0.8237948505093098,-0.9990043579794652,-0.07840546469143285,0.19423714940547043,0.5318003252080586,227.02459309937672,3.9573413451030834,0.0012994989918094363,2.992920202260692,0.2192215120149382,0.01638219095634412,0.018034912983636818
0.7333117128305053,0.6297964597720401,0.12633034845081742,2.6720786313158915,0.6659330250486917,544.3925721118461,2.7433976453532964,0.08456615655703072,4.6342883089480615,0.20710330075170755,0.023617925234384645,0.024421073694199744
0.3647796638913531,-0.06955092854004485,0.6074955429563763,3.305193719058403,0.9922597810843693,597.7229719846263,2.1069829162074116,0.10239423789884863,0.5849046519015375,0.08136750299998857,0.02715858704200163,-0.011208741836873815
0.08518269777259113,-0.49630967216356825,0.48357612559814844,2.2366398899345974,0.6412159860959469,503.60825710255847,1.1162831306712129,0.03918314575201589,2.65184425428712,0.46481893276132236,0.03308459631792875,0.020613585648424502
0.3502811584088005,-1.744197846894029,-0.6210213494173678,0.9012775079064039,0.18998262949303799,289.8855781228002,2.740276539508936,0.145488455568104,1.740041061094797,0.3746772573156468,0.0019808198447750134,0.011025199273008785
0.3434216332245591,0.27588311671938903,0.47820755224355094,3.71262733059386,0.8846471521651695,259.17663710687873,2.785558941581081,0.04912131338434145,1.6872297298228267,0.29832456777222205,0.009534030527265501,0.005359994007365234
0.2908235451025625,0.06998982300898826,0.5701618546461162,1.4552758351085884,0.7573716337946549,362.6305359507867,1.3858477981382096,0.13269191055903268,5.469543433229443,0.3613736738688179,0.04719502437360583,0.0028748812074887017
-0.019165190718336333,-0.05520721361645098,0.6620157647220922,3.7269166313179096,0.8863316395504948,140.11032964804366,1.7073487074256222,0.014135653509016426,2.3231029984133142,0.28329821646560566,0.033479420184036705,-0.021115323487596593
0.5917438153414877,0.43511212467637406,0.30631683907213253,2.572678371976926,0.6853111403407416,105.39183236512801,3.0828980121503946,0.03799881787124967,0.6689678569174757,0.12944513518530767,0.0460930111139587,-0.002326613143549243
-1.381659842253144,-0.5681431876903995,1.0544815137084962,1.4686090013546513,1.10477330857795,69.59601540350016,0.873101250300045,0.07495359680281433,0.9527219491247557,0.3039179726302213,0.03945102591015641,-0.005065377766521053
0.5316057945469823,0.29083963370355925,0.5067560815863456,1.3866686945377733,0.959478654013839,443.92376650552006,2.8526037257412935,0.05728349754084347,0.9739763037883046,0.08870989683679367,0.0268105565910388,-0.017118852704085086
-0.02264313542907881,-0.45719425144258063,0.6490802677505113,1.3479065883357588,0.9171547758887515,469.57394011073177,1.4659386677341493,0.018026117074923225,5.007799138280608,0.43541538162888477,0.020759853389933296,0.005343002325642896
0.3064901120147294,0.5033268801097472,-0.10586880403624746,1.6961525477929187,0.23696919478636258,116.17039464248505,1.325341689469186,0.026516980670059816,3.39746189347858,0.012446669507544774,0.033274053100683376,-0.015222123699998653
-0.4889127217349629,0.06027686940444821,0.7694252684894789,1.2912061704848612,1.1724877633087172,113.40734333194911,3.137486207173729,0.1080728566879892,3.731378981027725,0.42601497242906194,0.036141793216227874,-0.0029926102887504855
0.029863815872837818,-0.02346438398821893,0.7160524934816768,0.08003815061341779,1.1165999156684883,334.65680668193414,2.4213942418909267,0.059976864271551675,4.783684495657969,0.34503802025971864,0.013129204992192837,0.007655002639623523
-0.4924327546221956,-13.664778754174069,-0.9264445301343956,2.7330283452295254,0.10379862742106546,554.8488793829742,3.136522723582644,0.039085307822746725,2.0098572994026416,0.28872872592017007,0.013313921918890132,0.024751538082981216
-0.7656546184640358,-0.14695299507151183,0.7493519037875928,0.4136798080341606,1.0721218389817755,83.05809813826178,2.5368484436112038,0.07295485167926558,2.73215231505627,0.4599845190420388,0.0016009448019754853,0.004195877569663116
0.7459894784720462,0.623090180740865,0.28745253091802064,0.6327538017079224,0.7708086552445479,452.6534268894113,2.9787344753492864,0.13132694663646727,2.2134223929406875,0.17227940506088993,0.03521071480075782,0.007199019539475184
-0.6076793182564473,-0.4567460214249537,1.050861856051128,3.6277857614897813,1.139837120446281,106.39814927471622,0.8612468067339081,0.054891231214934694,1.3672746362798562,0.1813596483987515,0.044030046656353426,-0.008126902826160522
0.5775368845169049,0.7669852283389391,-0.2438275318185435,3.126525624427374,0.348125830844715,501.30222196261633,1.9143748622541317,0.08655313819172437,2.5480137066621977,0.0882994861445498,0.04339285834718015,-0.01726256533198473
0.38907097966215765,0.19116905353504965,0.24474231372349844,0.18310616253696477,0.4686739817279502,591.6707307745202,1.1362974451513232,0.04038013137623364,5.2639956496584,0.04142558258140117,0.03302975367265967,0.0015835559572652835
0.13494385522910557,0.04865355443425068,0.6862088450204632,0.10947374699017942,1.14261877452631,454.6804532972268,2.999400458078574,0.13822344831640454,3.8019146940962716,0.3517145718885673,0.04418007710039765,0.0007871625422865502
0.22317550884269743,0.07144613396951593,0.5474276828781268,1.3995455163274428,1.0879989729096924,574.538538459893,3.948859817285971,0.07042466686987309,3.1588279712530687,0.3792172127515344,0.0439088830989878,0.02573585037435126
0.5673120453540224,0.19483704273074898,0.3517586102423624,3.6609263654144995,0.5988071417516794,269.00574425393245,1.5283823715178333,0.043988779758951976,3.1003225602038618,0.33106228422294187,0.010043417408154396,0.0220355314454858
0.6318350220426862,-2.0491752273010153,-0.350280333438452,3.5586361362044445,0.3427544238463859,200.54644168468806,3.64426952266245,0.03089858078072083,1.0729441884809372,0.10205573252670595,0.023705017329274318,0.0021471148356947164
0.32248348704537266,0.021873395085008518,0.49283427961346066,2.723948355933735,0.9998538354867161,542.8428291496429,3.417730717470248,0.07134796982752732,3.287682341704589,0.038453807666802196,0.01784320756270005,0.007311822490924282
0.32304604011120186,0.2952097465064225,0.67201189399711,1.0478153287469651,1.1115157173885117,158.04621586475608,3.9598005997909165,0.14499607162163963,1.596315003804167,0.08850857943386944,0.03676789848477439,-0.015508082544762615
0.7975085031749858,0.4921059960170818,0.06744413074314062,2.645602963512976,0.3316371414657057,194.40516839504838,1.3117343280180211,0.0777138455441857,5.303162857255563,0.26551700690162533,0.035335945733628804,0.01536044394172181
0.18760131913018274,0.39596034245197964,-0.4430123441465754,3.823202695930855,0.2542247218809518,597.2059538571917,1.8883479632169327,0.1337956145448448,5.389121118258262,0.0414440134909916,0.008193843493573801,-0.019314098210053712
-0.4794507718930199,-0.24039350010834037,0.6647826343946585,2.5727018678403937,0.96662801557206,117.37681120367236,2.266689393695225,0.03111249146861893,2.1356903370632785,0.3939767761162379,0.01323109262191471,0.01038300282267782
0.14826631257395706,-0.1916582513839422,0.43714363216861557,1.4933930375336804,0.5316685040790233,58.57896195598938,1.3443680327003351,0.040436192807308056,5.237447862078147,0.434819029729909,0.017113884090641313,0.018419111172217548
0.35422305534683907,-1.546965115685114,-0.48777276331008695,2.7722923827600554,0.32184009404322955,347.5215758100369,3.2858981473755158,0.016398251549026674,3.3981129849512444,0.06670079923184775,0.026164330913219177,0.026011721235623324
0.7084103565894939,0.2121765462550187,-0.3235186646751614,2.68760548197369,0.4684542124112417,488.0938080649701,3.947349821698937,0.13399551816590546,4.344129586890034,0.3732812919120021,0.04871712105002886,-0.0023281166788419114
0.7357686609406751,0.3770710324481408,-0.1995922089654159,1.6149608573135565,0.2611123021572349,585.5209861283241,1.302390976387609,0.1313052568978185,4.48207744210607,0.34785678763076705,0.02071128881934561,-0.01353480271267575
0.724138353704207,0.548005825070599,0.11002530028177628,2.282523068018186,0.31558016192521704,181.95893814077272,1.1630771190561546,0.0772355231278014,5.917889073264373,0.2200609632463895,0.036455842273835706,-0.010624080933421386
0.322540706548061,0.2597227383845401,0.5752793784266932,2.7592514789398765,1.0404897398695052,350.91638042782637,3.2244563794926484,0.06283388007316067,2.0504080268766773,0.2552714499825251,0.03254479334704323,0.014512422370474575
0.03392597754594917,0.16642773052957893,0.7516579728140865,1.7823060543825266,1.1805245466093004,180.01662994006685,2.994007771714793,0.051603952157522684,1.923478036092119,0.209693915089615,0.02755547123816357,-0.01704931252759377
0.454273354510056,-1.506661905910153,-0.5585182896807781,2.053884146515894,0.31360774768724714,434.02373603614774,3.503064519935329,0.09450678948984223,2.9145506418464615,0.3134505104893516,0.03885392644894987,-0.022288462350022298
0.07022101092291066,-0.37336822395828917,0.3890947967860188,2.3409721129961834,0.4965585921461632,492.2468354283466,0.9909908763391844,0.0739369406758954,5.978222265721904,0.012559931440951268,0.0393043524156154,0.01840284194927094
0.7828310848775775,0.28383622854595925,-0.19354166041062607,3.1299517014292046,0.43936789941304377,293.6297418376608,3.281257715279386,0.12311815584516149,5.629321937832595,0.43624178048220436,0.007682195014463847,0.012849941292909634
0.3127714715945852,0.10485668861166186,0.6935223723451096,0.6204629018731551,1.1980309286581474,416.5865829571249,3.356788381672471,0.02393768439056618,4.34468902395414,0.11989344597376875,0.017579200847770343,0.0044561494572055
0.8271006857778719,0.7633580649911217,0.0541587362578087,0.5253032305759353,0.39143090252765905,262.4874806978141,1.488673177429272,0.0024053101237075138,1.8723648323308564,0.1289744259700849,0.048279280444100896,0.0044004501613839975
0.34529422111191765,0.27751410098675766,0.2054182571897412,1.1272642610401533,0.7602309498540909,478.4050068183059,3.6067088242702745,0.10623480690974302,0.8450948663914147,0.023738266240981947,0.022386050957719998,-0.006313727163364253
-0.5847264563697094,-0.5772040004899794,1.061227558845581,0.5657547111467189,1.1912438439627828,248.20490815446655,0.8209279779460783,0.06543049767453919,3.6313692114682903,0.2244616512225247,0.016964854470193,0.011123252381945416
0.10180950873937211,-4.4782982760249626,-0.7352509104377166,2.683540526261346,0.21469025045261866,413.9542572436893,3.532616663349206,0.08395275841711132,5.059268552435847,0.41397680623370603,0.025635984888541366,-0.02994593011665309
-0.28364333809040376,-0.00868918787204942,0.7224088885063338,3.937163052498218,1.0454184886593894,131.9028160121284,2.3233657704593056,0.07202804086776288,3.5664297388530595,0.4163600441264509,0.026275090494135667,-0.013797537758998776
0.4433001114123851,0.2730943123863879,0.31592881804755985,0.5614081654958802,0.6239787254114235,426.5560172128588,1.5675107541205755,0.007573627052691649,5.264931222337138,0.04966147361708073,0.007070177764601007,0.01756268415635021
0.7683642273531421,-0.37142091629366014,-0.22061514027907925,1.2912298262026578,0.3944594977468091,295.3149787221049,2.661152630901764,0.05210156804310575,1.832114340240253,0.35032163750083867,0.03664106175428296,-0.01529370564518316
-0.2135461752315826,-0.8925472037826461,0.8427937000726766,1.484675919435046,1.0958376251806303,414.9126854981191,1.2957541851402756,0.026175197535602514,1.5704705762376587,0.019183510055698228,0.013171379713457356,0.010905265417246358
0.011406551076352134,-5.463511476121274,-0.7502547881830954,3.416964768405816,0.11965656406149319,562.7334323759108,1.86756951289995,0.036756045141339934,1.4622895948651862,0.37313879060906263,0.0358539000117383,-0.02783839037858067
0.6571605628009061,0.536991798742165,0.3309601311182853,3.243915590194444,0.6647781628791006,292.59945446965037,1.9049883990065426,0.029078139924860216,4.50362467887123,0.172706928048122,0.005880202680334984,-0.016839937851520607
0.6484078734644403,0.4228728217993778,0.26943874378557725,2.4838605087767416,0.8002596082840427,502.0710664334093,3.3368742229843225,0.10546682053224975,4.781457454613489,0.4158206037387963,0.025262495786887905,0.009505784643939308
0.78107709098992,-0.10290989341766954,-0.30569103405492454,3.9354926751061607,0.33512302766759466,213.2101186378901,3.188762268196717,0.14042966419057384,3.429456400003597,0.31524601769891514,0.004785008675560389,-0.0018254052339573689
0.7122099572997912,-0.9482722909902288,-0.2672070689971854,3.006430709062359,0.500601093165787,599.6393395054339,3.204949308822417,0.0036097610856521303,4.996510234615218,0.45327895461786577,0.03736779003054645,0.024914070490025704
-1.1510428458962432,-0.5312175027869401,0.8214434764364538,1.1605497832284843,1.1275224348403783,325.8177404645002,1.662976137772195,0.09874223039343712,0.8862628761578674,0.43063080145010924,0.04204725971032816,-0.018724773997005922
0.7842008828132417,0.374881146376181,-0.013355040500547588,1.9091616916206373,0.4224787229570517,223.76485402386797,2.09946340046768,0.07880596021053675,5.658895823145423,0.34116393415616597,0.03653669020291039,0.0017776531657470861
0.35755714812685724,0.516094475924987,-0.2334777425364193,2.411940461705801,0.48099035519627154,475.42584685625894,3.090289554713138,0.020334502201499172,3.967608228929386,0.03567485850588704,0.030133153234147305,-0.028540211730482486
0.14778748290859212,-1.9926302069145705,-0.6787385376705275,2.3252874267153736,0.268761167727536,467.4205154857707,3.846226441222438,0.12579847899037672,2.6293602857610114,0.19980775852705757,0.015535275992312535,0.011866695221122209
0.5372396309205066,0.18071884625464663,0.33978809937065974,1.6819232849895802,0.5445311157039509,558.9817457580464,1.2270674852781984,0.1484011844612324,3.1210619243001916,0.321583765506278,0.013440293982204359,0.019650880209050422
0.7689175921588444,0.7742937688761744,0.07057376409747163,1.6911844518569272,0.611574238315895,289.5393166512942,3.3015598653442813,0.05019277650847682,3.198070550548307,0.10124730167879362,0.019442111148096214,-0.022050379915849294
0.6662709007317936,0.4196847582520645,0.15210920209573037,2.4021379202261515,0.390553315053491,122.17374992934438,1.482911201746164,0.07144775405052581,5.579940305570958,0.23756046059827707,0.04947547949290031,-0.028683132259871107
0.4381263954678978,0.6390909939793978,-0.27219662520849747,2.7848195120415604,0.4205935748320452,548.1394767345471,2.5031152475020937,0.04684046560389271,5.436339235531514,0.06601927187410568,0.04233030212425724,0.009680133375830393
0.2987505524728181,-2.1723847306569954,-0.6231462561554346,1.2944996961491002,0.15246604458162027,351.40224459287543,1.9222298401162208,0.0531047734778737,0.8927738835062173,0.17764203859285807,0.014962190368583027,-0.012343869379666856
0.31220943430582404,-1.7734309871126763,-0.17775310942168196,3.552084785659092,0.2992332049378634,56.24229320978728,2.333342166520375,0.06018796954987743,0.5772525059381497,0.4193928173054333,0.0018243441877034835,-0.0006195522046818657
0.4544919682603562,0.255101441910379,0.4383653328464685,2.6285519476503545,0.849674106508739,282.9956176396822,2.698724598502441,0.033685587118704514,4.845518422859218,0.3457659775721684,0.0477551783752198,0.011425831628038348
0.6958800152171347,-0.6700885323066097,-0.38190611463851754,3.333974217277786,0.3795523079197971,402.36200827270625,3.1002573970266196,0.05232418522948416,3.4477982919368286,0.3776295052003759,0.004993130537206452,-0.02008783167482917
0.13042289434650467,0.09038464917242162,0.6771424791128595,0.32844448494842204,1.1857247065916732,454.7963930500086,3.6440214170658827,0.10083735496477404,4.558998716679164,0.35359852347412135,0.03387004732116154,-0.002047610813491061
0.06247383469505963,0.13908257671945956,0.7184021849585372,0.5794526375872726,1.1608635066484552,281.6791661749555,3.0798310512525773,0.10048895614634659,2.834655973122454,0.2984419937398305,0.027363230612599185,0.025959910219205466
-0.8090622675001771,-0.09613681559606446,0.7434986783722921,1.7076358277051211,1.1666984385147356,112.21136627553484,3.403146236578264,0.08333566959986832,2.8616485183402314,0.48852479475891464,0.04852306281509422,0.011878381451039338
0.2676272151828407,0.1387256319835115,0.6323096951684761,0.9902759645587418,1.0109416133533817,367.48599224400704,2.38462554647622,0.11628312821725031,2.4482615780727577,0.25434608676181386,0.030137812295423432,0.004650986340559489
-0.21840921102027777,-0.4640029749796162,0.7609612256186156,0.05777229460025435,1.1894134919801034,537.3634414289348,2.134931512606242,0.010922933910990534,4.05923725968345,0.3819987068748964,0.03931829610239208,-0.02797077721616156
0.6002222552161014,-1.872774664193717,-0.40668904014200125,1.264780644041207,0.28012789457019804,186.05538949291764,3.0830812383241195,0.06414252675959277,5.9910361406410155,0.26054377471444934,0.015357992409608738,0.011557359744542594
-0.48452893753019155,-0.07766482233659366,0.7519210990460108,0.45997418313676164,1.1174655093321677,218.27564424148247,2.418315191620748,0.09725898212600921,0.9282197868405775,0.3251403192628316,0.002078239399415756,0.021186746651991113
0.4059592605492688,0.008496611801166676,0.4115748280697096,1.490702790213668,0.48176755078508104,170.17071358255487,1.0804492424915613,0.03441200611898928,5.753713472906041,0.42909021197645403,0.034397599259211445,-0.006477793231720288
0.5355000653118448,0.1969954563458668,-0.4028931648512792,2.863907267518202,0.41358806806575044,566.1803954923708,3.4190809586022866,0.14426388343112861,1.095564902901102,0.2533891669871497,0.03498136625205767,-0.019190898945400423
0.39258728680642463,0.15537468648356167,0.6223764527104757,1.7476602082339472,0.8901851651270396,318.1974727866172,1.6979639247301064,0.07972715221844608,2.827545373719947,0.19721401650319906,0.022746374545929173,-0.029515586348199414
0.7957617558954875,0.39160120256718045,0.04889824495617859,0.1760155603038731,0.564659365891498,374.5556963793579,2.5433589777789294,0.05861830034447783,5.225415168624654,0.4027057893131378,0.0417308640534079,-0.011256839519898637
0.06367522125248615,-2.814235267340892,-0.690944049897973,1.2222484015871138,0.16442771403171677,367.945609090456,2.4464592575456665,0.0844434849492784,4.8515006149601945,0.11227534213122974,0.016232057643216308,-0.024366525858766513
0.010216073428300554,-0.24425144851946845,0.6848306638886148,3.01688249180619,0.8295535246064543,518.8376300136337,1.114547433633446,0.09682592716022656,5.1849597983805955,0.34637036952268524,0.045292109064249346,-0.009907262519686304
-0.016207051939866046,-0.3420358550449192,0.912977508406003,0.8593563439266774,1.0062898781200842,230.990868789153,0.9785940940089564,0.0686336473993326,1.5710759711942262,0.12494303022241007,0.029367097771362583,0.029438349866497335
0.6118010993206549,0.6641498501977625,0.15973183401912333,3.5877600485996313,0.4745104381938762,261.50735787873475,1.6726210822977525,0.09963071216231677,0.5139989846164181,0.04665783940447482,0.04854075893512889,0.02874976177243804
0.41310346744437376,-2.917774666521975,-0.5737644244169003,2.7995566459684462,0.14738294773177316,59.85814211513557,2.334655340649634,0.14520354905375382,4.282539929567775,0.284900758525773,0.012551102565591362,-0.0077223556453582184
0.5114698210142175,0.3905008000364757,-0.33518473323738046,0.455564746527108,0.2748449478846877,277.02302262783576,2.1726131308723633,0.12147843630198714,4.5598586687254645,0.0834159759497021,0.00629563642173648,-0.0005989687683183864
-0.44458918386786683,-0.5709331831940643,0.74206440504309,0.5796763357153525,1.0774769222943446,135.5360904955542,2.2844779466908243,0.002129146340398656,5.315492003186373,0.49110306302312373,0.022075009830443686,0.028633687458984567
0.6613478361247203,0.4591414147962024,0.2372665374409507,1.167057267606387,0.5965393135610896,576.8528793692877,1.6351276792808294,0.05652228524119616,1.1186539875549841,0.1361916470524048,0.005941136168014505,-0.027085589343299934
0.11402760244462173,-1.3048532288343981,-0.6383265256719489,0.5869460498692973,0.3103555619999374,542.3407749757835,3.8579993295333286,0.13317815439425615,5.073594440011403,0.13098986296144324,0.03822366427363372,0.01802185554849349
0.7133948973595154,0.676353148347177,0.17221525662889348,1.7171601731321848,0.6843411587619479,279.75523154743917,3.6740334313338088,0.13452583347192695,1.7382157277908035,0.302905695165899,0.009349195145101193,-0.008335743620423292
0.7968045845976385,0.5583836429760207,-0.08304485196219658,2.4031643360657973,0.5230901473122888,310.91960116365635,3.4477448412691385,0.1087005942729329,0.8910063787550695,0.21728116881088982,0.02404717051924014,0.0012558780858589658
-1.3468997625348837,-0.5896815026742561,1.0337091969314134,1.906500127327658,1.12102403538417,75.02419145645474,0.9475637839190206,0.06617984120920155,1.5180215070261394,0.3745087577262883,0.04082950558331235,-0.011741932608334057
0.6558083315582661,0.3925186639827376,0.20197536025484503,2.149516804183832,0.7855154556231105,585.3952203978536,3.3811943484781506,0.00669724125083933,5.657355622725726,0.24521680664755985,0.03880095639954887,-0.012998108404860795
0.41292388466132823,0.35174587079709574,0.18377275531423848,3.1993182462477767,0.26185091931591,114.01681163244584,0.9049265825210796,0.08747513814205389,3.4617768610109674,0.01941161479754951,0.024852535282040664,-0.023672639577940333
0.5758739863958195,0.32194402004465383,-0.38234632496318766,0.5180298567436492,0.2860506680575234,464.464852800175,2.000543374041538,0.07416927155784521,3.9882076892374094,0.15992001844563228,0.03379195630603705,0.003756382255939734
0.7887403402556425,0.18300074560743518,-0.2730095688798015,3.606597056466904,0.4261173329713545,292.62825278586564,3.9893067645487816,0.13931795766773278,3.451913826479074,0.24572241004926224,0.010016383097669545,-0.008621231721581819
0.3614021394505301,0.31154693979142156,0.4953239479444909,1.79066277640908,0.9269651029125908,276.58765207642995,3.0984308914414638,0.06266640715781846,4.540264861262432,0.3651751631010594,0.010093398071133722,-0.019080671471235957
0.5352686662242975,0.37800446312040903,0.22756533111318547,2.236036117956345,0.4827011487985869,581.7812403295137,1.2193184375559298,0.06548219804617413,4.691997411397418,0.08181917887005509,0.005653057242953817,-0.01738434597753332
0.6747099255453141,0.566865811330138,0.20430897325113734,2.7522580381882635,0.41588609327652654,393.9066351544254,1.1557949188655137,0.09265570311479442,5.2693982779369115,0.13154628751146916,0.01968319090650787,0.02775570002964949
0.142036083816506,0.22463318867055726,0.6308654627300542,0.3254658695130259,0.7209959751354419,94.60352251128657,1.4297777494637598,0.1323295827905154,4.501742104554903,0.2895530849237463,0.041893132096406764,0.025779287887532157
0.6179922574485788,0.8026822378051269,-0.12631146829382073,1.1620712527671815,0.4652674236083086,530.1781962612048,2.2782022718188446,0.07230451776159008,0.772322259780962,0.07813712439856084,0.023337454726665895,-0.02914532531381163
0.4496780500303066,0.5720468470619203,-0.023619913428744147,0.5429663440459422,0.4487188341537337,565.2964338415205,1.7186313612261366,0.039996912993468914,1.8599495392163183,0.03763433851524854,0.03275848592233453,0.004454928766974038
0.7074298987844106,-0.12171364148759545,-0.35443649786470693,1.2691089648373715,0.20264741073968737,391.20423036262923,1.468290328758763,0.12104263411818068,4.209970133705103,0.41632463091469096,0.016340824584526972,0.026595360381025515
0.36124578350304726,0.15257071332649053,0.45212726532382413,0.5508466068938258,0.6961778076877423,189.91019460263,1.8480967618354527,0.07220744670555844,2.1706031254190132,0.027156285432909842,0.014694562322932845,0.016792203881439507
-0.38084032588807193,-0.09047861583113281,0.7792466731673514,3.432426172648015,1.1366217749782304,117.83212068948345,2.419813646320458,0.04159478811295683,4.585419606001916,0.3778424085843455,0.013725651222944973,0.020222224872262395
-1.6263790871420603,-1.5120688108521634,0.8141676450816852,0.03710927528210295,0.8972797697550502,515.4604046007456,0.8843070454928761,0.0068018415264204605,0.5836699165241125,0.48453591228439946,0.027219711101710994,0.012621897960941599
0.688830761641253,0.1980661716240778,0.012571436634836466,3.3776867966654534,0.44329870551663214,171.99582912607883,2.465675178763773,0.14451117403311173,2.5115389477885834,0.4781015451980567,0.04651180060881797,0.029537954839197054
-0.015717291224265573,-0.6290949975652345,0.6393494189117008,2.9516149728717354,0.7443030664034508,460.22940404759106,1.017874119225749,0.02200576118281296,1.6006653824312405,0.017218899870821446,0.0159097012871617,0.024304177328059305
-0.8335443617772245,-0.35942261719966684,0.8876746505562588,2.1691475078275637,0.9979473352678132,182.65088798238213,1.1251505803731416,0.12743227106135321,0.7016887834169283,0.32952771758578975,0.048706978567919466,-0.0254662874937229
-0.8905919350852081,-0.8003076389544248,0.9391128054307017,3.1683100454757787,1.176666639131803,453.24969340862754,1.0537089333346719,0.04333377115108042,3.538650289773003,0.46104314391015594,0.04171598467911748,-0.017342184584897873
0.6371084487320778,0.5841193955044293,0.23889327319791787,0.4645629295889053,0.30127741608481967,114.5556151910063,0.9539422241912409,0.11586563296288323,5.288557827997434,0.10347540698961998,0.02471651939878954,0.019325184736065926
0.28011524521385844,0.3174880061522286,0.3192688001213266,1.4128661429075429,0.737587499033842,292.95081496419436,2.8293081999350047,0.149180044846341,2.2404862965077874,0.4839312138990519,0.012772675525560053,-0.001183685631433251
0.6707183966877202,0.6782288238877918,0.2573386012398406,1.0576886258017435,0.4891744506494478,111.58056657006429,1.7740967454164793,0.1342256994098575,0.551917082216145,0.06971669313234223,0.01934716531881828,0.021621948792897458
0.6622554445535961,0.21917591252926738,0.1663997764346462,2.5588373381527645,0.38459328898808287,453.338655889788,1.1050603272582595,0.1051082291590945,5.6879827288809395,0.44463702110312875,0.009715548209587421,-0.023424424638443533
0.7913521011682674,0.7547820837628914,-0.08051853718856851,0.9037387684076994,0.5523768512370851,503.77579412447665,3.0511206279929013,0.11459302122677313,4.18026067762985,0.21295558757532,0.049762828296757856,-0.011599411284018457
0.49952057724154575,0.2949656646251487,0.3948195191387057,1.9205678390874152,0.7776876297614144,354.45251091637994,2.3403648383937377,0.10798305259512439,4.740394590280912,0.45562047980091763,0.04140140402405516,0.002915391089617203
0.6899995434976571,0.6565031028175283,0.13090636012192922,3.8021207967222397,0.23027590892890495,182.07661672828755,0.8521474751213027,0.13569522097720899,5.478548809315846,0.1129241517013021,0.00752678509383922,0.02418527795020694
-0.5219337668584065,-0.4817271653645332,0.8254600713381562,0.7868170998831623,0.9230075433340084,421.51988996796155,0.9893144810867582,0.10777370329051704,3.393984035344331,0.4139424171943516,0.024102585421865573,0.020776717242089043
-0.5202799685194672,-0.3123721955784451,0.8394601295109352,3.7077458517338404,0.9302450532614166,57.64833907514066,1.2218374353177002,0.02248131497297156,4.782058227495702,0.3337694972997041,0.04201998695364643,-0.018325909088992304
0.7120284619928656,0.5612839880120095,0.3000240851245613,3.816549895493191,0.49959669410170676,241.38107545791024,1.3111956969697933,0.027874284501460633,0.8083462802582329,0.14573523253950438,0.02354144933901213,0.02585318869057318
0.2598866346963623,0.23262829270523688,-0.4739516809772578,3.974673724413276,0.29508824024493113,593.875855779779,2.259723430445518,0.07450821120007343,3.7842206709911,0.0640417887249872,0.03605180561391932,0.010580593031586785
-0.33877435170630354,-7.791422157263261,-0.8733865719329447,3.333963266713138,0.14039759905549085,587.4868019971453,3.112908785470926,0.07947684964827657,5.848010532891834,0.39079005611393763,0.022942495861853197,0.021059832092010757
0.585670302161035,0.2535026023802198,-0.0007075174733715325,1.8863816330848557,0.4534313625553414,79.47390455714526,3.4365630100940137,0.1320066997146578,5.939767162063079,0.1704086668116317,0.0012017150242785277,0.004665547016813292
-0.5881617207772427,-0.20761782929028416,0.9018683966236477,3.5093028916538787,1.0622793907083967,50.39146503230556,1.3760236631732476,0.05558825907955103,3.550432113313195,0.2847243964257125,0.03028122284224743,-0.02490811983618199
0.018457854462546663,-0.003363432050270232,0.6519744809704936,1.5279056104634328,0.7575733255890836,85.01200966850797,1.38462929764939,0.022634568924955186,3.5595359757078855,0.3014190515835524,0.01707546235881692,-0.004662488960981923
0.1416656307607581,0.05336634992796385,0.6101788416156952,3.245302286167323,0.5972119610588896,92.5614511239446,1.0313915020056303,0.05474846319007618,3.087952551328174,0.2900551108176509,0.00562012202440221,-0.010134516226555078
-0.27222336071933073,-0.5719103230542277,0.709310141032052,2.284054604537887,0.8136889347939866,594.4639503446817,0.9735786539365162,0.05475873509141799,3.7947707982867076,0.44730179303300605,0.002050001194539756,-0.02855175853670739
0.5240949029105659,0.19944511369989892,0.29713339599873456,1.3787984629982022,0.6062277331519066,402.6693997841445,1.5732028015970059,0.024922006356641747,1.0473344988903714,0.25329942128305427,0.011076032338788299,0.009387034679260069
0.6429002927679655,0.538454216707158,0.021134969553651066,3.7769073661656325,0.614846680128712,453.31808285741016,3.2877252057305206,0.14276286297552962,0.8301642593350088,0.3271809765711702,0.030900569346882335,0.003067098810273119
0.005851385017780042,-0.42559167467806547,0.7653293178540699,0.5450403228962997,1.032901015913283,196.82446543378725,1.7344323004274433,0.008256469917883197,4.975141409440867,0.027994628246729686,0.04068735864084982,-0.005980695862883856
0.3345041416776733,0.346416801879202,0.5460834990811813,0.8178997183018701,1.025728489556311,352.0207846910118,3.6787715905503,0.10694302454848599,1.8367190645010496,0.2825837741122607,0.026303138983649804,-0.0022116585364766192
0.6574066689832494,0.6519518208843509,0.12982910224190278,2.035427360396007,0.5657467030201889,482.0124770490224,2.0365103734625727,0.13169236465167444,3.9128053766308764,0.0936114852577629,0.026553835766694178,0.010325688414493038
0.25909691736024176,0.12711487197866234,0.5435657597161582,0.21998393049378695,0.9087070297287685,349.7487457705443,2.3299657093734836,0.1003315272393388,4.531606694558548,0.4730136896221437,0.04596901599521878,0.019532607122531107
0.8015435727335479,-0.028231725778359973,-0.19308393196077625,1.7663911527162934,0.2774785932371549,223.94326226386002,1.6607515030039863,0.043146565907831794,4.704421554489581,0.2786233095144996,0.03977665203736189,0.007823189834155826
0.8257487328885316,0.17750859370845185,-0.03782944854754942,0.8248065335869161,0.38198776116587285,240.50763770413954,1.7687262632727727,0.005512622360878149,4.644121562363852,0.2772495839153654,0.03067577852098211,-0.0011682563965557647
0.67373427240078,-0.31923619812489856,-0.016357941562823174,2.681699503462977,0.4897819013370324,136.7486043954986,3.58046841027381,0.08786745409839276,5.137005887871909,0.42836804663340555,0.026330185595993604,-0.023258247494400322
-0.09554508570339038,-0.058710260090331534,0.7231876046527773,3.410970040933025,1.1757045513955509,279.7670258019529,2.9079402464126107,0.04428179422779965,4.078767060884437,0.3732892270447614,0.04215781763622617,-0.016332752011320867
0.42416235425699,-2.155111009745869,-0.39993435996060717,1.0821156552517066,0.16972397556252924,99.30113641052647,1.719779428659782,0.13672827025561532,0.5863381918141295,0.46786525385247996,0.033298444813610974,-0.001956128315975436
0.2042375457313873,-0.012951557925311663,0.7695213467126465,1.6437071680117725,1.1186909818148494,285.39939924374994,1.9197749109199969,0.02032566174253855,1.7934155990439653,0.14894618082356637,0.020974753087772663,0.01710823318115509
-0.008111606322644072,-4.618782103852397,-0.7536737704229518,0.5687651636050859,0.20773781014244203,540.2891579608445,2.9030334525435753,0.019941958389084767,3.5907101987502372,0.18467967851422173,0.0030262075910969773,-0.02101234529787909
0.324149433741588,-0.17655273056783916,0.23672526455296056,3.7850708718538355,0.6325502238991165,82.93894251671752,3.4695810651871817,0.07785326636303969,5.513898351926847,0.39166679386349595,0.049725268159876164,-0.009134802889939859
0.798611969727064,0.42737976676787803,0.05379866830743533,1.1713663262405265,0.5247833307594615,378.7025769871408,2.1014913481032034,0.026439446678266025,5.141489459518962,0.2947334652804332,0.046820606213275606,-0.0004324573029857781
0.7431235112348138,0.6137458574824997,-0.1433776665523893,0.9769945165920677,0.4693297149086707,508.9470616876262,2.4142505376379386,0.0666468023115948,4.5494482770815114,0.23031945154906605,0.049305632792901365,-0.027314483861268134
-0.6838228330648097,-0.49717354491308163,0.7932559013153994,3.947024948373088,1.0986322818620766,81.19512371514043,2.101132087776184,0.014008039758758374,4.1072137892676945,0.43111270031919124,0.008030901516972158,0.026335791313492903
0.5517957347314479,-0.03128658530458339,-0.18329653801645643,0.35217931989182016,0.4869795168302929,437.6491690710363,3.0763182785842638,0.08837943910115684,0.5637676293084535,0.4156479033496741,0.030327748656218366,0.027174052267601865
0.6535286101021174,0.5109918124673329,0.3106748482656307,1.103620925919282,0.8380091218359568,533.0291536231862,3.2623164155489572,0.06039491950577753,5.038878984157903,0.2014184164427702,0.035858214590901646,-0.029348430199140144
0.7121379152869016,0.7326920722672063,-0.15853638551534524,2.2510492460125584,0.5213387755911894,497.7091817803256,3.116246061917532,0.06816099347402875,4.483608265962538,0.14431928201534383,0.013910903586036246,-0.019166504424521447
-0.8704218183108372,-0.650929637906525,0.633556884565135,3.347569003947611,1.110569774462228,437.22853723104623,2.9645642634518015,0.03866222220176395,0.7354787111819556,0.46827068131624966,0.029919965883547756,0.0067235039993194246
-0.23689978246723342,-0.10906687494022971,0.8724657356256496,2.1801400352987477,1.0392427215025275,108.11675520788464,1.4228896802266016,0.12161971554982999,5.8704418140458525,0.21839094818554888,0.014898624366872289,0.024698006732859386
-0.21970018735037167,-0.183511587525383,0.8336164075968454,3.3047478632811274,0.9836157979529934,123.15995790368378,1.2763123963398089,0.018300484265976778,3.682125473789114,0.27457411435315676,0.003754107677658846,-0.0027424455724662676
-0.18822983622385836,-0.3917415450900732,0.9621115898252266,2.975497318702873,1.158133194090922,237.99698453070906,1.0457467996471432,0.032584417650428237,1.7852944932228734,0.1526391437471326,0.04830440454967665,-0.0011558115723582496
0.7840200038153247,0.6269224837090115,0.17324699507439106,0.007925556714360127,0.6445342181345614,439.6250308923421,2.441835750170779,0.08893112768945444,3.8230492496586743,0.23933048611128327,0.016103538271617396,0.01161491153009801
0.2846129050925258,-0.29880388507289535,0.30733184398476604,0.17473389842916687,0.6486103631601873,89.35434991878543,2.7458802649626066,0.03261707390650801,4.573829754901012,0.4347932184924532,0.039779785568802795,-0.014663652061191332
0.4256729368273683,0.2678715428078893,0.3791375736585563,2.1549144096207153,0.4649172892765934,111.69470804219972,1.2355844772557647,0.11705797811729919,3.231898460230264,0.028385270904287326,0.010495549429912,0.00877684490833111
0.6393984213682427,0.4671788610293006,0.29388968142430544,3.42404589777215,0.5612448804828166,429.58474620188457,1.4383354128271753,0.10829257118769578,5.437254025346277,0.14993725816689987,0.041458396428642866,-0.008380822853926799
-0.40735325672697087,-0.6908573832682905,0.7893045718668568,3.423406728440548,1.1588553298098794,458.17841190296986,1.7029788212147787,0.008652360030708479,2.7278172396843594,0.3813852541883728,0.01933567499447614,-0.0037108553845111203
0.41154494761708016,0.20765337301042863,0.5428774955792189,0.9257726072503734,1.0547250619721447,595.6769622993176,3.4500986929931066,0.0820066715048704,0.5623537421756457,0.18533351222296968,0.038996824781360406,0.013244815915094228
0.6866937813787051,0.7789789214153349,-0.019665918170313382,0.7876981988893248,0.32281369714625374,439.816686472524,1.2685682307214763,0.11413579706990709,4.292639009030478,0.10154886122716822,0.04466000812029902,-0.022551472101994492
-0.2823138480216718,-4.986568018152513,-0.8217805784272461,0.4276371556937857,0.13002875090975785,486.2344356394222,2.7066933917143943,0.12065718839410157,2.868292929433852,0.07445595125692181,0.02332865950171754,0.007890274117296892
0.7229284452894085,0.10030036688294675,-0.23947120539421918,1.9612137090872168,0.2340252157787921,580.7133200834122,1.2201123227018833,0.036486243825734045,3.904942140385106,0.31484087960132173,0.04851202014610989,0.0002243172349384137
0.0884303525904544,0.0025862597355935657,0.5325051871271005,2.7412752205352997,0.8919003323826374,502.2838014029041,2.0853661542949857,0.14175307302406412,1.267673449071394,0.31374953335566236,0.015353876543749798,0.018549308369941883
0.49292382164539117,-0.24196571449454285,-0.4117335495412596,1.725469813545391,0.3254679389366638,510.44505719004377,2.4484709885885594,0.11786651507742826,0.5640971251665073,0.3776070421730699,0.008773365705532473,0.010446849948104393
0.03580992300050345,-0.18773342050205932,-0.5363840178365168,1.3902805486997578,0.2703673017132624,521.0111875154628,2.46477394645148,0.08515794256545284,4.075266786079077,0.026684486491127247,0.02940209339116859,-0.018246381803060256
-0.5947174974659604,-0.3761532195508692,0.6015709278922583,0.02261957206753351,0.9411948538929045,213.93740766756076,2.318776029257851,0.02315264441855295,1.4856948264969876,0.4052291482182881,0.008033652011528726,0.017512460007717546
0.333551221628975,0.3029446414686676,0.5907100002668401,2.213377449653977,0.860020882290031,121.31711948644906,2.0688727990915305,0.0041642548247347935,3.394423637856767,0.1840022692345479,0.032998054545161776,-0.022796551090149494
0.3743814783612903,-1.1911432003145577,-0.5882755054697286,1.138758180681482,0.14161590039973138,498.0402319028658,1.5639095806132812,0.07296426951870703,3.2905882646298643,0.2860707766305244,0.004291210366940702,-0.015878844259957274
0.33088075435484576,0.11942819069439758,0.5992166187641125,1.9558866431738853,0.8784952766858131,339.3238367519017,1.7080631414747387,0.06416223962181022,5.405949572611548,0.240426818091157,0.016927810354408705,-0.01806026049107971
-0.22948669493178997,-0.8533117673263755,0.9928089407250787,2.980926146827711,1.1999015029361582,428.0316028139497,0.9703300110364964,0.08823203654370833,0.9004913373204115,0.04977455382469411,0.04411657417252436,-0.0256585439472682
0.7990189446468292,-0.16039073748967803,-0.21980915823115527,3.2830407511949957,0.4309672393988859,255.4316345404415,3.7957900248585434,0.13529933642223282,2.604274064029508,0.38376367999595296,0.04700341772055866,0.023932873605624277
0.6990761194555946,0.3618511636122361,0.15447053606040897,2.8572483500626937,0.6439779848697084,201.78646073222475,3.416602480852351,0.027305447776090792,4.643932066451942,0.21800196131976432,0.03205235307799505,0.02945452966856145
-0.7093327930318454,-0.22797942719393127,0.5842021436877517,3.0956164184740276,1.067093015355556,469.39142270846884,3.3131818968930666,0.1269348987135753,0.7472072925710815,0.4980812139170284,0.044495071256073195,0.010223802937415056
-0.23747845928079325,-0.1420089635554691,0.64792490229729,0.5646769407196901,0.9007031953698741,73.64795119656998,2.1465517278382924,0.01583312239217979,5.851295833289039,0.37451959793511636,0.024388900004916343,-0.02544490765732835
0.43329360981962783,-0.10345590388968207,0.11214969211207208,0.8769905277571945,0.5382183393496524,106.85804046076312,3.1943787727442605,0.08185887911485241,2.274726621184156,0.3809512707565799,0.014001375855172669,0.023902351316206792
0.7380252365436374,0.7328202407974407,0.17423095125189517,3.596699419245335,0.5263768459760595,308.1623144858316,1.7773284688369213,0.06330247718233538,3.278661307248573,0.09492953378473296,0.023073303525500802,-0.004835534395071301
0.637816332027374,-0.7251831330822764,-0.0028139702866243534,1.1697489068991276,0.16610532761061633,56.766166214423,0.8068864923199115,0.08853701803826293,4.504482908377864,0.46737866703393344,0.04246908431032414,-0.0003447047286436966
-0.026260415138957827,-0.5713516289169878,0.6226941969873298,1.1801776996452942,0.9637124119939718,514.7158250818511,1.7703037660611358,0.01329348796160166,5.430729149960761,0.4925943291707508,0.012504136504334103,0.002010002989081061
0.6362213873299521,0.6326323111442216,0.32273643147815795,0.8099176947662645,0.6026847400834732,105.11309292086551,2.230262518987027,0.09735257458212654,0.9875891704115551,0.08065931921978162,0.03434615050444877,0.028217546475924296
0.8089794259289347,-0.15961225206704888,-0.2295733837568851,2.465294839601094,0.3665919393169403,253.90318739506284,2.692091922723765,0.10766621431475595,5.275215281892225,0.41832702173727854,0.04631399428833573,-0.009726098995919343
0.4013563330957367,0.2592604689806347,0.5050919999495153,3.5715276921613714,0.6507195818413612,217.92947015116886,1.3304175475767988,0.07702101630875534,5.896527271100021,0.2684883694059066,0.01475620945007485,0.009194142228245814
0.36378610461049943,-0.03240130814401687,0.6162762258332012,0.3869806483726852,0.7584350101906473,266.17562457461315,1.3239155254621626,0.10343787376606291,0.9745145735972691,0.05365397948626214,0.023399636611086055,-0.01791489498222512
0.05154322853550275,-0.2884694743388605,0.8642599971882478,2.11392314158379,1.1966015904555671,236.4121457071812,1.713651410348393,0.02951368094426016,3.541015419896726,0.07752899170024931,0.028061878257795627,0.004033844951424616
0.23520004443206333,0.28317838671783446,0.601571326080021,2.5451935735481883,0.8125841114425425,100.07741890934116,1.843835402108695,0.03741365772371407,5.9783609379641875,0.12456844835890808,0.03417323678023326,0.013615527128588465
0.41150436616300656,0.644011970924156,-0.1330198556829014,2.9765471396386705,0.43264858151343605,476.62999830389555,2.2088930645318925,0.13068883994333808,3.0582963814259574,0.03546257088650681,0.04292880221232358,-0.019792137064301874
0.7633116752034076,-0.4304333113612344,-0.28987576654475117,2.7381623430058446,0.29619770309425175,289.1290770134799,2.072308364565438,0.08467098924939666,3.3230753112609372,0.44551466935639383,0.020910797058797333,-0.016427590987088483
0.08050067971863117,-0.1462238009135699,0.6012156437677064,2.5169152250653553,0.7719113053869422,365.63585648820924,1.2937620110734362,0.10782378012201937,4.0375738097336775,0.45720532198544644,0.013759820407577733,-0.014817441000099638
0.7811632987510388,0.4650806962390903,0.14369634260803066,2.360115893445415,0.2480862736063668,174.96676231235816,0.8805292407999414,0.09143316157762922,2.7969328449618422,0.24366592236348103,0.0023022024877097417,-0.005035060466521588
0.7915635945083083,0.59670433855708,0.043632837000490525,3.3508411234181756,0.6466902054929308,450.6243225836192,3.572990168770429,0.13539317478452517,4.800981367936685,0.44625668969209487,0.020911020167606383,-0.0010958874463236267
0.4294792531404811,-1.5444665016338344,-0.541896903308648,2.9793273992755616,0.3012717718700822,333.83583687358663,3.764003809898008,0.08084901562163763,5.085846453061407,0.21001285153859423,0.0049494307957163195,0.006511464643695981
0.5189658358910598,0.39650137864735224,0.5070289222931308,2.985825163006892,0.9078370821356195,336.9119550315837,2.686170050375996,0.12847352900671696,4.148640985753021,0.2517218061495059,0.037015479900462986,-0.014086516748534835
0.2463436123345475,-0.029048636074353595,0.7022730568261206,1.7857554151799033,1.100126961147536,321.5007163061889,2.602500184221217,0.13344406473069226,5.168275734601751,0.08290997589823448,0.01600911039367995,-0.01468257721270113
0.6381356878150592,0.10033843417660404,-0.34217433573518713,1.0014936702442863,0.4251893945281229,523.8562898368609,3.177135482545934,0.11629211638217869,1.9382673396139736,0.36268179583609017,0.037709339332539775,-0.02843094136402361
0.7133991661586392,0.8032681869490803,-0.17717857504132797,2.0547523526008384,0.24660908651748184,280.88301388397116,1.3874183530302042,0.10007560089780745,2.151998438369048,0.09898426567709144,0.00435756271708688,-0.0276798820324392
-0.04278462340611067,-0.004209499917251058,0.7498315902836508,2.001891204146598,0.90204345010949,196.1175208470681,1.3977870377822101,0.1405957606408287,3.263857591430851,0.3229574712457625,0.045343824635676384,0.02722158915778358
0.4653395540435915,0.46765609911200823,0.3534699227755837,2.4567091505602527,0.8464229418877974,381.5312862262522,3.4854126083028714,0.12367876217546488,1.4440478470844553,0.2797681599751806,0.005841275233230513,-0.009983329988486096
0.5508447635613496,-0.25570975686436626,0.2352394802113748,3.36712510210962,0.7034808055634922,142.68708803626222,3.846457704505651,0.01005984310329697,4.065753376039163,0.26682553268417614,0.03616387758493432,-0.02925152078760215
0.011175015280188272,-0.30751047674617493,0.7851664112908047,3.441605754260132,0.8906459603595277,499.5115964455194,0.9543235233092112,0.0579913508004424,2.747858491588198,0.19624104774338896,0.005743430847748572,0.029884115441672514
-0.06610003569190082,-0.35601793348335864,0.42763005863815584,0.03498460278311599,0.9290014496178713,353.4463465850618,3.6510456175502526,0.022256453903202283,1.6808203283674636,0.49212262532396006,0.008933149887860373,-0.013025039200880719
0.41818724306167165,0.07969621928210624,0.2778106316309652,0.030555802477580496,0.5971019870679827,533.6881594026065,1.5322449546481913,0.052210500895568,1.4914859340143092,0.29884797561724913,0.042682514254631265,-0.014738834433525725
0.5387177742460643,-0.006767632006383417,-0.11118357544844153,3.570364617903334,0.5403224843372999,586.1832255764242,2.813319862634758,0.06681152957040748,0.7822931153238686,0.38846551363731374,0.013693669915954838,0.017420304610874963
0.7399339076059978,0.7183511262847964,0.15069151116045665,0.31554945348469765,0.6286376202335522,247.71212810805537,3.0811567649832217,0.07248924256221136,5.011529099542291,0.16564213447562667,0.04884884694659927,-0.01259991936536249
0.5070569414762003,0.4377850798486417,0.323185245324787,0.815999906515747,0.8038032180914884,314.6192189006001,3.2740823663658536,0.04178570611801858,0.7829616260992796,0.2535110403563011,0.036789218115673816,0.001770136134968896
0.21005402880424773,0.09694558893476823,0.6535516311120319,1.8674468180811354,0.9875263714419117,312.7193435373536,2.0253542118875543,0.06221150957766582,5.698366061876624,0.23609531954711527,0.027385521844281155,-0.01711760718137253
0.054028956407030315,0.01727712645609636,0.6784787366606287,1.5911533853299202,0.8236781533070294,121.17900660882601,1.4334690940886246,0.013553652077382789,5.315174840045773,0.2811990234750531,0.027375532294852352,-0.00011608930247663406
0.3677882265360237,-0.13298909069407872,-0.33562183040361643,2.787307423156558,0.3340214259111401,197.47796878034242,3.7915212723258485,0.14674132197746453,2.1985923342853737,0.030636362864429854,0.049242395691527815,0.011691268218058647
0.7296305415385758,0.6405885614381119,0.2756270508462281,1.7825957466871096,0.7561044159107634,342.63692339039847,3.2172762292700714,0.12146500544135114,3.910690891123736,0.29164845374841086,0.02775791072459234,-0.007773213370929361
0.7057756225970273,0.5935317355861637,0.3299964662199948,0.48008923627411004,0.6701619766824544,315.0505916153347,2.0499190000772285,0.11573135945773365,1.0617797116328838,0.11665780764237002,0.0185084969492794,-0.0264185364805077
0.10800180410353566,0.1708489515660595,0.7499481975575423,3.585140186558568,1.181030470135255,95.1994736245754,3.3016349452191416,0.007894854939476002,3.3252018208537115,0.10538731339693695,0.031356968136003985,0.02587078367112137
0.06744321103561712,0.15474416503277055,0.6668535223922524,0.6823896656873689,0.7748582572248184,118.28047866072184,1.4361672909001666,0.12882037267325905,4.9368780475122165,0.3404535604004595,0.017796102240248413,-0.01412866883829565
-0.280225927603855,-14.246804674083466,-0.8502136623414202,3.8636967475904926,0.12248037813215305,212.75976940792486,3.739174622250722,0.03049390501496171,0.9283823442373121,0.0830498972003238,0.03731661967909081,-0.004780096441477191
0.06420860884902946,-0.44299771966094226,0.6965594774567906,2.8834397653127573,1.0077642065882597,392.58780270349314,1.8822127419535453,0.1452275627344762,4.053065266346795,0.030549908184754813,0.04275207259550615,-0.008514115564922466
0.36556198066500656,0.032851500916203924,0.5356122948744777,3.496480076377804,0.7187928100189382,516.163268366755,1.2095472399009737,0.06697302495026174,5.455138233157976,0.2138003182309031,0.041880749051858485,-0.007687406428709779
0.27009036966538547,-10.402026304111061,-0.6829715407181084,3.117171999982117,0.13032981705674537,80.79599547997218,2.5291681733937277,0.02007576267835948,3.6243306099906545,0.3973681061295895,0.013163376322069634,0.014626444512957304
0.6112179790701384,-0.7413089765566647,-0.3878862022216353,2.2935993258930703,0.296551461812196,232.09861747028455,2.920458979307969,0.07913284467886005,5.197211108387015,0.17298924863524087,0.010674004338625758,0.0043503894541287265
-0.29733388685381845,-1.011899879856207,0.8959922359552288,2.1297270300699984,1.1323810868975182,469.7937830369169,1.1147809742505317,0.003017655528709925,0.7826595026343591,0.018514276043598312,0.0017519052339970652,-0.015311642287296267
0.09405594925771887,0.0844401015384626,0.7613244890584604,0.4477612134551814,1.1316857730311785,125.8472391850306,2.6161092627044256,0.021295816546252306,5.224610321870002,0.09256231494952454,0.03882169415323452,-0.002334580177169916
0.2825299331349752,-0.009169979012404683,0.6974300563520013,0.25427741061397535,0.9318393467436682,346.77022151597424,1.53557403161481,0.11074687392067277,1.5936207161895326,0.17777429334829578,0.006211530554695148,0.027771314831356548
-1.0274203694065553,-0.25387922332205304,0.501452503086164,3.9637889116975287,0.8112244813758781,63.76385211867629,2.9529369147666173,0.105105527500983,1.1106783246923313,0.4659489052266467,0.04911577357104951,0.020552392770283152
0.03351297215174087,-1.1608867385389594,-0.6182353081710495,0.9412577339831114,0.1325050482009941,258.54744814772533,1.8042188648030788,0.028688361447576086,5.059700380000397,0.03386438246905772,0.015436953993735214,0.018345989152994298
0.14399762476470934,-4.132012313105603,-0.7196769849034065,1.3578067139592838,0.11169288521302836,438.1056852018164,1.8224697961529897,0.10034494703232043,3.1903149621584133,0.453622851563781,0.039994941776339374,-0.0038189716865429067
0.4055646969326223,0.146123058294387,0.5273820679313304,1.6996243670386586,0.9810487779168404,377.30733223310364,3.1692370279599142,0.09255771413036906,0.9130647096087683,0.0455802609073788,0.002494874524027114,0.016587391645513445
-0.4668373367574796,-0.5232757368494225,0.9832214685345971,2.045750480357374,1.1757382968870238,341.5930243042548,1.011109643438353,0.10773546378215247,5.8487570614852,0.23282548284560253,0.03715301240711386,-0.028750124322587094
0.4301931722760133,-2.62257485580313,-0.5438680921363436,3.2691922244639455,0.10818945389497187,423.1144300591374,1.2305950520069537,0.025579368914452772,1.9366948490766966,0.4111202716295097,0.037666330420779756,-0.015934314817133817
0.150522370434355,-0.07801753184729088,0.631218609747755,0.041404770788784795,1.0227162412192614,465.1715138382096,2.1689890325209724,0.026085152256673377,1.8957151051918153,0.27399131570255975,0.011978494899529558,0.01641263854862403
0.39611942255086285,-1.3962966533058419,-0.5535244263716131,0.015927840740942667,0.35386365399444347,521.9945119058365,3.519832530095199,0.029282830621495726,2.4439725957480882,0.1831042803934718,0.023731028563365245,-0.02629745454633492
0.4367338671296951,0.3263722832173054,0.42101564388633983,3.542967528759732,0.7808185891243241,323.25156701338153,2.130744470422372,0.03472364301470129,5.912049505907323,0.06661189167026611,0.008724960703862295,0.005890955878489685
0.27011677574378723,-2.4491508075731248,-0.6097981316531601,3.4975474698363365,0.23279174940541475,261.9600352612667,3.7138889742528427,0.10865044970478292,1.6314140370092995,0.1066135979089795,0.014856293715857102,-0.009720832282157874
0.09064651306427163,-0.3813100947106134,0.7725841218814256,1.406219440289965,0.7832117384114825,305.9102526342247,0.8849434333210923,0.06723383325521966,5.294661147447209,0.06602080098485717,0.028003371067428024,0.005137226460642606
-0.15367886071637504,-0.2871961202272202,0.8075460984868238,0.02089401226624732,0.9735790747438362,325.5291185742092,1.1578637657307593,0.03421776504660832,5.59364970059443,0.28159209330098783,0.01565492807728515,-0.009937514472660811
0.5391318681733972,0.19687213502864542,0.10437299030071735,3.0078437150717954,0.4681122774544438,221.7088245779682,1.8983133759531183,0.07398529944950104,1.1666689766407379,0.33680535224457,0.034699786961524245,-0.00010374366198082407
-0.3364906655871951,-18.809557716554846,-0.8856089363822337,0.47624003160359374,0.1374729966261681,492.18079008992873,3.2009852929017533,0.0014575332796913465,2.3524505699511007,0.20614049575684243,0.04247724463417294,-0.005518253929413128
0.6593372084632336,0.7679970885638447,-0.11928606616501032,3.214864066284266,0.4545283718374552,331.0590197985359,2.718469301909755,0.12742799946895422,1.075268301810544,0.0691634365465543,0.03625215984740724,-0.0028430021527591177
0.6962201880055623,0.3700592966115691,-0.0010307175404717396,0.8798620988908477,0.37666291719271283,407.4390713659517,1.4416345803556443,0.06549729978707458,1.4786875772595869,0.27263163479448804,0.021600180484587627,-0.020667723513155534
0.49148433288434035,0.09032115463362911,0.08660296768164095,1.3465271272596295,0.6916907176390397,451.58603805528503,3.7022076962740917,0.07450318278974355,2.1600920676707145,0.4997670390465541,0.00867855096279469,0.015611153219953277
0.7728519390257934,0.11493534826448604,-0.20649664678576055,3.62505999967945,0.38549457744488336,316.8826147400983,2.425480683907009,0.07496626541546296,5.913072336362453,0.349342938005797,0.04735783470750243,-0.027398178151460943
0.4475372647516557,0.4549957326322106,0.4815892958298306,0.8779249280342212,0.9141509627342248,225.51478752968956,3.58214068463393,0.12152632619242687,4.732583057416516,0.0764422624024536,0.0012687946374839599,0.01955218463852051
-0.2784656618832193,-13.587163985140187,-0.8475503534731735,3.4791974489042974,0.11530018395064744,320.87702509333235,2.841422198996848,0.008401841730428449,2.6351360503723633,0.09127185153851369,0.03915099644778388,0.017529979589980593
0.5041495887540725,-0.040852662235657755,0.3575642139575433,1.1660376874334704,0.8614777233797526,572.8857139267258,2.8825822700631347,0.015919998561885276,4.939026921993532,0.40448186750725057,0.03578992075209587,0.026361450230961408
0.4451540618465186,0.14379924866142824,0.5025736414512976,1.5080674389586393,0.9840889791613683,597.8222589470248,2.863250496222728,0.04124757113865094,2.9870618116366776,0.2550361560448183,0.027427864743613913,-0.013621702949701426
0.79699938243481,0.6840416989651082,0.006548199109988824,3.5583668162784052,0.5577920611246082,517.26794166048,2.474876390235905,0.10131312830675314,3.6142534499931873,0.23017254207346777,0.047822275967921296,-0.02655742864473203
0.27799773680525464,0.1627573708981852,0.5636730537352784,0.31779842316155316,0.8389818152675123,242.82606819816309,1.8815002688515206,0.05828673273819686,2.6470317397616494,0.3241345260742403,0.03347014008651255,-0.02698842572416473
0.805450733327753,0.625490491525251,-0.030712266228363212,0.2758924516737711,0.31298161177224154,152.60174668761937,1.5446177561388295,0.06747909317614915,2.9427006309983588,0.12923509112365655,0.0406323203740567,-0.02977567228101234
-0.0806404307458537,0.1575449222358174,0.5523504647532885,0.48302511854519636,0.9815511568218208,164.1458480183586,3.7225412671219154,0.07139139826028441,3.5195675783461753,0.4833874152578813,0.027350951337494073,-0.015117554082947437
0.1826422362624871,-0.258414560302368,0.7240650956710006,0.01938162411856359,0.866645782030363,550.3903324335928,1.1135497083041699,0.0958310090660796,0.779555163680143,0.12225225632252286,0.00772028721663622,-0.0024425921552176377
0.6814377722032834,0.5205700007876095,0.26424090186604765,3.3387939715430908,0.7802861530971719,591.3320453197467,2.79883062660757,0.049099932449719476,0.7406449174872001,0.14182871511127437,0.045209877668380194,0.00857059374942752
0.3142098398488796,0.12318395733920273,0.2408627238264638,3.155851110546773,0.6510706382968343,544.5917565218059,2.0539495305431927,0.13257122269544383,2.512162777326637,0.025907077382308075,0.011682679652691784,0.004141443945651964
0.26457236642543736,0.33975575062105867,0.4487830158097951,2.5093625258368917,0.8757851391184299,172.82630068429407,3.6029924916943723,0.07817581540159321,4.1882263449788795,0.39041246326992096,0.046289754861708686,0.020177395199700587
0.08848827750014077,-0.4407538508003066,0.8200254632199717,3.070823452833122,1.1324891366990977,451.2561450489641,1.4930972824711555,0.05119018890264055,1.7355702346299071,0.06527682662071597,0.036991094976736284,0.010149151599211278
-0.4082172326126121,-0.21549545154332184,0.7901355616271057,1.178448725392153,1.1045279630067317,321.8160679656189,1.8400157495338245,0.14141250678868977,2.1269024320268852,0.384309830520954,0.04573260580942812,-0.014834757947143
0.7086780395790366,0.7604292978561504,0.032674393972140565,3.9194761566470127,0.26629431827731714,130.92915427941156,1.1821855477238632,0.11793728579696464,3.367807420968838,0.07652636440994358,0.016936968082317108,-0.01236804732163207
0.7474311246454874,-1.1513374149922884,-0.056044909125441786,1.8408320419241928,0.4849636317683119,193.02610713274885,3.148489687837017,0.012176546057848958,2.627353179906233,0.3697080487131527,0.033922783881466356,0.008018854690703141
-0.2198509493015326,-2.913450790772618,-0.7623743714731682,1.1179008294155297,0.13556030324084944,534.6792274901768,2.2392085689778356,0.11392495673356831,4.327101432112359,0.0412521363706033,0.04036519452706113,-0.02807733884996491
0.4815155038865042,0.22178567633163881,0.48201059276057456,3.107571980078239,0.8224379211154361,434.4857875789014,1.8118551049555103,0.004411869763270515,4.558499950848478,0.16114868258242326,0.02517905008805171,0.0046573975326507575
0.7752881574649128,0.6761405932092195,-0.1413378982851733,3.9525733971819053,0.25294581600956784,390.9632267269896,1.2034499314541134,0.022563284054731514,2.0205792950393264,0.1532876852446572,0.021860544323625927,-0.011557516804708
0.6295947878157064,0.7312734900338526,0.0452062660378003,1.0894801513849974,0.5122477455869606,422.494464186859,2.089339881204524,0.10450104266891673,0.6087627030834762,0.06087247896961723,0.018766021953497657,0.021683035059192612
-0.19253045744937913,-1.6072907386122575,-0.6796797344250424,3.013275490059346,0.22261865651429408,394.8690254752879,3.0057919059377713,0.005558300973912104,3.196939535347917,0.01603701576581707,0.028410433538773854,-0.019570348075125258
0.08279340463138574,0.10373732957716231,0.7712803628387184,0.25096411778731165,1.1758749576536565,73.70603235378226,3.421650344236884,0.07350548397291012,2.7245169946395214,0.0862081870720584,0.04400954802680691,0.017129974166780193
0.6794724193849111,-1.3210149963149909,-0.29209522031416524,0.15402474706649194,0.27029320989740513,90.3241400124003,2.5772546958255114,0.0864508668604687,5.093368282749725,0.29886403042113646,0.015869865961454864,0.01805181697707913
-0.13035550881972457,-0.47012629981466314,0.8878023820377291,3.267010336651333,0.9214694443778453,551.7428036877392,0.8117544177074212,0.14421784750109573,3.438205023582595,0.16761786159836128,0.01819955984414213,0.012259718611366413
0.7065777595156812,-2.1293900077020416,-0.36196779204295065,2.6170055861682484,0.29233663730628706,152.82022880195623,3.1086246321701996,0.04299905253010716,1.8864726928107272,0.2461863549110635,0.007701166539051032,0.01589821681539045
-0.30712506192396916,-3.3502149597744344,-0.7804906735891742,0.2849603998196675,0.2244843795275434,548.3788452145228,3.6361571170004896,0.086701738735553,1.3430030634387367,0.026713803164410833,0.044760533689643396,0.02129704658545254
0.5925762342907787,0.4650484830114806,-0.3631342231328867,0.9299244679590695,0.3788308003220147,538.7478499009467,2.696401995941889,0.1165809698239928,2.265576860843533,0.1704281937942756,0.042787314944025406,-0.027467181069231968
0.16847644538108464,-3.0231236894237163,-0.6926895654410805,0.7847608293974173,0.16838507532892122,449.09366302155604,2.3528720065672895,0.10497564667334221,5.84309534862886,0.4110387113144465,0.035549786984769544,0.0196533541189618
0.785799615671961,0.35044649652356574,-0.07998261963692542,0.7534414287918954,0.3857690545635559,143.44511883682284,2.5633317284304513,0.13591427722731222,1.4498406602706047,0.13193025187495896,0.04352731910144954,-0.015831973041047238
0.1735401692298546,-3.17126751229954,-0.6717053892491707,1.3700160824699479,0.1748054743183255,156.04806545469097,3.8482206255311784,0.12762238738126083,5.928889641325196,0.24371803624617272,0.003458476830481448,0.0028653297103549157
0.7823366971503368,0.5478347768720324,0.06315799672994062,1.6234922436258397,0.5937480579329412,284.5720320478003,3.2963612394478115,0.11123582651100118,5.396483215001943,0.436419328538903,0.0022884555416235056,0.0021046576055053245
-0.014145339539137547,-0.588401777507797,0.5576341523563062,0.6662441798592393,0.5159943907091169,246.78683493472357,0.8386526371855709,0.012917502119995967,4.406815334745842,0.010311106391889244,0.03904719368550207,0.028200909929582678
-0.4434961601228147,-0.7333500367106793,0.8084673056431414,1.8172568766277766,1.125571687505666,287.43598980101353,1.6334876482310763,0.004021124971754429,4.466421641021578,0.44120613512757056,0.026101890257366235,0.01672139980064151
0.5748632723124878,0.2300098622759792,0.3485114111838405,2.396793002413131,0.5212294343616294,530.8685923546384,1.1351364796002528,0.13337234238818,3.1759828424253134,0.27443855468414696,0.02920345988253385,0.0034578795470358624
0.49508759557155313,0.7007493595054578,-0.076901893560141,2.5149411915906037,0.44677392547304057,433.5690066530177,2.0226937918721015,0.038154233859462185,2.915164378151523,0.04197487464198938,0.02512991742471861,-0.013216087074298808
0.5760801446333098,0.43997975372682085,0.40027251556079874,2.95069915416317,0.8917494333728019,429.9097587393985,3.4569510505219556,0.1395906997909911,4.177291292612195,0.3508221471749977,0.009474614771365658,-0.025487682988515226
